proj,layer,seed,optimizer,step,loss_plaintext,loss_O1A,loss_O1C,loss_absdiff_O1A,loss_absdiff_O1C,gradA_relation_err,O1A_A_update_relerr,O1A_B_update_relerr,O1C_A_update_relerr,O1C_B_update_relerr,O1A_dW_relerr,O1A_dW_cos,O1C_dW_relerr,O1C_dW_cos,O1A_optstate_relerr,O1C_optstate_relerr,T_in_orthogonal,T_out_orthogonal,A_gpu_adamw_safe,B_gpu_adamw_safe,O1C_A_in_tdx,O1C_B_in_tdx,nan_inf
q_proj,0,1234,sgd,1,5.401263537542576,5.401263537542576,5.401263537542576,0.0,0.0,1.7011374070955545e-15,0.040466353362409106,1.0720765964317061e-16,8.888064292739544e-17,1.0720765964317061e-16,0.04994682448324712,0.9987538209604853,1.7306181770846213e-16,0.9999999999999902,279.7602542183126,1.8372121917141598e-15,False,True,False,False,True,False,False
q_proj,0,1234,sgd,10,5.4001312716331835,5.344428995720943,5.400131271633183,0.05570227591224075,8.881784197001252e-16,15.161315404464666,0.11284574011054518,0.0030944735924134017,2.2188743097284322e-16,2.25630143954936e-16,0.1080204644132782,0.9942058789998478,3.3906857342275507e-16,0.9999999999999623,17.065676811897834,1.7715805450338183e-15,False,True,False,False,True,False,False
q_proj,0,1234,sgd,50,5.395375890908913,5.3057848562672545,5.395375890908913,0.08959103464165885,0.0,29.057569832744502,0.15364572581560812,0.024571792786745563,4.603782562644727e-16,4.737893452958079e-16,0.14422229824345356,0.989751864586313,6.718532392414575e-16,0.9999999999999859,9.096852090217789,2.678376439242511e-15,False,True,False,False,True,False,False
q_proj,1,1234,sgd,1,1.7934435942295566,1.7934435942295566,1.7934435942295566,0.0,0.0,1.466452090288868e-15,0.00027181146447053913,1.0611515222994992e-16,9.498671963540767e-17,1.0611515222994992e-16,0.0002763612076207993,0.9999999618191285,1.757129858567593e-16,0.9999999999999936,2.6052185959351952,1.5093180651086472e-15,False,True,False,False,True,False,False
q_proj,1,1234,sgd,10,1.7930158894838586,1.7919212672409766,1.7930158894838581,0.0010946222428820374,4.440892098500626e-16,0.03266137056936713,0.0026614666865614235,1.7386805448552387e-05,2.1798108560822334e-16,2.2573139152415955e-16,0.002687109633430512,0.9999963900754586,3.3346758662884553e-16,0.999999999999982,2.521946021254822,1.6348917764156179e-15,False,True,False,False,True,False,False
q_proj,1,1234,sgd,50,1.7911940359791756,1.7862920137036995,1.7911940359791756,0.004902022275476092,0.0,0.16637977311564456,0.01221320238619447,0.0004396929153208238,4.628264837884389e-16,4.94277689195269e-16,0.012024276026364201,0.9999277067235619,6.874964350443894e-16,0.99999999999999,2.2259986250353343,1.521704467953572e-15,False,True,False,False,True,False,False
q_proj,2,1234,sgd,1,1.6067698337760865,1.6067698337760865,1.6067698337760865,0.0,0.0,1.551251131274181e-15,8.702008998792014e-05,1.0382285601690798e-16,9.335320585200907e-17,1.0382285601690798e-16,8.953440738124641e-05,0.9999999959922093,1.7219013509432964e-16,1.0000000000000027,0.851772978637837,1.5665523778191017e-15,False,True,False,False,True,False,False
q_proj,2,1234,sgd,10,1.6063685917957429,1.6061869782980183,1.6063685917957429,0.00018161349772460866,0.0,0.005214314345110542,0.0008639097544038009,2.662087773752519e-06,2.198085472337058e-16,2.2938125758651897e-16,0.0008874792398213852,0.9999996062216576,3.3616186239324575e-16,0.9999999999999929,0.8480846657002736,1.4608417662418021e-15,False,True,False,False,True,False,False
q_proj,2,1234,sgd,50,1.6046692799871913,1.6037799188576898,1.6046692799871913,0.0008893611295015535,0.0,0.027591287678477346,0.004185917144554249,7.014748071034347e-05,4.766434107240156e-16,4.789260108182298e-16,0.004272314814782406,0.999990873757298,6.80886541104074e-16,1.0000000000000042,0.8330307872487133,1.5949137056257898e-15,False,True,False,False,True,False,False
q_proj,3,1234,sgd,1,1.4743138888317637,1.4743138888317635,1.4743138888317635,2.220446049250313e-16,2.220446049250313e-16,1.774645274701508e-15,8.898900819934383e-05,1.0280379379643962e-16,9.228257335069574e-17,1.0280379379643962e-16,9.263916155390835e-05,0.9999999957092198,1.7168345828987403e-16,0.9999999999999931,0.95432947749813,1.8021399579183887e-15,False,True,False,False,True,False,False
q_proj,3,1234,sgd,10,1.4739602987283722,1.4737702694289017,1.473960298728372,0.00019002929947053993,2.220446049250313e-16,0.007303622150180234,0.0008822457971461697,3.852591886455341e-06,2.2301169106656873e-16,2.2703529562113216e-16,0.0009175535294255444,0.9999995790776725,3.3806913733299755e-16,1.0000000000000155,0.9475222966282192,1.9867591160640922e-15,False,True,False,False,True,False,False
q_proj,3,1234,sgd,50,1.4724586748731312,1.4715379352876776,1.4724586748731312,0.0009207395854535783,0.0,0.038548951421899985,0.0042507826526776565,0.00010053990391226837,4.749659562040011e-16,4.763964935195738e-16,0.00440419581411505,0.999990303122263,6.860160043246414e-16,1.0000000000000004,0.9203950895088858,1.6808818368047594e-15,False,True,False,False,True,False,False
q_proj,4,1234,sgd,1,1.5181219092699745,1.5181219092699745,1.5181219092699745,0.0,0.0,1.7413212537382782e-15,0.00014658459440091085,1.050015568074544e-16,9.448836890511803e-17,1.050015568074544e-16,0.0001599586123107385,0.9999999872066372,1.7376440082659418e-16,1.0000000000000129,1.5494991586928,1.784875426441138e-15,False,True,False,False,True,False,False
q_proj,4,1234,sgd,10,1.5177450297977735,1.5171067821421989,1.517745029797774,0.0006382476555746308,4.440892098500626e-16,0.022074347964812495,0.0014456150325172779,9.765598871977388e-06,2.1140358758452885e-16,2.262925465127245e-16,0.001572359486936213,0.9999987638531084,3.2989948435740484e-16,0.9999999999999987,1.5224420861723031,1.8013922345155395e-15,False,True,False,False,True,False,False
q_proj,4,1234,sgd,50,1.5161431847954034,1.5132051187829458,1.5161431847954034,0.0029380660124576075,0.0,0.1181859158118533,0.006816972856467459,0.0002510101297924534,4.839594697640066e-16,4.702280516612184e-16,0.00732138861309768,0.999973201996182,6.832079218194677e-16,1.0000000000000002,1.4187612557545641,1.4699007541229643e-15,False,True,False,False,True,False,False
q_proj,5,1234,sgd,1,1.4096546913689025,1.4096546913689028,1.4096546913689028,2.220446049250313e-16,2.220446049250313e-16,1.6848716711589355e-15,0.00010491182714755034,1.0447823714439484e-16,9.308035087785306e-17,1.0447823714439484e-16,0.00011248119536749476,0.9999999936791261,1.7199349655045836e-16,0.9999999999999973,1.1865256628521423,1.6837176884654215e-15,False,True,False,False,True,False,False
q_proj,5,1234,sgd,10,1.4093213704822811,1.4089959736602147,1.4093213704822811,0.00032539682206644827,0.0,0.0171017963089802,0.0010353552142567375,7.169064504137851e-06,2.272403592494251e-16,2.246203098779923e-16,0.0011070521610749991,0.9999993877738276,3.398473212985445e-16,0.9999999999999969,1.167953415379953,1.6840158506694276e-15,False,True,False,False,True,False,False
q_proj,5,1234,sgd,50,1.4079070775757523,1.4064202668286458,1.4079070775757523,0.0014868107471064373,0.0,0.08440089621416791,0.004905876431718009,0.00018093682068181182,4.762022730653132e-16,4.89734249557108e-16,0.00519834504258901,0.9999865064805434,6.906907132921706e-16,0.999999999999985,1.103582190702359,1.6752584321527935e-15,False,True,False,False,True,False,False
q_proj,6,1234,sgd,1,1.4653954247730738,1.465395424773074,1.465395424773074,2.220446049250313e-16,2.220446049250313e-16,1.3303351567243939e-15,0.00010989923127808638,1.0783277465523715e-16,9.67496040933868e-17,1.0783277465523715e-16,0.0001186524709918123,0.9999999929628824,1.773987743625413e-16,1.0000000000000164,1.1718793046289244,1.3738358397005831e-15,False,True,False,False,True,False,False
q_proj,6,1234,sgd,10,1.4650340077626425,1.4647169026382896,1.4650340077626425,0.00031710512435290106,0.0,0.013542737398086693,0.0010861699611201198,5.956009420060931e-06,2.135512443724964e-16,2.3047872833236484e-16,0.00116966777283184,0.999999316181384,3.3435769798394974e-16,1.0000000000000095,1.157242251190609,1.854277229831266e-15,False,True,False,False,True,False,False
q_proj,6,1234,sgd,50,1.4635058431168109,1.462017326560835,1.4635058431168109,0.0014885165559759272,0.0,0.06951517345535209,0.00517016773111634,0.00015298443857024647,4.577416380829292e-16,4.822783506723022e-16,0.00551382408479888,0.9999848084610904,6.748948365926475e-16,0.9999999999999811,1.102694165325617,1.4464935148224248e-15,False,True,False,False,True,False,False
q_proj,7,1234,sgd,1,1.4883763749941805,1.4883763749941805,1.4883763749941805,0.0,0.0,1.495765809289452e-15,7.734104892311938e-05,1.0362251927692501e-16,9.467336870614915e-17,1.0362251927692501e-16,8.718300102277694e-05,0.9999999962015647,1.7284944552393194e-16,1.000000000000011,0.9025430639248706,1.5118153932831797e-15,False,True,False,False,True,False,False
q_proj,7,1234,sgd,10,1.4880493098568874,1.4879161085114472,1.4880493098568874,0.0001332013454402592,0.0,0.011540469192210521,0.0007648021925116137,4.073076825142878e-06,2.1568770706573994e-16,2.2865150608604325e-16,0.0008594699357645276,0.999999630865442,3.3317600447087855e-16,1.0000000000000004,0.8924422496938862,2.190523883428381e-15,False,True,False,False,True,False,False
q_proj,7,1234,sgd,50,1.4866620855259487,1.486042306451918,1.4866620855259487,0.0006197790740307685,0.0,0.05811062346083283,0.0036500452872977257,0.00010441795354495373,4.73642803415095e-16,4.699867993728698e-16,0.004052826176494401,0.9999917932216302,6.729494857338739e-16,1.000000000000002,0.8561145280449671,1.958369611562292e-15,False,True,False,False,True,False,False
q_proj,8,1234,sgd,1,1.6387558505892228,1.6387558505892228,1.6387558505892228,0.0,0.0,1.7067421944972972e-15,0.00017702005228056202,1.0521994515402771e-16,9.910152778490569e-17,1.0521994515402771e-16,0.00020069617436487168,0.9999999798637539,1.7716495851322221e-16,0.9999999999999797,1.7680890063947543,1.7057261449163402e-15,False,True,False,False,True,False,False
q_proj,8,1234,sgd,10,1.638350957307087,1.6373606733628303,1.6383509573070865,0.000990283944256598,4.440892098500626e-16,0.03871124566988219,0.001732256767709869,1.603435936240513e-05,2.1453562417749095e-16,2.2640622931653826e-16,0.0019515064717192067,0.9999980962631048,3.3362536922762353e-16,0.9999999999999919,1.7108744599428047,1.4939680552258987e-15,False,True,False,False,True,False,False
q_proj,8,1234,sgd,50,1.636628694395632,1.6323274551645344,1.636628694395632,0.004301239231097709,0.0,0.19963063618448842,0.007943691394528517,0.0003994143539113089,4.598756539366471e-16,4.664617708293892e-16,0.008743875357726355,0.9999617973472835,6.606166322476801e-16,0.999999999999994,1.5178065269231964,1.5949860396207185e-15,False,True,False,False,True,False,False
q_proj,9,1234,sgd,1,1.4661093699273882,1.4661093699273882,1.4661093699273882,0.0,0.0,1.717980801337947e-15,0.00014547985579401587,1.0447309188312226e-16,9.660815655697998e-17,1.0447309188312226e-16,0.00017600169529774113,0.9999999845229128,1.7379702612792876e-16,1.000000000000003,1.3049352685833229,1.706524555758267e-15,False,True,False,False,True,False,False
q_proj,9,1234,sgd,10,1.4656566882346507,1.4646640799605959,1.4656566882346507,0.0009926082740547848,0.0,0.03415341490249444,0.0014332573150094912,1.2928108315920012e-05,2.2063833568058997e-16,2.243812521575749e-16,0.0017285326798267549,0.9999985073663251,3.3158905216847736e-16,1.0000000000000027,1.2808532326874014,1.5626597545647423e-15,False,True,False,False,True,False,False
q_proj,9,1234,sgd,50,1.4637457078718623,1.4594251483689564,1.4637457078718623,0.004320559502905885,0.0,0.18351048508003764,0.0067424920059289475,0.00032447432069745335,4.572507927505817e-16,4.838139374252799e-16,0.008037508903286427,0.9999677457181784,6.66176800506051e-16,1.0000000000000329,1.1966216440909614,1.8947587057696445e-15,False,True,False,False,True,False,False
q_proj,10,1234,sgd,1,1.4339410886192858,1.4339410886192858,1.4339410886192858,0.0,0.0,1.521469290964987e-15,0.00015006963484478868,1.0484251689323611e-16,9.30215517453596e-17,1.0484251689323611e-16,0.00016847709365156108,0.9999999858097804,1.7214566694522103e-16,0.9999999999999972,1.6239437333586229,1.497985386690666e-15,False,True,False,False,True,False,False
q_proj,10,1234,sgd,10,1.433601088833125,1.432375323236036,1.4336010888331248,0.0012257655970890902,2.220446049250313e-16,0.05297790870373224,0.0014678456647084944,1.8769583464329127e-05,2.144462252086351e-16,2.2157268556156326e-16,0.0016385592436118763,0.9999986578562294,3.2787902601443987e-16,1.0000000000000124,1.5704697548984856,1.6707623432463318e-15,False,True,False,False,True,False,False
q_proj,10,1234,sgd,50,1.4321572966666622,1.4270633865130755,1.4321572966666625,0.005093910153586734,2.220446049250313e-16,0.28626066756114626,0.006721074718218245,0.00046459355539582814,4.591508674530973e-16,4.838131415724483e-16,0.007362774626849314,0.9999729116127063,6.729839143325024e-16,1.0000000000000073,1.3928384327894685,2.2018880753130633e-15,False,True,False,False,True,False,False
q_proj,11,1234,sgd,1,1.3895513016202612,1.3895513016202612,1.3895513016202612,0.0,0.0,1.3476046226874864e-15,0.00010443472951502594,1.0451368805294618e-16,9.506045332480957e-17,1.0451368805294618e-16,0.00011422287847949763,0.9999999934862925,1.7274076808795345e-16,1.000000000000004,1.1639443869033674,1.3835837062534008e-15,False,True,False,False,True,False,False
q_proj,11,1234,sgd,10,1.3892089374328245,1.3886991437390952,1.389208937432824,0.0005097936937292769,4.440892098500626e-16,0.021616151325457106,0.0010343549456931613,7.896495729999309e-06,2.274190613243054e-16,2.308250085277394e-16,0.0011289033371775677,0.9999993638162328,3.380513458125093e-16,1.0000000000000002,1.154060133038823,2.014287133789415e-15,False,True,False,False,True,False,False
q_proj,11,1234,sgd,50,1.3877592302784685,1.3854250194574873,1.3877592302784685,0.002334210820981175,0.0,0.11445726936921964,0.00496669980113673,0.00020238215282560477,4.556125083458704e-16,4.847111684924059e-16,0.005378746097731067,0.9999855653053095,6.630815615786422e-16,0.9999999999999983,1.1176424285782427,1.696287779030026e-15,False,True,False,False,True,False,False
q_proj,12,1234,sgd,1,1.419871602447854,1.4198716024478537,1.4198716024478537,2.220446049250313e-16,2.220446049250313e-16,1.6406897908303172e-15,0.00013348903678916713,1.0425601386770934e-16,9.218619835554152e-17,1.0425601386770934e-16,0.00013873994617446755,0.9999999903810225,1.7099055577551248e-16,1.0000000000000133,1.558564130046831,1.631361757698618e-15,False,True,False,False,True,False,False
q_proj,12,1234,sgd,10,1.4195506702170932,1.4184862746848361,1.4195506702170932,0.001064395532257123,0.0,0.044683514039764664,0.0013097632870042674,1.762522875683219e-05,2.2143872626724767e-16,2.275401126979858e-16,0.0013545670641292456,0.9999990832221406,3.363790062624453e-16,1.0000000000000133,1.5158175918154266,1.8987997443916183e-15,False,True,False,False,True,False,False
q_proj,12,1234,sgd,50,1.4181850794960902,1.41363723944535,1.4181850794960902,0.0045478400507401595,0.0,0.2363316488063047,0.00606882797849524,0.00043952133405345266,4.595114887788604e-16,4.782482812536691e-16,0.00618175449207327,0.9999809196520508,6.695652613172839e-16,0.9999999999999903,1.370424414425119,1.798005478226099e-15,False,True,False,False,True,False,False
q_proj,13,1234,sgd,1,1.4406837032126727,1.4406837032126727,1.4406837032126727,0.0,0.0,1.6346678795970873e-15,9.716933576740275e-05,1.0447531779627696e-16,9.091689807714413e-17,1.0447531779627696e-16,0.00010524333288323021,0.9999999944626017,1.6950234355583053e-16,0.9999999999999816,1.0982126401792125,1.6610565777166648e-15,False,True,False,False,True,False,False
q_proj,13,1234,sgd,10,1.44034654758058,1.4399925069973811,1.44034654758058,0.00035404058319876697,0.0,0.015951011206077722,0.0009640013818762999,5.715705510008029e-06,2.1365987368959934e-16,2.255205866913524e-16,0.0010421677078075989,0.9999994570228898,3.2703039536732474e-16,1.0000000000000002,1.0918917540754112,1.8748092370576205e-15,False,True,False,False,True,False,False
q_proj,13,1234,sgd,50,1.4389127947544096,1.4372568658722356,1.4389127947544096,0.0016559288821740292,0.0,0.08401277181491687,0.0046597290106788454,0.00014756111506888855,4.597559920519275e-16,4.865436253828302e-16,0.005001612680298195,0.9999874950476415,6.683214689681252e-16,0.9999999999999972,1.068002718212818,1.5830469757244257e-15,False,True,False,False,True,False,False
q_proj,14,1234,sgd,1,1.3895810255027694,1.3895810255027694,1.3895810255027694,0.0,0.0,1.866470958239531e-15,0.00010294668372257824,1.0634408588509392e-16,9.360259207465731e-17,1.0634408588509392e-16,0.00010470944688348636,0.9999999945227694,1.7360229849432775e-16,0.9999999999999989,1.2686675553294298,1.8704833253064162e-15,False,True,False,False,True,False,False
q_proj,14,1234,sgd,10,1.3892844329201488,1.3887841461230768,1.389284432920149,0.0005002867970720359,2.220446049250313e-16,0.020941528954230366,0.0010187110311921641,8.695376528709569e-06,2.056474895286036e-16,2.247713212796136e-16,0.001034230932439043,0.9999994657074678,3.25138086220419e-16,0.9999999999999885,1.255021027984362,1.6997671328486096e-15,False,True,False,False,True,False,False
q_proj,14,1234,sgd,50,1.3880236381163618,1.385723724140987,1.3880236381163618,0.0022999139753747677,0.0,0.11241380291176477,0.004872078889052321,0.00022403922779451948,4.745950503070257e-16,4.812797498776126e-16,0.004914395820762711,0.9999879418508837,6.793448549687865e-16,1.0000000000000067,1.202803530150006,1.5662488409420626e-15,False,True,False,False,True,False,False
q_proj,15,1234,sgd,1,1.3835715250340357,1.3835715250340357,1.3835715250340357,0.0,0.0,1.3555245420770672e-15,9.554531584522398e-05,1.0645677836312763e-16,9.405403260428298e-17,1.0645677836312763e-16,0.00010274399503417715,0.9999999947246992,1.74257037866502e-16,1.0000000000000102,1.1235143019768634,1.3696790560206783e-15,False,True,False,False,True,False,False
q_proj,15,1234,sgd,10,1.3832570593607145,1.3829261057103135,1.3832570593607143,0.00033095365040103353,2.220446049250313e-16,0.014636532576382972,0.0009473592042206455,5.730216751609415e-06,2.1685329267900715e-16,2.2813200698014935e-16,0.0010172219770757682,0.9999994829397912,3.3333823574125357e-16,1.0000000000000067,1.1160209182791256,1.4395235002321325e-15,False,True,False,False,True,False,False
q_proj,15,1234,sgd,50,1.3819215486601517,1.380372034205399,1.3819215486601515,0.0015495144547528206,2.220446049250313e-16,0.07822924824185587,0.0045675019759291394,0.00014839745608565295,4.713342706159653e-16,4.749449777822128e-16,0.004876193413259212,0.9999881214663533,6.686467401567406e-16,1.0000000000000187,1.086913944105726,1.7132940656938763e-15,False,True,False,False,True,False,False
q_proj,16,1234,sgd,1,1.5499759883024709,1.5499759883024709,1.5499759883024709,0.0,0.0,1.5546037515043794e-15,7.669521687395372e-05,1.0631368390835027e-16,9.775333075100442e-17,1.0631368390835027e-16,8.421948401445818e-05,0.9999999964538842,1.7659486884056874e-16,0.9999999999999996,0.8029107274740397,1.5637905543205364e-15,False,True,False,False,True,False,False
q_proj,16,1234,sgd,10,1.5496019416638707,1.5496517488354842,1.5496019416638707,4.9807171613514e-05,0.0,0.003495458393604801,0.0007630248969687746,1.5823209386511327e-06,2.2025197191036e-16,2.2686582775153933e-16,0.0008372274752526027,0.9999996495618214,3.367698995492141e-16,0.9999999999999938,0.8025050443319776,1.3746767890453283e-15,False,True,False,False,True,False,False
q_proj,16,1234,sgd,50,1.5480100801888745,1.5482622129210222,1.548010080188875,0.0002521327321476363,4.440892098500626e-16,0.01841139105432608,0.003730574019022347,4.202350434321505e-05,4.564897570233737e-16,4.759189719744925e-16,0.00407974785070213,0.9999916789234148,6.654145123122425e-16,0.9999999999999947,0.8008813290098927,1.6323894714984085e-15,False,True,False,False,True,False,False
q_proj,17,1234,sgd,1,1.4708799450409362,1.470879945040936,1.470879945040936,2.220446049250313e-16,2.220446049250313e-16,1.4987201007408798e-15,6.035665652734395e-05,1.0682958231303748e-16,9.453588703168705e-17,1.0682958231303748e-16,6.101290494692947e-05,0.9999999981417593,1.7450602116466068e-16,0.9999999999999971,0.7002720971358098,1.5147772974361078e-15,False,True,False,False,True,False,False
q_proj,17,1234,sgd,10,1.47054771070383,1.4705980050890095,1.47054771070383,5.0294385179450174e-05,0.0,0.0034055838080667145,0.0006003197684667174,1.4932599518239592e-06,2.1970185942997516e-16,2.292035198692694e-16,0.0006062463142831938,0.9999998165265107,3.36028551012454e-16,0.9999999999999949,0.699652200187554,1.6223940568085778e-15,False,True,False,False,True,False,False
q_proj,17,1234,sgd,50,1.4691348778961237,1.4693879538273216,1.4691348778961235,0.00025307593119783256,2.220446049250313e-16,0.01791200564873549,0.002931759115360443,3.9696882432847856e-05,4.690333692207142e-16,4.768047763044113e-16,0.0029483439748755435,0.9999956598802613,6.71945212317071e-16,1.0000000000000022,0.697193252877246,1.6558850342752694e-15,False,True,False,False,True,False,False
q_proj,18,1234,sgd,1,1.3828669482237732,1.3828669482237734,1.3828669482237734,2.220446049250313e-16,2.220446049250313e-16,1.338547376137025e-15,7.887323201343769e-05,1.0644821145947967e-16,9.38009000331246e-17,1.0644821145947967e-16,9.38621913869356e-05,0.9999999955985668,1.739544355803118e-16,0.9999999999999972,0.7855022600134177,1.3573475177395945e-15,False,True,False,False,True,False,False
q_proj,18,1234,sgd,10,1.3824790488817478,1.382473743463753,1.3824790488817478,5.305417994705408e-06,0.0,0.012649186624691989,0.0007797660337067842,5.420543952639985e-06,2.1536794495463368e-16,2.2763279993404867e-16,0.0009259111124049025,0.9999995716948609,3.314664558914041e-16,0.9999999999999931,0.7767216745427333,1.5264789161756435e-15,False,True,False,False,True,False,False
q_proj,18,1234,sgd,50,1.380841563774362,1.3808839684395475,1.380841563774362,4.240466518545816e-05,0.0,0.05948991316230323,0.003722210140815549,0.00013679398969304043,4.892520466485855e-16,4.7240153640564015e-16,0.00438553488793624,0.9999903909153014,6.848744030382716e-16,1.0000000000000027,0.7478874410620842,1.6355509102795299e-15,False,True,False,False,True,False,False
q_proj,19,1234,sgd,1,1.4385125677052168,1.4385125677052168,1.4385125677052168,0.0,0.0,1.9246151892558255e-15,8.154243920531848e-05,1.0346035453231068e-16,9.63316644456092e-17,1.0346035453231068e-16,8.469374599483864e-05,0.9999999964143134,1.7220305686289048e-16,0.9999999999999927,0.8637614320844055,1.9395731773996702e-15,False,True,False,False,True,False,False
q_proj,19,1234,sgd,10,1.4381530672023561,1.4380634259106722,1.4381530672023566,8.964129168398394e-05,4.440892098500626e-16,0.0065041168331561785,0.000810410273423589,3.0767167074546626e-06,2.2407125059642305e-16,2.271324713544999e-16,0.0008408384634157192,0.9999996465797619,3.3542443972749508e-16,0.9999999999999966,0.8613132280572954,1.9192621323652716e-15,False,True,False,False,True,False,False
q_proj,19,1234,sgd,50,1.436622506807378,1.436190095324213,1.436622506807378,0.0004324114831648629,0.0,0.03319023672750221,0.003946121058744983,8.02579204786189e-05,4.75269435841137e-16,4.837253970562504e-16,0.0040772884298349975,0.9999916900349173,6.751913444264253e-16,0.999999999999994,0.8520825689341556,1.8095041884648447e-15,False,True,False,False,True,False,False
q_proj,20,1234,sgd,1,1.4000058391129175,1.4000058391129175,1.4000058391129175,0.0,0.0,1.752208118720232e-15,7.060869297351277e-05,1.0505672792129871e-16,9.525052288040502e-17,1.0505672792129871e-16,6.90337886603684e-05,0.9999999976215479,1.7278450205228275e-16,0.9999999999999829,0.7586516706055928,1.7821003635754417e-15,False,True,False,False,True,False,False
q_proj,20,1234,sgd,10,1.3996567910944886,1.3997205617749127,1.3996567910944884,6.377068042406897e-05,2.220446049250313e-16,0.0032551611557730246,0.0007027272230352092,1.6925192305797165e-06,2.194681461134347e-16,2.2654731061044985e-16,0.0006864909843619962,0.9999997647909842,3.31668797274183e-16,0.999999999999998,0.7581519040488996,2.442473839323527e-15,False,True,False,False,True,False,False
q_proj,20,1234,sgd,50,1.3981687633422712,1.3984922036242995,1.398168763342271,0.00032344028202824227,2.220446049250313e-16,0.017197300883544833,0.0034411504857507383,4.513170043491265e-05,4.686852230014897e-16,4.915934387569554e-16,0.003350097256759011,0.9999943977583584,6.798801385945299e-16,0.9999999999999671,0.7560843433911599,1.924452523750613e-15,False,True,False,False,True,False,False
q_proj,21,1234,sgd,1,1.412836551982321,1.4128365519823207,1.4128365519823207,2.220446049250313e-16,2.220446049250313e-16,1.6753374070386578e-15,7.892866587686389e-05,1.062958181051257e-16,9.606209195181057e-17,1.062958181051257e-16,8.253544908814595e-05,0.9999999965967932,1.7318863397787215e-16,0.9999999999999967,0.9359798370141188,1.69535808678168e-15,False,True,False,False,True,False,False
q_proj,21,1234,sgd,10,1.4125284922198218,1.4124589745354421,1.4125284922198218,6.951768437968298e-05,0.0,0.00822848721757433,0.0007842387683128864,4.104701104290834e-06,2.221221247312637e-16,2.2729220747095793e-16,0.0008194016398262501,0.999999664578049,3.3247845309563176e-16,1.0000000000000115,0.933892756621795,1.6879172172142268e-15,False,True,False,False,True,False,False
q_proj,21,1234,sgd,50,1.4112212679089258,1.410900330906141,1.4112212679089258,0.00032093700278479353,0.0,0.0407796542856764,0.003814497077907375,0.00010586514247905941,4.74162848834064e-16,4.78486513234572e-16,0.00397326450681781,0.999992113962744,6.623336703195119e-16,1.0000000000000018,0.926436140418377,1.5940384120850492e-15,False,True,False,False,True,False,False
q_proj,22,1234,sgd,1,1.4253841851626103,1.4253841851626103,1.4253841851626103,0.0,0.0,1.5900774631954407e-15,9.167781291718289e-05,1.0787408073969902e-16,8.983721412022811e-17,1.0787408073969902e-16,9.481035783418478e-05,0.9999999955249413,1.720025901302852e-16,0.9999999999999934,0.9134097706809334,1.5535876164721775e-15,False,True,False,False,True,False,False
q_proj,22,1234,sgd,10,1.4250161601311135,1.4249784532393264,1.4250161601311138,3.770689178717035e-05,2.220446049250313e-16,0.002849643762016349,0.0009123937240477919,1.981476299722959e-06,2.020649574405097e-16,2.2865231325458737e-16,0.0009429563088002464,0.9999995573404126,3.246192687469478e-16,1.0000000000000007,0.9132639294249101,1.7142710321431946e-15,False,True,False,False,True,False,False
q_proj,22,1234,sgd,50,1.4234518694474358,1.4232600414854222,1.4234518694474356,0.0001918279620136687,2.220446049250313e-16,0.015191142191051785,0.004467163119799208,5.259949484640364e-05,4.673903809085195e-16,4.766509979952928e-16,0.004604006962984305,0.9999894474065523,6.722884555340656e-16,0.9999999999999659,0.9126911853265565,1.875319850050641e-15,False,True,False,False,True,False,False
q_proj,23,1234,sgd,1,1.4430858912682856,1.4430858912682853,1.4430858912682853,2.220446049250313e-16,2.220446049250313e-16,1.3458850905067922e-15,0.00010117585143404206,1.0599502422362435e-16,9.663681115800468e-17,1.0599502422362435e-16,0.00011289062617126919,0.9999999937005752,1.7527303205681775e-16,0.99999999999999,0.9175642948556962,1.3271393388164188e-15,False,True,False,False,True,False,False
q_proj,23,1234,sgd,10,1.4426685396527628,1.4427061717914764,1.442668539652763,3.7632138713661334e-05,2.220446049250313e-16,0.0011199935201310586,0.001006693530427975,4.924684564198676e-07,2.1105512009572597e-16,2.2979241709098306e-16,0.0011222568406986664,0.9999993774195304,3.3006125271267725e-16,0.9999999999999909,0.9175244502206065,1.3718713994819543e-15,False,True,False,False,True,False,False
q_proj,23,1234,sgd,50,1.4408996297672416,1.4410883610765626,1.4408996297672418,0.00018873130932095528,2.220446049250313e-16,0.00594399188041778,0.004924026889636214,1.3076049386468671e-05,4.721848456977135e-16,4.795549261557579e-16,0.005467962158798522,0.9999852164559219,6.763524567336549e-16,0.9999999999999921,0.9173490312651761,1.6297806309675528e-15,False,True,False,False,True,False,False
k_proj,0,1234,sgd,1,5.781481193448726,5.781481193448724,5.781481193448724,1.7763568394002505e-15,1.7763568394002505e-15,1.6768886631225142e-15,0.10235228710433035,1.066362711039365e-16,9.400639387633819e-17,1.066362711039365e-16,0.1305860855995211,0.9915804866245406,1.70823217030077e-16,1.000000000000003,229.14191482743357,1.8279559244337704e-15,False,True,False,False,True,False,False
k_proj,0,1234,sgd,10,5.7726048076936936,5.272526318071368,5.772604807693693,0.5000784896223252,8.881784197001252e-16,5.589928333041544,0.32661093795886265,0.04833333573882571,2.126886406182825e-16,2.3115152875060273e-16,0.32007180534467217,0.952581618327922,3.33792189190589e-16,1.0000000000000022,36.09306430056503,1.8839315880326155e-15,False,True,False,False,True,False,False
k_proj,0,1234,sgd,50,5.731893144857203,2.446031127240188,5.731893144857202,3.2858620176170152,8.881784197001252e-16,8.21726574134001,0.9200569897737412,0.46075446432526884,4.837309210951704e-16,4.799500662710524e-16,0.98036051495082,0.6850856259299938,6.984435801482036e-16,0.9999999999999997,25.80977440975342,1.9276087103756556e-15,False,True,False,False,True,False,False
k_proj,1,1234,sgd,1,2.563763529098525,2.5637635290985252,2.5637635290985252,4.440892098500626e-16,4.440892098500626e-16,1.3074165978631256e-15,0.0006895273580437114,1.0452760370073513e-16,9.118192767368515e-17,1.0452760370073513e-16,0.000754919910594864,0.9999997150623499,1.709727491575548e-16,1.0000000000000129,2.477551047441572,1.2609215516871837e-15,False,True,False,False,True,False,False
k_proj,1,1234,sgd,10,2.5601425593857345,2.5529278468772696,2.560142559385735,0.007214712508464949,4.440892098500626e-16,0.028210766211005392,0.006770524213812798,0.0003435337622481124,2.1640190002828912e-16,2.31735600145088e-16,0.007394686154926814,0.9999726755122187,3.3864089585725993e-16,1.0000000000000029,2.401854890359106,1.3424605684225439e-15,False,True,False,False,True,False,False
k_proj,1,1234,sgd,50,2.5441583548801536,2.5080206207098645,2.5441583548801545,0.03613773417028909,8.881784197001252e-16,0.12192155527946584,0.031871722669169225,0.008786915177289044,4.668752338948967e-16,4.941817316206397e-16,0.03544611106763625,0.999377090815039,6.872158838721236e-16,0.9999999999999986,2.196722665364982,1.366575519774961e-15,False,True,False,False,True,False,False
k_proj,2,1234,sgd,1,2.121228818292922,2.1212288182929218,2.1212288182929218,4.440892098500626e-16,4.440892098500626e-16,1.107374942529231e-15,0.0002008970435314153,1.040887479209932e-16,9.421027143881798e-17,1.040887479209932e-16,0.0002576507584345207,0.9999999668083445,1.714525897940628e-16,0.9999999999999951,0.8363396452116763,1.1048094784416226e-15,False,True,False,False,True,False,False
k_proj,2,1234,sgd,10,2.1182797169715477,2.117262947035179,2.118279716971547,0.0010167699363687888,8.881784197001252e-16,0.006570739701409596,0.001988549191512151,4.5834892976475406e-05,2.1902263639470312e-16,2.2669358480392856e-16,0.0025495224558748975,0.9999967503019941,3.3340700433454255e-16,1.0000000000000075,0.8308497189940743,1.1559518628251717e-15,False,True,False,False,True,False,False
k_proj,2,1234,sgd,50,2.1057535984313236,2.10088675563007,2.1057535984313236,0.00486684280125349,0.0,0.03181178576489921,0.009556409085325228,0.0011884873523893547,4.66221875173539e-16,4.874401749553527e-16,0.01228588189361367,0.9999246414914318,6.758306789114423e-16,1.0000000000000018,0.8112565763042111,1.237721894525976e-15,False,True,False,False,True,False,False
k_proj,3,1234,sgd,1,1.7747038364174383,1.7747038364174383,1.7747038364174383,0.0,0.0,1.1300764112104012e-15,0.00025211061590466743,1.0852435357621999e-16,8.9899779212757e-17,1.0852435357621999e-16,0.00029371982975451717,0.9999999568735736,1.7378755418390745e-16,1.0000000000000036,0.984406041347752,1.1444298463355135e-15,False,True,False,False,True,False,False
k_proj,3,1234,sgd,10,1.7717897368278155,1.7702345305839338,1.7717897368278155,0.0015552062438817238,0.0,0.008568032571360445,0.002495948818427486,7.551357490901375e-05,2.138762797462398e-16,2.1997582943193985e-16,0.002905383998826702,0.9999957815647897,3.2792833928344435e-16,0.9999999999999933,0.9763437039639953,9.68280846224797e-16,False,True,False,False,True,False,False
k_proj,3,1234,sgd,50,1.7594171199741364,1.7519472524738557,1.7594171199741364,0.007469867500280669,0.0,0.04019344484756002,0.012005802400487289,0.001955266586974339,4.823666211755352e-16,4.953065923858433e-16,0.014047089490164155,0.9999016371229976,7.000832968338013e-16,0.9999999999999996,0.9492872095894305,1.0808438421861155e-15,False,True,False,False,True,False,False
k_proj,4,1234,sgd,1,1.6154226755826073,1.6154226755826073,1.6154226755826073,0.0,0.0,9.731730882614054e-16,0.000283993681437736,1.153690279183542e-16,9.341978726042521e-17,1.153690279183542e-16,0.0003396211629340343,0.9999999423288074,1.7875407321582807e-16,1.0000000000000053,1.4758787504782185,9.93696894579209e-16,False,True,False,False,True,False,False
k_proj,4,1234,sgd,10,1.6134326907807275,1.611068455318655,1.613432690780728,0.002364235462072539,4.440892098500626e-16,0.02227640865467439,0.0028001105568944483,0.00012445741499395862,2.212295152839693e-16,2.354910637785173e-16,0.003341017345186138,0.9999944192190579,3.4083532484363296e-16,0.9999999999999964,1.4477049671186155,9.85447030485243e-16,False,True,False,False,True,False,False
k_proj,4,1234,sgd,50,1.60477815268701,1.5935008261245855,1.6047781526870102,0.011277326562424417,2.220446049250313e-16,0.10636540223729615,0.013282806147816224,0.003179786602230476,4.838536696195166e-16,4.462881968856707e-16,0.015977586352611775,0.9998726346414902,6.616208684380924e-16,0.9999999999999889,1.3573175544953107,1.1935041093593369e-15,False,True,False,False,True,False,False
k_proj,5,1234,sgd,1,1.5352161023218518,1.5352161023218516,1.5352161023218516,2.220446049250313e-16,2.220446049250313e-16,8.724325420685223e-16,0.00027738537894578133,1.0842680519046481e-16,9.438591541705078e-17,1.0842680519046481e-16,0.000327828649870383,0.9999999462642091,1.7704912894799538e-16,0.9999999999999979,1.1611813941466091,8.651864428897973e-16,False,True,False,False,True,False,False
k_proj,5,1234,sgd,10,1.5326971935321303,1.5304278191532743,1.5326971935321299,0.002269374378855993,4.440892098500626e-16,0.014830565410563662,0.002744283462509611,0.00010729150628645761,2.2527763552065867e-16,2.3526611082409063e-16,0.0032405997112351127,0.9999947495937171,3.4622664816488423e-16,0.9999999999999898,1.1468016567908539,8.018841500170212e-16,False,True,False,False,True,False,False
k_proj,5,1234,sgd,50,1.5218171876580164,1.5109748112041046,1.521817187658016,0.01084237645391184,4.440892098500626e-16,0.070312624620441,0.013172198074763983,0.0027332479864058345,4.643080632364876e-16,4.602281493235212e-16,0.01570139295433635,0.9998769488372713,6.65021448610489e-16,0.9999999999999947,1.098977817094959,1.0492644037224459e-15,False,True,False,False,True,False,False
k_proj,6,1234,sgd,1,1.5832708435390799,1.5832708435390799,1.5832708435390799,0.0,0.0,1.1746421732314639e-15,0.00024929441933740264,1.0442220840557973e-16,9.483594000246876e-17,1.0442220840557973e-16,0.0002686809181795361,0.9999999639119208,1.740977224153682e-16,1.0000000000000062,1.0891372959431747,1.1732344899055283e-15,False,True,False,False,True,False,False
k_proj,6,1234,sgd,10,1.5808626622358102,1.5792363735850614,1.5808626622358102,0.001626288650748764,0.0,0.008396238737526603,0.0024727709588740197,8.25314707204446e-05,2.1821620232468534e-16,2.2699153881798934e-16,0.00266431288618603,0.9999964508186119,3.3469298465284926e-16,1.000000000000002,1.0817572619141689,1.2092070550760891e-15,False,True,False,False,True,False,False
k_proj,6,1234,sgd,50,1.5704860095691544,1.5623325582936591,1.570486009569154,0.008153451275495271,4.440892098500626e-16,0.03934445391086632,0.011993469014526617,0.002168674359020322,4.846025034132443e-16,4.861078158031358e-16,0.013061897496209611,0.9999147539618864,6.958803414145993e-16,1.0000000000000018,1.0593718021047827,1.1910873012017332e-15,False,True,False,False,True,False,False
k_proj,7,1234,sgd,1,1.6866799929728433,1.686679992972844,1.686679992972844,6.661338147750939e-16,6.661338147750939e-16,1.4340331393320338e-15,0.0001373295536361428,1.0583391566886814e-16,9.404346021776258e-17,1.0583391566886814e-16,0.00016240132515106323,0.9999999868128987,1.7370771672127917e-16,0.9999999999999918,0.7155136747458521,1.4422270852716923e-15,False,True,False,False,True,False,False
k_proj,7,1234,sgd,10,1.6846017582867219,1.6843117633206814,1.6846017582867219,0.00028999496604042996,0.0,0.004088545390001692,0.0013660485062473786,2.173167887741958e-05,2.2413926031901684e-16,2.2662928233082254e-16,0.0016131258636166578,0.9999986989186833,3.3747009461622397e-16,0.9999999999999997,0.7149450225393653,1.4523429224136804e-15,False,True,False,False,True,False,False
k_proj,7,1234,sgd,50,1.6755974495237738,1.6741098675621533,1.6755974495237738,0.0014875819616204655,0.0,0.019646957576807428,0.0067011715627736,0.0005761617542223355,4.775265579141475e-16,4.576871191823707e-16,0.007880054027220768,0.9999689558192888,6.692228479948615e-16,0.9999999999999907,0.7147362687323573,1.3459605880686371e-15,False,True,False,False,True,False,False
k_proj,8,1234,sgd,1,1.9401872555018473,1.9401872555018471,1.9401872555018471,2.220446049250313e-16,2.220446049250313e-16,1.2341610210533665e-15,0.000367960022082332,1.1463011008279922e-16,9.118323225964744e-17,1.1463011008279922e-16,0.0004441947573790139,0.9999999014135865,1.8080986454155203e-16,0.9999999999999996,1.5921724805774224,1.234307378507441e-15,False,True,False,False,True,False,False
k_proj,8,1234,sgd,10,1.9375874052631303,1.933340296618477,1.9375874052631303,0.004247108644653386,0.0,0.02990649264341431,0.003620497257632501,0.00019956289624948456,2.230148786632953e-16,2.3320360457336515e-16,0.004358270368564538,0.9999905175911226,3.428018053738086e-16,1.0000000000000009,1.5529342691905481,1.3037940522860387e-15,False,True,False,False,True,False,False
k_proj,8,1234,sgd,50,1.9261404724194389,1.9057651792923924,1.9261404724194389,0.020375293127046445,0.0,0.13939892087936717,0.017087217539917217,0.0050594088651140035,4.662143426650996e-16,4.708100233586483e-16,0.020874337872712558,0.9997838534072491,6.750682374600824e-16,0.9999999999999882,1.436242418846256,1.3119645229767486e-15,False,True,False,False,True,False,False
k_proj,9,1234,sgd,1,1.4195303412651796,1.4195303412651794,1.4195303412651794,2.220446049250313e-16,2.220446049250313e-16,8.304606945860372e-16,0.0002867494221728184,1.0096410654764536e-16,9.196141401071108e-17,1.0096410654764536e-16,0.0003341849793860379,0.9999999444099195,1.6909516796158183e-16,1.0000000000000029,1.2350318733595227,8.352778428409542e-16,False,True,False,False,True,False,False
k_proj,9,1234,sgd,10,1.4172787739187662,1.4137411461553284,1.4172787739187662,0.0035376277634378006,0.0,0.022149794472092147,0.0028426025406115226,0.00014443637053590343,2.1658577950717498e-16,2.098409655901081e-16,0.0033159224159897485,0.9999945360850873,3.1712105034638633e-16,1.0000000000000027,1.221111781414002,8.23637567678798e-16,False,True,False,False,True,False,False
k_proj,9,1234,sgd,50,1.4073335018262825,1.390147538514155,1.4073335018262825,0.017185963312127406,0.0,0.1076471654304069,0.013758213117550025,0.003692878355296249,4.707888489893811e-16,4.988125686164943e-16,0.016448142752983817,0.9998666618960541,6.959948221640744e-16,1.0000000000000078,1.1751535488834999,7.643745684933059e-16,False,True,False,False,True,False,False
k_proj,10,1234,sgd,1,1.515770983291158,1.515770983291158,1.515770983291158,0.0,0.0,1.0166678904969339e-15,0.0003744859808393353,1.0569852859255198e-16,8.898605470268828e-17,1.0569852859255198e-16,0.00047913620613215986,0.9999998852181906,1.6897793314486748e-16,0.9999999999999929,1.7189728074345059,1.042944282566978e-15,False,True,False,False,True,False,False
k_proj,10,1234,sgd,10,1.5134513213080576,1.505519388041752,1.513451321308058,0.007931933266305702,4.440892098500626e-16,0.06805937075424014,0.0036366881964755198,0.000343699546731345,2.2782857202312945e-16,2.3554727534403392e-16,0.004634217439867636,0.9999892642358632,3.4643096527836586e-16,0.9999999999999938,1.637763457607006,9.610142613947978e-16,False,True,False,False,True,False,False
k_proj,10,1234,sgd,50,1.50339945054167,1.4703340135418912,1.5033994505416703,0.03306543699977871,4.440892098500626e-16,0.3352423677647214,0.0163878435453574,0.008126483179246653,4.736422153317618e-16,4.703803155831769e-16,0.02190023427732387,0.9997616849089028,6.739727728111081e-16,1.000000000000003,1.4155898584788296,1.0636404212526397e-15,False,True,False,False,True,False,False
k_proj,11,1234,sgd,1,1.449036496671253,1.449036496671253,1.449036496671253,0.0,0.0,1.317247944990031e-15,0.00023956389684531956,1.0065042055362177e-16,9.729358782163341e-17,1.0065042055362177e-16,0.0002785057203469397,0.9999999613124255,1.7195091212949804e-16,0.9999999999999932,1.1139161537470803,1.325921949433451e-15,False,True,False,False,True,False,False
k_proj,11,1234,sgd,10,1.4468732634183115,1.4445345144236346,1.4468732634183115,0.002338748994676898,0.0,0.016211854072491965,0.0023784883239690922,0.00010609351106956139,2.1531884041991034e-16,2.354612914235569e-16,0.0027671283832440235,0.9999961844904078,3.374694116477752e-16,1.0000000000000047,1.1076652117520431,1.2781706849128718e-15,False,True,False,False,True,False,False
k_proj,11,1234,sgd,50,1.437453541386655,1.4260066239233469,1.4374535413866543,0.01144691746330806,6.661338147750939e-16,0.07800845631160577,0.011572507415010813,0.0027333192833597915,4.570187359445854e-16,4.815541031992991e-16,0.013720330036267691,0.9999066433697334,6.6226855252383245e-16,1.0000000000000047,1.0876061349118546,1.2652923836283794e-15,False,True,False,False,True,False,False
k_proj,12,1234,sgd,1,1.4039203967516087,1.4039203967516087,1.4039203967516087,0.0,0.0,9.077169648232185e-16,0.00030715572302499473,1.063550791152158e-16,9.187538618954423e-17,1.063550791152158e-16,0.0003456179183368149,0.9999999402766534,1.725924406587354e-16,0.9999999999999983,1.6246633462388838,9.391344902485956e-16,False,True,False,False,True,False,False
k_proj,12,1234,sgd,10,1.401947730802209,1.396097215188175,1.401947730802209,0.005850515614034046,0.0,0.0492402579632495,0.0030060153484609106,0.0002831971836375079,2.211335359975088e-16,2.305307341438214e-16,0.003377182199628377,0.9999943010903043,3.352633521441054e-16,1.000000000000002,1.57312586702593,9.164125349984209e-16,False,True,False,False,True,False,False
k_proj,12,1234,sgd,50,1.3934483306194958,1.3676639595602662,1.3934483306194958,0.025784371059229594,0.0,0.23608211469537035,0.013904055526196077,0.006947831872037071,4.748049658735149e-16,4.646642082446902e-16,0.01671533069240176,0.9998614006694533,6.637647418428219e-16,1.0000000000000095,1.4250872788395248,9.112268576236786e-16,False,True,False,False,True,False,False
k_proj,13,1234,sgd,1,1.470580290455213,1.470580290455213,1.470580290455213,0.0,0.0,8.788487100469821e-16,0.00027841678470897214,1.0663202076568202e-16,9.115284741934203e-17,1.0663202076568202e-16,0.0003264110514411112,0.9999999468017562,1.7205867000119783e-16,1.0000000000000053,1.0998941671266476,8.686271176713453e-16,False,True,False,False,True,False,False
k_proj,13,1234,sgd,10,1.4679505561486088,1.4650504640890378,1.4679505561486088,0.00290009205957098,0.0,0.016247812237597307,0.0027642925352099755,0.00010709593017097,2.1507447175222472e-16,2.2986272869485734e-16,0.003239857127252809,0.9999947628699042,3.334809035126892e-16,0.9999999999999966,1.0935219773303582,8.860170242402459e-16,False,True,False,False,True,False,False
k_proj,13,1234,sgd,50,1.456539450743018,1.4424069996820295,1.456539450743018,0.014132451060988593,0.0,0.07971132938857609,0.013444546468209893,0.002754268975358636,4.653979918282944e-16,4.990558880149115e-16,0.015925258360453196,0.9998739977732582,6.846190248669702e-16,1.000000000000001,1.0719707770670188,1.1117465417398601e-15,False,True,False,False,True,False,False
k_proj,14,1234,sgd,1,1.4333714005563658,1.4333714005563654,1.4333714005563654,4.440892098500626e-16,4.440892098500626e-16,8.555566284434411e-16,0.00029496173515912704,1.0830914454406703e-16,9.638987753158512e-17,1.0830914454406703e-16,0.00034900935155760557,0.9999999390991918,1.7556383122068047e-16,0.9999999999999962,1.280125027342419,8.673202439254351e-16,False,True,False,False,True,False,False
k_proj,14,1234,sgd,10,1.43100258701812,1.4268265717636124,1.43100258701812,0.004176015254507615,0.0,0.028364641127956877,0.002915464466589319,0.00016693333995986519,2.1949863151615271e-16,2.298246186058763e-16,0.0034450482741541504,0.9999940660071114,3.361413057179122e-16,0.9999999999999986,1.2610688799042036,9.608534402439448e-16,False,True,False,False,True,False,False
k_proj,14,1234,sgd,50,1.4206883717780592,1.4010412892720423,1.4206883717780585,0.019647082506016877,6.661338147750939e-16,0.13904189984666995,0.013955330606404125,0.004222672878639992,4.725447118112119e-16,4.904481962214836e-16,0.016842529584815687,0.9998585501734423,6.873094818823203e-16,0.9999999999999956,1.2007394343964086,1.0019827738005242e-15,False,True,False,False,True,False,False
k_proj,15,1234,sgd,1,1.552250381275187,1.552250381275187,1.552250381275187,0.0,0.0,8.156545399699343e-16,0.00022840473386049974,1.0465245875421481e-16,9.244408994455079e-17,1.0465245875421481e-16,0.00027173973562701347,0.9999999630811162,1.7220172010261012e-16,1.0000000000000067,1.103849015012104,8.259208843433112e-16,False,True,False,False,True,False,False
k_proj,15,1234,sgd,10,1.550007426355917,1.54815443352718,1.5500074263559174,0.0018529928287369657,4.440892098500626e-16,0.014260783046341293,0.0022667993311274587,8.748892756324743e-05,2.168467924331963e-16,2.378366952574321e-16,0.0026966231028620244,0.9999963641066869,3.4167878495082373e-16,0.9999999999999981,1.0968940108499048,9.87789340384669e-16,False,True,False,False,True,False,False
k_proj,15,1234,sgd,50,1.5402411509919485,1.5311901226456734,1.5402411509919485,0.009051028346275025,0.0,0.06938221844753052,0.011013324061985704,0.002258209199643487,4.55844928104856e-16,4.683446353311762e-16,0.013258594200137754,0.9999121693325141,6.620746835698984e-16,0.999999999999995,1.0735728199573222,1.0017445506425739e-15,False,True,False,False,True,False,False
k_proj,16,1234,sgd,1,1.4171802908723368,1.4171802908723368,1.4171802908723368,0.0,0.0,6.488043167485025e-16,0.00018862821782978414,1.0470780202315384e-16,9.440174282746014e-17,1.0470780202315384e-16,0.00023488483620196676,0.999999972415218,1.7451535092163862e-16,1.0000000000000082,0.7761664081476665,6.351252123557004e-16,False,True,False,False,True,False,False
k_proj,16,1234,sgd,10,1.4147168154070986,1.4152716323701473,1.414716815407098,0.0005548169630487099,6.661338147750939e-16,0.003707930099261768,0.0018758868290109875,2.216306558745704e-05,2.292388457596603e-16,2.2888908003741215e-16,0.0023347121739898196,0.9999972747303973,3.406925627757535e-16,0.999999999999998,0.7756960594587261,1.0228485983598019e-15,False,True,False,False,True,False,False
k_proj,16,1234,sgd,50,1.4041682792886625,1.4070140996400875,1.4041682792886625,0.002845820351424999,0.0,0.018530591516599457,0.009173341007620642,0.000586906552357764,4.807654097361815e-16,4.71601479536009e-16,0.01140462173928987,0.9999349946893891,6.88808915537693e-16,1.0000000000000016,0.7739295613928205,1.031879739993351e-15,False,True,False,False,True,False,False
k_proj,17,1234,sgd,1,1.3328393309119029,1.3328393309119027,1.3328393309119027,2.220446049250313e-16,2.220446049250313e-16,1.0825132926143561e-15,0.00014399630333881045,1.0861470706964527e-16,9.318901397584392e-17,1.0861470706964527e-16,0.00017638528401930134,0.999999984456559,1.7402706521189396e-16,0.9999999999999993,0.7060355502772536,1.0739339015036377e-15,False,True,False,False,True,False,False
k_proj,17,1234,sgd,10,1.330769177166496,1.3310349356449058,1.330769177166496,0.0002657584784098166,0.0,0.0032675731522312018,0.001433806771968569,1.7717181045118496e-05,2.1872368297461425e-16,2.2836295102383805e-16,0.0017551466625571317,0.9999984607467026,3.341088263174364e-16,1.0000000000000013,0.705879542140507,1.0209048266650968e-15,False,True,False,False,True,False,False
k_proj,17,1234,sgd,50,1.3217620093138014,1.3231216182281063,1.3217620093138012,0.0013596089143048662,2.220446049250313e-16,0.016099610671891036,0.007052230783586822,0.0004708906632353324,4.775529066976427e-16,4.610575145101298e-16,0.008619164646236377,0.9999628622782571,6.675179575308159e-16,1.0000000000000036,0.7054822568070314,1.2464540177953387e-15,False,True,False,False,True,False,False
k_proj,18,1234,sgd,1,1.3590844462673957,1.3590844462673957,1.3590844462673957,0.0,0.0,1.0603050933112562e-15,0.00016280610849635457,1.0447438032339832e-16,9.236684126471155e-17,1.0447438032339832e-16,0.00018274791207141436,0.9999999833065331,1.709957452765949e-16,0.9999999999999992,0.7607332857370633,1.0644299742461764e-15,False,True,False,False,True,False,False
k_proj,18,1234,sgd,10,1.3569707728097704,1.3570539135026554,1.3569707728097702,8.314069288495318e-05,2.220446049250313e-16,0.00872885005273304,0.0016160079250102269,5.65958644154108e-05,2.2474034028231016e-16,2.3101098584388824e-16,0.0018122105278815862,0.9999983583636967,3.392739300814411e-16,0.9999999999999966,0.7553701232183868,1.1796149968082926e-15,False,True,False,False,True,False,False
k_proj,18,1234,sgd,50,1.3477869043314652,1.3484658211228908,1.3477869043314652,0.0006789167914256211,0.0,0.03948264275000318,0.007854575781174067,0.0014540951658295802,4.616175624996402e-16,4.837630170371721e-16,0.008867489675707916,0.9999606862683221,6.760660609531382e-16,1.000000000000003,0.7372489613673225,1.0811606836658046e-15,False,True,False,False,True,False,False
k_proj,19,1234,sgd,1,1.3616547642234498,1.3616547642234496,1.3616547642234496,2.220446049250313e-16,2.220446049250313e-16,7.238755758695694e-16,0.00018990414072826654,1.082865792585706e-16,9.363511860031725e-17,1.082865792585706e-16,0.00023346284474258972,0.9999999727478084,1.7408064914362482e-16,1.0000000000000002,0.8119266603762201,7.2860280617349295e-16,False,True,False,False,True,False,False
k_proj,19,1234,sgd,10,1.3593436286178056,1.3590621484534797,1.3593436286178056,0.00028148016432583134,0.0,0.0033070839411467818,0.0018892527544634122,2.7359645218369327e-05,2.20245629899965e-16,2.3127426598526004e-16,0.0023226891841794757,0.9999973026072057,3.354947902231464e-16,1.0000000000000007,0.81089133403781,8.498200503336119e-16,False,True,False,False,True,False,False
k_proj,19,1234,sgd,50,1.3493718176388743,1.3480354698557544,1.3493718176388743,0.0013363477831198622,0.0,0.015645268442280622,0.009254686856620918,0.0007137576718574514,4.724519362017934e-16,4.775033327698003e-16,0.011400272783919231,0.9999350207644405,6.749349219876534e-16,1.0000000000000029,0.8071921621918562,7.864751425489276e-16,False,True,False,False,True,False,False
k_proj,20,1234,sgd,1,1.2207769555353538,1.220776955535354,1.220776955535354,2.220446049250313e-16,2.220446049250313e-16,1.0299935964963387e-15,0.00016645242511411688,1.0323778330710151e-16,8.776679483157768e-17,1.0323778330710151e-16,0.00020231517073889864,0.9999999795464929,1.6607335050530465e-16,1.0000000000000004,0.7467942162888084,1.0207675899040547e-15,False,True,False,False,True,False,False
k_proj,20,1234,sgd,10,1.2187192257248993,1.2192128566888505,1.2187192257248995,0.0004936309639511638,2.220446049250313e-16,0.004187094345410997,0.0016567161205571692,2.1411046094306993e-05,2.2003167162718003e-16,2.245367844776516e-16,0.002012135266332135,0.999997976552012,3.3143667675384405e-16,1.0000000000000009,0.7459573888104666,7.804963951446737e-16,False,True,False,False,True,False,False
k_proj,20,1234,sgd,50,1.209784581570662,1.2123768897529308,1.209784581570662,0.0025923081822687433,0.0,0.020877749121715968,0.008128951487336417,0.0005686655166466627,4.660427461442682e-16,5.030299920086861e-16,0.009855925301636566,0.9999514312889959,6.876755210594403e-16,1.0000000000000053,0.7425767225830884,1.0898069781286648e-15,False,True,False,False,True,False,False
k_proj,21,1234,sgd,1,1.2684408870310824,1.2684408870310826,1.2684408870310826,2.220446049250313e-16,2.220446049250313e-16,9.202714925875612e-16,0.00019821697845402876,1.0728721043223741e-16,9.377764238297243e-17,1.0728721043223741e-16,0.00024003001125250624,0.9999999712331917,1.7201543971627076e-16,1.0000000000000042,0.9131087369019549,8.928096949750419e-16,False,True,False,False,True,False,False
k_proj,21,1234,sgd,10,1.2664673262576285,1.2662853059572725,1.2664673262576285,0.00018202030035596728,0.0,0.003964951854447969,0.0019713382454614476,3.5670038606575065e-05,2.143541127421269e-16,2.2985438600524863e-16,0.002386597425279611,0.9999971560681244,3.327210743984681e-16,0.9999999999999936,0.9121986198045055,1.0516566141238617e-15,False,True,False,False,True,False,False
k_proj,21,1234,sgd,50,1.2579595000450592,1.257143212676624,1.2579595000450592,0.0008162873684351979,0.0,0.017940398304837166,0.009641892010115234,0.000924584351289058,4.620802244177366e-16,5.055143263782991e-16,0.011684078720528106,0.9999318315836214,6.883738962247396e-16,0.9999999999999922,0.9088876754925437,1.03323590887164e-15,False,True,False,False,True,False,False
k_proj,22,1234,sgd,1,1.3095932875639305,1.3095932875639305,1.3095932875639305,0.0,0.0,7.577384757678571e-16,0.00020966992806158326,1.132972430171801e-16,8.793470740219399e-17,1.132972430171801e-16,0.0002579389260155154,0.999999966841114,1.7389476348028235e-16,0.9999999999999963,0.8908026080452822,7.5320701236299765e-16,False,True,False,False,True,False,False
k_proj,22,1234,sgd,10,1.3074057045206942,1.307439361835733,1.3074057045206942,3.36573150387931e-05,0.0,0.0013889250957779258,0.002084630769641518,1.1617381977996838e-05,2.1626344981929968e-16,2.4787843496087125e-16,0.0025628212633377967,0.9999967264872245,3.4364421881005907e-16,1.0000000000000018,0.890816622239333,9.604654137488298e-16,False,True,False,False,True,False,False
k_proj,22,1234,sgd,50,1.2981688404241671,1.2983689060770096,1.298168840424167,0.0002000656528424738,2.220446049250313e-16,0.006731151544773401,0.010179313900651105,0.00030552426521652745,4.724303124643461e-16,4.908944095383019e-16,0.01248300389311696,0.999922325071123,6.85750349237816e-16,0.999999999999998,0.8909243461965333,8.772585441226876e-16,False,True,False,False,True,False,False
k_proj,23,1234,sgd,1,1.2613600404275658,1.2613600404275658,1.2613600404275658,0.0,0.0,8.180163012820407e-16,0.00019465296782321257,1.0391162942833154e-16,9.299962162143843e-17,1.0391162942833154e-16,0.0002441134876025582,0.999999970212021,1.7259967089557936e-16,0.9999999999999969,0.909214065886705,8.327274511219496e-16,False,True,False,False,True,False,False
k_proj,23,1234,sgd,10,1.2593243388908837,1.2594821510219296,1.2593243388908837,0.00015781213104593128,0.0,0.0013053853741564095,0.0019360265209013483,6.097973606931495e-06,2.1419364463271748e-16,2.3332634482805027e-16,0.002426880773257756,0.9999970559767715,3.2962996781604706e-16,1.0000000000000004,0.9092273455174491,7.761756446673167e-16,False,True,False,False,True,False,False
k_proj,23,1234,sgd,50,1.2506129459897946,1.2514108184906358,1.2506129459897946,0.0007978725008412901,0.0,0.006612564327208088,0.009469439935747797,0.0001605467337237594,4.753749065842186e-16,4.827474136632531e-16,0.011848968582328352,0.9999298297314894,6.771746974432577e-16,0.9999999999999934,0.9093274610298931,8.79613615296534e-16,False,True,False,False,True,False,False
v_proj,0,1234,sgd,1,1.0651346310656737,1.0651346310656737,1.0651346310656737,0.0,0.0,8.146606935404382e-16,0.047066253042506355,5.2773924657541645e-18,9.167905846455661e-17,5.2773924657541645e-18,0.05860321456952871,0.9982860837599867,1.2555390480723188e-16,1.000000000000004,235.65886479454343,8.444209321129978e-16,False,True,False,True,True,False,False
v_proj,0,1234,sgd,10,1.0634371024377616,0.9825137353854242,1.0634371024377616,0.08092336705233738,0.0,11.58252806451067,0.13862679191422392,0.008093709867367588,2.2947327581222076e-16,1.7753947485523398e-17,0.1364453493241031,0.9908153836841269,2.6302489756580154e-16,1.0000000000000058,19.049930348708536,6.907244280297995e-16,False,True,False,True,True,False,False
v_proj,0,1234,sgd,50,1.0561341247709244,0.9400420210484534,1.0561341247709244,0.11609210372247103,0.0,38.3103248954661,0.18348310099426984,0.06281689987265787,4.976454008124683e-16,5.2116212390881993e-17,0.1824550421626725,0.9837567140168344,5.201275779997879e-16,1.0000000000000036,5.741325319050371,9.534821287314194e-16,False,True,False,True,True,False,False
v_proj,1,1234,sgd,1,0.9955878173792528,0.9955878173792531,0.9955878173792531,2.220446049250313e-16,2.220446049250313e-16,6.496231500803932e-16,0.00046905198801699586,2.9089291419478883e-18,9.595460363967546e-17,2.9089291419478883e-18,0.000581397567322376,0.9999998310065057,1.2642444338764185e-16,0.999999999999996,2.2219261068995397,6.251975957760484e-16,False,True,False,True,True,False,False
v_proj,1,1234,sgd,10,0.9939132553345352,0.9905639568924913,0.9939132553345352,0.003349298442043902,0.0,0.03126040956250168,0.004592466557472932,0.00013695868441184405,2.1850572877431644e-16,2.5975129163523654e-17,0.005671602783299549,0.9999839244863958,2.453940433755431e-16,1.0000000000000013,2.1484094568914305,8.361189265044518e-16,False,True,False,True,True,False,False
v_proj,1,1234,sgd,50,0.9866882438960053,0.971378677990553,0.9866882438960055,0.015309565905452294,2.220446049250313e-16,0.15972698656465315,0.02112373615541958,0.003430090457645549,4.567834349204626e-16,5.1386245917848895e-17,0.02589836747804736,0.9996662261130618,4.672217176868747e-16,0.9999999999999949,1.8966642048016311,7.246739497617844e-16,False,True,False,True,True,False,False
v_proj,2,1234,sgd,1,1.0284965515273006,1.0284965515273006,1.0284965515273006,0.0,0.0,5.624495000631958e-16,0.00015857326902595385,2.9430155342778273e-18,9.400016861506206e-17,2.9430155342778273e-18,0.00020152649541087267,0.9999999796942816,1.2631441583117005e-16,0.9999999999999968,0.8236298975401268,5.685394027414358e-16,False,True,False,True,True,False,False
v_proj,2,1234,sgd,10,1.0268483702106874,1.0262254005677074,1.0268483702106874,0.0006229696429800313,0.0,0.0061663391700293975,0.0015738232551215272,2.5103156640580467e-05,2.2285623335473964e-16,2.5060113904204636e-17,0.001997930941486953,0.9999980043917909,2.463647979997895e-16,1.000000000000007,0.8187529071857416,6.496091496449211e-16,False,True,False,True,True,False,False
v_proj,2,1234,sgd,50,1.0197310858717796,1.0166517432299966,1.0197310858717796,0.0030793426417830005,0.0,0.031373356185510605,0.007632873036197894,0.0006531629924146446,4.818396395199391e-16,5.898910413738168e-17,0.009664767312863145,0.9999533460457855,4.994240414540186e-16,0.9999999999999976,0.8003258796977242,7.458144567858728e-16,False,True,False,True,True,False,False
v_proj,3,1234,sgd,1,1.1953083543112848,1.1953083543112848,1.1953083543112848,0.0,0.0,6.241860014014964e-16,0.00020903840618641148,9.794862259943216e-18,9.41820147590946e-17,9.794862259943216e-18,0.0002562669983720549,0.999999967182897,1.2508354360172906e-16,1.000000000000007,0.9383446732635344,6.31596900027568e-16,False,True,False,True,True,False,False
v_proj,3,1234,sgd,10,1.1932198392593465,1.1921657491666846,1.1932198392593467,0.0010540900926618857,2.220446049250313e-16,0.007862305410687095,0.002071490103017644,4.9688144376008425e-05,2.2194093932439858e-16,2.1857878491105057e-17,0.00254001450454687,0.9999967771737366,2.4833247330880783e-16,1.0000000000000018,0.9304772756489087,5.643715186327804e-16,False,True,False,True,True,False,False
v_proj,3,1234,sgd,50,1.1842422991270631,1.1791522483286843,1.1842422991270631,0.005090050798378876,0.0,0.03901239621183366,0.009986950618573203,0.0012864186875866715,4.766213679258122e-16,5.914320144738883e-17,0.012312967612791907,0.9999244290267826,4.935236106380366e-16,1.0000000000000053,0.9012594060121918,7.098862209016809e-16,False,True,False,True,True,False,False
v_proj,4,1234,sgd,1,1.2333253573295468,1.2333253573295468,1.2333253573295468,0.0,0.0,8.642853348471074e-16,0.0003032013044660731,3.363465657835414e-18,9.20510141992678e-17,3.363465657835414e-18,0.0003633350408710481,0.9999999339943826,1.2392678875506652e-16,1.0000000000000084,1.549692379618129,8.837273376778786e-16,False,True,False,True,True,False,False
v_proj,4,1234,sgd,10,1.2314679530775636,1.2287584717289322,1.2314679530775636,0.0027094813486314706,0.0,0.026508926725667476,0.0029812489579989425,0.00012406089142617748,2.180236371252207e-16,2.1644380204940648e-17,0.003559790140573215,0.9999936651733076,2.4101608514292906e-16,1.0000000000000038,1.5129273098642213,9.287858556371332e-16,False,True,False,True,True,False,False
v_proj,4,1234,sgd,50,1.2234911899288494,1.2111016602813616,1.2234911899288492,0.012389529647487851,2.220446049250313e-16,0.12987580736154594,0.013967155484616368,0.0031065846791079304,4.773998826242851e-16,6.07690531509467e-17,0.01669304736515208,0.9998611036793794,4.91550018583703e-16,0.9999999999999996,1.3910394774177839,8.734232074282598e-16,False,True,False,True,True,False,False
v_proj,5,1234,sgd,1,1.2572939278939694,1.2572939278939694,1.2572939278939694,0.0,0.0,1.0806527216005822e-15,0.0002501474307062456,1.1551269169969343e-17,9.540467997646822e-17,1.1551269169969343e-17,0.00030356875702566084,0.9999999539231074,1.2654602477629439e-16,0.9999999999999951,1.1386178950543073,1.0780982169091239e-15,False,True,False,True,True,False,False
v_proj,5,1234,sgd,10,1.255140818422765,1.2533063309948578,1.255140818422765,0.001834487427907261,0.0,0.013890264218096238,0.002474986924286169,8.566543325874804e-05,2.1767925476760015e-16,2.5114742424244328e-17,0.003001215600155767,0.9999954967510181,2.4204811192835224e-16,1.000000000000001,1.1259085366502448,7.941757760075866e-16,False,True,False,True,True,False,False
v_proj,5,1234,sgd,50,1.2458990667486536,1.2371956477593893,1.245899066748654,0.0087034189892643,4.440892098500626e-16,0.06778921777464059,0.01187091992377225,0.002181810356196495,4.872564325402603e-16,6.256751324218612e-17,0.014483977383076474,0.9998952740131881,5.051104822449899e-16,0.9999999999999893,1.0827758685527034,9.327513899880272e-16,False,True,False,True,True,False,False
v_proj,6,1234,sgd,1,1.2145441275426732,1.2145441275426734,1.2145441275426734,2.220446049250313e-16,2.220446049250313e-16,6.82183215330278e-16,0.0002252139864103042,2.7546727061057904e-18,9.119062538293242e-17,2.7546727061057904e-18,0.00027447643933089735,0.9999999623390113,1.2270303446171238e-16,1.0000000000000007,1.0610987696782124,6.803741714386392e-16,False,True,False,True,True,False,False
v_proj,6,1234,sgd,10,1.2125760441369586,1.2112837113655461,1.212576044136959,0.0012923327714124966,4.440892098500626e-16,0.011044882923227977,0.0022290844735471833,5.9542129785304255e-05,2.1417854317445113e-16,2.2893845168738385e-17,0.002713564358378645,0.9999963184812419,2.422199872767116e-16,1.0000000000000027,1.0492507521535626,6.597131645638005e-16,False,True,False,True,True,False,False
v_proj,6,1234,sgd,50,1.2040964056315213,1.1979025944827957,1.2040964056315213,0.006193811148725636,0.0,0.05469717227465655,0.010698611411790019,0.001526215616030354,4.699144483781456e-16,5.286995509355647e-17,0.013037278803620683,0.9999150440100631,4.881230158344561e-16,0.9999999999999983,1.0069621846418524,5.877127556782869e-16,False,True,False,True,True,False,False
v_proj,7,1234,sgd,1,1.1939868774874038,1.193986877487404,1.193986877487404,2.220446049250313e-16,2.220446049250313e-16,7.977588467696588e-16,0.0001778210566790301,9.266452855521451e-18,9.779131931728624e-17,9.266452855521451e-18,0.0002206158099868011,0.9999999756650032,1.3060650277959358e-16,1.0000000000000115,0.7223980061608978,7.968329381085822e-16,False,True,False,True,True,False,False
v_proj,7,1234,sgd,10,1.1916401391560447,1.191170323874157,1.191640139156045,0.0004698152818876089,2.220446049250313e-16,0.004295503875792696,0.00176761898055354,2.678482989861388e-05,2.258305453829902e-16,2.7336185651766122e-17,0.002191976858713533,0.9999975976296026,2.480549229697789e-16,1.0000000000000038,0.7202234817171296,7.586814182113888e-16,False,True,False,True,True,False,False
v_proj,7,1234,sgd,50,1.1815140676978668,1.1792035387992337,1.1815140676978668,0.0023105288986331463,0.0,0.021016374421617932,0.008628709105561723,0.000694445831352302,4.944293211924269e-16,5.748675955732276e-17,0.010698315133180421,0.9999427760168547,5.052827664849827e-16,1.000000000000007,0.7123750929100413,8.191628894167505e-16,False,True,False,True,True,False,False
v_proj,8,1234,sgd,1,1.1001060273064613,1.1001060273064613,1.1001060273064613,0.0,0.0,1.0019933905750032e-15,0.0002922671527835755,6.994326413124026e-18,9.549499074584741e-17,6.994326413124026e-18,0.0003791606378548747,0.9999999281679756,1.2821536063720712e-16,0.9999999999999993,1.540940183805198,9.933909559667346e-16,False,True,False,True,True,False,False
v_proj,8,1234,sgd,10,1.0984503249999422,1.095832751780184,1.098450324999942,0.002617573219758196,2.220446049250313e-16,0.030076802481611462,0.002871532800884056,0.00011166330474695722,2.1328566435068778e-16,1.9247154113398162e-17,0.0037184200418004226,0.999993095868855,2.3686068985809294e-16,0.9999999999999977,1.5032938027915899,8.189043508456036e-16,False,True,False,True,True,False,False
v_proj,8,1234,sgd,50,1.091312658279314,1.079513573944738,1.0913126582793138,0.011799084334576104,2.220446049250313e-16,0.15485791308285496,0.013391529809565676,0.0027846209485777747,4.917078122865536e-16,5.5151898878064083e-17,0.017400303228964745,0.9998494521805081,5.068007515541403e-16,1.0000000000000016,1.37454944102524,1.0722094039104429e-15,False,True,False,True,True,False,False
v_proj,9,1234,sgd,1,1.232673848400184,1.2326738484001842,1.2326738484001842,2.220446049250313e-16,2.220446049250313e-16,6.011800954903284e-16,0.000299142636914527,8.423125060111543e-18,9.351232055308281e-17,8.423125060111543e-18,0.00038254994104546214,0.9999999272477265,1.2432657378956151e-16,0.9999999999999953,1.1963837894643223,5.811658617481791e-16,False,True,False,True,True,False,False
v_proj,9,1234,sgd,10,1.2304042321587905,1.2268793384420702,1.2304042321587905,0.0035248937167202676,0.0,0.02416111849249357,0.0029569550955851477,0.00013182066902401243,2.1522294506927445e-16,2.431166205485198e-17,0.0037854890293916575,0.999992889894755,2.42017015525327e-16,1.000000000000001,1.1829587026279407,6.400390884862141e-16,False,True,False,True,True,False,False
v_proj,9,1234,sgd,50,1.2207816265221119,1.2047536461404318,1.2207816265221119,0.016027980381680074,0.0,0.12253486314642582,0.014120091882779243,0.003302475995848231,4.705964557408135e-16,5.4535317806718413e-17,0.01840486170317898,0.9998334602486089,4.824471932018981e-16,1.0000000000000022,1.1373699000439603,6.821010814799156e-16,False,True,False,True,True,False,False
v_proj,10,1234,sgd,1,1.3497752382982533,1.3497752382982533,1.3497752382982533,0.0,0.0,8.249391323933171e-16,0.0003957578462337511,1.6825103653041538e-18,9.251135806433707e-17,1.6825103653041538e-18,0.00047611551142207905,0.9999998866579525,1.2237869475081537e-16,0.9999999999999964,1.7262875394991148,8.552731170540178e-16,False,True,False,True,True,False,False
v_proj,10,1234,sgd,10,1.3474681520253184,1.3385913094491102,1.3474681520253184,0.008876842576208244,0.0,0.06183935401256663,0.0038471772442488362,0.0003473573822268091,2.1728691169396127e-16,2.3861361756369303e-17,0.004608721550015565,0.9999893873141816,2.4036958771383127e-16,0.9999999999999948,1.6541100259143284,7.329287875479897e-16,False,True,False,True,True,False,False
v_proj,10,1234,sgd,50,1.3377946629260749,1.3013505250444866,1.3377946629260749,0.03644413788158829,0.0,0.30578301406536174,0.017342632631887817,0.00828203124253242,4.709874101562172e-16,5.668168400182258e-17,0.021847882817307134,0.9997638537371953,4.827712819300274e-16,0.9999999999999984,1.450222388982183,7.890964418956382e-16,False,True,False,True,True,False,False
v_proj,11,1234,sgd,1,1.2168129365611662,1.2168129365611657,1.2168129365611657,4.440892098500626e-16,4.440892098500626e-16,7.836287307114461e-16,0.00024583313612448076,3.2269444737779507e-18,9.243091008069038e-17,3.2269444737779507e-18,0.0002983583942269853,0.9999999556199792,1.2432098897498008e-16,0.9999999999999952,1.1413798835777718,7.816266817585131e-16,False,True,False,True,True,False,False
v_proj,11,1234,sgd,10,1.2147963497409453,1.212202590221297,1.2147963497409453,0.002593759519648353,0.0,0.020833323339570886,0.0024360651559360022,0.00010715554661901264,2.1690273863043564e-16,1.9946903704962432e-17,0.0029579432576075522,0.9999956429893861,2.386470447042359e-16,0.9999999999999977,1.1321841433586077,7.409702163558937e-16,False,True,False,True,True,False,False
v_proj,11,1234,sgd,50,1.2060958251465348,1.1939587260313635,1.2060958251465348,0.012137099115171246,0.0,0.10310613691470635,0.011753503956136162,0.0027158718168435593,4.69804816256592e-16,6.691117844938732e-17,0.014506832387774251,0.9998958039373949,4.829607767888763e-16,0.999999999999998,1.1012272403103402,9.000866016545906e-16,False,True,False,True,True,False,False
v_proj,12,1234,sgd,1,1.2770031195345555,1.2770031195345555,1.2770031195345555,0.0,0.0,8.983951660263028e-16,0.0003087581564249731,8.082657410822408e-18,9.620576162866764e-17,8.082657410822408e-18,0.0003626407245415499,0.9999999343021269,1.2883938960980647e-16,0.9999999999999911,1.5761657422655302,9.00517607706837e-16,False,True,False,True,True,False,False
v_proj,12,1234,sgd,10,1.2751346014175853,1.2694183740074119,1.2751346014175853,0.005716227410173413,0.0,0.05176444309669509,0.0030212622472772987,0.0002410242001581848,2.1388840283313175e-16,2.1243275915304538e-17,0.003543195838953623,0.9999937374508285,2.4152439716178064e-16,0.9999999999999994,1.5255948603313552,8.964581261095428e-16,False,True,False,True,True,False,False
v_proj,12,1234,sgd,50,1.2670973290083836,1.2425051117396544,1.2670973290083836,0.024592217268729177,0.0,0.26069267947960445,0.01393457257558714,0.005915931730098979,4.700640075743681e-16,5.483349264973611e-17,0.01711294692878176,0.9998553268768942,4.798105846427173e-16,0.9999999999999928,1.3738159633377185,9.841725385485162e-16,False,True,False,True,True,False,False
v_proj,13,1234,sgd,1,1.1910491654562239,1.1910491654562239,1.1910491654562239,0.0,0.0,7.241162907287282e-16,0.0002344132868008702,4.419243539442721e-18,9.664106125767654e-17,4.419243539442721e-18,0.00028676439819309363,0.9999999589917532,1.2763420916774676e-16,0.9999999999999933,1.108212413799317,7.193575758576628e-16,False,True,False,True,True,False,False
v_proj,13,1234,sgd,10,1.1890782107355782,1.1869733308036634,1.1890782107355784,0.0021048799319147715,2.220446049250313e-16,0.016375946815745505,0.0023240945445608566,8.556055317285832e-05,2.192830177573225e-16,1.9572204139054465e-17,0.0028445618057981736,0.9999959686260113,2.4174237479617607e-16,1.0000000000000053,1.1016938749853478,8.725712481615816e-16,False,True,False,True,True,False,False
v_proj,13,1234,sgd,50,1.1806703321384464,1.17071723765609,1.180670332138446,0.009953094482356484,4.440892098500626e-16,0.08309169606137913,0.011226098018806006,0.002194593344860585,4.776332445218311e-16,5.223674115048876e-17,0.013903507553292893,0.9999041298425452,4.868882683638344e-16,0.9999999999999993,1.0787937706888446,7.893273239886344e-16,False,True,False,True,True,False,False
v_proj,14,1234,sgd,1,1.3103062868880655,1.3103062868880653,1.3103062868880653,2.220446049250313e-16,2.220446049250313e-16,8.991284799267404e-16,0.0002432508554539116,6.547101764497659e-18,9.327522771500607e-17,6.547101764497659e-18,0.00030882580552101115,0.9999999523155,1.2331548374563577e-16,1.0000000000000013,1.3370397985923919,9.1365095787556e-16,False,True,False,True,True,False,False
v_proj,14,1234,sgd,10,1.3085520812279288,1.3055815181481105,1.3085520812279288,0.0029705630798182447,0.0,0.0360692887714714,0.0023921334777604955,0.0001421517404189495,2.189682897974351e-16,2.3313017019774816e-17,0.00303382615694354,0.9999953995554831,2.42790234048208e-16,0.999999999999994,1.3094644496892038,8.083114243459645e-16,False,True,False,True,True,False,False
v_proj,14,1234,sgd,50,1.3010491918897549,1.2881056583829225,1.3010491918897549,0.012943533506832416,0.0,0.1837904830771671,0.011210462448679499,0.0035211133609985216,4.770242875780783e-16,5.712237127273319e-17,0.014527000348483863,0.9998948624728841,4.911963674567614e-16,1.000000000000002,1.2194678567068842,1.0283027865429733e-15,False,True,False,True,True,False,False
v_proj,15,1234,sgd,1,1.2599654328244596,1.2599654328244598,1.2599654328244598,2.220446049250313e-16,2.220446049250313e-16,9.532989461372636e-16,0.0002490382755322025,7.016069792826739e-18,9.393963040014957e-17,7.016069792826739e-18,0.0003161983911712958,0.9999999500104719,1.239615088333112e-16,0.9999999999999978,1.1416626923038211,9.614446103996997e-16,False,True,False,True,True,False,False
v_proj,15,1234,sgd,10,1.2578247253622947,1.2554963035492694,1.2578247253622945,0.002328421813025283,2.220446049250313e-16,0.01965908968177722,0.0024645417398745477,9.821782653941634e-05,2.2024650188532194e-16,2.0061523949406484e-17,0.0031275524906923765,0.9999951101123932,2.4626482554760205e-16,1.000000000000003,1.1307669061980476,8.501461634815421e-16,False,True,False,True,True,False,False
v_proj,15,1234,sgd,50,1.248660954641277,1.2378907970924187,1.2486609546412772,0.01077015754885835,2.220446049250313e-16,0.09862481556749418,0.01182465743627246,0.0024817306086316483,4.68394969993735e-16,5.885867626132658e-17,0.015147468652372926,0.9998855177012287,4.840327375603323e-16,0.999999999999998,1.0930107536525642,1.1087396969608479e-15,False,True,False,True,True,False,False
v_proj,16,1234,sgd,1,1.2706575497709576,1.270657549770957,1.270657549770957,6.661338147750939e-16,6.661338147750939e-16,7.81801575331258e-16,0.0001740842244615598,5.532619248289892e-18,9.615195693469925e-17,5.532619248289892e-18,0.0002200594098475426,0.9999999757907936,1.263134904869765e-16,1.0000000000000022,0.7777654778011553,7.804809250239391e-16,False,True,False,True,True,False,False
v_proj,16,1234,sgd,10,1.268544744804808,1.2689765352189182,1.2685447448048077,0.00043179041411023356,2.220446049250313e-16,0.003677144543284827,0.001731801394294207,1.7982113383358683e-05,2.271443261992876e-16,2.1171233154842156e-17,0.0021869137115068343,0.999997609269691,2.4903760525172535e-16,0.999999999999995,0.7772158706126243,7.8669206003279235e-16,False,True,False,True,True,False,False
v_proj,16,1234,sgd,50,1.259462053617596,1.2616961131176,1.259462053617596,0.002234059500004104,0.0,0.018474977905230266,0.00847864373593175,0.0004755778862900012,4.76071893402051e-16,6.43947761459787e-17,0.01066988469587389,0.9999431176767051,5.017769304979618e-16,0.9999999999999982,0.7751095485587663,6.877343876477648e-16,False,True,False,True,True,False,False
v_proj,17,1234,sgd,1,1.3013564831655204,1.3013564831655204,1.3013564831655204,0.0,0.0,8.781305294042076e-16,0.00015505133832610372,7.509532039026548e-18,9.221733705724196e-17,7.509532039026548e-18,0.0001909599689281582,0.9999999817764652,1.2450837296671567e-16,1.0,0.7032932427540726,8.725732677795732e-16,False,True,False,True,True,False,False
v_proj,17,1234,sgd,10,1.2992801697728718,1.29961073736247,1.2992801697728715,0.0003305675895981519,2.220446049250313e-16,0.003270471553300332,0.001542812287230105,1.8880366672883143e-05,2.2460054389761386e-16,3.2176183381476926e-17,0.0018986853066211673,0.9999981982193584,2.493199920721359e-16,0.9999999999999969,0.7028244493108964,8.650653220370731e-16,False,True,False,True,True,False,False
v_proj,17,1234,sgd,50,1.2903173653212645,1.2920141545802952,1.2903173653212645,0.0016967892590307176,0.0,0.01626139538050741,0.007562939633476967,0.0005019239901831005,4.634562992375265e-16,6.057974950941008e-17,0.009288711357976591,0.9999568625071372,4.793834594260969e-16,0.9999999999999973,0.7012626819677429,8.272178426619625e-16,False,True,False,True,True,False,False
v_proj,18,1234,sgd,1,1.4790496352225053,1.4790496352225053,1.4790496352225053,0.0,0.0,1.1673224802813137e-15,0.0001596134730330662,7.20853281169129e-18,9.23017311320018e-17,7.20853281169129e-18,0.00018867799167132036,0.9999999822023684,1.2382754960538126e-16,0.9999999999999991,0.7613898952801037,1.1729439487507137e-15,False,True,False,True,True,False,False
v_proj,18,1234,sgd,10,1.476904108200098,1.4769720664549943,1.4769041082000982,6.795825489636087e-05,2.220446049250313e-16,0.009434699312357464,0.0015847073398069446,5.614413235759504e-05,2.1671587031626578e-16,2.2698658092116354e-17,0.0018729716985927591,0.9999982461466904,2.4199082046852344e-16,0.9999999999999978,0.7575233314526351,9.42639354198831e-16,False,True,False,True,True,False,False
v_proj,18,1234,sgd,50,1.4676187576339383,1.4680366535727183,1.4676187576339386,0.00041789593877994413,2.220446049250313e-16,0.04371356604938425,0.007713058744035244,0.001450478607011377,4.781554338938083e-16,5.71302591269635e-17,0.009203499238256186,0.9999576474153538,4.900347084463192e-16,1.0000000000000042,0.7459355399388474,1.023389270756076e-15,False,True,False,True,True,False,False
v_proj,19,1234,sgd,1,1.4008143942551907,1.4008143942551907,1.4008143942551907,0.0,0.0,6.891641276587204e-16,0.00019063226793388893,1.2098513281419036e-17,9.50938678116327e-17,1.2098513281419036e-17,0.00022391839435591775,0.9999999749302815,1.2550913268992657e-16,1.000000000000001,0.8232769818133518,6.872778726610194e-16,False,True,False,True,True,False,False
v_proj,19,1234,sgd,10,1.398498609293571,1.398177256917086,1.398498609293571,0.0003213523764848958,0.0,0.004896223621346976,0.001896322058267936,2.678287206231502e-05,2.173839373706836e-16,2.6995676882629286e-17,0.00222667823386155,0.9999975209532797,2.4396382115334544e-16,1.0000000000000058,0.8215767646995367,9.273913861195938e-16,False,True,False,True,True,False,False
v_proj,19,1234,sgd,50,1.3884811059743136,1.386968220408139,1.388481105974314,0.001512885566174571,4.440892098500626e-16,0.02317454395539929,0.00928886472791036,0.0006893475756796156,4.746995906518057e-16,6.982668654351356e-17,0.010913640135795925,0.9999404484877324,4.874452794756435e-16,1.000000000000003,0.8154242484610581,8.23494777020396e-16,False,True,False,True,True,False,False
v_proj,20,1234,sgd,1,1.6435062727635918,1.6435062727635918,1.6435062727635918,0.0,0.0,8.056554766058747e-16,0.0002082788151166209,9.86649089161413e-18,9.33948937300917e-17,9.86649089161413e-18,0.0002629584513134785,0.9999999654659346,1.2382187941569705e-16,0.999999999999996,0.7377147214928002,7.93408022062137e-16,False,True,False,True,True,False,False
v_proj,20,1234,sgd,10,1.6403797385989467,1.6411975703282298,1.6403797385989467,0.0008178317292830695,0.0,0.004509235677561625,0.002070512771988254,3.1906522579863005e-05,2.171892918104226e-16,2.6929709348086242e-17,0.0026109045154218283,0.9999965945026427,2.421491818275565e-16,0.9999999999999982,0.7371197481820062,7.148129244655982e-16,False,True,False,True,True,False,False
v_proj,20,1234,sgd,50,1.6270350316487858,1.6312070281911977,1.6270350316487858,0.004171996542411849,0.0,0.02195786834403037,0.010112033367854099,0.0008412767427629474,4.814482206336699e-16,6.242959807067611e-17,0.0127134711699175,0.9999191885453846,4.964263411333657e-16,0.9999999999999962,0.7349878214458985,6.880485890261516e-16,False,True,False,True,True,False,False
v_proj,21,1234,sgd,1,1.6575138907667097,1.6575138907667097,1.6575138907667097,0.0,0.0,1.4546699122628014e-15,0.00016838675311303366,1.0932638149648744e-17,9.688119597699938e-17,1.0932638149648744e-17,0.0001805403994931032,0.9999999837225347,1.2664777330696576e-16,0.9999999999999954,0.9044935085660752,1.3567813990358712e-15,False,True,False,True,True,False,False
v_proj,21,1234,sgd,10,1.655585439801875,1.655552351531063,1.655585439801875,3.308827081194288e-05,0.0,0.002979182112853254,0.0016750512714840086,2.5975417644410444e-05,2.1848388568360538e-16,3.1059856312570186e-17,0.00179556012235089,0.9999983898605433,2.4382215733319077e-16,0.9999999999999994,0.9041542070342421,1.3843840142540544e-15,False,True,False,True,True,False,False
v_proj,21,1234,sgd,50,1.6472186233750892,1.6470614913571733,1.6472186233750892,0.00015713201791589526,0.0,0.013360873678696254,0.008212229407532506,0.0006808674354424402,4.572708748267335e-16,6.961112679093101e-17,0.008814572028103585,0.9999611859166291,4.744434168364707e-16,0.9999999999999943,0.9032537020642738,1.366952583654166e-15,False,True,False,True,True,False,False
v_proj,22,1234,sgd,1,1.4955384885124285,1.4955384885124285,1.4955384885124285,0.0,0.0,1.238805735616369e-15,0.00019445125839815278,1.227709331733355e-17,8.833176116324379e-17,1.227709331733355e-17,0.00021489027954924004,0.9999999770879207,1.2317547111774004e-16,1.0000000000000009,0.8946414083446323,1.1861662208822449e-15,False,True,False,True,True,False,False
v_proj,22,1234,sgd,10,1.493418134924555,1.4934242431887201,1.493418134924555,6.108264165138877e-06,0.0,0.0017776026974786955,0.0019348517156732923,1.4116875931028702e-05,2.2480911462004215e-16,2.640078137088045e-17,0.002136923249727683,0.99999773418033,2.463232027302452e-16,0.9999999999999976,0.8945370053530545,8.928279171621275e-16,False,True,False,True,True,False,False
v_proj,22,1234,sgd,50,1.484327804540866,1.4843971545552825,1.484327804540866,6.935001441643607e-05,0.0,0.008263018815288539,0.00948904769551643,0.00037152219513617984,4.870935592388198e-16,6.453071185624266e-17,0.010459177830865297,0.9999457071373541,5.013520460622491e-16,1.0000000000000069,0.8942003103961179,1.1808015864742853e-15,False,True,False,True,True,False,False
v_proj,23,1234,sgd,1,1.5333696873793181,1.5333696873793181,1.5333696873793181,0.0,0.0,9.71141534294751e-16,0.00022238106920104174,5.286362010726467e-18,9.119942626547236e-17,5.286362010726467e-18,0.00025211739033698105,0.9999999682411953,1.2476595230770065e-16,1.0000000000000058,0.9100538740092683,9.613215767852164e-16,False,True,False,True,True,False,False
v_proj,23,1234,sgd,10,1.530733404049415,1.5309269937073733,1.530733404049415,0.00019358965795834848,0.0,0.0009789696176967443,0.0022096227676276932,7.778692618767089e-06,2.274706548209784e-16,3.7620910282007e-17,0.002501739301884556,0.9999968730690298,2.5265009321322162e-16,1.0000000000000024,0.9100203589034133,9.984908309576152e-16,False,True,False,True,True,False,False
v_proj,23,1234,sgd,50,1.5195936171915985,1.5205655964851175,1.5195936171915985,0.0009719792935189986,0.0,0.004694450668470352,0.010768366136729874,0.00020556461972683063,4.3606612234124945e-16,6.989441396467546e-17,0.012124731668763378,0.9999265696644208,4.61798390102782e-16,0.9999999999999971,0.909918373094612,9.660524660537895e-16,False,True,False,True,True,False,False
o_proj,0,1234,sgd,1,1.1404782030925036,1.1404782030925036,1.1404782030925036,0.0,0.0,1.5075005556766323e-15,3.0460235616769835e-18,5.344501810733644e-19,3.0460235616769835e-18,5.344501810733644e-19,6.6462286885276746e-18,0.9999999999999949,6.6462286885276746e-18,0.9999999999999949,1.507500555676634e-15,1.507500555676634e-15,True,True,True,True,False,False,False
o_proj,0,1234,sgd,10,1.1401750344793768,1.1401750344793764,1.1401750344793764,4.440892098500626e-16,4.440892098500626e-16,1.2528730555046341e-15,1.120286763915739e-17,7.183801239747791e-18,1.120286763915739e-17,7.183801239747791e-18,2.2577387638184753e-17,0.9999999999999978,2.2577387638184753e-17,0.9999999999999978,1.2528730555046343e-15,1.2528730555046343e-15,True,True,True,True,False,False,False
o_proj,0,1234,sgd,50,1.1388850761407927,1.1388850761407927,1.1388850761407927,0.0,0.0,1.1462468299396922e-15,2.3315792347123442e-17,1.4675161966599118e-17,2.3315792347123442e-17,1.4675161966599118e-17,4.5245052719664315e-17,1.000000000000018,4.5245052719664315e-17,1.000000000000018,1.1462468299396924e-15,1.1462468299396924e-15,True,True,True,True,False,False,False
o_proj,1,1234,sgd,1,1.20672650182374,1.2067265018237399,1.2067265018237399,2.220446049250313e-16,2.220446049250313e-16,1.210528416693341e-15,4.4383617144786504e-18,2.0999717066601143e-18,4.4383617144786504e-18,2.0999717066601143e-18,7.482096505779313e-18,1.0000000000000027,7.482096505779313e-18,1.0000000000000027,1.2105284166933415e-15,1.2105284166933415e-15,True,True,True,True,False,False,False
o_proj,1,1234,sgd,10,1.2063824896033521,1.2063824896033521,1.2063824896033521,0.0,0.0,1.1337565856019608e-15,9.891135813404273e-18,9.07977568753702e-18,9.891135813404273e-18,9.07977568753702e-18,2.1902899941036944e-17,0.9999999999999996,2.1902899941036944e-17,0.9999999999999996,1.1337565856019612e-15,1.1337565856019612e-15,True,True,True,True,False,False,False
o_proj,1,1234,sgd,50,1.2049224720519822,1.2049224720519822,1.2049224720519822,0.0,0.0,1.4011249872745274e-15,2.4276771832565408e-17,1.9014727122793905e-17,2.4276771832565408e-17,1.9014727122793905e-17,4.883068590853664e-17,1.000000000000005,4.883068590853664e-17,1.000000000000005,1.4011249872745276e-15,1.4011249872745276e-15,True,True,True,True,False,False,False
o_proj,2,1234,sgd,1,1.2188011084004051,1.218801108400405,1.218801108400405,2.220446049250313e-16,2.220446049250313e-16,1.5680099990730526e-15,5.8390709354256685e-18,2.1011752689053557e-18,5.8390709354256685e-18,2.1011752689053557e-18,9.119979742519603e-18,1.0000000000000073,9.119979742519603e-18,1.0000000000000073,1.5680099990730516e-15,1.5680099990730516e-15,True,True,True,True,False,False,False
o_proj,2,1234,sgd,10,1.2184573891399133,1.2184573891399133,1.2184573891399133,0.0,0.0,9.237600238297803e-16,1.0454958433374302e-17,5.46819597502716e-18,1.0454958433374302e-17,5.46819597502716e-18,1.954526178134827e-17,0.9999999999999847,1.954526178134827e-17,0.9999999999999847,9.237600238297813e-16,9.237600238297813e-16,True,True,True,True,False,False,False
o_proj,2,1234,sgd,50,1.2169963213820745,1.2169963213820745,1.2169963213820745,0.0,0.0,1.3291705584009911e-15,2.5252404325828835e-17,1.3727190188419875e-17,2.5252404325828835e-17,1.3727190188419875e-17,4.653947553675328e-17,1.000000000000005,4.653947553675328e-17,1.000000000000005,1.3291705584009911e-15,1.3291705584009911e-15,True,True,True,True,False,False,False
o_proj,3,1234,sgd,1,1.2544841692229336,1.2544841692229334,1.2544841692229334,2.220446049250313e-16,2.220446049250313e-16,1.3708801320760759e-15,2.7929127215886656e-18,2.6634143354620755e-18,2.7929127215886656e-18,2.6634143354620755e-18,6.388892557446251e-18,1.0000000000000013,6.388892557446251e-18,1.0000000000000013,1.3708801320760765e-15,1.3708801320760765e-15,True,True,True,True,False,False,False
o_proj,3,1234,sgd,10,1.2541883559969074,1.2541883559969074,1.2541883559969074,0.0,0.0,1.5717591954345532e-15,1.1521250034259766e-17,8.550000954293634e-18,1.1521250034259766e-17,8.550000954293634e-18,2.2498220155427066e-17,0.9999999999999976,2.2498220155427066e-17,0.9999999999999976,1.5717591954345522e-15,1.5717591954345522e-15,True,True,True,True,False,False,False
o_proj,3,1234,sgd,50,1.252929732817753,1.252929732817753,1.252929732817753,0.0,0.0,1.1643218777257878e-15,2.394947794512638e-17,1.7971333415234856e-17,2.394947794512638e-17,1.7971333415234856e-17,4.70922412884217e-17,0.9999999999999919,4.70922412884217e-17,0.9999999999999919,1.164321877725788e-15,1.164321877725788e-15,True,True,True,True,False,False,False
o_proj,4,1234,sgd,1,1.2723091181380055,1.272309118138006,1.272309118138006,4.440892098500626e-16,4.440892098500626e-16,1.2028041313138029e-15,4.657438304051298e-18,1.0669429091211839e-18,4.657438304051298e-18,1.0669429091211839e-18,7.265666944250757e-18,0.9999999999999949,7.265666944250757e-18,0.9999999999999949,1.2028041313138027e-15,1.2028041313138027e-15,True,True,True,True,False,False,False
o_proj,4,1234,sgd,10,1.2719884424526136,1.2719884424526133,1.2719884424526133,2.220446049250313e-16,2.220446049250313e-16,1.279982961240782e-15,9.209894672296171e-18,4.072266537322524e-18,9.209894672296171e-18,4.072266537322524e-18,1.839213264589313e-17,0.9999999999999869,1.839213264589313e-17,0.9999999999999869,1.2799829612407828e-15,1.2799829612407828e-15,True,True,True,True,False,False,False
o_proj,4,1234,sgd,50,1.2706244265998439,1.2706244265998439,1.2706244265998439,0.0,0.0,1.4911008435455385e-15,2.2556669352420717e-17,1.4489949765433965e-17,2.2556669352420717e-17,1.4489949765433965e-17,4.439388835182335e-17,1.0000000000000095,4.439388835182335e-17,1.0000000000000095,1.491100843545539e-15,1.491100843545539e-15,True,True,True,True,False,False,False
o_proj,5,1234,sgd,1,1.281341286827038,1.281341286827038,1.281341286827038,0.0,0.0,1.2794480231601011e-15,1.6751603026268906e-18,2.3226370046949263e-19,1.6751603026268906e-18,2.3226370046949263e-19,4.473828285411802e-18,1.000000000000007,4.473828285411802e-18,1.000000000000007,1.2794480231601003e-15,1.2794480231601003e-15,True,True,True,True,False,False,False
o_proj,5,1234,sgd,10,1.2810081133517637,1.2810081133517637,1.2810081133517637,0.0,0.0,1.3557730657860234e-15,8.141238805789003e-18,7.633449970369223e-18,8.141238805789003e-18,7.633449970369223e-18,2.012893354838162e-17,1.0000000000000118,2.012893354838162e-17,1.0000000000000118,1.355773065786024e-15,1.355773065786024e-15,True,True,True,True,False,False,False
o_proj,5,1234,sgd,50,1.2795879615383527,1.2795879615383527,1.2795879615383527,0.0,0.0,1.4186139427532136e-15,2.477998765708362e-17,1.674362983159395e-17,2.477998765708362e-17,1.674362983159395e-17,4.804110455574583e-17,1.000000000000015,4.804110455574583e-17,1.000000000000015,1.4186139427532136e-15,1.4186139427532136e-15,True,True,True,True,False,False,False
o_proj,6,1234,sgd,1,1.2657388226935051,1.2657388226935051,1.2657388226935051,0.0,0.0,1.360748220886413e-15,3.313155890680418e-18,4.826234047577858e-19,3.313155890680418e-18,4.826234047577858e-19,5.731370871828345e-18,0.9999999999999958,5.731370871828345e-18,0.9999999999999958,1.3607482208864128e-15,1.3607482208864128e-15,True,True,True,True,False,False,False
o_proj,6,1234,sgd,10,1.2653754776690587,1.2653754776690587,1.2653754776690587,0.0,0.0,1.059823859111759e-15,1.2035372150701345e-17,8.275876136484759e-18,1.2035372150701345e-17,8.275876136484759e-18,2.2982074062172572e-17,0.9999999999999816,2.2982074062172572e-17,0.9999999999999816,1.0598238591117592e-15,1.0598238591117592e-15,True,True,True,True,False,False,False
o_proj,6,1234,sgd,50,1.2638386269338584,1.2638386269338584,1.2638386269338584,0.0,0.0,1.1261775056882503e-15,2.33457371878377e-17,1.7701738558861715e-17,2.33457371878377e-17,1.7701738558861715e-17,4.7310102495788763e-17,0.9999999999999893,4.7310102495788763e-17,0.9999999999999893,1.1261775056882497e-15,1.1261775056882497e-15,True,True,True,True,False,False,False
o_proj,7,1234,sgd,1,1.2967559129129362,1.2967559129129362,1.2967559129129362,0.0,0.0,1.0517106755664725e-15,3.2279783919288183e-18,2.786689507104913e-18,3.2279783919288183e-18,2.786689507104913e-18,7.340991576535977e-18,1.0,7.340991576535977e-18,1.0,1.0517106755664725e-15,1.0517106755664725e-15,True,True,True,True,False,False,False
o_proj,7,1234,sgd,10,1.2964198675154355,1.2964198675154357,1.2964198675154357,2.220446049250313e-16,2.220446049250313e-16,1.1831521472138637e-15,1.4330750973177033e-17,6.335081183343296e-18,1.4330750973177033e-17,6.335081183343296e-18,2.348887275672018e-17,0.9999999999999851,2.348887275672018e-17,0.9999999999999851,1.183152147213864e-15,1.183152147213864e-15,True,True,True,True,False,False,False
o_proj,7,1234,sgd,50,1.2949925353787322,1.2949925353787324,1.2949925353787324,2.220446049250313e-16,2.220446049250313e-16,1.4128380758148618e-15,2.3592413249302485e-17,1.814266736017693e-17,2.3592413249302485e-17,1.814266736017693e-17,4.6760531659529223e-17,1.0,4.6760531659529223e-17,1.0,1.4128380758148622e-15,1.4128380758148622e-15,True,True,True,True,False,False,False
o_proj,8,1234,sgd,1,1.2694847508694849,1.269484750869485,1.269484750869485,2.220446049250313e-16,2.220446049250313e-16,1.4843750408007248e-15,2.9269006111525137e-18,2.2782808723399275e-18,2.9269006111525137e-18,2.2782808723399275e-18,7.374501185842124e-18,1.000000000000004,7.374501185842124e-18,1.000000000000004,1.4843750408007246e-15,1.4843750408007246e-15,True,True,True,True,False,False,False
o_proj,8,1234,sgd,10,1.2692034120986924,1.2692034120986924,1.2692034120986924,0.0,0.0,1.831576898628876e-15,1.1445798441677998e-17,1.2001540295462047e-17,1.1445798441677998e-17,1.2001540295462047e-17,2.5801224013364156e-17,1.0000000000000036,2.5801224013364156e-17,1.0000000000000036,1.8315768986288756e-15,1.8315768986288756e-15,True,True,True,True,False,False,False
o_proj,8,1234,sgd,50,1.2680061367343012,1.2680061367343014,1.2680061367343014,2.220446049250313e-16,2.220446049250313e-16,1.2189691558701025e-15,2.1996948401845192e-17,1.817702023337578e-17,2.1996948401845192e-17,1.817702023337578e-17,4.603957944208939e-17,1.0000000000000129,4.603957944208939e-17,1.0000000000000129,1.2189691558701025e-15,1.2189691558701025e-15,True,True,True,True,False,False,False
o_proj,9,1234,sgd,1,1.2286088061440406,1.2286088061440406,1.2286088061440406,0.0,0.0,1.2103005562321823e-15,1.7494642335702806e-18,1.0681772332441421e-18,1.7494642335702806e-18,1.0681772332441421e-18,5.182332411263148e-18,1.0000000000000089,5.182332411263148e-18,1.0000000000000089,1.210300556232183e-15,1.210300556232183e-15,True,True,True,True,False,False,False
o_proj,9,1234,sgd,10,1.2283122758716025,1.228312275871603,1.228312275871603,4.440892098500626e-16,4.440892098500626e-16,1.4267575571993813e-15,1.0008469400896454e-17,7.793003577979534e-18,1.0008469400896454e-17,7.793003577979534e-18,2.1824887182101863e-17,0.9999999999999751,2.1824887182101863e-17,0.9999999999999751,1.4267575571993813e-15,1.4267575571993813e-15,True,True,True,True,False,False,False
o_proj,9,1234,sgd,50,1.227050719250664,1.227050719250664,1.227050719250664,0.0,0.0,1.0816244358617382e-15,2.448815440288118e-17,1.6162942174674216e-17,2.448815440288118e-17,1.6162942174674216e-17,4.798565770408612e-17,1.000000000000005,4.798565770408612e-17,1.000000000000005,1.0816244358617382e-15,1.0816244358617382e-15,True,True,True,True,False,False,False
o_proj,10,1234,sgd,1,1.3058443828575188,1.3058443828575188,1.3058443828575188,0.0,0.0,1.250009909763065e-15,1.5945623963038964e-18,1.3144379888062156e-18,1.5945623963038964e-18,1.3144379888062156e-18,5.023703516019226e-18,1.000000000000012,5.023703516019226e-18,1.000000000000012,1.2500099097630656e-15,1.2500099097630656e-15,True,True,True,True,False,False,False
o_proj,10,1234,sgd,10,1.3054637384372962,1.3054637384372962,1.3054637384372962,0.0,0.0,1.1494893288240756e-15,1.180776980437402e-17,6.708126438275844e-18,1.180776980437402e-17,6.708126438275844e-18,2.3161349484137705e-17,0.9999999999999867,2.3161349484137705e-17,0.9999999999999867,1.1494893288240758e-15,1.1494893288240758e-15,True,True,True,True,False,False,False
o_proj,10,1234,sgd,50,1.303858540373334,1.303858540373334,1.303858540373334,0.0,0.0,1.362225207540677e-15,2.5649588843466904e-17,1.8101044249219815e-17,2.5649588843466904e-17,1.8101044249219815e-17,4.959484524426302e-17,1.0000000000000138,4.959484524426302e-17,1.0000000000000138,1.3622252075406773e-15,1.3622252075406773e-15,True,True,True,True,False,False,False
o_proj,11,1234,sgd,1,1.3073645056554362,1.3073645056554362,1.3073645056554362,0.0,0.0,1.2512934848870056e-15,3.673983862442033e-18,2.1203259253704976e-18,3.673983862442033e-18,2.1203259253704976e-18,7.523076123688203e-18,1.0000000000000009,7.523076123688203e-18,1.0000000000000009,1.2512934848870056e-15,1.2512934848870056e-15,True,True,True,True,False,False,False
o_proj,11,1234,sgd,10,1.3070524651757782,1.3070524651757782,1.3070524651757782,0.0,0.0,1.5535444480203214e-15,1.0608098328775326e-17,7.370677576093974e-18,1.0608098328775326e-17,7.370677576093974e-18,2.1164408641251786e-17,1.0000000000000226,2.1164408641251786e-17,1.0000000000000226,1.5535444480203232e-15,1.5535444480203232e-15,True,True,True,True,False,False,False
o_proj,11,1234,sgd,50,1.3057237272990612,1.3057237272990614,1.3057237272990614,2.220446049250313e-16,2.220446049250313e-16,1.423829664969864e-15,2.1881964678076075e-17,1.778468284824218e-17,2.1881964678076075e-17,1.778468284824218e-17,4.579796578428278e-17,0.9999999999999957,4.579796578428278e-17,0.9999999999999957,1.423829664969864e-15,1.423829664969864e-15,True,True,True,True,False,False,False
o_proj,12,1234,sgd,1,1.2726503895436616,1.2726503895436616,1.2726503895436616,0.0,0.0,1.4860462732981135e-15,4.894218751882883e-18,2.71086958975082e-18,4.894218751882883e-18,2.71086958975082e-18,7.95395635793804e-18,0.9999999999999912,7.95395635793804e-18,0.9999999999999912,1.4860462732981153e-15,1.4860462732981153e-15,True,True,True,True,False,False,False
o_proj,12,1234,sgd,10,1.2723495893089862,1.272349589308986,1.272349589308986,2.220446049250313e-16,2.220446049250313e-16,1.4694937872341884e-15,1.0403727639100807e-17,7.57899092799874e-18,1.0403727639100807e-17,7.57899092799874e-18,2.0566444768294675e-17,1.0000000000000087,2.0566444768294675e-17,1.0000000000000087,1.4694937872341878e-15,1.4694937872341878e-15,True,True,True,True,False,False,False
o_proj,12,1234,sgd,50,1.2710722832191996,1.2710722832191994,1.2710722832191994,2.220446049250313e-16,2.220446049250313e-16,1.5607781045956968e-15,2.2443834376030573e-17,1.6921996378251993e-17,2.2443834376030573e-17,1.6921996378251993e-17,4.5016753392291344e-17,0.9999999999999916,4.5016753392291344e-17,0.9999999999999916,1.5607781045956978e-15,1.5607781045956978e-15,True,True,True,True,False,False,False
o_proj,13,1234,sgd,1,1.2895495612775787,1.2895495612775787,1.2895495612775787,0.0,0.0,1.4256405234496875e-15,3.8649515554088285e-18,1.2051838848512599e-18,3.8649515554088285e-18,1.2051838848512599e-18,7.836526185353437e-18,0.9999999999999887,7.836526185353437e-18,0.9999999999999887,1.4256405234496875e-15,1.4256405234496875e-15,True,True,True,True,False,False,False
o_proj,13,1234,sgd,10,1.2892057738450073,1.2892057738450076,1.2892057738450076,2.220446049250313e-16,2.220446049250313e-16,1.3763678799938555e-15,9.497785263649847e-18,6.139508036967748e-18,9.497785263649847e-18,6.139508036967748e-18,2.0301677029073645e-17,0.9999999999999939,2.0301677029073645e-17,0.9999999999999939,1.3763678799938549e-15,1.3763678799938549e-15,True,True,True,True,False,False,False
o_proj,13,1234,sgd,50,1.2877436485061748,1.2877436485061746,1.2877436485061746,2.220446049250313e-16,2.220446049250313e-16,1.5305637079961378e-15,2.3586913520971184e-17,1.615443329621405e-17,2.3586913520971184e-17,1.615443329621405e-17,4.649486424450787e-17,1.0000000000000275,4.649486424450787e-17,1.0000000000000275,1.5305637079961366e-15,1.5305637079961366e-15,True,True,True,True,False,False,False
o_proj,14,1234,sgd,1,1.3047493920949647,1.3047493920949647,1.3047493920949647,0.0,0.0,1.4261973139804039e-15,4.450486074422978e-18,1.3304747477500044e-18,4.450486074422978e-18,1.3304747477500044e-18,7.062412564235128e-18,1.0000000000000058,7.062412564235128e-18,1.0000000000000058,1.4261973139804037e-15,1.4261973139804037e-15,True,True,True,True,False,False,False
o_proj,14,1234,sgd,10,1.3044740626433327,1.3044740626433329,1.3044740626433329,2.220446049250313e-16,2.220446049250313e-16,1.6085163764235609e-15,9.49947634045796e-18,7.14589056745662e-18,9.49947634045796e-18,7.14589056745662e-18,2.0467593459246284e-17,0.999999999999986,2.0467593459246284e-17,0.999999999999986,1.6085163764235612e-15,1.6085163764235612e-15,True,True,True,True,False,False,False
o_proj,14,1234,sgd,50,1.3033015987154324,1.3033015987154326,1.3033015987154326,2.220446049250313e-16,2.220446049250313e-16,1.5320013577097291e-15,2.2633018664986382e-17,1.805317326326128e-17,2.2633018664986382e-17,1.805317326326128e-17,4.668185315316537e-17,1.0000000000000089,4.668185315316537e-17,1.0000000000000089,1.5320013577097281e-15,1.5320013577097281e-15,True,True,True,True,False,False,False
o_proj,15,1234,sgd,1,1.3067631227508176,1.3067631227508176,1.3067631227508176,0.0,0.0,1.2182515412979175e-15,3.1214859120730387e-18,2.017423343654585e-18,3.1214859120730387e-18,2.017423343654585e-18,6.774866710363087e-18,0.999999999999997,6.774866710363087e-18,0.999999999999997,1.218251541297917e-15,1.218251541297917e-15,True,True,True,True,False,False,False
o_proj,15,1234,sgd,10,1.3064528296064761,1.306452829606476,1.306452829606476,2.220446049250313e-16,2.220446049250313e-16,1.4228382893170882e-15,1.1455700689543576e-17,7.59012567814963e-18,1.1455700689543576e-17,7.59012567814963e-18,2.2977691711522773e-17,1.0000000000000098,2.2977691711522773e-17,1.0000000000000098,1.4228382893170882e-15,1.4228382893170882e-15,True,True,True,True,False,False,False
o_proj,15,1234,sgd,50,1.3051349095264786,1.3051349095264786,1.3051349095264786,0.0,0.0,1.3716079901575424e-15,2.4768128352461553e-17,1.5742418033475695e-17,2.4768128352461553e-17,1.5742418033475695e-17,4.716699381942117e-17,1.0000000000000107,4.716699381942117e-17,1.0000000000000107,1.3716079901575428e-15,1.3716079901575428e-15,True,True,True,True,False,False,False
o_proj,16,1234,sgd,1,1.333471032934625,1.3334710329346249,1.3334710329346249,2.220446049250313e-16,2.220446049250313e-16,1.6241421723630632e-15,4.8226137548946515e-18,3.433966050168237e-18,4.8226137548946515e-18,3.433966050168237e-18,9.930041631409595e-18,1.0000000000000022,9.930041631409595e-18,1.0000000000000022,1.6241421723630638e-15,1.6241421723630638e-15,True,True,True,True,False,False,False
o_proj,16,1234,sgd,10,1.3331394682370385,1.3331394682370385,1.3331394682370385,0.0,0.0,8.500386926825343e-16,1.042541007523004e-17,7.436524704508165e-18,1.042541007523004e-17,7.436524704508165e-18,2.1802438393958486e-17,1.000000000000007,2.1802438393958486e-17,1.000000000000007,8.500386926825343e-16,8.500386926825343e-16,True,True,True,True,False,False,False
o_proj,16,1234,sgd,50,1.331729476283949,1.331729476283949,1.331729476283949,0.0,0.0,1.0290947888607792e-15,2.1860941518295685e-17,1.8051740155798395e-17,2.1860941518295685e-17,1.8051740155798395e-17,4.694933676321162e-17,0.9999999999999655,4.694933676321162e-17,0.9999999999999655,1.0290947888607794e-15,1.0290947888607794e-15,True,True,True,True,False,False,False
o_proj,17,1234,sgd,1,1.2882339151479938,1.2882339151479938,1.2882339151479938,0.0,0.0,1.82116356781153e-15,2.331704177651273e-18,3.710668282618343e-18,2.331704177651273e-18,3.710668282618343e-18,7.087602662087454e-18,0.9999999999999745,7.087602662087454e-18,0.9999999999999745,1.821163567811529e-15,1.821163567811529e-15,True,True,True,True,False,False,False
o_proj,17,1234,sgd,10,1.2879147352461526,1.2879147352461526,1.2879147352461526,0.0,0.0,1.3840450542235818e-15,1.0095625881848692e-17,8.947818274812092e-18,1.0095625881848692e-17,8.947818274812092e-18,2.1999412538297827e-17,0.9999999999999989,2.1999412538297827e-17,0.9999999999999989,1.3840450542235822e-15,1.3840450542235822e-15,True,True,True,True,False,False,False
o_proj,17,1234,sgd,50,1.2865600315071317,1.2865600315071317,1.2865600315071317,0.0,0.0,1.2354312055978667e-15,1.9293253871709276e-17,1.7597507210177157e-17,1.9293253871709276e-17,1.7597507210177157e-17,4.3977798469939234e-17,0.9999999999999802,4.3977798469939234e-17,0.9999999999999802,1.2354312055978657e-15,1.2354312055978657e-15,True,True,True,True,False,False,False
o_proj,18,1234,sgd,1,1.3487245987700784,1.3487245987700784,1.3487245987700784,0.0,0.0,1.3563145430733044e-15,5.863146845161851e-18,4.266992036482352e-18,5.863146845161851e-18,4.266992036482352e-18,1.1317053173843342e-17,0.9999999999999886,1.1317053173843342e-17,0.9999999999999886,1.3563145430733038e-15,1.3563145430733038e-15,True,True,True,True,False,False,False
o_proj,18,1234,sgd,10,1.3483668219519482,1.3483668219519482,1.3483668219519482,0.0,0.0,1.0756752583824632e-15,1.1609303878745894e-17,9.98229634869353e-18,1.1609303878745894e-17,9.98229634869353e-18,2.4764641656501322e-17,1.0000000000000067,2.4764641656501322e-17,1.0000000000000067,1.0756752583824634e-15,1.0756752583824634e-15,True,True,True,True,False,False,False
o_proj,18,1234,sgd,50,1.3468502033477245,1.3468502033477245,1.3468502033477245,0.0,0.0,1.3678568702075596e-15,2.5034260149139165e-17,1.8268904003141982e-17,2.5034260149139165e-17,1.8268904003141982e-17,5.0024002275122254e-17,1.0000000000000069,5.0024002275122254e-17,1.0000000000000069,1.3678568702075598e-15,1.3678568702075598e-15,True,True,True,True,False,False,False
o_proj,19,1234,sgd,1,1.3099835290299684,1.3099835290299684,1.3099835290299684,0.0,0.0,1.3958101085907245e-15,2.947079419159893e-18,1.4124292795242835e-18,2.947079419159893e-18,1.4124292795242835e-18,6.966534329174034e-18,0.9999999999999839,6.966534329174034e-18,0.9999999999999839,1.3958101085907245e-15,1.3958101085907245e-15,True,True,True,True,False,False,False
o_proj,19,1234,sgd,10,1.3096625836180598,1.3096625836180602,1.3096625836180602,4.440892098500626e-16,4.440892098500626e-16,1.6561296230504577e-15,1.1096778700477619e-17,4.169944350611238e-18,1.1096778700477619e-17,4.169944350611238e-18,2.0990850879063314e-17,0.9999999999999968,2.0990850879063314e-17,0.9999999999999968,1.656129623050458e-15,1.656129623050458e-15,True,True,True,True,False,False,False
o_proj,19,1234,sgd,50,1.308295480993067,1.308295480993067,1.308295480993067,0.0,0.0,1.592307912378446e-15,2.282109627639121e-17,1.482589366340193e-17,2.282109627639121e-17,1.482589366340193e-17,4.604752047841181e-17,1.0000000000000173,4.604752047841181e-17,1.0000000000000173,1.592307912378446e-15,1.592307912378446e-15,True,True,True,True,False,False,False
o_proj,20,1234,sgd,1,1.445111845263343,1.4451118452633427,1.4451118452633427,2.220446049250313e-16,2.220446049250313e-16,1.4886593402229614e-15,4.3288014339774934e-18,3.251429652719068e-18,4.3288014339774934e-18,3.251429652719068e-18,7.795105162272817e-18,1.0000000000000058,7.795105162272817e-18,1.0000000000000058,1.488659340222961e-15,1.488659340222961e-15,True,True,True,True,False,False,False
o_proj,20,1234,sgd,10,1.4447740536292306,1.4447740536292306,1.4447740536292306,0.0,0.0,1.351386999001574e-15,1.211627675655532e-17,6.9596204854392e-18,1.211627675655532e-17,6.9596204854392e-18,2.238489753048512e-17,1.000000000000008,2.238489753048512e-17,1.000000000000008,1.351386999001574e-15,1.351386999001574e-15,True,True,True,True,False,False,False
o_proj,20,1234,sgd,50,1.4433384699305039,1.4433384699305039,1.4433384699305039,0.0,0.0,1.3404825277232589e-15,2.3805972971161424e-17,1.675709424836762e-17,2.3805972971161424e-17,1.675709424836762e-17,4.672618835511565e-17,1.0000000000000002,4.672618835511565e-17,1.0000000000000002,1.3404825277232587e-15,1.3404825277232587e-15,True,True,True,True,False,False,False
o_proj,21,1234,sgd,1,1.4718807527745383,1.4718807527745383,1.4718807527745383,0.0,0.0,1.3542754467760016e-15,2.8267584656664015e-18,3.3521525878808254e-19,2.8267584656664015e-18,3.3521525878808254e-19,5.6878064461847316e-18,0.9999999999999929,5.6878064461847316e-18,0.9999999999999929,1.3542754467760018e-15,1.3542754467760018e-15,True,True,True,True,False,False,False
o_proj,21,1234,sgd,10,1.4715583930204361,1.4715583930204361,1.4715583930204361,0.0,0.0,1.2900124607773431e-15,9.676156442549047e-18,7.424752636368636e-18,9.676156442549047e-18,7.424752636368636e-18,2.0822706660254982e-17,1.000000000000026,2.0822706660254982e-17,1.000000000000026,1.290012460777344e-15,1.290012460777344e-15,True,True,True,True,False,False,False
o_proj,21,1234,sgd,50,1.4701847923048879,1.4701847923048876,1.4701847923048876,2.220446049250313e-16,2.220446049250313e-16,1.6434069392455078e-15,2.367026998723673e-17,1.57743184057947e-17,2.367026998723673e-17,1.57743184057947e-17,4.6364823523911106e-17,1.0000000000000147,4.6364823523911106e-17,1.0000000000000147,1.6434069392455082e-15,1.6434069392455082e-15,True,True,True,True,False,False,False
o_proj,22,1234,sgd,1,1.4212848527377342,1.4212848527377342,1.4212848527377342,0.0,0.0,1.3552876684824653e-15,3.739155479079919e-18,2.4483352242225232e-18,3.739155479079919e-18,2.4483352242225232e-18,7.41478989752293e-18,0.99999999999998,7.41478989752293e-18,0.99999999999998,1.3552876684824657e-15,1.3552876684824657e-15,True,True,True,True,False,False,False
o_proj,22,1234,sgd,10,1.420961558173649,1.420961558173649,1.420961558173649,0.0,0.0,1.4277952104504685e-15,9.979531848340278e-18,8.755553107618301e-18,9.979531848340278e-18,8.755553107618301e-18,2.2570209993794926e-17,0.9999999999999833,2.2570209993794926e-17,0.9999999999999833,1.4277952104504683e-15,1.4277952104504683e-15,True,True,True,True,False,False,False
o_proj,22,1234,sgd,50,1.4195884271075283,1.4195884271075283,1.4195884271075283,0.0,0.0,1.1514135365355085e-15,2.214634176574946e-17,1.6853590255049522e-17,2.214634176574946e-17,1.6853590255049522e-17,4.569912734197333e-17,1.0000000000000027,4.569912734197333e-17,1.0000000000000027,1.1514135365355095e-15,1.1514135365355095e-15,True,True,True,True,False,False,False
o_proj,23,1234,sgd,1,1.3956108728328143,1.3956108728328143,1.3956108728328143,0.0,0.0,1.1688307549354465e-15,4.974819622473697e-18,3.7088946304715894e-18,4.974819622473697e-18,3.7088946304715894e-18,9.227194233678169e-18,1.000000000000004,9.227194233678169e-18,1.000000000000004,1.1688307549354469e-15,1.1688307549354469e-15,True,True,True,True,False,False,False
o_proj,23,1234,sgd,10,1.3952664471911533,1.395266447191153,1.395266447191153,4.440892098500626e-16,4.440892098500626e-16,1.34413221954285e-15,1.1479445360043223e-17,8.081423281343609e-18,1.1479445360043223e-17,8.081423281343609e-18,2.2845415854542405e-17,1.0000000000000169,2.2845415854542405e-17,1.0000000000000169,1.3441322195428498e-15,1.3441322195428498e-15,True,True,True,True,False,False,False
o_proj,23,1234,sgd,50,1.3938051365828314,1.3938051365828314,1.3938051365828314,0.0,0.0,1.2147062282589511e-15,2.560311003831888e-17,1.736206427221072e-17,2.560311003831888e-17,1.736206427221072e-17,4.888954235627534e-17,1.0000000000000184,4.888954235627534e-17,1.0000000000000184,1.214706228258951e-15,1.214706228258951e-15,True,True,True,True,False,False,False
gate_proj,0,1234,sgd,1,1.505385542061411,1.505385542061411,1.505385542061411,0.0,0.0,2.543803290410396e-15,0.00013748727822772688,1.0003994052251572e-18,9.463313460921525e-17,1.0003994052251572e-18,0.00019889287596559272,0.9999999802922205,1.2567435171069978e-16,1.0000000000000295,1.3768763047775567,2.5658173400706516e-15,False,True,False,True,True,False,False
gate_proj,0,1234,sgd,10,1.5050967019558896,1.5047331883841997,1.5050967019558896,0.00036351357168995513,0.0,0.019357466163249046,0.0013457594012472956,9.404195102203721e-07,2.2603372873979053e-16,4.2795691198984294e-18,0.0019428317530696337,0.9999981189532655,2.493312465905101e-16,1.000000000000016,1.3367140285099393,2.7177308000553066e-15,False,True,False,True,True,False,False
gate_proj,0,1234,sgd,50,1.5038987215162878,1.5022722469539813,1.503898721516288,0.001626474562306468,2.220446049250313e-16,0.10785813672705698,0.006130223574313233,2.3840709528673468e-05,4.880720528535694e-16,9.003353959040898e-18,0.008765511065874441,0.9999616689203163,5.021192469188026e-16,1.00000000000001,1.1730681170068085,2.8608811853945494e-15,False,True,False,True,True,False,False
gate_proj,1,1234,sgd,1,1.4997338100302635,1.4997338100302635,1.4997338100302635,0.0,0.0,2.924207325444268e-15,0.05415761858141554,2.278636010832394e-18,9.600624920469945e-17,2.278636010832394e-18,0.05241400428376659,0.9986292167073756,1.2617100398652128e-16,1.0000000000000002,504.92115292165226,2.9125497880232155e-15,False,True,False,True,True,False,False
gate_proj,1,1234,sgd,10,1.4994239960011935,nan,1.4994239960011935,nan,0.0,nan,nan,nan,2.2167547174959013e-16,4.475136088467257e-18,nan,nan,2.4521365263399525e-16,1.0000000000000224,nan,2.56127959299934e-15,False,True,False,True,True,False,True
gate_proj,1,1234,sgd,50,1.4981345364407304,nan,1.4981345364407301,nan,2.220446049250313e-16,nan,nan,nan,4.857391467925275e-16,9.73498274623238e-18,nan,nan,4.939163840683903e-16,1.000000000000044,nan,2.1985735834988717e-15,False,True,False,True,True,False,True
gate_proj,2,1234,sgd,1,1.5465819768349747,1.5465819768349751,1.5465819768349751,4.440892098500626e-16,4.440892098500626e-16,2.5664816102352537e-15,0.1134542053635811,1.0151192447354134e-18,9.460448442966468e-17,1.0151192447354134e-18,0.1596377992223615,0.98749645339542,1.2581549201633983e-16,1.000000000000005,953.8624234499896,2.5440923832781823e-15,False,True,False,True,True,False,False
gate_proj,2,1234,sgd,10,1.5462090030236202,nan,1.5462090030236202,nan,0.0,nan,nan,nan,2.2292549343568747e-16,3.83665838428798e-18,nan,nan,2.4633734486203524e-16,0.9999999999999838,nan,2.5563754508805794e-15,False,True,False,True,True,False,True
gate_proj,2,1234,sgd,50,1.5446570926600007,nan,1.5446570926600007,nan,0.0,nan,nan,nan,4.804447505667771e-16,1.0145872231779161e-17,nan,nan,4.910736985131196e-16,1.0000000000000004,nan,2.1220322235142324e-15,False,True,False,True,True,False,True
gate_proj,3,1234,sgd,1,1.4864789842463222,1.4864789842463224,1.4864789842463224,2.220446049250313e-16,2.220446049250313e-16,2.1084750687837563e-15,0.03741883324498835,7.536007874844141e-19,9.362804038442375e-17,7.536007874844141e-19,0.0355543458775079,0.9993685456091965,1.2570712795596035e-16,0.9999999999999932,333.3533908349152,1.9437372903123112e-15,False,True,False,True,True,False,False
gate_proj,3,1234,sgd,10,1.4861864801701212,nan,1.486186480170121,nan,2.220446049250313e-16,nan,nan,nan,2.2995366969501173e-16,3.959074556838511e-18,nan,nan,2.5389771835941905e-16,1.0000000000000482,nan,1.8803539345414284e-15,False,True,False,True,True,False,True
gate_proj,3,1234,sgd,50,1.4849673248267086,nan,1.4849673248267088,nan,2.220446049250313e-16,nan,nan,nan,4.678169851387826e-16,9.800382198816295e-18,nan,nan,4.836783929494469e-16,0.9999999999999889,nan,1.8180149446632424e-15,False,True,False,True,True,False,True
gate_proj,4,1234,sgd,1,1.5058617578718598,1.5058617578718598,1.5058617578718598,0.0,0.0,2.2676749901585306e-15,0.022987937508667983,1.8987238929449276e-18,9.488039698125342e-17,1.8987238929449276e-18,0.027283991504633055,0.9996280013618061,1.2585756378565341e-16,1.000000000000059,222.72367376151033,2.2627764682068035e-15,False,True,False,True,True,False,False
gate_proj,4,1234,sgd,10,1.5055690892252667,nan,1.5055690892252667,nan,0.0,nan,nan,nan,2.1770405900299605e-16,4.825079173990322e-18,nan,nan,2.41625118458642e-16,1.0000000000000602,nan,2.551445405126215e-15,False,True,False,True,True,False,True
gate_proj,4,1234,sgd,50,1.5043498143602223,nan,1.5043498143602223,nan,0.0,nan,nan,nan,4.760586363407485e-16,9.823329115544295e-18,nan,nan,4.872367132629527e-16,0.9999999999999554,nan,2.4340311262534365e-15,False,True,False,True,True,False,True
gate_proj,5,1234,sgd,1,1.5830213969423217,1.5830213969423217,1.5830213969423217,0.0,0.0,2.2824568406360643e-15,0.18900078742728016,1.3221417245993436e-18,9.219371698438646e-17,1.3221417245993436e-18,0.28210350372137344,0.9624367569935516,1.232166889910171e-16,0.9999999999999944,1559.7326572501304,2.254531133019826e-15,False,True,False,True,True,False,False
gate_proj,5,1234,sgd,10,1.5826397293646228,nan,1.5826397293646228,nan,0.0,nan,nan,nan,2.165106182950149e-16,5.324347993633182e-18,nan,nan,2.4181769140238207e-16,0.9999999999999984,nan,2.4509205756743284e-15,False,True,False,True,True,False,True
gate_proj,5,1234,sgd,50,1.5810593225719531,nan,1.5810593225719527,nan,4.440892098500626e-16,nan,nan,nan,4.816038291551922e-16,1.0305120027282676e-17,nan,nan,4.942101930574832e-16,0.9999999999999981,nan,1.8417112770294996e-15,False,True,False,True,True,False,True
gate_proj,6,1234,sgd,1,1.456969748382109,1.4569697483821082,1.4569697483821082,6.661338147750939e-16,6.661338147750939e-16,3.221506122766793e-15,0.08427668241979175,6.0853092319435925e-19,9.238144937544366e-17,6.0853092319435925e-19,0.10824446825626484,0.9941925704088035,1.234400455743764e-16,0.9999999999999614,884.2118417385592,3.1922942503280333e-15,False,True,False,True,True,False,False
gate_proj,6,1234,sgd,10,1.4567216771044118,nan,1.4567216771044118,nan,0.0,nan,nan,nan,2.1372932437387538e-16,2.948813833983276e-18,nan,nan,2.398940229104207e-16,1.000000000000058,nan,2.4874436025912816e-15,False,True,False,True,True,False,True
gate_proj,6,1234,sgd,50,1.4556886331500083,nan,1.4556886331500083,nan,0.0,nan,nan,nan,4.591927031496354e-16,8.714423482215156e-18,nan,nan,4.714011919980074e-16,1.0000000000000313,nan,3.0109621510279105e-15,False,True,False,True,True,False,True
gate_proj,7,1234,sgd,1,1.427691571890257,1.427691571890257,1.427691571890257,0.0,0.0,1.9237469301489085e-15,0.02669505661540556,1.64812371831289e-18,9.44398822650373e-17,1.64812371831289e-18,0.026761785021843867,0.999642097778049,1.2562229610365816e-16,1.0000000000000473,258.89896443630806,1.9047457649388905e-15,False,True,False,True,True,False,False
gate_proj,7,1234,sgd,10,1.4274067625588227,nan,1.4274067625588227,nan,0.0,nan,nan,nan,2.164154273953207e-16,3.766001478926709e-18,nan,nan,2.4044576017126847e-16,0.9999999999999385,nan,2.8230471825018583e-15,False,True,False,True,True,False,True
gate_proj,7,1234,sgd,50,1.4262192920656986,nan,1.4262192920656984,nan,2.220446049250313e-16,nan,nan,nan,4.76138116821458e-16,9.845999834873614e-18,nan,nan,4.855135087689396e-16,1.0000000000000138,nan,2.4366494989010536e-15,False,True,False,True,True,False,True
gate_proj,8,1234,sgd,1,1.4480968898324316,1.4480968898324316,1.4480968898324316,0.0,0.0,1.7947067378120897e-15,0.08044210878998158,9.057048007842933e-19,9.069091396097329e-17,9.057048007842933e-19,0.09645422033748631,0.9953805324564611,1.2156575117048444e-16,1.0000000000000622,767.8322422010252,1.7660784492519885e-15,False,True,False,True,True,False,False
gate_proj,8,1234,sgd,10,1.4478058028795182,nan,1.4478058028795182,nan,0.0,nan,nan,nan,2.152817990628092e-16,4.3829578800821656e-18,nan,nan,2.384438335185226e-16,0.9999999999999828,nan,2.4122922984024766e-15,False,True,False,True,True,False,True
gate_proj,8,1234,sgd,50,1.4465950977171,nan,1.4465950977171,nan,0.0,nan,nan,nan,4.665784533307298e-16,9.405015066809799e-18,nan,nan,4.754763064074556e-16,1.0000000000000218,nan,2.9725514829319277e-15,False,True,False,True,True,False,True
gate_proj,9,1234,sgd,1,1.386636340541853,1.386636340541853,1.386636340541853,0.0,0.0,2.2406157956148615e-15,0.10911848492435479,1.3433094006688284e-18,9.565306296226564e-17,1.3433094006688284e-18,0.12810090963343895,0.9918947629432722,1.2583214392979981e-16,1.000000000000024,1055.7738045319004,2.2052384307314166e-15,False,True,False,True,True,False,False
gate_proj,9,1234,sgd,10,1.3863543078917657,nan,1.3863543078917657,nan,0.0,nan,nan,nan,2.1606064325457145e-16,4.835784526282353e-18,nan,nan,2.3925962541328515e-16,1.0000000000000544,nan,2.7865878178717256e-15,False,True,False,True,True,False,True
gate_proj,9,1234,sgd,50,1.3851794615491542,nan,1.3851794615491544,nan,2.220446049250313e-16,nan,nan,nan,4.623271413143397e-16,9.719610072919094e-18,nan,nan,4.734867174894715e-16,1.0000000000000089,nan,2.720712733730744e-15,False,True,False,True,True,False,True
gate_proj,10,1234,sgd,1,1.43527880058671,1.43527880058671,1.43527880058671,0.0,0.0,2.0445287866581994e-15,0.00010864448937552132,9.920800600764873e-19,9.280823791317477e-17,9.920800600764873e-19,0.0001539077510355599,0.9999999881826005,1.2497559084107641e-16,1.0000000000000222,1.0450875704181077,2.0303220151166787e-15,False,True,False,True,True,False,False
gate_proj,10,1234,sgd,10,1.4349911564088769,1.4346817298206676,1.4349911564088769,0.0003094265882093161,0.0,0.015632235558276555,0.0010755215592969446,7.938661172756568e-07,2.1831327282499025e-16,4.828017202986179e-18,0.001522155034966043,0.9999988442281167,2.4072096789492637e-16,1.0000000000000329,1.0375705105007602,2.2285393729774926e-15,False,True,False,True,True,False,False
gate_proj,10,1234,sgd,50,1.433796087065582,1.432381005879188,1.433796087065582,0.001415081186393996,0.0,0.08606598577576625,0.005149063074934885,2.0304276178535574e-05,4.784323064537837e-16,9.72928907731229e-18,0.007257132329956064,0.9999737402476178,4.868411803177934e-16,1.0000000000000004,1.0083343110772778,2.3161576820899803e-15,False,True,False,True,True,False,False
gate_proj,11,1234,sgd,1,1.3479936464156475,1.3479936464156475,1.3479936464156475,0.0,0.0,2.7257641347733228e-15,0.00010038750528796709,2.4300300181881026e-19,9.67592617302501e-17,2.4300300181881026e-19,0.0001443933080368397,0.999999989587147,1.2736357535570964e-16,1.0000000000000056,0.9805901004184439,2.689113285885544e-15,False,True,False,True,True,False,False
gate_proj,11,1234,sgd,10,1.3477217864462527,1.3474993889339253,1.3477217864462527,0.00022239751232744354,0.0,0.011897278944117911,0.00099518315043511,5.766877618811412e-07,2.2423912799885003e-16,3.619447297395601e-18,0.0014304937282506695,0.9999989780583011,2.457016160946434e-16,0.9999999999999847,0.9764126592327581,2.141302061407867e-15,False,True,False,True,True,False,False
gate_proj,11,1234,sgd,50,1.3465924610408626,1.34556106988297,1.3465924610408626,0.001031391157892525,0.0,0.0652704051195734,0.0047916849165277504,1.4831403192818128e-05,4.628246762419275e-16,8.623909085235676e-18,0.006867782133658367,0.999976449522407,4.734570079562121e-16,0.999999999999998,0.9598756003516687,2.638214696688125e-15,False,True,False,True,True,False,False
gate_proj,12,1234,sgd,1,1.3951263329508399,1.3951263329508399,1.3951263329508399,0.0,0.0,2.7538307100516514e-15,8.651532122828599e-05,9.719885912988395e-19,9.156201997367459e-17,9.719885912988395e-19,0.00011854813730647584,0.9999999929815424,1.2121090095824047e-16,0.9999999999999984,0.9688243545488197,2.7248048501389957e-15,False,True,False,True,True,False,False
gate_proj,12,1234,sgd,10,1.3949069456878451,1.394738317689151,1.3949069456878456,0.00016862799869410416,4.440892098500626e-16,0.009924359456856564,0.0008583211129831147,4.939475197109209e-07,2.1648819719123538e-16,2.9998838897510107e-18,0.0011749982086959225,0.999999310547614,2.419418770704936e-16,1.0000000000000484,0.9652958014506348,2.7655411245708583e-15,False,True,False,True,True,False,False
gate_proj,12,1234,sgd,50,1.3939910270801956,1.3931925425394265,1.3939910270801956,0.0007984845407691399,0.0,0.05410206408416902,0.004146323486215531,1.2830303491677143e-05,4.521459207268988e-16,8.647136770328384e-18,0.005652387288162849,0.9999840486074684,4.624574270470852e-16,0.9999999999999767,0.9512185908157098,2.676143635639181e-15,False,True,False,True,True,False,False
gate_proj,13,1234,sgd,1,1.3630891298618506,1.3630891298618506,1.3630891298618506,0.0,0.0,3.098248671007413e-15,7.484201851528995e-05,5.16790436829817e-19,9.64838066077217e-17,5.16790436829817e-19,0.0001018289131181771,0.9999999948214587,1.2816008033914682e-16,0.9999999999999534,0.908418926086897,3.0673398627806817e-15,False,True,False,True,True,False,False
gate_proj,13,1234,sgd,10,1.3628998196307667,1.362794539333247,1.3628998196307667,0.00010528029751966095,0.0,0.006766270839441159,0.0007432395050600238,3.291230803255793e-07,2.2443043230295645e-16,3.657401076416446e-18,0.001010340204498073,0.9999994902170439,2.4848018607073305e-16,0.9999999999999947,0.9067098112134688,2.3854666502884654e-15,False,True,False,True,True,False,False
gate_proj,13,1234,sgd,50,1.362108028007587,1.3616010103730247,1.3621080280075868,0.0005070176345622901,2.220446049250313e-16,0.036909373315483295,0.0036050290522094902,8.62056142036369e-06,4.755230105910376e-16,9.353394168630888e-18,0.004881313922409098,0.9999881023240109,4.85253691513608e-16,1.0000000000000187,0.8997437042527873,2.581257126661155e-15,False,True,False,True,True,False,False
gate_proj,14,1234,sgd,1,1.3840553977180594,1.3840553977180596,1.3840553977180596,2.220446049250313e-16,2.220446049250313e-16,2.9615388114004137e-15,5.6498891798481856e-05,7.529588594485785e-19,9.411849937414464e-17,7.529588594485785e-19,7.479983957408266e-05,0.9999999972052137,1.256498512769758e-16,0.999999999999978,0.780207629622158,2.948402656391591e-15,False,True,False,True,True,False,False
gate_proj,14,1234,sgd,10,1.3839022907763818,1.3838656384718275,1.3839022907763818,3.665230455429658e-05,0.0,0.002867095739661673,0.0005616605399679832,1.3522727606997926e-07,2.2015666672094633e-16,4.194279328961246e-18,0.0007428695238840307,0.9999997243466198,2.434726207540871e-16,0.9999999999999678,0.779895865724594,2.5190208750906313e-15,False,True,False,True,True,False,False
gate_proj,14,1234,sgd,50,1.3832593517892977,1.3830790208732398,1.3832593517892977,0.00018033091605795804,0.0,0.015477863981804374,0.0027364046358301984,3.5708868977578054e-06,4.688808932751634e-16,1.0298387369875261e-17,0.0036036797727911703,0.999993513617375,4.808526619333748e-16,0.9999999999999942,0.7786387752908129,2.2556703187648645e-15,False,True,False,True,True,False,False
gate_proj,15,1234,sgd,1,1.3886238892718128,1.3886238892718128,1.3886238892718128,0.0,0.0,2.5190891359534455e-15,5.519159542026157e-05,1.4019391126891313e-18,9.292062341856362e-17,1.4019391126891313e-18,7.408771691635965e-05,0.9999999972626732,1.2384938394793188e-16,0.9999999999999718,0.7282686685681503,2.51715844046444e-15,False,True,False,True,True,False,False
gate_proj,15,1234,sgd,10,1.3884576867689506,1.3884459540774854,1.3884576867689504,1.1732691465260459e-05,2.220446049250313e-16,0.0012433795481829356,0.0005487080081077773,6.197346947065631e-08,2.2534293485453774e-16,4.039829262445691e-18,0.0007358845825630346,0.9999997299465777,2.492866977467613e-16,1.0000000000000229,0.7283093018076744,2.5259840206837765e-15,False,True,False,True,True,False,False
gate_proj,15,1234,sgd,50,1.387760930721809,1.3877020701561433,1.3877609307218093,5.886056566573039e-05,2.220446049250313e-16,0.006706191131437058,0.0026741585441825517,1.6404663684857522e-06,4.670761369161075e-16,9.700779730056199e-18,0.003571506968081774,0.9999936390201325,4.793548591162372e-16,0.999999999999978,0.7285168488575385,3.4294438439708218e-15,False,True,False,True,True,False,False
gate_proj,16,1234,sgd,1,1.4401343261240265,1.4401343261240265,1.4401343261240265,0.0,0.0,3.3631929436949756e-15,4.238476376658161e-05,1.8020154784728782e-18,9.372750008230865e-17,1.8020154784728782e-18,5.657336571267074e-05,0.9999999984033963,1.2536668985017267e-16,1.000000000000012,0.6029444381237429,3.370682500659657e-15,False,True,False,True,True,False,False
gate_proj,16,1234,sgd,10,1.4399866936925985,1.4400297188003368,1.4399866936925987,4.302510773834811e-05,2.220446049250313e-16,0.003839000893259704,0.0004212915826470267,1.472538280381411e-07,2.1735029741099844e-16,4.5479650976733185e-18,0.0005617847566527087,0.9999998425552774,2.428753330059462e-16,0.9999999999999435,0.6019605203063534,2.6767687506945133e-15,False,True,False,True,True,False,False
gate_proj,16,1234,sgd,50,1.4393631279381185,1.4395797244048758,1.4393631279381187,0.0002165964667573128,2.220446049250313e-16,0.020528424165297484,0.002051188837844637,3.904396053709108e-06,4.740703477746181e-16,8.590303375810592e-18,0.002723615163920304,0.9999962989099127,4.841043610097996e-16,0.9999999999999989,0.5977051186250953,2.31863086036055e-15,False,True,False,True,True,False,False
gate_proj,17,1234,sgd,1,1.4817518681551016,1.4817518681551016,1.4817518681551016,0.0,0.0,2.5852641596558864e-15,5.395834243576392e-05,1.1218270829272052e-18,9.624943100858755e-17,1.1218270829272052e-18,7.254497040462668e-05,0.9999999973777631,1.2649110846054448e-16,0.99999999999998,0.7038624715191476,2.576715985398637e-15,False,True,False,True,True,False,False
gate_proj,17,1234,sgd,10,1.4815815071927778,1.4816545708786844,1.481581507192778,7.306368590653811e-05,2.220446049250313e-16,0.005798556200409058,0.0005360864480204012,2.405366496994522e-07,2.234956882487373e-16,3.6312417477915065e-18,0.0007199967295239673,0.9999997416963841,2.468390094552244e-16,1.0000000000000075,0.7025711091278608,4.330383519613341e-15,False,True,False,True,True,False,False
gate_proj,17,1234,sgd,50,1.4808653741209914,1.4812340142608031,1.4808653741209914,0.0003686401398117489,0.0,0.03088194030404365,0.0026049378127767893,6.380208435135407e-06,4.852366143436597e-16,9.390254727002817e-18,0.0034823448577890746,0.9999939567870488,4.972228486496188e-16,0.9999999999999634,0.6969380588922971,2.830784028401873e-15,False,True,False,True,True,False,False
gate_proj,18,1234,sgd,1,1.4169104322625794,1.4169104322625794,1.4169104322625794,0.0,0.0,2.9336988445687602e-15,5.36838398091477e-05,9.357511690789536e-19,9.330273546341776e-17,9.357511690789536e-19,7.1908580845431e-05,0.9999999974246695,1.241676410002354e-16,1.0000000000000453,0.7075381435260409,2.910153500495025e-15,False,True,False,True,True,False,False
gate_proj,18,1234,sgd,10,1.4167450977117098,1.41681531122114,1.4167450977117095,7.021350943015037e-05,2.220446049250313e-16,0.005895251322767459,0.0005333177525196578,2.3157200442579731e-07,2.1688277791559757e-16,4.564061626462657e-18,0.0007135661248009363,0.9999997463947582,2.422378734676599e-16,1.0000000000000118,0.7062616182847529,2.8306987451851747e-15,False,True,False,True,True,False,False
gate_proj,18,1234,sgd,50,1.4160507020887438,1.4164043810504723,1.4160507020887438,0.00035367896172844304,0.0,0.03137448830494231,0.002590643194130519,6.136979208904602e-06,4.660601968501398e-16,1.033212984292585e-17,0.0034488355531035477,0.999994074995296,4.779120451136253e-16,0.9999999999999893,0.7007064445944577,3.639333042953358e-15,False,True,False,True,True,False,False
gate_proj,19,1234,sgd,1,1.4313777073348544,1.4313777073348544,1.4313777073348544,0.0,0.0,2.0983185681918014e-15,5.59054091621449e-05,1.2999666818808837e-18,9.287015348615375e-17,1.2999666818808837e-18,7.568207510876025e-05,0.9999999971489391,1.235948695630718e-16,1.0000000000000273,0.7179672837761776,2.0902133448011908e-15,False,True,False,True,True,False,False
gate_proj,19,1234,sgd,10,1.431204014076408,1.4313020249177775,1.4312040140764077,9.801084136951133e-05,2.220446049250313e-16,0.007786067108959639,0.000555062905650056,3.150834587203066e-07,2.1735573550907442e-16,3.933424132213193e-18,0.0007505573805363562,0.9999997195813087,2.4068402149188493e-16,1.0000000000000435,0.7160275520790075,2.298682782503203e-15,False,True,False,True,True,False,False
gate_proj,19,1234,sgd,50,1.430475829890966,1.430972490830885,1.430475829890966,0.0004966609399188471,0.0,0.041346387090968835,0.002689205833722579,8.368466643997266e-06,4.635848106149488e-16,8.947515158299969e-18,0.0036177031163894245,0.9999934841686893,4.771057993767873e-16,0.9999999999999816,0.7074525728764668,2.5877921173487598e-15,False,True,False,True,True,False,False
gate_proj,20,1234,sgd,1,1.4366124643920053,1.4366124643920053,1.4366124643920053,0.0,0.0,2.537780395878475e-15,7.145313022688084e-05,4.387432682848601e-19,9.420955924976434e-17,4.387432682848601e-19,0.00010279458249342634,0.9999999947322302,1.2514946674499444e-16,0.9999999999999927,0.7355974480814629,2.5438379664468812e-15,False,True,False,True,True,False,False
gate_proj,20,1234,sgd,10,1.4363543072958598,1.4365173115662682,1.43635430729586,0.0001630042704083845,2.220446049250313e-16,0.009262525754855892,0.0007087624087158803,4.2885758674129737e-07,2.1974636238102034e-16,3.395539280654283e-18,0.001018903860307943,0.9999994824329224,2.44322521555875e-16,1.0000000000000184,0.7333165197967123,2.0559658797130697e-15,False,True,False,True,True,False,False
gate_proj,20,1234,sgd,50,1.4352816025390496,1.436102917283093,1.4352816025390491,0.0008213147440434554,4.440892098500626e-16,0.04916127108122467,0.0034194168688493932,1.1358892393743612e-05,4.761444372465245e-16,8.70107184224379e-18,0.004899494946950301,0.9999880306011933,4.898347390726517e-16,1.00000000000001,0.7231047739364488,2.066524852771729e-15,False,True,False,True,True,False,False
gate_proj,21,1234,sgd,1,1.4083367248113932,1.4083367248113932,1.4083367248113932,0.0,0.0,2.3104530789622197e-15,0.00013786153424182686,8.904096068843677e-19,9.2232975297431e-17,8.904096068843677e-19,0.00018872759047442594,0.9999999822087405,1.2207940692141849e-16,0.9999999999999754,1.1483521512934616,2.285238761282438e-15,False,True,False,True,True,False,False
gate_proj,21,1234,sgd,10,1.4079602141866459,1.4074700433010787,1.4079602141866459,0.0004901708855671316,0.0,0.10062171138723507,0.00123063933594552,8.294278471252727e-06,2.1912278296742857e-16,4.6414145382096324e-18,0.0016814063198059529,0.9999985882271373,2.4082477442046646e-16,0.9999999999999852,0.9531628661265462,2.2238525566021102e-15,False,True,False,True,True,False,False
gate_proj,21,1234,sgd,50,1.4064018949152486,1.4063350961933083,1.4064018949152488,6.679872194026437e-05,2.220446049250313e-16,0.21294976621598122,0.005022238579227463,0.00013675662128940353,4.590103236257669e-16,8.688060387147914e-18,0.0070996808650856235,0.9999748368091086,4.732700644816814e-16,1.0000000000000198,0.8061231455824481,1.7552385534278509e-15,False,True,False,True,True,False,False
gate_proj,22,1234,sgd,1,1.3947488459307318,1.3947488459307318,1.3947488459307318,0.0,0.0,3.0916452270778448e-15,0.18675253071074066,8.527641901079252e-19,9.13319535173818e-17,8.527641901079252e-19,0.23217462001604677,0.974090691702016,1.2188568982788762e-16,1.0000000000000004,1676.017703595979,3.0843213335093027e-15,False,True,False,True,True,False,False
gate_proj,22,1234,sgd,10,1.3944147676239629,nan,1.3944147676239629,nan,0.0,nan,nan,nan,2.1345401578250393e-16,4.254225707634089e-18,nan,nan,2.371927047882091e-16,1.0000000000000315,nan,2.496124664273926e-15,False,True,False,True,True,False,True
gate_proj,22,1234,sgd,50,1.3930271753787542,nan,1.3930271753787544,nan,2.220446049250313e-16,nan,nan,nan,4.641087544446333e-16,9.522964108549918e-18,nan,nan,4.736036611324879e-16,1.000000000000049,nan,2.8126084616893267e-15,False,True,False,True,True,False,True
gate_proj,23,1234,sgd,1,1.3994241440702162,1.3994241440702162,1.3994241440702162,0.0,0.0,1.9791111329728954e-15,0.044903022281470986,1.6758988314926045e-18,9.420755167178814e-17,1.6758988314926045e-18,0.05120424647182171,0.9986916511420418,1.2555404673160984e-16,1.0000000000000475,406.03358515303285,1.9712949857392585e-15,False,True,False,True,True,False,False
gate_proj,23,1234,sgd,10,1.399086525792545,nan,1.3990865257925453,nan,2.220446049250313e-16,nan,nan,nan,2.22846530583099e-16,3.8467957702467665e-18,nan,nan,2.474754566564476e-16,1.0000000000000344,nan,2.6328688017893696e-15,False,True,False,True,True,False,True
gate_proj,23,1234,sgd,50,1.397688198928591,nan,1.3976881989285905,nan,4.440892098500626e-16,nan,nan,nan,4.872967429089867e-16,9.772748247743949e-18,nan,nan,5.007280980364518e-16,0.9999999999999416,nan,1.8872891299525446e-15,False,True,False,True,True,False,True
up_proj,0,1234,sgd,1,1.3348997118747143,1.3348997118747143,1.3348997118747143,0.0,0.0,2.544963417976508e-15,0.00010037901757689759,7.971022258619591e-19,9.416922686007176e-17,7.971022258619591e-19,0.00013503462145413047,0.9999999909337736,1.2623751210401094e-16,0.9999999999999488,1.355215966686587,2.534373884804842e-15,False,True,False,True,True,False,False
up_proj,0,1234,sgd,10,1.3347333497533262,1.3345367664139096,1.3347333497533262,0.00019658333941663386,0.0,0.016206197441517474,0.0009863074938209016,6.238252057160296e-07,2.1967049588228409e-16,3.4548061130930026e-18,0.001322519601672422,0.999999130131876,2.433720385172412e-16,1.0000000000000293,1.3232552309619379,2.877511699139093e-15,False,True,False,True,True,False,False
up_proj,0,1234,sgd,50,1.3340356252890475,1.333125882415051,1.3340356252890475,0.0009097428739965885,0.0,0.08867421656743367,0.004570338927609911,1.6029081221690674e-05,4.654514358144019e-16,7.93829308702261e-18,0.006038076188241701,0.9999818498669631,4.778090077272162e-16,0.9999999999999827,1.1937299553558625,3.103887617117914e-15,False,True,False,True,True,False,False
up_proj,1,1234,sgd,1,1.2801934620438966,1.2801934620438966,1.2801934620438966,0.0,0.0,3.1731080153513022e-15,0.04320369501370058,2.9178073320756285e-19,9.294855244118231e-17,2.9178073320756285e-19,0.045682719325137365,0.998958176136916,1.2502288246300837e-16,1.0000000000000155,591.1544864226167,3.1771913415273795e-15,False,True,False,True,True,False,False
up_proj,1,1234,sgd,10,1.2800378173371654,nan,1.2800378173371654,nan,0.0,nan,nan,nan,2.1815938885854622e-16,4.2593792183229024e-18,nan,nan,2.411978938256753e-16,0.9999999999999872,nan,3.827662327390013e-15,False,True,False,True,True,False,True
up_proj,1,1234,sgd,50,1.2793854190185106,nan,1.2793854190185103,nan,2.220446049250313e-16,nan,nan,nan,4.741823760754657e-16,9.261809358726494e-18,nan,nan,4.870203931111874e-16,1.000000000000026,nan,2.8133669138698826e-15,False,True,False,True,True,False,True
up_proj,2,1234,sgd,1,1.301068481454304,1.3010684814543043,1.3010684814543043,2.220446049250313e-16,2.220446049250313e-16,3.0780671033987785e-15,0.05169913312429483,1.194740971412864e-18,9.365269201714994e-17,1.194740971412864e-18,0.056054303821246036,0.9984326551991104,1.2517843820713398e-16,1.0000000000000466,677.8174404398554,3.0807384250296524e-15,False,True,False,True,True,False,False
up_proj,2,1234,sgd,10,1.3009012848492252,nan,1.3009012848492254,nan,2.220446049250313e-16,nan,nan,nan,2.2294088443295945e-16,4.4279057872300455e-18,nan,nan,2.4639495520834545e-16,1.000000000000047,nan,2.5239978487782536e-15,False,True,False,True,True,False,True
up_proj,2,1234,sgd,50,1.300199977393263,nan,1.300199977393263,nan,0.0,nan,nan,nan,4.775324608149908e-16,9.83792927735035e-18,nan,nan,4.87584385899937e-16,1.0000000000000302,nan,3.67980703857149e-15,False,True,False,True,True,False,True
up_proj,3,1234,sgd,1,1.2973522348465456,1.2973522348465456,1.2973522348465456,0.0,0.0,2.76818788973834e-15,0.0399176816285041,8.709997780095177e-19,9.109869585625701e-17,8.709997780095177e-19,0.04280119764070173,0.9990852899899902,1.240740716152895e-16,1.0000000000000038,514.8093039644269,2.7118291276704546e-15,False,True,False,True,True,False,False
up_proj,3,1234,sgd,10,1.297187618285317,nan,1.297187618285317,nan,0.0,nan,nan,nan,2.159472223510003e-16,3.759210199227404e-18,nan,nan,2.439037516464167e-16,1.0000000000000524,nan,2.642196956739984e-15,False,True,False,True,True,False,True
up_proj,3,1234,sgd,50,1.2964963432967247,nan,1.2964963432967247,nan,0.0,nan,nan,nan,4.640244201295016e-16,9.597972164796923e-18,nan,nan,4.789471579916908e-16,1.0000000000000253,nan,2.8789616801990302e-15,False,True,False,True,True,False,True
up_proj,4,1234,sgd,1,1.3170102241158426,1.3170102241158426,1.3170102241158426,0.0,0.0,2.5564770131752206e-15,0.01736729010569861,8.051936091249359e-19,9.226243694693081e-17,8.051936091249359e-19,0.015810559342824368,0.9998750371667605,1.225361866542072e-16,1.0000000000000364,237.90237215541154,2.547136771012472e-15,False,True,False,True,True,False,False
up_proj,4,1234,sgd,10,1.3168549097899487,nan,1.3168549097899485,nan,2.220446049250313e-16,nan,nan,nan,2.2191099032008e-16,3.210796319763094e-18,nan,nan,2.4575059573101013e-16,0.9999999999999787,nan,2.267254529717298e-15,False,True,False,True,True,False,True
up_proj,4,1234,sgd,50,1.316203447477863,nan,1.316203447477863,nan,0.0,nan,nan,nan,4.791302762673939e-16,7.924775447712304e-18,nan,nan,4.883754698330531e-16,0.9999999999999857,nan,2.388833590190697e-15,False,True,False,True,True,False,True
up_proj,5,1234,sgd,1,1.29135891100552,1.29135891100552,1.29135891100552,0.0,0.0,2.2608407330169012e-15,0.09762782053296147,1.0521179803870613e-18,9.101660472077652e-17,1.0521179803870613e-18,0.09754058821575752,0.9952766267908932,1.2252002623597e-16,0.9999999999999893,1187.6739283587096,2.2735584508014492e-15,False,True,False,True,True,False,False
up_proj,5,1234,sgd,10,1.291166038562803,nan,1.291166038562803,nan,0.0,nan,nan,nan,2.21355573414755e-16,3.739763187623968e-18,nan,nan,2.454004118681263e-16,0.9999999999999429,nan,2.471954723344901e-15,False,True,False,True,True,False,True
up_proj,5,1234,sgd,50,1.2903590168178933,nan,1.2903590168178933,nan,0.0,nan,nan,nan,4.826108822598038e-16,7.646280291569736e-18,nan,nan,4.977705435099145e-16,1.0000000000000155,nan,2.3772194952178436e-15,False,True,False,True,True,False,True
up_proj,6,1234,sgd,1,1.320204941153644,1.3202049411536438,1.3202049411536438,2.220446049250313e-16,2.220446049250313e-16,2.4026398120476304e-15,0.06678204267308122,9.061437844030127e-19,9.551681632848746e-17,9.061437844030127e-19,0.061732390281263566,0.9980999944041132,1.2661681283608463e-16,1.0000000000000022,912.1963366576653,2.4023537178438868e-15,False,True,False,True,True,False,False
up_proj,6,1234,sgd,10,1.3200499262045837,nan,1.3200499262045837,nan,0.0,nan,nan,nan,2.1810912311625118e-16,5.13251633294708e-18,nan,nan,2.434760153564184e-16,0.9999999999999556,nan,1.938573709170281e-15,False,True,False,True,True,False,True
up_proj,6,1234,sgd,50,1.3193985558798171,nan,1.3193985558798171,nan,0.0,nan,nan,nan,4.797028651099586e-16,9.613914040677345e-18,nan,nan,4.919859459503317e-16,1.0000000000000477,nan,3.563227860149742e-15,False,True,False,True,True,False,True
up_proj,7,1234,sgd,1,1.352831158622412,1.352831158622412,1.352831158622412,0.0,0.0,2.0307501436698836e-15,0.024631882818395828,4.759131158804496e-19,9.326698884813294e-17,4.759131158804496e-19,0.028589683645684927,0.9995915673023607,1.2367872376141383e-16,0.9999999999999718,329.74586763295235,2.028191238193117e-15,False,True,False,True,True,False,False
up_proj,7,1234,sgd,10,1.352670011831844,nan,1.352670011831844,nan,0.0,nan,nan,nan,2.2188181323367909e-16,3.91045934228013e-18,nan,nan,2.458837693416776e-16,0.9999999999999988,nan,2.7121291905742256e-15,False,True,False,True,True,False,True
up_proj,7,1234,sgd,50,1.3519956516760736,nan,1.3519956516760736,nan,0.0,nan,nan,nan,4.646109542939855e-16,8.783068900282931e-18,nan,nan,4.768935950290819e-16,1.0000000000000422,nan,2.7946493408445974e-15,False,True,False,True,True,False,True
up_proj,8,1234,sgd,1,1.3385911896549407,1.3385911896549407,1.3385911896549407,0.0,0.0,3.5959329482348885e-15,0.050821888349013446,1.2513426745329998e-18,9.332805880114926e-17,1.2513426745329998e-18,0.051213697164356635,0.9986911590239662,1.2286734216750676e-16,0.999999999999983,668.5461379269547,3.6239379599424e-15,False,True,False,True,True,False,False
up_proj,8,1234,sgd,10,1.338424933633032,nan,1.338424933633032,nan,0.0,nan,nan,nan,2.2187757505721232e-16,3.4653272397755478e-18,nan,nan,2.423097019119884e-16,0.9999999999999999,nan,2.4843581241011284e-15,False,True,False,True,True,False,True
up_proj,8,1234,sgd,50,1.337728147731827,nan,1.337728147731827,nan,0.0,nan,nan,nan,4.743626328953052e-16,8.810485616676332e-18,nan,nan,4.821249884118397e-16,1.0000000000000107,nan,3.0120913570558016e-15,False,True,False,True,True,False,True
up_proj,9,1234,sgd,1,1.3440712556643128,1.344071255664313,1.344071255664313,2.220446049250313e-16,2.220446049250313e-16,2.6187961798950706e-15,0.11137200275030851,9.047631693595634e-19,9.2452665178955e-17,9.047631693595634e-19,0.11697841158588113,0.9932274984943142,1.2273464377258795e-16,0.9999999999999717,1411.6498890961936,2.6376259776118626e-15,False,True,False,True,True,False,False
up_proj,9,1234,sgd,10,1.3438924220657482,nan,1.343892422065748,nan,2.220446049250313e-16,nan,nan,nan,2.2041850224592554e-16,4.708196566295517e-18,nan,nan,2.420243153946121e-16,1.0000000000000098,nan,2.8615568037378566e-15,False,True,False,True,True,False,True
up_proj,9,1234,sgd,50,1.3431428341126868,nan,1.3431428341126868,nan,0.0,nan,nan,nan,4.699548405467082e-16,8.953846640093849e-18,nan,nan,4.789517070201847e-16,1.0000000000000342,nan,2.925357995003209e-15,False,True,False,True,True,False,True
up_proj,10,1234,sgd,1,1.330333697323301,1.330333697323301,1.330333697323301,0.0,0.0,2.3818542026038483e-15,8.211764385178177e-05,1.0474749916738806e-18,9.588836125024688e-17,1.0474749916738806e-18,0.00011013370690591188,0.9999999939424367,1.2658255675863677e-16,1.0000000000000133,1.0663712731097372,2.391165912859889e-15,False,True,False,True,True,False,False
up_proj,10,1234,sgd,10,1.330165390651126,1.3299793525639212,1.330165390651126,0.0001860380872047429,0.0,0.014473167189450388,0.0008137085574714506,5.952673617706535e-07,2.247585444350873e-16,2.1942496427551606e-18,0.0010898242445231178,0.9999994068811311,2.4412545612494973e-16,1.0000000000000298,1.0592378649080754,2.568686638337585e-15,False,True,False,True,True,False,False
up_proj,10,1234,sgd,50,1.329460069917689,1.3285916798196722,1.329460069917689,0.0008683900980168691,0.0,0.07914603928029644,0.003911777318365756,1.5372224741621727e-05,4.769361572201642e-16,8.810700741747005e-18,0.0052081458303111705,0.9999864582846609,4.792276429824359e-16,1.0000000000000258,1.0312778737926764,3.777107214670776e-15,False,True,False,True,True,False,False
up_proj,11,1234,sgd,1,1.3393450224986045,1.339345022498604,1.339345022498604,4.440892098500626e-16,4.440892098500626e-16,2.414564728254462e-15,8.377625073577846e-05,1.0136817008967784e-18,9.616218953211885e-17,1.0136817008967784e-18,0.0001153184762286065,0.9999999933603393,1.2714304891870555e-16,1.0000000000000604,0.9766865579754783,2.4276053141423083e-15,False,True,False,True,True,False,False
up_proj,11,1234,sgd,10,1.3391408336714838,1.3389804379106724,1.3391408336714838,0.00016039576081139373,0.0,0.010449897252834421,0.0008311627348033575,4.7247702821892967e-07,2.1761331540568135e-16,4.2478675475643036e-18,0.001143013919523241,0.9999993477266282,2.429949911191485e-16,0.9999999999999776,0.9731345439750917,2.662973650652422e-15,False,True,False,True,True,False,False
up_proj,11,1234,sgd,50,1.338288511838701,1.3375319408390742,1.338288511838701,0.0007565709996266712,0.0,0.056971250734531825,0.004015510421919172,1.2246389569590282e-05,4.678222663882868e-16,8.594118293779964e-18,0.005499155110805283,0.9999849054135772,4.753006772817813e-16,1.0000000000000198,0.959026796278843,2.5904749187620027e-15,False,True,False,True,True,False,False
up_proj,12,1234,sgd,1,1.3473677275099476,1.3473677275099476,1.3473677275099476,0.0,0.0,2.396682209966862e-15,7.396594899535665e-05,4.668905404053305e-19,9.553393185012657e-17,4.668905404053305e-19,9.822684616882312e-05,0.9999999951801677,1.2594769824413422e-16,0.9999999999999676,1.0034307951041823,2.3884656328521423e-15,False,True,False,True,True,False,False
up_proj,12,1234,sgd,10,1.3472099638782409,1.3470742650338468,1.347209963878241,0.0001356988443941276,2.220446049250313e-16,0.011572703086577603,0.0007335841882168251,4.6216045575169914e-07,2.2393934795457224e-16,4.878112492447874e-18,0.0009728717521016828,0.9999995272166274,2.4616355346645503e-16,0.9999999999999774,0.9985273910179353,2.741076000205581e-15,False,True,False,True,True,False,False
up_proj,12,1234,sgd,50,1.3465485766218834,1.3459082351992504,1.3465485766218834,0.0006403414226330284,0.0,0.06277910848607644,0.003539572724102663,1.1973919429640877e-05,4.764850500564684e-16,9.314271218621862e-18,0.004666365841008989,0.999989125190232,4.871823092000957e-16,0.999999999999996,0.9792342550269449,2.4721359769698984e-15,False,True,False,True,True,False,False
up_proj,13,1234,sgd,1,1.3647586486632615,1.3647586486632615,1.3647586486632615,0.0,0.0,2.3717478747321745e-15,7.056265283335003e-05,9.487152279935698e-19,9.431129905079826e-17,9.487152279935698e-19,9.326660113973883e-05,0.9999999956548165,1.2476914730544482e-16,0.9999999999999827,0.9212544672309632,2.3508912481100975e-15,False,True,False,True,True,False,False
up_proj,13,1234,sgd,10,1.3645910001646893,1.3644921864320998,1.364591000164689,9.881373258946446e-05,2.220446049250313e-16,0.007093138639527278,0.0007008506216986912,3.2916585020380524e-07,2.241956555822075e-16,4.6319729417779435e-18,0.0009253421711497126,0.9999995722951274,2.489964964811026e-16,1.0000000000000226,0.9192967006172865,1.876615026096402e-15,False,True,False,True,True,False,False
up_proj,13,1234,sgd,50,1.3638877588204725,1.3634103118214538,1.3638877588204725,0.0004774469990187491,0.0,0.03846815490211618,0.0034019157910256275,8.624775526107114e-06,4.672141511222611e-16,9.250870692142702e-18,0.004470043878222352,0.9999900206393363,4.756622411685621e-16,0.9999999999999987,0.9113763752782912,2.2907042140540796e-15,False,True,False,True,True,False,False
up_proj,14,1234,sgd,1,1.3626392295116492,1.3626392295116492,1.3626392295116492,0.0,0.0,2.518280840860471e-15,6.257230293949456e-05,1.5919408922042772e-18,9.326182837719143e-17,1.5919408922042772e-18,8.430526045684236e-05,0.9999999964493844,1.2386389833178923e-16,0.9999999999999971,0.7933653746070343,2.522652992118184e-15,False,True,False,True,True,False,False
up_proj,14,1234,sgd,10,1.3624607894516474,1.3624102880004718,1.3624607894516476,5.050145117557747e-05,2.220446049250313e-16,0.0038555654044934817,0.0006218331028573258,1.7025720360708186e-07,2.232850514483492e-16,3.6767711096495395e-18,0.0008370065250742564,0.9999996500189456,2.4822419502022196e-16,0.9999999999999891,0.7926716835464552,3.1250526327148507e-15,False,True,False,True,True,False,False
up_proj,14,1234,sgd,50,1.3617132567736179,1.3614673972596392,1.3617132567736177,0.00024585951397870787,2.220446049250313e-16,0.0207749531842505,0.003025337385782976,4.465156003138434e-06,4.637639994866372e-16,8.08489252531025e-18,0.004054854260092585,0.9999917870042339,4.751641560963234e-16,1.0000000000000224,0.7898666211453895,3.0566544391880713e-15,False,True,False,True,True,False,False
up_proj,15,1234,sgd,1,1.378953694277235,1.378953694277235,1.378953694277235,0.0,0.0,2.5170178059117946e-15,5.1712903967865896e-05,1.8103859044545214e-18,9.426520224823841e-17,1.8103859044545214e-18,6.796882835064587e-05,0.999999997694506,1.248285199180616e-16,0.9999999999999976,0.7250837958226629,2.5115267354925074e-15,False,True,False,True,True,False,False
up_proj,15,1234,sgd,10,1.3788029229555443,1.3787925016931537,1.3788029229555443,1.0421262390591934e-05,0.0,0.0012777040820067097,0.0005142529354767177,6.178238221440351e-08,2.1577758219060184e-16,2.9300621994193853e-18,0.0006752324225806458,0.9999997724666558,2.400223334222828e-16,0.9999999999999614,0.7251136469043632,3.0042298724344748e-15,False,True,False,True,True,False,False
up_proj,15,1234,sgd,50,1.3781695042510373,1.3781171182756322,1.3781695042510373,5.238597540513368e-05,0.0,0.006870016639648638,0.0025090033998728107,1.6359745969236859e-06,4.920632210539858e-16,9.03524276646108e-18,0.0032797902042750724,0.999994631903332,5.049359721391237e-16,1.000000000000007,0.7252759876422418,3.3255857684330174e-15,False,True,False,True,True,False,False
up_proj,16,1234,sgd,1,1.3499575735478506,1.3499575735478508,1.3499575735478508,2.220446049250313e-16,2.220446049250313e-16,3.1289440575400875e-15,4.7819655968422224e-05,1.2103700572758888e-18,9.455196567475504e-17,1.2103700572758888e-18,6.689956751563865e-05,0.9999999977702128,1.255620301574182e-16,0.9999999999999856,0.5977477676042845,3.0814301064792953e-15,False,True,False,True,True,False,False
up_proj,16,1234,sgd,10,1.349776532656606,1.3498354952275633,1.349776532656606,5.8962570957277194e-05,0.0,0.004797529865196296,0.0004747316987977918,1.8164800372256773e-07,2.2549074535057926e-16,3.717490549535968e-18,0.0006635610479363279,0.9999997806198155,2.496259010305322e-16,1.000000000000016,0.5964127637421138,2.6924821312270857e-15,False,True,False,True,True,False,False
up_proj,16,1234,sgd,50,1.349020577710078,1.3493136299123314,1.349020577710078,0.00029305220225328554,0.0,0.0256412797291066,0.0022990098791879116,4.787535595453804e-06,4.638899691111099e-16,8.126599893270312e-18,0.0032007240905406417,0.9999948947916062,4.765710530135822e-16,0.9999999999999449,0.5906193484862713,2.6299291848530177e-15,False,True,False,True,True,False,False
up_proj,17,1234,sgd,1,1.3283166386991514,1.3283166386991514,1.3283166386991514,0.0,0.0,2.806349793421319e-15,5.3209241445128585e-05,1.795949704228785e-18,9.473913029027497e-17,1.795949704228785e-18,7.223076840468974e-05,0.9999999974021082,1.2459758656083334e-16,0.9999999999999953,0.6972800449253631,2.8033405837235317e-15,False,True,False,True,True,False,False
up_proj,17,1234,sgd,10,1.3281501042352313,1.328226941280461,1.3281501042352313,7.683704522976065e-05,0.0,0.006364300921104835,0.0005284598591708822,2.444048382522294e-07,2.1963885754038572e-16,3.8667692160051965e-18,0.0007166116313914398,0.9999997442840962,2.440969314558911e-16,0.9999999999999899,0.6957661494533154,2.570905556961924e-15,False,True,False,True,True,False,False
up_proj,17,1234,sgd,50,1.3274520000384369,1.3278391580879414,1.3274520000384369,0.00038715804950451016,0.0,0.03389703763421151,0.0025639039536572068,6.476535604837002e-06,4.806977449810003e-16,9.128228905035293e-18,0.003460173219471556,0.9999940371251193,4.912056603350816e-16,1.000000000000019,0.6891347054927245,2.888166865372411e-15,False,True,False,True,True,False,False
up_proj,18,1234,sgd,1,1.3589682647226153,1.3589682647226153,1.3589682647226153,0.0,0.0,3.339642800875812e-15,5.7992427749270605e-05,1.2546366074831761e-18,9.27139275416763e-17,1.2546366074831761e-18,7.91032637652553e-05,0.9999999968859563,1.2455855189100703e-16,1.0000000000000409,0.7010684744242174,3.340612526653139e-15,False,True,False,True,True,False,False
up_proj,18,1234,sgd,10,1.3587753254586887,1.3588619044498231,1.3587753254586887,8.65789911344006e-05,0.0,0.006232579112940117,0.0005759465850443339,2.561645110800361e-07,2.138583115612918e-16,3.619955787307982e-18,0.0007847808695346882,0.9999996934844133,2.3713939444155896e-16,0.9999999999999617,0.699658379754889,2.811480608802899e-15,False,True,False,True,True,False,False
up_proj,18,1234,sgd,50,1.3579681553107814,1.358403286081146,1.3579681553107816,0.0004351307703645002,2.220446049250313e-16,0.03319872887258274,0.002793934136718095,6.7797305816917315e-06,4.672552300699868e-16,8.012161761838384e-18,0.003789088795272947,0.9999928534102905,4.803852987936377e-16,1.0000000000000053,0.693498049105986,3.0764322984060002e-15,False,True,False,True,True,False,False
up_proj,19,1234,sgd,1,1.3929398680211131,1.3929398680211131,1.3929398680211131,0.0,0.0,2.439041566420278e-15,5.79091902453862e-05,9.76687606440256e-19,9.357100706790524e-17,9.76687606440256e-19,7.998610614079502e-05,0.9999999968167204,1.2344832925828438e-16,0.9999999999999831,0.7164568936413852,2.4326892764827006e-15,False,True,False,True,True,False,False
up_proj,19,1234,sgd,10,1.3927545896596858,1.3928609944329298,1.392754589659686,0.00010640477324397324,2.220446049250313e-16,0.00786583399068168,0.0005748795854345365,3.220121647405625e-07,2.182839980414592e-16,3.862565077773591e-18,0.0007932641733539943,0.9999996868885658,2.4139194074946e-16,1.0000000000000013,0.7144648897727139,2.6784783397193363e-15,False,True,False,True,True,False,False
up_proj,19,1234,sgd,50,1.391979237653085,1.3925178225113837,1.3919792376530853,0.0005385848582986075,2.220446049250313e-16,0.04180880970539449,0.0027834625620557062,8.547919834164045e-06,4.694734889083428e-16,9.248789300464206e-18,0.00382392848888778,0.9999927228504457,4.809441052505568e-16,1.0000000000000018,0.7056273580966081,2.4110682641699245e-15,False,True,False,True,True,False,False
up_proj,20,1234,sgd,1,1.3976515189177905,1.3976515189177905,1.3976515189177905,0.0,0.0,2.5700508397676953e-15,5.362609212069002e-05,1.1158867637296835e-18,9.463637456194892e-17,1.1158867637296835e-18,7.17692701288429e-05,0.9999999974376133,1.2516687698056435e-16,0.9999999999999964,0.7327894227585674,2.559941683704596e-15,False,True,False,True,True,False,False
up_proj,20,1234,sgd,10,1.3974943750196895,1.3975879495659418,1.3974943750196893,9.357454625225081e-05,2.220446049250313e-16,0.008100841227541442,0.0005325120369291135,3.115114438241732e-07,2.2020434094490597e-16,3.4535957320301665e-18,0.0007118008622213792,0.9999997479447278,2.4428008553515893e-16,1.000000000000003,0.7308548151884137,3.2463216783286443e-15,False,True,False,True,True,False,False
up_proj,20,1234,sgd,50,1.3968347552502225,1.3973104167758015,1.3968347552502225,0.00047566152557898533,0.0,0.04299273094796371,0.002581639038072529,8.284375179857346e-06,4.736989947622605e-16,8.220497899966659e-18,0.0034318783482037356,0.9999941398658174,4.80882196244147e-16,0.9999999999999956,0.7222914903639873,3.3980789073860766e-15,False,True,False,True,True,False,False
up_proj,21,1234,sgd,1,1.433141352254687,1.433141352254687,1.433141352254687,0.0,0.0,2.6681876036983875e-15,8.497154162670366e-05,5.291899452481396e-19,9.280946088921571e-17,5.291899452481396e-19,0.00010186629662624129,0.9999999948232867,1.2258644285952901e-16,0.999999999999995,1.129112133504259,2.6251962911616435e-15,False,True,False,True,True,False,False
up_proj,21,1234,sgd,10,1.4329777312777188,1.4327589906914133,1.4329777312777188,0.00021874058630544368,0.0,0.0646887413927906,0.0007882222153498739,5.309726454344191e-06,2.2208270694199895e-16,3.134425332661649e-18,0.0009597176801370111,0.9999995406337221,2.462049912501274e-16,1.000000000000017,0.9926533561594822,2.429665254134607e-15,False,True,False,True,True,False,False
up_proj,21,1234,sgd,50,1.4322929319817368,1.432133519435264,1.432292931981737,0.00015941254647278136,2.220446049250313e-16,0.18649131268878782,0.0032536792479765223,9.858174719886963e-05,4.799341266940832e-16,8.015015323359884e-18,0.004210940316268678,0.9999911611217802,4.896513728044368e-16,1.0000000000000329,0.8108998961887146,2.9809671147829486e-15,False,True,False,True,True,False,False
up_proj,22,1234,sgd,1,1.4106004260306033,1.4106004260306033,1.4106004260306033,0.0,0.0,2.4716293090977254e-15,0.12828070760501303,2.9693308053685728e-19,9.200605462100635e-17,2.9693308053685728e-19,0.1179987624597568,0.9931100729814601,1.2219092994946737e-16,1.0000000000000662,1831.023756017734,2.450011060078044e-15,False,True,False,True,True,False,False
up_proj,22,1234,sgd,10,1.410453985040726,nan,1.410453985040726,nan,0.0,nan,nan,nan,2.136940631452391e-16,3.54571155242837e-18,nan,nan,2.3969903364643563e-16,0.9999999999999933,nan,3.3091349509101117e-15,False,True,False,True,True,False,True
up_proj,22,1234,sgd,50,1.4098395546337397,nan,1.4098395546337397,nan,0.0,nan,nan,nan,4.630732158838828e-16,1.0066448937757613e-17,nan,nan,4.783355841684279e-16,1.000000000000007,nan,3.0935219457549003e-15,False,True,False,True,True,False,True
up_proj,23,1234,sgd,1,1.406646360635016,1.4066463606350157,1.4066463606350157,2.220446049250313e-16,2.220446049250313e-16,2.9091610435159297e-15,0.04021326744210125,6.919881916096552e-19,9.53245570213291e-17,6.919881916096552e-19,0.045646426177794124,0.998959838481561,1.262983617402261e-16,0.9999999999999685,540.0934189658063,2.9122654254466463e-15,False,True,False,True,True,False,False
up_proj,23,1234,sgd,10,1.4064793361980814,nan,1.406479336198082,nan,6.661338147750939e-16,nan,nan,nan,2.1867242566995195e-16,4.268553752686683e-18,nan,nan,2.4361233253127947e-16,1.000000000000029,nan,2.453981968460545e-15,False,True,False,True,True,False,True
up_proj,23,1234,sgd,50,1.4057788252897812,nan,1.4057788252897812,nan,0.0,nan,nan,nan,4.73487470955924e-16,9.456626993356996e-18,nan,nan,4.854953212207268e-16,0.9999999999999715,nan,2.0404687367552104e-15,False,True,False,True,True,False,True
down_proj,0,1234,sgd,1,2.7735674755530018,2.7735674755530018,2.7735674755530018,0.0,0.0,1.7338439344193766e-15,6.37392356572375e-18,7.530826387886438e-18,6.37392356572375e-18,7.530826387886438e-18,1.6761724657960836e-17,1.0000000000000275,1.6761724657960836e-17,1.0000000000000275,1.733843934419376e-15,1.733843934419376e-15,True,True,True,True,False,False,False
down_proj,0,1234,sgd,10,2.7672372743465794,2.767237274346579,2.767237274346579,4.440892098500626e-16,4.440892098500626e-16,2.4624535708924582e-15,2.142392301373417e-17,2.5940571547564886e-17,2.142392301373417e-17,2.5940571547564886e-17,5.46879320723037e-17,0.9999999999999585,5.46879320723037e-17,0.9999999999999585,2.4624535708924543e-15,2.4624535708924543e-15,True,True,True,True,False,False,False
down_proj,0,1234,sgd,50,2.7466789939810945,2.7466789939810945,2.7466789939810945,0.0,0.0,2.7276634078648872e-15,4.7737325581811956e-17,5.808853814243628e-17,4.7737325581811956e-17,5.808853814243628e-17,1.0896353888223238e-16,0.9999999999999982,1.0896353888223238e-16,0.9999999999999982,2.7276634078648908e-15,2.7276634078648908e-15,True,True,True,True,False,False,False
down_proj,1,1234,sgd,1,2.4504445004628717,2.4504445004628717,2.4504445004628717,0.0,0.0,1.9827218880751846e-15,6.495186199222349e-18,8.302101032636691e-18,6.495186199222349e-18,8.302101032636691e-18,1.7245304308639096e-17,0.9999999999999947,1.7245304308639096e-17,0.9999999999999947,1.982721888075184e-15,1.982721888075184e-15,True,True,True,True,False,False,False
down_proj,1,1234,sgd,10,2.444480249844705,2.4444802498447054,2.4444802498447054,4.440892098500626e-16,4.440892098500626e-16,2.38314916923768e-15,2.1241541745116333e-17,2.590719686098973e-17,2.1241541745116333e-17,2.590719686098973e-17,5.3939128755387474e-17,0.9999999999999896,5.3939128755387474e-17,0.9999999999999896,2.3831491692376813e-15,2.3831491692376813e-15,True,True,True,True,False,False,False
down_proj,1,1234,sgd,50,2.4251529751066676,2.4251529751066676,2.4251529751066676,0.0,0.0,3.5839559161672845e-15,4.815533034304221e-17,5.654833450448861e-17,4.815533034304221e-17,5.654833450448861e-17,1.0798248091225931e-16,0.9999999999999523,1.0798248091225931e-16,0.9999999999999523,3.5839559161672845e-15,3.5839559161672845e-15,True,True,True,True,False,False,False
down_proj,2,1234,sgd,1,2.4656863454337214,2.465686345433722,2.465686345433722,4.440892098500626e-16,4.440892098500626e-16,2.0902394575938136e-15,7.193636258340416e-18,9.179022377729633e-18,7.193636258340416e-18,9.179022377729633e-18,1.8771527436093796e-17,0.9999999999999777,1.8771527436093796e-17,0.9999999999999777,2.090239457593814e-15,2.090239457593814e-15,True,True,True,True,False,False,False
down_proj,2,1234,sgd,10,2.459657113884566,2.459657113884566,2.459657113884566,0.0,0.0,2.5538786890298275e-15,2.2132223197873157e-17,2.6638474396596553e-17,2.2132223197873157e-17,2.6638474396596553e-17,5.598839935930793e-17,0.9999999999999695,5.598839935930793e-17,0.9999999999999695,2.5538786890298267e-15,2.5538786890298267e-15,True,True,True,True,False,False,False
down_proj,2,1234,sgd,50,2.440459762299586,2.4404597622995854,2.4404597622995854,4.440892098500626e-16,4.440892098500626e-16,2.989948340005727e-15,4.8847751628306117e-17,5.810968925313242e-17,4.8847751628306117e-17,5.810968925313242e-17,1.0926949224116754e-16,1.0000000000000038,1.0926949224116754e-16,1.0000000000000038,2.9899483400057274e-15,2.9899483400057274e-15,True,True,True,True,False,False,False
down_proj,3,1234,sgd,1,2.5776923936752443,2.5776923936752447,2.5776923936752447,4.440892098500626e-16,4.440892098500626e-16,3.4242002607940006e-15,8.394491283093573e-18,8.17824730829927e-18,8.394491283093573e-18,8.17824730829927e-18,1.9819943684660872e-17,0.9999999999999459,1.9819943684660872e-17,0.9999999999999459,3.4242002607939998e-15,3.4242002607939998e-15,True,True,True,True,False,False,False
down_proj,3,1234,sgd,10,2.572658015130265,2.572658015130265,2.572658015130265,0.0,0.0,2.8289353826128e-15,2.3323294708794826e-17,2.6507290600414326e-17,2.3323294708794826e-17,2.6507290600414326e-17,5.656041649038642e-17,1.0000000000000342,5.656041649038642e-17,1.0000000000000342,2.828935382612796e-15,2.828935382612796e-15,True,True,True,True,False,False,False
down_proj,3,1234,sgd,50,2.555879297116482,2.555879297116482,2.555879297116482,0.0,0.0,3.4086209411238156e-15,4.8969325842686193e-17,5.835081680084824e-17,4.8969325842686193e-17,5.835081680084824e-17,1.0947344529306061e-16,0.9999999999999942,1.0947344529306061e-16,0.9999999999999942,3.4086209411238148e-15,3.4086209411238148e-15,True,True,True,True,False,False,False
down_proj,4,1234,sgd,1,2.595721437606749,2.5957214376067492,2.5957214376067492,4.440892098500626e-16,4.440892098500626e-16,2.785180774453006e-15,7.353804890138258e-18,8.215438474781766e-18,7.353804890138258e-18,8.215438474781766e-18,1.8564671657799503e-17,1.0000000000000289,1.8564671657799503e-17,1.0000000000000289,2.7851807744530037e-15,2.7851807744530037e-15,True,True,True,True,False,False,False
down_proj,4,1234,sgd,10,2.589897187402335,2.5898971874023355,2.5898971874023355,4.440892098500626e-16,4.440892098500626e-16,2.625291158600654e-15,2.0926240198482816e-17,2.5698611695234596e-17,2.0926240198482816e-17,2.5698611695234596e-17,5.3724977047499713e-17,0.9999999999999915,5.3724977047499713e-17,0.9999999999999915,2.625291158600651e-15,2.625291158600651e-15,True,True,True,True,False,False,False
down_proj,4,1234,sgd,50,2.5710861592598895,2.5710861592598895,2.5710861592598895,0.0,0.0,3.222604328914566e-15,4.789488842584445e-17,5.794227670311975e-17,4.789488842584445e-17,5.794227670311975e-17,1.0933307814826412e-16,1.0000000000000098,1.0933307814826412e-16,1.0000000000000098,3.222604328914566e-15,3.222604328914566e-15,True,True,True,True,False,False,False
down_proj,5,1234,sgd,1,2.396715144299627,2.3967151442996273,2.3967151442996273,4.440892098500626e-16,4.440892098500626e-16,2.655040159239247e-15,5.794936352738071e-18,9.428774930904948e-18,5.794936352738071e-18,9.428774930904948e-18,1.8619222675121795e-17,0.9999999999999949,1.8619222675121795e-17,0.9999999999999949,2.6550401592392484e-15,2.6550401592392484e-15,True,True,True,True,False,False,False
down_proj,5,1234,sgd,10,2.390791765705455,2.390791765705455,2.390791765705455,0.0,0.0,2.5696791042681644e-15,2.1668839812053814e-17,2.7711662079048094e-17,2.1668839812053814e-17,2.7711662079048094e-17,5.613728530104318e-17,1.0000000000000664,5.613728530104318e-17,1.0000000000000664,2.5696791042681624e-15,2.5696791042681624e-15,True,True,True,True,False,False,False
down_proj,5,1234,sgd,50,2.3716150329523025,2.3716150329523025,2.3716150329523025,0.0,0.0,2.8932144151397206e-15,4.768289552443802e-17,5.647896522345991e-17,4.768289552443802e-17,5.647896522345991e-17,1.0723046881699353e-16,0.9999999999999918,1.0723046881699353e-16,0.9999999999999918,2.893214415139718e-15,2.893214415139718e-15,True,True,True,True,False,False,False
down_proj,6,1234,sgd,1,2.582252953877594,2.5822529538775942,2.5822529538775942,4.440892098500626e-16,4.440892098500626e-16,2.607033516758043e-15,8.252301986300154e-18,7.788941367529335e-18,8.252301986300154e-18,7.788941367529335e-18,1.983622344299589e-17,0.9999999999999793,1.983622344299589e-17,0.9999999999999793,2.6070335167580446e-15,2.6070335167580446e-15,True,True,True,True,False,False,False
down_proj,6,1234,sgd,10,2.5765735401434453,2.5765735401434453,2.5765735401434453,0.0,0.0,2.4493741958259404e-15,2.265926510890851e-17,2.4331090237914906e-17,2.265926510890851e-17,2.4331090237914906e-17,5.465600445180126e-17,1.000000000000056,5.465600445180126e-17,1.000000000000056,2.449374195825939e-15,2.449374195825939e-15,True,True,True,True,False,False,False
down_proj,6,1234,sgd,50,2.557977476961084,2.557977476961085,2.557977476961085,8.881784197001252e-16,8.881784197001252e-16,2.390660694538871e-15,4.812578770373107e-17,5.580403925374409e-17,4.812578770373107e-17,5.580403925374409e-17,1.0749344217451468e-16,1.0000000000000095,1.0749344217451468e-16,1.0000000000000095,2.3906606945388713e-15,2.3906606945388713e-15,True,True,True,True,False,False,False
down_proj,7,1234,sgd,1,2.638892160907131,2.638892160907131,2.638892160907131,0.0,0.0,2.644006652165889e-15,6.6153026876650005e-18,7.47435203207587e-18,6.6153026876650005e-18,7.47435203207587e-18,1.8349463365296122e-17,0.999999999999991,1.8349463365296122e-17,0.999999999999991,2.644006652165889e-15,2.644006652165889e-15,True,True,True,True,False,False,False
down_proj,7,1234,sgd,10,2.6325907354347144,2.6325907354347144,2.6325907354347144,0.0,0.0,1.7812806975645066e-15,2.2301857895948823e-17,2.567708787478329e-17,2.2301857895948823e-17,2.567708787478329e-17,5.4806211112610187e-17,1.0000000000000355,5.4806211112610187e-17,1.0000000000000355,1.7812806975645074e-15,1.7812806975645074e-15,True,True,True,True,False,False,False
down_proj,7,1234,sgd,50,2.6123056553114035,2.6123056553114035,2.6123056553114035,0.0,0.0,2.8393906262813638e-15,4.924361190741728e-17,5.8322870420988e-17,4.924361190741728e-17,5.8322870420988e-17,1.1003197782900095e-16,1.0000000000000004,1.1003197782900095e-16,1.0000000000000004,2.8393906262813634e-15,2.8393906262813634e-15,True,True,True,True,False,False,False
down_proj,8,1234,sgd,1,2.6654169100282776,2.665416910028277,2.665416910028277,4.440892098500626e-16,4.440892098500626e-16,1.8659381134142492e-15,7.363648119491107e-18,8.349063083472219e-18,7.363648119491107e-18,8.349063083472219e-18,1.837162520058973e-17,1.0000000000000009,1.837162520058973e-17,1.0000000000000009,1.8659381134142516e-15,1.8659381134142516e-15,True,True,True,True,False,False,False
down_proj,8,1234,sgd,10,2.6585613867840556,2.658561386784056,2.658561386784056,4.440892098500626e-16,4.440892098500626e-16,2.3756431495962144e-15,2.023889887678006e-17,2.3210192780427857e-17,2.023889887678006e-17,2.3210192780427857e-17,5.1244467443819204e-17,1.0000000000000093,5.1244467443819204e-17,1.0000000000000093,2.37564314959621e-15,2.37564314959621e-15,True,True,True,True,False,False,False
down_proj,8,1234,sgd,50,2.63648115150045,2.63648115150045,2.63648115150045,0.0,0.0,3.16970413221409e-15,4.7477219769853706e-17,5.5004975027328e-17,4.7477219769853706e-17,5.5004975027328e-17,1.0591556869666097e-16,1.0000000000000178,1.0591556869666097e-16,1.0000000000000178,3.1697041322140926e-15,3.1697041322140926e-15,True,True,True,True,False,False,False
down_proj,9,1234,sgd,1,2.643839613128503,2.6438396131285025,2.6438396131285025,4.440892098500626e-16,4.440892098500626e-16,2.5242821864896783e-15,7.771173411709891e-18,7.958552542824224e-18,7.771173411709891e-18,7.958552542824224e-18,1.8765965898508374e-17,1.0000000000000522,1.8765965898508374e-17,1.0000000000000522,2.5242821864896736e-15,2.5242821864896736e-15,True,True,True,True,False,False,False
down_proj,9,1234,sgd,10,2.637417206769612,2.637417206769612,2.637417206769612,0.0,0.0,2.2590378297627656e-15,2.208312630475706e-17,2.3199598174305028e-17,2.208312630475706e-17,2.3199598174305028e-17,5.245122063334598e-17,0.999999999999966,5.245122063334598e-17,0.999999999999966,2.259037829762764e-15,2.259037829762764e-15,True,True,True,True,False,False,False
down_proj,9,1234,sgd,50,2.6162309217902955,2.616230921790295,2.616230921790295,4.440892098500626e-16,4.440892098500626e-16,3.6731386637397046e-15,5.012926234114669e-17,5.584262791450749e-17,5.012926234114669e-17,5.584262791450749e-17,1.0865776137573869e-16,1.0000000000000022,1.0865776137573869e-16,1.0000000000000022,3.673138663739708e-15,3.673138663739708e-15,True,True,True,True,False,False,False
down_proj,10,1234,sgd,1,2.5107236082412863,2.5107236082412863,2.5107236082412863,0.0,0.0,2.6587157040504106e-15,7.880038981845213e-18,8.186998807858162e-18,7.880038981845213e-18,8.186998807858162e-18,1.9701792614531183e-17,0.9999999999999596,1.9701792614531183e-17,0.9999999999999596,2.6587157040504098e-15,2.6587157040504098e-15,True,True,True,True,False,False,False
down_proj,10,1234,sgd,10,2.5048592929494853,2.5048592929494853,2.5048592929494853,0.0,0.0,2.263685352863914e-15,2.1370023705486463e-17,2.5481416320412822e-17,2.1370023705486463e-17,2.5481416320412822e-17,5.382598569740331e-17,1.0000000000000115,5.382598569740331e-17,1.0000000000000115,2.263685352863913e-15,2.263685352863913e-15,True,True,True,True,False,False,False
down_proj,10,1234,sgd,50,2.486092957274711,2.486092957274711,2.486092957274711,0.0,0.0,3.072062871578531e-15,4.8647382042034304e-17,5.726445981480802e-17,4.8647382042034304e-17,5.726445981480802e-17,1.0881290727230305e-16,1.0000000000000422,1.0881290727230305e-16,1.0000000000000422,3.0720628715785224e-15,3.0720628715785224e-15,True,True,True,True,False,False,False
down_proj,11,1234,sgd,1,2.733223967591022,2.7332239675910213,2.7332239675910213,8.881784197001252e-16,8.881784197001252e-16,2.3574092118989147e-15,7.525927017317868e-18,9.593843109729907e-18,7.525927017317868e-18,9.593843109729907e-18,1.9125875870322462e-17,0.9999999999999971,1.9125875870322462e-17,0.9999999999999971,2.357409211898917e-15,2.357409211898917e-15,True,True,True,True,False,False,False
down_proj,11,1234,sgd,10,2.726586131612464,2.7265861316124638,2.7265861316124638,4.440892098500626e-16,4.440892098500626e-16,2.114883750392059e-15,2.1331100519800673e-17,2.3774159993268507e-17,2.1331100519800673e-17,2.3774159993268507e-17,5.242453279394206e-17,0.9999999999999644,5.242453279394206e-17,0.9999999999999644,2.114883750392064e-15,2.114883750392064e-15,True,True,True,True,False,False,False
down_proj,11,1234,sgd,50,2.7046144620321537,2.7046144620321533,2.7046144620321533,4.440892098500626e-16,4.440892098500626e-16,2.740142402394449e-15,4.876838309356622e-17,6.04639905228593e-17,4.876838309356622e-17,6.04639905228593e-17,1.1111233871637334e-16,0.9999999999999698,1.1111233871637334e-16,0.9999999999999698,2.7401424023944496e-15,2.7401424023944496e-15,True,True,True,True,False,False,False
down_proj,12,1234,sgd,1,2.8572025415923767,2.8572025415923767,2.8572025415923767,0.0,0.0,2.3823052305472702e-15,7.274591307475948e-18,7.146562702813073e-18,7.274591307475948e-18,7.146562702813073e-18,1.8165067408489487e-17,1.0000000000000406,1.8165067408489487e-17,1.0000000000000406,2.3823052305472686e-15,2.3823052305472686e-15,True,True,True,True,False,False,False
down_proj,12,1234,sgd,10,2.850037797984676,2.8500377979846765,2.8500377979846765,4.440892098500626e-16,4.440892098500626e-16,2.9932178036134726e-15,2.1941681944014995e-17,2.925927242809848e-17,2.1941681944014995e-17,2.925927242809848e-17,5.778316833537049e-17,1.0000000000000162,5.778316833537049e-17,1.0000000000000162,2.993217803613471e-15,2.993217803613471e-15,True,True,True,True,False,False,False
down_proj,12,1234,sgd,50,2.826643970150951,2.8266439701509505,2.8266439701509505,4.440892098500626e-16,4.440892098500626e-16,3.785103294343676e-15,4.8356287699835984e-17,6.066157311324188e-17,4.8356287699835984e-17,6.066157311324188e-17,1.10989370491804e-16,1.0000000000000422,1.10989370491804e-16,1.0000000000000422,3.785103294343676e-15,3.785103294343676e-15,True,True,True,True,False,False,False
down_proj,13,1234,sgd,1,2.7884737686925574,2.788473768692557,2.788473768692557,4.440892098500626e-16,4.440892098500626e-16,2.5543640292895314e-15,7.103596109875058e-18,9.915053236893232e-18,7.103596109875058e-18,9.915053236893232e-18,1.980429107683183e-17,1.0000000000000098,1.980429107683183e-17,1.0000000000000098,2.554364029289533e-15,2.554364029289533e-15,True,True,True,True,False,False,False
down_proj,13,1234,sgd,10,2.7821287414514893,2.7821287414514884,2.7821287414514884,8.881784197001252e-16,8.881784197001252e-16,1.7406213079318684e-15,2.018511139230408e-17,2.6531059355439877e-17,2.018511139230408e-17,2.6531059355439877e-17,5.4052355704586654e-17,1.0000000000000373,5.4052355704586654e-17,1.0000000000000373,1.74062130793187e-15,1.74062130793187e-15,True,True,True,True,False,False,False
down_proj,13,1234,sgd,50,2.76121001256472,2.7612100125647197,2.7612100125647197,4.440892098500626e-16,4.440892098500626e-16,3.4136220425813778e-15,4.7491758435374605e-17,5.794457152384357e-17,4.7491758435374605e-17,5.794457152384357e-17,1.0859273281573778e-16,1.000000000000013,1.0859273281573778e-16,1.000000000000013,3.4136220425813766e-15,3.4136220425813766e-15,True,True,True,True,False,False,False
down_proj,14,1234,sgd,1,2.7243402616347008,2.7243402616347017,2.7243402616347017,8.881784197001252e-16,8.881784197001252e-16,2.929487593965142e-15,7.845967145943457e-18,7.000571806464213e-18,7.845967145943457e-18,7.000571806464213e-18,1.833981996015038e-17,1.0000000000000053,1.833981996015038e-17,1.0000000000000053,2.9294875939651445e-15,2.9294875939651445e-15,True,True,True,True,False,False,False
down_proj,14,1234,sgd,10,2.7186647322587603,2.71866473225876,2.71866473225876,4.440892098500626e-16,4.440892098500626e-16,3.1148142879314425e-15,2.2689320054921714e-17,2.3860578926105384e-17,2.2689320054921714e-17,2.3860578926105384e-17,5.472556745658666e-17,1.000000000000014,5.472556745658666e-17,1.000000000000014,3.114814287931441e-15,3.114814287931441e-15,True,True,True,True,False,False,False
down_proj,14,1234,sgd,50,2.700491586268467,2.700491586268467,2.700491586268467,0.0,0.0,3.233941845203895e-15,5.0371336968120696e-17,5.91289627490291e-17,5.0371336968120696e-17,5.91289627490291e-17,1.1201250283199121e-16,1.0000000000000127,1.1201250283199121e-16,1.0000000000000127,3.2339418452038932e-15,3.2339418452038932e-15,True,True,True,True,False,False,False
down_proj,15,1234,sgd,1,2.8152140557052365,2.8152140557052365,2.8152140557052365,0.0,0.0,3.057729983395578e-15,6.681475962958238e-18,9.15114133962167e-18,6.681475962958238e-18,9.15114133962167e-18,1.9023221641757337e-17,1.000000000000013,1.9023221641757337e-17,1.000000000000013,3.0577299833955777e-15,3.0577299833955777e-15,True,True,True,True,False,False,False
down_proj,15,1234,sgd,10,2.8098490069953064,2.809849006995307,2.809849006995307,4.440892098500626e-16,4.440892098500626e-16,2.76562587784729e-15,2.1369269694741532e-17,2.7349677347326048e-17,2.1369269694741532e-17,2.7349677347326048e-17,5.605056171966556e-17,1.0000000000000142,5.605056171966556e-17,1.0000000000000142,2.76562587784729e-15,2.76562587784729e-15,True,True,True,True,False,False,False
down_proj,15,1234,sgd,50,2.792304440804383,2.7923044408043824,2.7923044408043824,4.440892098500626e-16,4.440892098500626e-16,2.999950085401721e-15,4.9485689251582043e-17,5.957366255693269e-17,4.9485689251582043e-17,5.957366255693269e-17,1.1161329666443683e-16,0.9999999999999536,1.1161329666443683e-16,0.9999999999999536,2.999950085401724e-15,2.999950085401724e-15,True,True,True,True,False,False,False
down_proj,16,1234,sgd,1,2.6543551827281355,2.6543551827281355,2.6543551827281355,0.0,0.0,2.306318932528668e-15,6.795658140974504e-18,7.558740709832473e-18,6.795658140974504e-18,7.558740709832473e-18,1.7243188671655012e-17,1.0000000000000082,1.7243188671655012e-17,1.0000000000000082,2.3063189325286686e-15,2.3063189325286686e-15,True,True,True,True,False,False,False
down_proj,16,1234,sgd,10,2.6487714421245507,2.648771442124551,2.648771442124551,4.440892098500626e-16,4.440892098500626e-16,2.4778900269686573e-15,2.1526834059375678e-17,2.575674654924238e-17,2.1526834059375678e-17,2.575674654924238e-17,5.329738401022114e-17,0.9999999999999756,5.329738401022114e-17,0.9999999999999756,2.4778900269686597e-15,2.4778900269686597e-15,True,True,True,True,False,False,False
down_proj,16,1234,sgd,50,2.6304133188931154,2.630413318893115,2.630413318893115,4.440892098500626e-16,4.440892098500626e-16,2.591089685768508e-15,4.632743473494923e-17,5.830963846773472e-17,4.632743473494923e-17,5.830963846773472e-17,1.0763766819228959e-16,1.0000000000000122,1.0763766819228959e-16,1.0000000000000122,2.5910896857685104e-15,2.5910896857685104e-15,True,True,True,True,False,False,False
down_proj,17,1234,sgd,1,2.6364843855885614,2.6364843855885614,2.6364843855885614,0.0,0.0,2.1513403475208617e-15,5.72113201246624e-18,8.638597074229281e-18,5.72113201246624e-18,8.638597074229281e-18,1.785617888374349e-17,1.0000000000000422,1.785617888374349e-17,1.0000000000000422,2.1513403475208605e-15,2.1513403475208605e-15,True,True,True,True,False,False,False
down_proj,17,1234,sgd,10,2.630446068401934,2.630446068401934,2.630446068401934,0.0,0.0,2.50886988767139e-15,2.1320082725041485e-17,2.6896490956383916e-17,2.1320082725041485e-17,2.6896490956383916e-17,5.48081510400865e-17,0.9999999999999889,5.48081510400865e-17,0.9999999999999889,2.5088698876713916e-15,2.5088698876713916e-15,True,True,True,True,False,False,False
down_proj,17,1234,sgd,50,2.6108422875715394,2.61084228757154,2.61084228757154,4.440892098500626e-16,4.440892098500626e-16,2.450023789973496e-15,4.8184175098591147e-17,6.06044089315668e-17,4.8184175098591147e-17,6.06044089315668e-17,1.1061468063991155e-16,1.0000000000000355,1.1061468063991155e-16,1.0000000000000355,2.4500237899734927e-15,2.4500237899734927e-15,True,True,True,True,False,False,False
down_proj,18,1234,sgd,1,2.7840472861777514,2.7840472861777505,2.7840472861777505,8.881784197001252e-16,8.881784197001252e-16,2.5741387589568153e-15,6.915233539524805e-18,8.52526134776691e-18,6.915233539524805e-18,8.52526134776691e-18,1.8425303623906657e-17,0.9999999999999994,1.8425303623906657e-17,0.9999999999999994,2.5741387589568173e-15,2.5741387589568173e-15,True,True,True,True,False,False,False
down_proj,18,1234,sgd,10,2.7782802587450477,2.7782802587450472,2.7782802587450472,4.440892098500626e-16,4.440892098500626e-16,2.8805648088062593e-15,2.1588569562057522e-17,2.6099135793087804e-17,2.1588569562057522e-17,2.6099135793087804e-17,5.487645696873251e-17,1.0000000000000195,5.487645696873251e-17,1.0000000000000195,2.8805648088062597e-15,2.8805648088062597e-15,True,True,True,True,False,False,False
down_proj,18,1234,sgd,50,2.759285382837118,2.7592853828371178,2.7592853828371178,4.440892098500626e-16,4.440892098500626e-16,3.1431867253382942e-15,4.708226556274073e-17,5.548704788125096e-17,4.708226556274073e-17,5.548704788125096e-17,1.0602232527869353e-16,1.0000000000000002,1.0602232527869353e-16,1.0000000000000002,3.1431867253382942e-15,3.1431867253382942e-15,True,True,True,True,False,False,False
down_proj,19,1234,sgd,1,2.81884291554064,2.8188429155406403,2.8188429155406403,4.440892098500626e-16,4.440892098500626e-16,1.9394901441558998e-15,6.430215970857043e-18,7.47361419435549e-18,6.430215970857043e-18,7.47361419435549e-18,1.7676892153339004e-17,0.9999999999999749,1.7676892153339004e-17,0.9999999999999749,1.9394901441559e-15,1.9394901441559e-15,True,True,True,True,False,False,False
down_proj,19,1234,sgd,10,2.8117973806601904,2.811797380660191,2.811797380660191,4.440892098500626e-16,4.440892098500626e-16,2.266069673868165e-15,2.0906163224523047e-17,2.598515976058869e-17,2.0906163224523047e-17,2.598515976058869e-17,5.4281068565485246e-17,0.9999999999999911,5.4281068565485246e-17,0.9999999999999911,2.266069673868167e-15,2.266069673868167e-15,True,True,True,True,False,False,False
down_proj,19,1234,sgd,50,2.789634741999814,2.789634741999814,2.789634741999814,0.0,0.0,3.154124882616642e-15,4.887678928494105e-17,5.830145531371742e-17,4.887678928494105e-17,5.830145531371742e-17,1.1031245714298875e-16,0.999999999999996,1.1031245714298875e-16,0.999999999999996,3.1541248826166413e-15,3.1541248826166413e-15,True,True,True,True,False,False,False
down_proj,20,1234,sgd,1,3.0021592768846364,3.002159276884637,3.002159276884637,4.440892098500626e-16,4.440892098500626e-16,2.411567282088769e-15,6.185809601758426e-18,9.385535914325143e-18,6.185809601758426e-18,9.385535914325143e-18,1.9118539985647758e-17,1.000000000000024,1.9118539985647758e-17,1.000000000000024,2.4115672820887723e-15,2.4115672820887723e-15,True,True,True,True,False,False,False
down_proj,20,1234,sgd,10,2.9952871742198406,2.9952871742198406,2.9952871742198406,0.0,0.0,2.6526255345889572e-15,2.1765659369187176e-17,2.771203090599972e-17,2.1765659369187176e-17,2.771203090599972e-17,5.681253463482676e-17,1.0000000000000302,5.681253463482676e-17,1.0000000000000302,2.6526255345889556e-15,2.6526255345889556e-15,True,True,True,True,False,False,False
down_proj,20,1234,sgd,50,2.973066404286835,2.9730664042868358,2.9730664042868358,8.881784197001252e-16,8.881784197001252e-16,3.4364722471902837e-15,4.842673351635159e-17,6.023870696027899e-17,4.842673351635159e-17,6.023870696027899e-17,1.1062397398644957e-16,1.000000000000003,1.1062397398644957e-16,1.000000000000003,3.4364722471902798e-15,3.4364722471902798e-15,True,True,True,True,False,False,False
down_proj,21,1234,sgd,1,2.984683550690133,2.9846835506901335,2.9846835506901335,4.440892098500626e-16,4.440892098500626e-16,2.158891304256692e-15,8.012793884149033e-18,7.946674496240516e-18,8.012793884149033e-18,7.946674496240516e-18,1.799765010844355e-17,0.9999999999999792,1.799765010844355e-17,0.9999999999999792,2.1588913042566923e-15,2.1588913042566923e-15,True,True,True,True,False,False,False
down_proj,21,1234,sgd,10,2.9777824993408792,2.9777824993408792,2.9777824993408792,0.0,0.0,2.7702167211716238e-15,2.2737661619531762e-17,2.6436499088238285e-17,2.2737661619531762e-17,2.6436499088238285e-17,5.649696243256493e-17,1.0000000000000584,5.649696243256493e-17,1.0000000000000584,2.770216721171622e-15,2.770216721171622e-15,True,True,True,True,False,False,False
down_proj,21,1234,sgd,50,2.9551235326701133,2.9551235326701133,2.9551235326701133,0.0,0.0,2.5199885568350853e-15,5.078865695793357e-17,5.924641795069304e-17,5.078865695793357e-17,5.924641795069304e-17,1.1242087086687624e-16,1.000000000000024,1.1242087086687624e-16,1.000000000000024,2.519988556835085e-15,2.519988556835085e-15,True,True,True,True,False,False,False
down_proj,22,1234,sgd,1,3.056517440465346,3.056517440465346,3.056517440465346,0.0,0.0,2.948825283199744e-15,7.164926435711711e-18,1.0817553008831493e-17,7.164926435711711e-18,1.0817553008831493e-17,2.1041943987825136e-17,0.9999999999999913,2.1041943987825136e-17,0.9999999999999913,2.9488252831997487e-15,2.9488252831997487e-15,True,True,True,True,False,False,False
down_proj,22,1234,sgd,10,3.0504842690654193,3.0504842690654193,3.0504842690654193,0.0,0.0,2.862016006225449e-15,2.4533944038957207e-17,2.9425301552194943e-17,2.4533944038957207e-17,2.9425301552194943e-17,6.074878123515001e-17,0.9999999999999942,6.074878123515001e-17,0.9999999999999942,2.8620160062254578e-15,2.8620160062254578e-15,True,True,True,True,False,False,False
down_proj,22,1234,sgd,50,3.0306488555044355,3.030648855504435,3.030648855504435,4.440892098500626e-16,4.440892098500626e-16,3.0033298148154293e-15,4.955960972768112e-17,6.014047376916205e-17,4.955960972768112e-17,6.014047376916205e-17,1.1238300183758846e-16,1.0000000000000013,1.1238300183758846e-16,1.0000000000000013,3.003329814815432e-15,3.003329814815432e-15,True,True,True,True,False,False,False
down_proj,23,1234,sgd,1,2.6628054827924763,2.6628054827924763,2.6628054827924763,0.0,0.0,2.7092651402198532e-15,7.719545220388942e-18,8.333260191009314e-18,7.719545220388942e-18,8.333260191009314e-18,1.8944374790270454e-17,1.0000000000000524,1.8944374790270454e-17,1.0000000000000524,2.709265140219855e-15,2.709265140219855e-15,True,True,True,True,False,False,False
down_proj,23,1234,sgd,10,2.6576006081217582,2.6576006081217582,2.6576006081217582,0.0,0.0,2.445370688651603e-15,2.306043082207262e-17,2.6532954366059526e-17,2.306043082207262e-17,2.6532954366059526e-17,5.675852549763813e-17,1.0000000000000178,5.675852549763813e-17,1.0000000000000178,2.445370688651599e-15,2.445370688651599e-15,True,True,True,True,False,False,False
down_proj,23,1234,sgd,50,2.640568109647057,2.640568109647057,2.640568109647057,0.0,0.0,2.4526805389096007e-15,4.827891561473648e-17,5.862121035753334e-17,4.827891561473648e-17,5.862121035753334e-17,1.0953647483255401e-16,1.0000000000000078,1.0953647483255401e-16,1.0000000000000078,2.4526805389095983e-15,2.4526805389095983e-15,True,True,True,True,False,False,False
q_proj,0,2025,sgd,1,5.167550527371707,5.167550527371707,5.167550527371707,0.0,0.0,1.5631793620163555e-15,0.04667514126380714,1.0285088626181135e-16,1.034287255415416e-16,1.0285088626181135e-16,0.061143192447788125,0.9981357157624178,1.855731401951693e-16,1.0000000000000022,248.99970974058638,1.5928185086020195e-15,False,True,False,False,True,False,False
q_proj,0,2025,sgd,10,5.16624058720558,5.0953444694559815,5.16624058720558,0.07089611774959881,0.0,17.031802132022253,0.12367496789564177,0.0029758558485538013,2.1227936998924764e-16,2.255864249535435e-16,0.1260091032740716,0.9921475767257616,3.333709998623099e-16,0.9999999999999906,13.780897936930891,1.2894197217128198e-15,False,True,False,False,True,False,False
q_proj,0,2025,sgd,50,5.160679636156364,5.060236764570544,5.160679636156364,0.10044287158581966,0.0,39.27483015577569,0.15866156309271648,0.023062212536139937,4.515839185637559e-16,4.771005173041329e-16,0.15771836981964144,0.9877824674945507,6.780394677962589e-16,0.999999999999995,5.9863379444821785,1.6140040525305378e-15,False,True,False,False,True,False,False
q_proj,1,2025,sgd,1,1.8080477037565457,1.8080477037565457,1.8080477037565457,0.0,0.0,1.7051150190857517e-15,0.00025062691147621747,1.0480061899927786e-16,8.987519697999416e-17,1.0480061899927786e-16,0.00026993312257636055,0.999999963569337,1.7137657194342337e-16,0.9999999999999925,2.731211361499124,1.7276001944617033e-15,False,True,False,False,True,False,False
q_proj,1,2025,sgd,10,1.8077037691138422,1.8067562603932321,1.8077037691138416,0.0009475087206101129,6.661338147750939e-16,0.03924003362100063,0.0024424090723851335,1.6538676275351576e-05,2.1778491014811706e-16,2.2762360259764814e-16,0.0026058792238497323,0.9999966047203831,3.3749330872197235e-16,1.0000000000000067,2.6174898472010244,1.7937354639251327e-15,False,True,False,False,True,False,False
q_proj,1,2025,sgd,50,1.8062375733842924,1.802111171048054,1.8062375733842921,0.0041264023362383995,2.220446049250313e-16,0.19360832573311326,0.011020178561700756,0.000411509919567737,4.707076691704074e-16,4.818632611612386e-16,0.011356350716508565,0.9999355193472574,6.818858428814222e-16,0.9999999999999831,2.2365752732278605,1.8926017912061053e-15,False,True,False,False,True,False,False
q_proj,2,2025,sgd,1,1.6490906882081415,1.6490906882081415,1.6490906882081415,0.0,0.0,1.9773469880086195e-15,6.610501987570234e-05,1.0411359702886261e-16,9.48561729711014e-17,1.0411359702886261e-16,6.730441712540254e-05,0.9999999977353914,1.740017730294425e-16,1.0000000000000187,0.8215776769246727,1.9633052485037975e-15,False,True,False,False,True,False,False
q_proj,2,2025,sgd,10,1.6488174311398331,1.6487110228902964,1.6488174311398331,0.0001064082495367824,0.0,0.004147160275679971,0.0006569038327597928,1.8923664067527192e-06,2.2229852653855383e-16,2.250485508987424e-16,0.0006682327451272471,0.9999997767595193,3.3869613296453506e-16,1.0000000000000053,0.8184101611312636,1.8580331278412397e-15,False,True,False,False,True,False,False
q_proj,2,2025,sgd,50,1.6476466367165947,1.6471183261540585,1.6476466367165945,0.0005283105625362161,2.220446049250313e-16,0.022052396921404913,0.003196087511688291,5.013836953738275e-05,4.598823043850643e-16,4.792912559999566e-16,0.0032393368122007504,0.9999947536160472,6.745902234472518e-16,0.9999999999999902,0.8051865314098053,2.193411581240698e-15,False,True,False,False,True,False,False
q_proj,3,2025,sgd,1,1.5064984495132774,1.5064984495132774,1.5064984495132774,0.0,0.0,1.9242184848661573e-15,8.264206944859753e-05,1.0501996643691694e-16,9.319584797515232e-17,1.0501996643691694e-16,8.895391489081405e-05,0.9999999960436398,1.7365166821151143e-16,0.9999999999999984,1.0670484148625017,1.915307198661764e-15,False,True,False,False,True,False,False
q_proj,3,2025,sgd,10,1.5062466330619801,1.5060749555008286,1.5062466330619801,0.00017167756115155086,0.0,0.013765854016463932,0.0008165786816013296,4.294018478927499e-06,2.2015938381595156e-16,2.2852282832067083e-16,0.0008754625488630801,0.9999996167902034,3.4027232639147144e-16,0.9999999999999833,1.0504187238789957,1.8653345363984866e-15,False,True,False,False,True,False,False
q_proj,3,2025,sgd,50,1.505166137522661,1.504356559142933,1.5051661375226613,0.0008095783797279488,2.220446049250313e-16,0.0686178397600056,0.0038858496807048985,0.00010991181196234179,4.633779450583079e-16,4.872128197984709e-16,0.004103288330906044,0.9999915820747096,6.886673611668888e-16,0.999999999999984,0.989708889893031,1.5609879919404155e-15,False,True,False,False,True,False,False
q_proj,4,2025,sgd,1,1.5297929202991494,1.5297929202991494,1.5297929202991494,0.0,0.0,2.1193453829040436e-15,0.00012384562102642715,1.0457496970015877e-16,9.237269637722382e-17,1.0457496970015877e-16,0.00012293985078595736,0.9999999924475816,1.72382466293901e-16,1.0000000000000047,1.4789010738582296,2.128573100108437e-15,False,True,False,False,True,False,False
q_proj,4,2025,sgd,10,1.5295041529737,1.5290526808960525,1.5295041529737,0.00045147207764739683,0.0,0.016500909978077443,0.0012248687819670229,7.588116184545897e-06,2.3060306980047314e-16,2.2471244592907246e-16,0.0012132734657140677,0.9999992645096901,3.4513503855929113e-16,0.9999999999999942,1.4586175912077208,1.8391761080006028e-15,False,True,False,False,True,False,False
q_proj,4,2025,sgd,50,1.5282690005210606,1.5261248325410068,1.5282690005210606,0.0021441679800537905,0.0,0.08678137685600042,0.005845194117022748,0.00019684814171672837,4.557499618593685e-16,4.892801597627253e-16,0.005744092474953273,0.9999835220143483,6.829838467458296e-16,1.0000000000000187,1.3796334452050578,1.6471566471212357e-15,False,True,False,False,True,False,False
q_proj,5,2025,sgd,1,1.443537986449039,1.4435379864490392,1.4435379864490392,2.220446049250313e-16,2.220446049250313e-16,1.8228532404375206e-15,9.315728788644591e-05,1.0450722742016093e-16,9.70388847333002e-17,1.0450722742016093e-16,9.672462700855317e-05,0.9999999953225183,1.7563111822261437e-16,1.0000000000000087,1.1146663296144934,1.838356459537618e-15,False,True,False,False,True,False,False
q_proj,5,2025,sgd,10,1.443260604768224,1.4430163455454699,1.443260604768224,0.00024425922275406187,0.0,0.010811535795990581,0.0009226730217575009,5.718296977138039e-06,2.1535861039276543e-16,2.236659642580829e-16,0.0009577226737438711,0.9999995414272473,3.331182382407667e-16,1.0000000000000027,1.1036914380782168,1.898316871396561e-15,False,True,False,False,True,False,False
q_proj,5,2025,sgd,50,1.4420789342980012,1.4409286662058203,1.442078934298001,0.0011502680921808839,2.220446049250313e-16,0.056601012980348524,0.004429765795216016,0.0001467220754328968,4.782273951941794e-16,4.930546270754877e-16,0.004593460122726235,0.9999894522393807,6.992327861530219e-16,0.9999999999999892,1.061540249138598,1.9041171442875596e-15,False,True,False,False,True,False,False
q_proj,6,2025,sgd,1,1.461956003041385,1.4619560030413852,1.4619560030413852,2.220446049250313e-16,2.220446049250313e-16,1.5394952558700695e-15,9.021011785932169e-05,1.0661143453325063e-16,9.088272817031849e-17,1.0661143453325063e-16,9.33786737932861e-05,0.9999999956403826,1.7362389018419243e-16,1.0000000000000113,1.130369206557498,1.5608621229874948e-15,False,True,False,False,True,False,False
q_proj,6,2025,sgd,10,1.4616948585214824,1.4614853838545327,1.4616948585214824,0.00020947466694964945,0.0,0.01190188787559512,0.0008927242567242775,4.615976326484628e-06,2.197162750610704e-16,2.2680159163139306e-16,0.0009220602440356815,0.999999574924838,3.38647030029908e-16,0.9999999999999996,1.116331438786502,1.4949967592782503e-15,False,True,False,False,True,False,False
q_proj,6,2025,sgd,50,1.4605759002118046,1.4595774027546893,1.4605759002118046,0.0009984974571153327,0.0,0.06022962151279403,0.004272778531988483,0.00011886754371182461,4.609337347167112e-16,4.767996586631752e-16,0.004377981986297821,0.9999904179856903,6.779499252594675e-16,1.0000000000000169,1.0634912194440271,2.1981982904016414e-15,False,True,False,False,True,False,False
q_proj,7,2025,sgd,1,1.4673903074944863,1.4673903074944863,1.4673903074944863,0.0,0.0,1.7043017676755693e-15,5.849850158409883e-05,1.0586517881910436e-16,9.15763227864537e-17,1.0586517881910436e-16,5.660759780262944e-05,0.9999999983979553,1.737275019631364e-16,0.9999999999999694,0.8723749306062166,1.7430672805860754e-15,False,True,False,False,True,False,False
q_proj,7,2025,sgd,10,1.4671735373277448,1.4670999296989478,1.4671735373277446,7.360762879704552e-05,2.220446049250313e-16,0.006708323474488191,0.0005805320153287795,2.815705985699866e-06,2.1539666650357704e-16,2.256908989754102e-16,0.0005616199892177063,0.9999998423109181,3.3533163852452124e-16,0.9999999999999979,0.8665266734013579,2.2769136461562164e-15,False,True,False,False,True,False,False
q_proj,7,2025,sgd,50,1.4662420524287123,1.4658848442027896,1.4662420524287123,0.0003572082259226672,0.0,0.03495535946529605,0.0028092829047589004,7.353194578028464e-05,4.645342782411289e-16,4.757221365211291e-16,0.002715948589292218,0.9999963124303375,6.813783246254213e-16,0.9999999999999836,0.8433151663095682,2.614855745561265e-15,False,True,False,False,True,False,False
q_proj,8,2025,sgd,1,1.6361150750911566,1.6361150750911566,1.6361150750911566,0.0,0.0,2.009194082395893e-15,0.00012191764313604251,1.0762164978583086e-16,9.089698683788127e-17,1.0762164978583086e-16,0.00012242028939856984,0.9999999925072398,1.745036347090042e-16,1.0000000000000064,1.6160753248400868,1.9779164697371364e-15,False,True,False,False,True,False,False
q_proj,8,2025,sgd,10,1.63585616423239,1.6353888481850145,1.63585616423239,0.00046731604737559884,0.0,0.023833844524173066,0.0012012645961463468,9.595768661925933e-06,2.2120765924898445e-16,2.243058064664461e-16,0.0012014732337476087,0.999999278313572,3.4003920554812624e-16,0.9999999999999931,1.5825020343298513,2.1621214773328998e-15,False,True,False,False,True,False,False
q_proj,8,2025,sgd,50,1.6347464420395141,1.6326000587560867,1.6347464420395137,0.002146383283427422,4.440892098500626e-16,0.12065909597788205,0.005653263665846409,0.0002439805099575567,4.780960356261462e-16,4.832632372239041e-16,0.005579788147258433,0.9999844378664174,6.932841107312018e-16,0.999999999999996,1.4614240163724186,2.2338682708194242e-15,False,True,False,False,True,False,False
q_proj,9,2025,sgd,1,1.4929682849355057,1.4929682849355055,1.4929682849355055,2.220446049250313e-16,2.220446049250313e-16,1.6306664637632591e-15,0.00011331985753161224,1.0727538298512219e-16,9.072535811725883e-17,1.0727538298512219e-16,0.0001299966511253459,0.9999999915522626,1.7448208122557677e-16,0.9999999999999888,1.2465034389007237,1.6082112177323696e-15,False,True,False,False,True,False,False
q_proj,9,2025,sgd,10,1.4926463414401445,1.4920704744439663,1.4926463414401443,0.0005758669961781759,2.220446049250313e-16,0.025914622045728038,0.001119606869832452,9.627581650919438e-06,2.2067813939187448e-16,2.2660628848828354e-16,0.0012806468322821645,0.9999991801922523,3.41577611875796e-16,1.0000000000000069,1.229182657993229,1.377811955443577e-15,False,True,False,False,True,False,False
q_proj,9,2025,sgd,50,1.4912802700199335,1.4886811212464035,1.4912802700199332,0.002599148773529958,2.220446049250313e-16,0.1327772105210282,0.005329563838658196,0.00024349171151473608,4.732373350689179e-16,4.692981851222137e-16,0.006034190902196454,0.9999818036777595,6.850560536577543e-16,0.9999999999999964,1.1691873948575213,1.5935087659705726e-15,False,True,False,False,True,False,False
q_proj,10,2025,sgd,1,1.4182455881753857,1.4182455881753857,1.4182455881753857,0.0,0.0,1.8777934222235542e-15,0.00012446486041984957,1.031409715979258e-16,9.140341205485542e-17,1.031409715979258e-16,0.00013176176173747164,0.9999999913200622,1.6980661383809428e-16,0.9999999999999721,1.596953246101139,1.863592201373413e-15,False,True,False,False,True,False,False
q_proj,10,2025,sgd,10,1.4179890869304632,1.4171384387424089,1.4179890869304632,0.0008506481880543593,0.0,0.0440006382266086,0.0012221661684256552,1.441933018155322e-05,2.1901740870548439e-16,2.2147961511672104e-16,0.0012864616174391203,0.9999991726039543,3.314544674319144e-16,1.0000000000000004,1.5534255632657616,1.822238626940337e-15,False,True,False,False,True,False,False
q_proj,10,2025,sgd,50,1.4168895969424729,1.413186039885184,1.4168895969424729,0.0037035570572887533,0.0,0.2311900018022703,0.0056817099912690565,0.0003618640952903132,4.627578592285724e-16,4.782539104451097e-16,0.005870675389006443,0.9999827733622297,6.75202646463935e-16,1.0,1.4053484942094507,2.1290043551562707e-15,False,True,False,False,True,False,False
q_proj,11,2025,sgd,1,1.3928993774945568,1.392899377494557,1.392899377494557,2.220446049250313e-16,2.220446049250313e-16,2.196245953942667e-15,8.425517685725822e-05,1.0403606670361325e-16,9.148104988162885e-17,1.0403606670361325e-16,8.618532009977019e-05,0.9999999962860648,1.7140934286560679e-16,0.9999999999999941,1.1183315442904607,2.225991607007561e-15,False,True,False,False,True,False,False
q_proj,11,2025,sgd,10,1.3926581364978936,1.3923587886593973,1.3926581364978936,0.0002993478384962778,0.0,0.014118933132132113,0.0008365900467777493,5.511501787517353e-06,2.1519615174611527e-16,2.2492711847675265e-16,0.0008547502870027805,0.9999996347045956,3.313710269051658e-16,0.9999999999999807,1.1124618134789843,1.8621326780914304e-15,False,True,False,False,True,False,False
q_proj,11,2025,sgd,50,1.3916272784292016,1.3902044580122965,1.3916272784292016,0.0014228204169051129,0.0,0.0745892800532168,0.004058131845860196,0.00014320787724340475,4.6125569196197735e-16,4.927358351183762e-16,0.004128477691645882,0.9999914782663342,6.811250546201579e-16,1.0000000000000082,1.0897897582922973,2.2245649280310185e-15,False,True,False,False,True,False,False
q_proj,12,2025,sgd,1,1.446691654372396,1.446691654372396,1.446691654372396,0.0,0.0,2.179842342858396e-15,0.00011713387731995326,1.0592832115053935e-16,9.258672487169815e-17,1.0592832115053935e-16,0.00012070015006074549,0.999999992721462,1.7356815157769436e-16,0.9999999999999982,1.5123449360025474,2.1564015543149853e-15,False,True,False,False,True,False,False
q_proj,12,2025,sgd,10,1.4464382654714292,1.4456375949686961,1.446438265471429,0.0008006705027330252,2.220446049250313e-16,0.040063932650590196,0.0011523038060974582,1.4151443418675119e-05,2.2813316465121505e-16,2.275161187321563e-16,0.0011814624330950833,0.9999993027198207,3.4359473970843993e-16,0.9999999999999944,1.4761283746404452,1.379204244363466e-15,False,True,False,False,True,False,False
q_proj,12,2025,sgd,50,1.4453517660208377,1.4418271103251028,1.4453517660208377,0.003524655695734902,0.0,0.20571994639150692,0.005397876970729398,0.0003557137077216677,4.900680483092599e-16,4.786348029786776e-16,0.005451971102525569,0.999985161171403,6.938836099652043e-16,0.9999999999999971,1.3534873823122522,2.3697653739542066e-15,False,True,False,False,True,False,False
q_proj,13,2025,sgd,1,1.446425563880924,1.446425563880924,1.446425563880924,0.0,0.0,1.877823896216196e-15,8.109243362726082e-05,1.06878044171306e-16,9.542079523080344e-17,1.06878044171306e-16,8.623911751309568e-05,0.9999999962857078,1.7569311898984592e-16,0.9999999999999973,1.0982851871946724,1.8944425037199797e-15,False,True,False,False,True,False,False
q_proj,13,2025,sgd,10,1.4461852817564302,1.4459406439593834,1.4461852817564302,0.00024463779704686495,0.0,0.012278954735083237,0.0008051064811560148,4.4390424630769374e-06,2.2311579203935195e-16,2.2907336486435436e-16,0.0008552694652964131,0.9999996347052539,3.4113131724830934e-16,1.0000000000000142,1.0938904656909427,1.699747019267932e-15,False,True,False,False,True,False,False
q_proj,13,2025,sgd,50,1.4451644792042522,1.4439993026205091,1.4451644792042526,0.001165176583743044,4.440892098500626e-16,0.06580847682621745,0.003902235582741137,0.00011604804943374732,4.64732249344616e-16,4.773978288630095e-16,0.004128063405902812,0.9999914924312322,6.763275082295931e-16,1.000000000000008,1.0764263872039683,1.8583483348774578e-15,False,True,False,False,True,False,False
q_proj,14,2025,sgd,1,1.3900369024546424,1.3900369024546424,1.3900369024546424,0.0,0.0,2.0214395324502415e-15,8.110811780065348e-05,1.0802176538851437e-16,9.036980236412737e-17,1.0802176538851437e-16,8.740294675673979e-05,0.9999999961832586,1.7405277326932628e-16,1.0000000000000073,1.24951106882448,2.023811114250397e-15,False,True,False,False,True,False,False
q_proj,14,2025,sgd,10,1.389831197096123,1.3895298337196222,1.389831197096123,0.00030136337650077394,0.0,0.02159615183996655,0.0008025085758515097,6.237082528579773e-06,2.213471301804476e-16,2.2461465750506677e-16,0.0008629942956864951,0.9999996279296488,3.36782516422588e-16,0.9999999999999927,1.235925309700821,1.8006389858655975e-15,False,True,False,False,True,False,False
q_proj,14,2025,sgd,50,1.3889532011712176,1.3875721146045674,1.3889532011712176,0.001381086566650147,0.0,0.11489279640112107,0.0038371298482712687,0.00016038035043317662,4.806030934269719e-16,4.709032406320999e-16,0.004095911458254221,0.9999916213682938,6.806082086451786e-16,0.9999999999999916,1.184950281725604,2.091558590772939e-15,False,True,False,False,True,False,False
q_proj,15,2025,sgd,1,1.398025874669705,1.398025874669705,1.398025874669705,0.0,0.0,1.4608932977378999e-15,8.47171741120748e-05,1.069968831805914e-16,9.346862401013531e-17,1.069968831805914e-16,7.933574042197652e-05,0.9999999968562483,1.7495895473016259e-16,0.9999999999999968,1.1191973879726098,1.461705115483139e-15,False,True,False,False,True,False,False
q_proj,15,2025,sgd,10,1.3977890782711095,1.3975372657233993,1.3977890782711095,0.00025181254771022843,0.0,0.011320770862106953,0.0008414160170887031,5.234095466174094e-06,2.1976393219261066e-16,2.2226382754137313e-16,0.0007874880991872131,0.999999690277373,3.350862997339747e-16,1.0000000000000138,1.1126883505907867,1.3525767676213422e-15,False,True,False,False,True,False,False
q_proj,15,2025,sgd,50,1.3967733583040196,1.3955615260237626,1.3967733583040196,0.001211832280257008,0.0,0.05950484529581842,0.0040864487903523984,0.00013613685535725508,4.715680229631116e-16,4.674568910979068e-16,0.003817424014699632,0.9999927237103248,6.770136369413269e-16,1.0000000000000098,1.0871961304849733,2.038595672812917e-15,False,True,False,False,True,False,False
q_proj,16,2025,sgd,1,1.6084727393978004,1.6084727393978004,1.6084727393978004,0.0,0.0,1.9998478978325943e-15,6.783343314917487e-05,1.033689909258958e-16,9.086416300497235e-17,1.033689909258958e-16,7.696137814456062e-05,0.9999999970714489,1.683958276095371e-16,1.0000000000000147,0.795522703453872,1.9933477844206104e-15,False,True,False,False,True,False,False
q_proj,16,2025,sgd,10,1.6081802492156885,1.6082342837131267,1.6081802492156885,5.403449743823785e-05,0.0,0.003072926911056701,0.0006748904685052032,1.2038332603983115e-06,2.1258165191189714e-16,2.248919719719083e-16,0.0007650291347068716,0.9999997106029945,3.2662434523395946e-16,1.0000000000000142,0.7951452754535162,1.7072696975627244e-15,False,True,False,False,True,False,False
q_proj,16,2025,sgd,50,1.6069339556316065,1.6072081977804895,1.6069339556316065,0.00027424214888305265,0.0,0.016313504681705216,0.003300289347584831,3.2081362686959045e-05,4.913541015878284e-16,4.820255324166714e-16,0.003726689260225969,0.9999931307036557,6.914510538255258e-16,1.0000000000000042,0.7935275235623669,1.6387695922482787e-15,False,True,False,False,True,False,False
q_proj,17,2025,sgd,1,1.4217183672769362,1.4217183672769365,1.4217183672769365,2.220446049250313e-16,2.220446049250313e-16,1.6208624705696266e-15,5.084014101505823e-05,1.0837944308902376e-16,9.292211201543323e-17,1.0837944308902376e-16,5.382630619630771e-05,0.9999999985518357,1.7521573906091229e-16,0.9999999999999944,0.7150270637517958,1.6044010161445595e-15,False,True,False,False,True,False,False
q_proj,17,2025,sgd,10,1.4214940357579295,1.421523019345796,1.4214940357579293,2.8983587866404648e-05,2.220446049250313e-16,0.003655405637493328,0.0005056686540151049,1.2435976633432306e-06,2.211485614258617e-16,2.2171221840490644e-16,0.0005348823186224764,0.9999998569964529,3.3434046689609024e-16,1.0000000000000124,0.7142158833576389,1.9926845121759673e-15,False,True,False,False,True,False,False
q_proj,17,2025,sgd,50,1.4205355160571709,1.4206838067459848,1.4205355160571709,0.0001482906888139457,0.0,0.01928300764766956,0.002469528282669447,3.3034309116257604e-05,4.766423695303636e-16,4.815936531036236e-16,0.0026020734676000957,0.9999966155627169,6.884095387951408e-16,0.9999999999999933,0.7108085983829209,1.9195928838856618e-15,False,True,False,False,True,False,False
q_proj,18,2025,sgd,1,1.3989720086229778,1.3989720086229778,1.3989720086229778,0.0,0.0,2.067057278386588e-15,6.31222269564174e-05,1.0646189724614744e-16,9.402687003727863e-17,1.0646189724614744e-16,6.70270122489835e-05,0.9999999977556688,1.7540280637975713e-16,1.0000000000000098,0.8117184321714364,2.079348314516998e-15,False,True,False,False,True,False,False
q_proj,18,2025,sgd,10,1.3987214883159378,1.3987028917050874,1.398721488315938,1.8596610850352135e-05,2.220446049250313e-16,0.013935397937751502,0.0006241698680958114,4.243494834684214e-06,2.2040158887448326e-16,2.304619892134132e-16,0.0006602635140484305,0.9999997822228873,3.4064408193283105e-16,0.9999999999999971,0.8009199965111303,1.8221968764773267e-15,False,True,False,False,True,False,False
q_proj,18,2025,sgd,50,1.397651546902885,1.3976226079006555,1.397651546902885,2.8939002229444455e-05,0.0,0.0653211269314974,0.0029821861972270064,0.00010706097461224519,4.717468642991263e-16,4.820203813713893e-16,0.0031119348209479986,0.9999951626319079,6.84945915069614e-16,1.0000000000000309,0.7641630129929566,1.9994358408989322e-15,False,True,False,False,True,False,False
q_proj,19,2025,sgd,1,1.437822789700166,1.4378227897001663,1.4378227897001663,2.220446049250313e-16,2.220446049250313e-16,1.4646130736046975e-15,7.645466314640294e-05,1.0434479788628611e-16,9.631440489791922e-17,1.0434479788628611e-16,8.27818081958647e-05,0.9999999965740719,1.7612802567312054e-16,1.0000000000000202,0.8473864271932474,1.4666632414624896e-15,False,True,False,False,True,False,False
q_proj,19,2025,sgd,10,1.4375186010095864,1.4374502058972172,1.4375186010095864,6.839511236922391e-05,0.0,0.00497078788812161,0.0007600661671348122,2.7329182603376886e-06,2.2573405723431626e-16,2.225508913968483e-16,0.0008223460954039695,0.9999996619234115,3.410915775286815e-16,1.0000000000000187,0.8455763761641504,1.5196802616676396e-15,False,True,False,False,True,False,False
q_proj,19,2025,sgd,50,1.4362246547399171,1.4358937290862146,1.4362246547399171,0.0003309256537025185,0.0,0.025789458711266984,0.0037049015444093254,7.167636362802802e-05,4.938684295527289e-16,4.760719322154686e-16,0.00399595198151739,0.9999920175487078,7.007723213371268e-16,1.0000000000000018,0.8383577239195964,1.572105029353712e-15,False,True,False,False,True,False,False
q_proj,20,2025,sgd,1,1.433847731111862,1.433847731111862,1.433847731111862,0.0,0.0,1.991242270061663e-15,6.116561563411388e-05,1.0515357738272992e-16,9.446229489252767e-17,1.0515357738272992e-16,6.0281954035073246e-05,0.9999999981868917,1.7633373723952586e-16,1.000000000000001,0.762705944544391,2.0679520459044705e-15,False,True,False,False,True,False,False
q_proj,20,2025,sgd,10,1.433581937026241,1.433618209501775,1.433581937026241,3.627247553406043e-05,0.0,0.0030422249191111787,0.0006088503966380195,1.365460126620588e-06,2.2562109615984666e-16,2.25695943034533e-16,0.0005997269614750286,0.9999998205403542,3.4363888138294446e-16,0.9999999999999949,0.7620804992128187,1.741614957154272e-15,False,True,False,False,True,False,False
q_proj,20,2025,sgd,50,1.4324458275699241,1.4326341151414386,1.432445827569924,0.00018828757151445608,2.220446049250313e-16,0.016092384569599574,0.0029836406665954573,3.639376891051952e-05,4.716727763562575e-16,4.7520456132826415e-16,0.002932280384142168,0.9999957094191834,6.870810222126921e-16,0.9999999999999903,0.7594322287937826,2.3356500174418187e-15,False,True,False,False,True,False,False
q_proj,21,2025,sgd,1,1.3985859692150429,1.3985859692150429,1.3985859692150429,0.0,0.0,1.951930792678828e-15,6.595626968793975e-05,1.0661128353184978e-16,8.805763202463086e-17,1.0661128353184978e-16,6.372701944845297e-05,0.999999997969756,1.7330972517548729e-16,1.0000000000000129,0.9462516558592465,1.9981565040074098e-15,False,True,False,False,True,False,False
q_proj,21,2025,sgd,10,1.398371366555963,1.3983173123475199,1.398371366555963,5.405420844306619e-05,0.0,0.0073706785152021165,0.0006558107343288238,3.323236805606809e-06,2.272287840818182e-16,2.26740222728238e-16,0.0006335043311584192,0.9999997993678997,3.4588801158646505e-16,0.9999999999999845,0.9438523105737413,1.9914190244308535e-15,False,True,False,False,True,False,False
q_proj,21,2025,sgd,50,1.397452136870482,1.397205259599069,1.397452136870482,0.0002468772714130374,0.0,0.037931013813242286,0.0031994033018270026,8.584378939686141e-05,4.471722540215763e-16,4.815546699230584e-16,0.0030885759988473166,0.9999952311760689,6.715395629407443e-16,0.999999999999988,0.9346399214597988,1.8231172437106554e-15,False,True,False,False,True,False,False
q_proj,22,2025,sgd,1,1.4397283523728925,1.4397283523728925,1.4397283523728925,0.0,0.0,2.055087305050222e-15,7.25989414375434e-05,1.0381535865129708e-16,9.191638449246302e-17,1.0381535865129708e-16,7.283229678214677e-05,0.9999999973587481,1.7506109972227674e-16,0.9999999999999947,0.8999128325632976,2.0776545057352556e-15,False,True,False,False,True,False,False
q_proj,22,2025,sgd,10,1.439474194698533,1.4394581770854937,1.439474194698533,1.60176130392653e-05,0.0,0.0027513757250672774,0.0007226823573498426,1.2933646094419037e-06,2.1057419364974746e-16,2.2115152618668846e-16,0.0007247230235568809,0.9999997384791126,3.3511783621003316e-16,0.9999999999999807,0.899561683435172,1.9581806813732842e-15,False,True,False,False,True,False,False
q_proj,22,2025,sgd,50,1.4383888399661078,1.4383124345251201,1.4383888399661078,7.640544098763691e-05,0.0,0.014399554578740743,0.0035418557779211637,3.411210150143684e-05,4.744127382733716e-16,4.69946355817373e-16,0.00354609828158633,0.9999937386887849,6.970373163976102e-16,1.000000000000005,0.8981035981939255,1.9340766501643725e-15,False,True,False,False,True,False,False
q_proj,23,2025,sgd,1,1.5026165106293012,1.502616510629301,1.502616510629301,2.220446049250313e-16,2.220446049250313e-16,1.9095372647578615e-15,7.912387101959837e-05,1.0739629002691007e-16,9.366863732550543e-17,1.0739629002691007e-16,9.063361771919772e-05,0.999999995895453,1.7838976384463628e-16,1.0000000000000169,0.9158238313498095,1.8410420962500357e-15,False,True,False,False,True,False,False
q_proj,23,2025,sgd,10,1.5023541943759218,1.502375855026529,1.502354194375922,2.166065060715816e-05,2.220446049250313e-16,0.0012464435623651046,0.0007873574920342808,3.819887712324968e-07,2.1922086984765595e-16,2.280218981512407e-16,0.0009010686161619906,0.9999995942990084,3.4580107135755046e-16,1.0000000000000044,0.9158064571311136,1.5176802133375516e-15,False,True,False,False,True,False,False
q_proj,23,2025,sgd,50,1.5012376910994019,1.5013461492912688,1.5012376910994019,0.00010845819186688921,0.0,0.00659911917377668,0.003853009543933787,1.0131629468039116e-05,4.672130731721311e-16,4.865800069302543e-16,0.004391918908691091,0.9999903614138518,6.993088744857806e-16,0.9999999999999793,0.915739149495671,1.8929712689257054e-15,False,True,False,False,True,False,False
k_proj,0,2025,sgd,1,5.389507325914831,5.389507325914832,5.389507325914832,8.881784197001252e-16,8.881784197001252e-16,1.3665714402068348e-15,0.11293421304617976,1.0195293743298019e-16,9.687936529305865e-17,1.0195293743298019e-16,0.1489547832924801,0.9890561587187569,1.7768582834648295e-16,1.0000000000000047,241.4609400829282,1.3316520409540059e-15,False,True,False,False,True,False,False
k_proj,0,2025,sgd,10,5.3813898588843125,4.748412467897988,5.381389858884314,0.6329773909863246,1.7763568394002505e-15,5.111526595086058,0.3777467782757767,0.05297495279348112,2.4288051943707603e-16,2.301706915242099e-16,0.35461132309972365,0.9425161212083506,3.583946392289217e-16,1.0000000000000022,41.302700446113434,1.43610635073044e-15,False,True,False,False,True,False,False
k_proj,0,2025,sgd,50,5.346784607455466,1.840089756416842,5.346784607455466,3.506694851038624,0.0,10.309558784669473,0.9741778119238937,0.469966256736778,4.803447191667243e-16,4.753731452414417e-16,1.0181996952333312,0.6687021049882684,7.234259356353451e-16,0.9999999999999982,22.04823667509036,1.4572007105223188e-15,False,True,False,False,True,False,False
k_proj,1,2025,sgd,1,2.189963573532585,2.189963573532585,2.189963573532585,0.0,0.0,1.1375271053187914e-15,0.0005991420108684804,1.0699355274889319e-16,9.333455173831735e-17,1.0699355274889319e-16,0.0006623450370329311,0.9999997806919396,1.730175652928039e-16,1.0000000000000002,2.5147060204431457,1.1430659355785993e-15,False,True,False,False,True,False,False
k_proj,1,2025,sgd,10,2.187345291183759,2.1819196469214344,2.18734529118376,0.005425644262324614,8.881784197001252e-16,0.03901159181525512,0.005849984508551188,0.0003146345569991019,2.2190554472764415e-16,2.3141437798903844e-16,0.006391866747163228,0.9999795718422957,3.413307821394374e-16,0.9999999999999996,2.4311273142397907,1.340262029820165e-15,False,True,False,False,True,False,False
k_proj,1,2025,sgd,50,2.1762075435302686,2.1502056978809576,2.176207543530269,0.026001845649310962,4.440892098500626e-16,0.16571960330903734,0.027095165443084893,0.007978945239768135,4.617152709337605e-16,4.777140548553289e-16,0.029280765909906033,0.9995728271643178,6.752752686614677e-16,0.9999999999999976,2.25719050289887,1.4687480586775459e-15,False,True,False,False,True,False,False
k_proj,2,2025,sgd,1,2.180879972733605,2.180879972733605,2.180879972733605,0.0,0.0,1.015725709806184e-15,0.00022147298224547477,1.0364997440494427e-16,9.612853751872935e-17,1.0364997440494427e-16,0.0002442858002663322,0.999999970162373,1.755764089804213e-16,1.000000000000005,0.8519913889843215,9.919319044860532e-16,False,True,False,False,True,False,False
k_proj,2,2025,sgd,10,2.177775678507429,2.1765830958042387,2.177775678507429,0.0011925827031902259,0.0,0.006739658242884511,0.0021986962313081874,5.355082320755621e-05,2.1798585310274498e-16,2.329996748505963e-16,0.0024164062019672717,0.9999970805530375,3.4238927507218966e-16,1.0000000000000004,0.8472834403785259,1.0986703102976638e-15,False,True,False,False,True,False,False
k_proj,2,2025,sgd,50,2.1642954310411255,2.158221009105869,2.1642954310411255,0.006074421935256424,0.0,0.03080692449476149,0.010714163558740566,0.0014037545050167536,4.819145273307583e-16,4.699110551387162e-16,0.011674089290453082,0.9999319330936617,6.836699616413013e-16,1.0000000000000044,0.8328148366993264,9.626430724756868e-16,False,True,False,False,True,False,False
k_proj,3,2025,sgd,1,1.9300903020568683,1.9300903020568683,1.9300903020568683,0.0,0.0,9.945969208916587e-16,0.0002577280035422598,9.529603468161082e-17,9.576055604814145e-17,9.529603468161082e-17,0.0003136157025308264,0.9999999508239433,1.686572135735723e-16,1.000000000000003,1.0653407415139553,1.0052859854050749e-15,False,True,False,False,True,False,False
k_proj,3,2025,sgd,10,1.9272524259819699,1.9255679593109332,1.9272524259819699,0.0016844666710367218,0.0,0.020534492269872032,0.0025319700103277314,0.00012057083539527729,2.1749716207736139e-16,2.200524125638656e-16,0.0030525446604939884,0.9999953410038631,3.3263394538378963e-16,0.9999999999999987,1.0400883550620743,1.197964471256969e-15,False,True,False,False,True,False,False
k_proj,3,2025,sgd,50,1.9150624304266346,1.9070189448736148,1.9150624304266346,0.008043485553019813,0.0,0.08819232495238151,0.011913123557500665,0.0030055992147684537,4.836186621645064e-16,4.811482067663808e-16,0.014140448840468205,0.9999001263111584,7.005242228631703e-16,1.0000000000000033,0.9745376688669283,1.1553636419745913e-15,False,True,False,False,True,False,False
k_proj,4,2025,sgd,1,1.5961991649464033,1.5961991649464036,1.5961991649464036,2.220446049250313e-16,2.220446049250313e-16,1.054734891998764e-15,0.00030311671432476907,1.0640170892907504e-16,9.373684828679899e-17,1.0640170892907504e-16,0.0003795077841361238,0.999999928023018,1.7559193750687993e-16,1.000000000000004,1.4216805163509223,1.0746483397256207e-15,False,True,False,False,True,False,False
k_proj,4,2025,sgd,10,1.594013115272127,1.5913656394506035,1.594013115272127,0.0026474758215235816,0.0,0.02617609518350613,0.002982414688662106,0.00013039309039698585,2.1559214543849504e-16,2.249074251427808e-16,0.003710261334160169,0.9999931244225944,3.329940714563277e-16,0.9999999999999989,1.3954727721087334,1.2620175196574971e-15,False,True,False,False,True,False,False
k_proj,4,2025,sgd,50,1.5847032865024737,1.5722152961233604,1.5847032865024737,0.0124879903791133,0.0,0.12242705162649607,0.014058760789520213,0.0033056910050522207,4.833415931033666e-16,4.695512273831667e-16,0.01729676982435468,0.9998512037152567,6.850286871474021e-16,0.9999999999999997,1.3228726849562664,1.0336605658158406e-15,False,True,False,False,True,False,False
k_proj,5,2025,sgd,1,1.6094487226481153,1.609448722648115,1.609448722648115,4.440892098500626e-16,4.440892098500626e-16,1.0168512214169748e-15,0.00028017082276733305,1.0394488691037996e-16,9.42188617510873e-17,1.0394488691037996e-16,0.00031032680583380803,0.9999999518514866,1.7372239222579412e-16,1.0000000000000058,1.401859778996327,1.0156365877687843e-15,False,True,False,False,True,False,False
k_proj,5,2025,sgd,10,1.6074052211712522,1.6048434531544225,1.607405221171252,0.002561768016829724,2.220446049250313e-16,0.03560226370836426,0.002739035541386698,0.0002028131533143488,2.1648450888210821e-16,2.1970291215397e-16,0.003005324035339409,0.999995485339309,3.313128222084581e-16,0.999999999999996,1.3530024178282185,1.2878435476049329e-15,False,True,False,False,True,False,False
k_proj,5,2025,sgd,50,1.5985175040099815,1.586577830703708,1.5985175040099813,0.011939673306273546,2.220446049250313e-16,0.1390367773767615,0.01274274832846475,0.004948526062781976,4.783994580997125e-16,4.802042612643327e-16,0.014282503561521524,0.9998982626257759,6.9845505595075855e-16,1.0000000000000115,1.241590967775028,1.0804790005237951e-15,False,True,False,False,True,False,False
k_proj,6,2025,sgd,1,1.7126930242950482,1.7126930242950482,1.7126930242950482,0.0,0.0,1.003811405515773e-15,0.00031914805164255894,1.01861985994214e-16,9.451135347774258e-17,1.01861985994214e-16,0.0003438012824230641,0.9999999409016567,1.7299170801052907e-16,0.9999999999999983,1.3994188799700427,1.002148008622021e-15,False,True,False,False,True,False,False
k_proj,6,2025,sgd,10,1.7102907895257846,1.7075586922190462,1.7102907895257842,0.0027320973067384013,4.440892098500626e-16,0.020032139406878494,0.0031437962067703135,0.00016704635915123134,2.158238553248068e-16,2.1789377108042559e-16,0.003383598369986718,0.9999942757566797,3.3143101251862817e-16,1.0000000000000053,1.3699066719623103,1.1104720695838592e-15,False,True,False,False,True,False,False
k_proj,6,2025,sgd,50,1.6998246913429238,1.6863904967566092,1.6998246913429236,0.013434194586314563,2.220446049250313e-16,0.09085958446978648,0.014890292276685242,0.0042303632590018694,4.749256308654994e-16,4.673449295018707e-16,0.016419603327800108,0.9998654397724329,6.845890969966272e-16,0.9999999999999959,1.2797256044925336,1.003534838238053e-15,False,True,False,False,True,False,False
k_proj,7,2025,sgd,1,1.6801618169305932,1.6801618169305927,1.6801618169305927,4.440892098500626e-16,4.440892098500626e-16,1.0415067993282187e-15,0.0001453609909932459,1.0543987531318232e-16,9.449673874501844e-17,1.0543987531318232e-16,0.0001500524338972999,0.9999999887421421,1.7493455573281708e-16,1.0000000000000007,0.7675479717195852,1.0359796688070386e-15,False,True,False,False,True,False,False
k_proj,7,2025,sgd,10,1.6782683325720207,1.6779187922638499,1.6782683325720207,0.0003495403081708037,0.0,0.004134126100569057,0.001445588014112594,5.6246492266957235e-05,2.204175028722646e-16,2.280014062131394e-16,0.0014885120466551192,0.9999988921744192,3.418975206415038e-16,0.9999999999999971,0.7692090045765261,1.0886452903771648e-15,False,True,False,False,True,False,False
k_proj,7,2025,sgd,50,1.670186834131152,1.6682327357986342,1.670186834131152,0.0019540983325179173,0.0,0.016180847642063158,0.007100683455916567,0.0015138731262737451,4.868742449143504e-16,4.562947897012238e-16,0.0073527507811090844,0.9999729721538697,6.851087558838567e-16,0.9999999999999907,0.7842271845169224,1.208945538514874e-15,False,True,False,False,True,False,False
k_proj,8,2025,sgd,1,2.060670601127829,2.0606706011278284,2.0606706011278284,4.440892098500626e-16,4.440892098500626e-16,1.1027766805460777e-15,0.00037060741601235365,1.0771496765414967e-16,9.366117594749913e-17,1.0771496765414967e-16,0.0003681304065930616,0.9999999322432134,1.7617761486809035e-16,1.0000000000000009,1.7200557419477636,1.1026567413526251e-15,False,True,False,False,True,False,False
k_proj,8,2025,sgd,10,2.0581530162544683,2.0537887890657367,2.058153016254468,0.00436422718873164,4.440892098500626e-16,0.02495098372505001,0.0036477539653717137,0.0002747214634276754,2.1689694513068957e-16,2.134701250449004e-16,0.0036250371039723457,0.9999934323875438,3.308670256719061e-16,1.0000000000000053,1.6868540122819575,1.1908924039809042e-15,False,True,False,False,True,False,False
k_proj,8,2025,sgd,50,2.0473408886745204,2.025767379564304,2.0473408886745195,0.02157350911021627,8.881784197001252e-16,0.10714450385107424,0.0172917793032361,0.007036552725666625,4.908375523547451e-16,4.724456054782522e-16,0.01837573630527523,0.999832041261838,7.047208946549713e-16,0.9999999999999931,1.605907886526929,1.1947966090307253e-15,False,True,False,False,True,False,False
k_proj,9,2025,sgd,1,1.5358632710803992,1.5358632710803992,1.5358632710803992,0.0,0.0,9.458906126733687e-16,0.0002736423353493582,1.013113572179002e-16,9.503714894983825e-17,1.013113572179002e-16,0.000315364543237029,0.9999999502736809,1.7260038626976544e-16,0.9999999999999964,1.2527142544442122,9.502934998376525e-16,False,True,False,False,True,False,False
k_proj,9,2025,sgd,10,1.5336397223698057,1.5302402768281755,1.5336397223698057,0.003399445541630186,0.0,0.026419200686033893,0.0027034495868740777,0.00016655087555836117,2.2454103962204536e-16,2.301940154334872e-16,0.0031048671205303412,0.9999951801192648,3.461415183864447e-16,1.0000000000000049,1.2373596100354285,9.309113605169032e-16,False,True,False,False,True,False,False
k_proj,9,2025,sgd,50,1.524148180059137,1.5080072672522704,1.524148180059137,0.01614091280686658,0.0,0.12271241529826006,0.012926240055071071,0.00422785183039313,4.706607529686378e-16,4.530097166458549e-16,0.01514220881728513,0.9998856437899657,6.723030434427856e-16,1.0000000000000004,1.1931894362002278,1.2575305141131086e-15,False,True,False,False,True,False,False
k_proj,10,2025,sgd,1,1.4670077140229514,1.4670077140229514,1.4670077140229514,0.0,0.0,1.1430804536747063e-15,0.00029319696637811313,1.0435043396931137e-16,9.670029076602137e-17,1.0435043396931137e-16,0.00030750349382212337,0.9999999527432224,1.7510711059169042e-16,1.0000000000000009,1.5361679620826407,1.135008752319299e-15,False,True,False,False,True,False,False
k_proj,10,2025,sgd,10,1.4651613422957181,1.4605936604301952,1.4651613422957181,0.004567681865522921,0.0,0.0395095972569298,0.002882672150082385,0.00024473479594187364,2.222318143706038e-16,2.2434868665777983e-16,0.0030165836507985906,0.9999954565997686,3.376184256602815e-16,1.0000000000000016,1.5013560586308927,1.4595926197839103e-15,False,True,False,False,True,False,False
k_proj,10,2025,sgd,50,1.4572148039264594,1.4360607650843127,1.4572148039264599,0.021154038842146727,4.440892098500626e-16,0.17964142884672077,0.01356922543349019,0.006158161604064334,4.971745801915581e-16,4.845553327114741e-16,0.015124155904170057,0.9998865997584753,6.975856541416534e-16,1.0000000000000013,1.404040338778241,1.4308889367765182e-15,False,True,False,False,True,False,False
k_proj,11,2025,sgd,1,1.4724524533632712,1.4724524533632717,1.4724524533632717,4.440892098500626e-16,4.440892098500626e-16,1.4198811478140407e-15,0.00018933171435748361,1.0844687041670707e-16,9.830390653872368e-17,1.0844687041670707e-16,0.00020770672802665152,0.9999999784335278,1.7862981585031996e-16,1.0000000000000053,1.1154263892571847,1.361635922861479e-15,False,True,False,False,True,False,False
k_proj,11,2025,sgd,10,1.4708493730024375,1.4694185058147566,1.470849373002438,0.0014308671876808177,4.440892098500626e-16,0.017992925604397043,0.0018760782569541277,9.490338008347722e-05,2.2041429586762668e-16,2.274084447214107e-16,0.002053473727383523,0.9999978926011219,3.3509520274799197e-16,1.000000000000005,1.110215662697611,1.1672226204552414e-15,False,True,False,False,True,False,False
k_proj,11,2025,sgd,50,1.4639809081018438,1.45699353266487,1.4639809081018438,0.006987375436973808,0.0,0.08288189974221469,0.009060981171643358,0.002460509120069147,4.693796949214473e-16,4.902289123028236e-16,0.01005868718266529,0.9999495274241903,6.780899064560303e-16,1.000000000000003,1.0960211054624824,1.6338527775196908e-15,False,True,False,False,True,False,False
k_proj,12,2025,sgd,1,1.6188995814580627,1.6188995814580627,1.6188995814580627,0.0,0.0,9.867830127510245e-16,0.0003529379955773556,1.0153386887161035e-16,9.506680004116505e-17,1.0153386887161035e-16,0.0004210619856592171,0.9999999113664615,1.718951603890581e-16,1.0000000000000004,1.5764562363713328,1.0045728144955571e-15,False,True,False,False,True,False,False
k_proj,12,2025,sgd,10,1.6165519787787563,1.60910453274989,1.6165519787787561,0.007447446028866267,2.220446049250313e-16,0.05591123804811985,0.0034470945288089918,0.0003558055556917505,2.172833626019253e-16,2.1368497991866168e-16,0.004099113953720659,0.9999916074608324,3.2544167879334437e-16,0.9999999999999942,1.5251587860642482,1.0649667215864965e-15,False,True,False,False,True,False,False
k_proj,12,2025,sgd,50,1.606595498315474,1.573934279019322,1.606595498315474,0.032661219296151955,0.0,0.26285486898652183,0.01586034024822214,0.008632729489257992,4.747749163195724e-16,4.687198237674775e-16,0.020188815414927338,0.9997981799320464,6.771836391309283e-16,1.0000000000000058,1.387856555617309,1.0307934450129183e-15,False,True,False,False,True,False,False
k_proj,13,2025,sgd,1,1.6040970147573397,1.6040970147573397,1.6040970147573397,0.0,0.0,1.0455651288820587e-15,0.0002234971497460112,1.090073269606934e-16,9.367929432030467e-17,1.090073269606934e-16,0.0002394728818154985,0.9999999713335855,1.7722330631598885e-16,1.0000000000000044,1.0840454323237996,1.0405358875575714e-15,False,True,False,False,True,False,False
k_proj,13,2025,sgd,10,1.6019765154911536,1.6001955271454078,1.6019765154911536,0.0017809883457458042,0.0,0.012562107525532999,0.002219952018826606,8.87025058980049e-05,2.1432148744223495e-16,2.228996724230307e-16,0.0023712200987257436,0.9999971902432112,3.329534909952519e-16,0.9999999999999939,1.0803747988779853,9.645871186719636e-16,False,True,False,False,True,False,False
k_proj,13,2025,sgd,50,1.5928162369465648,1.5838712103373596,1.5928162369465648,0.008945026609205264,0.0,0.05724131315275369,0.01082842826426894,0.0023185392144019074,4.838463454488299e-16,4.871683770832235e-16,0.011613414037964976,0.9999327671896076,7.0101902222581875e-16,0.9999999999999962,1.069717859860688,1.3232009237541572e-15,False,True,False,False,True,False,False
k_proj,14,2025,sgd,1,1.3910368226841976,1.3910368226841976,1.3910368226841976,0.0,0.0,1.4466927613930492e-15,0.00020568683198650653,1.0550803494428482e-16,9.320705935150623e-17,1.0550803494428482e-16,0.00022367453949209692,0.999999974993214,1.7352222162952217e-16,0.9999999999999976,1.2368188256278865,1.4460761515476555e-15,False,True,False,False,True,False,False
k_proj,14,2025,sgd,10,1.3894489576836595,1.3875591462239119,1.3894489576836593,0.0018898114597476479,2.220446049250313e-16,0.02208576903663182,0.002035802153057101,0.00011473037346459828,2.1738505418210465e-16,2.1440394377700162e-16,0.0022076358921275805,0.9999975649386755,3.250380955668314e-16,1.0000000000000036,1.226175880140103,1.4553728043887355e-15,False,True,False,False,True,False,False
k_proj,14,2025,sgd,50,1.3826093431881397,1.3733513562577457,1.3826093431881397,0.009257986930393924,0.0,0.10263819819951177,0.009801702016191637,0.002961992432908359,4.81523227977812e-16,4.457505513784118e-16,0.010840430161086139,0.9999414476009625,6.692047848276502e-16,1.0000000000000016,1.19628012570847,1.5416210582795285e-15,False,True,False,False,True,False,False
k_proj,15,2025,sgd,1,1.5489484594148581,1.5489484594148577,1.5489484594148577,4.440892098500626e-16,4.440892098500626e-16,1.0861699258110688e-15,0.00023377560827950874,9.949535887599689e-17,9.438293447460692e-17,9.949535887599689e-17,0.0002467760593326908,0.9999999695763254,1.7030662573088147e-16,1.0000000000000018,1.1168105273217284,1.0725704445497017e-15,False,True,False,False,True,False,False
k_proj,15,2025,sgd,10,1.5468475002925668,1.5449691493981705,1.5468475002925663,0.0018783508943962524,4.440892098500626e-16,0.01968026344322308,0.002315158383289298,0.00010833639053361158,2.1164701669531616e-16,2.270788555133087e-16,0.002433327727392008,0.9999970435218304,3.287178504187201e-16,0.9999999999999918,1.1085791197260293,1.2916184646538754e-15,False,True,False,False,True,False,False
k_proj,15,2025,sgd,50,1.5378866081181606,1.5287184816896044,1.5378866081181606,0.009168126428556134,0.0,0.08735286191262606,0.01117360000752524,0.0027694522350978305,4.687096256137834e-16,4.879777153477227e-16,0.011838712098267883,0.9999302391230229,6.832837065606645e-16,0.9999999999999933,1.0876335762413112,1.2331869576671085e-15,False,True,False,False,True,False,False
k_proj,16,2025,sgd,1,1.4625187241135247,1.4625187241135247,1.4625187241135247,0.0,0.0,1.167872735682491e-15,0.0001555424801501672,1.0568922728436172e-16,9.976395358037789e-17,1.0568922728436172e-16,0.00017438310936895304,0.9999999848238352,1.7657801273655835e-16,0.9999999999999983,0.7953852421358845,1.1463393198344013e-15,False,True,False,False,True,False,False
k_proj,16,2025,sgd,10,1.4605683362645223,1.4608198920760156,1.4605683362645223,0.0002515558114932759,0.0,0.00352343766872635,0.001546464592738625,2.480281592370525e-05,2.231311507419031e-16,2.1723434291388065e-16,0.0017288289656959912,0.9999985080627855,3.314289934681517e-16,1.000000000000008,0.7951530842440274,1.0631875312453357e-15,False,True,False,False,True,False,False
k_proj,16,2025,sgd,50,1.452205051501135,1.4534408853085825,1.452205051501135,0.0012358338074474062,0.0,0.016622489224412458,0.007559296008894077,0.0006606879341484262,4.604904482119307e-16,4.838806336513535e-16,0.008368457094043328,0.9999650149335327,6.765988297146115e-16,1.000000000000004,0.7946284577288465,1.1566236917454204e-15,False,True,False,False,True,False,False
k_proj,17,2025,sgd,1,1.4490901215069212,1.4490901215069212,1.4490901215069212,0.0,0.0,1.0710688531032083e-15,0.00014090954413923954,1.0238502202448185e-16,9.359155066148988e-17,1.0238502202448185e-16,0.00015251726318554835,0.9999999883692443,1.7188347017065197e-16,0.9999999999999997,0.7188765431180122,1.0662636550441332e-15,False,True,False,False,True,False,False
k_proj,17,2025,sgd,10,1.4472145923196562,1.4474182429602853,1.4472145923196562,0.00020365064062910498,0.0,0.004155602805444188,0.001402766471341795,2.873453993638482e-05,2.1925845409820335e-16,2.1772963111662426e-16,0.001515575999538096,0.9999988515200613,3.300758187233203e-16,1.0000000000000022,0.7191021425011105,1.1466981357006377e-15,False,True,False,False,True,False,False
k_proj,17,2025,sgd,50,1.439094523553558,1.4400545885331135,1.4390945235535575,0.000960064979555586,4.440892098500626e-16,0.01945422909336579,0.006897686531780511,0.0007691249349007198,4.832345344610604e-16,4.575602281020352e-16,0.007430537598996801,0.9999723983182576,6.773836954738756e-16,0.9999999999999989,0.7211134597417035,1.2929004971431675e-15,False,True,False,False,True,False,False
k_proj,18,2025,sgd,1,1.4741825966902369,1.4741825966902369,1.4741825966902369,0.0,0.0,7.139393292558463e-16,0.00020790065458844593,1.0340953253165542e-16,9.565709597620753e-17,1.0340953253165542e-16,0.0002729900418408124,0.9999999627583609,1.7437962711816433e-16,1.000000000000003,0.8555453420988992,7.128650146205188e-16,False,True,False,False,True,False,False
k_proj,18,2025,sgd,10,1.4717647318410372,1.4714059419826455,1.4717647318410372,0.00035878985839166155,0.0,0.027477297962250687,0.0020312530705395254,0.0001309511639615602,2.172746533412894e-16,2.223808065256579e-16,0.00264839229847852,0.9999964951908276,3.3274228948536686e-16,0.9999999999999969,0.8301192569528519,8.234503473166525e-16,False,True,False,False,True,False,False
k_proj,18,2025,sgd,50,1.4616497638368757,1.460816525151935,1.4616497638368757,0.0008332386849407847,0.0,0.1081756108693001,0.009388513760030083,0.00310377584730342,4.780916338379029e-16,4.967929626208991e-16,0.012254350116624195,0.9999249587949476,6.999608272726327e-16,0.9999999999999944,0.7732985575873512,9.030875679707617e-16,False,True,False,False,True,False,False
k_proj,19,2025,sgd,1,1.468955335335444,1.4689553353354439,1.4689553353354439,2.220446049250313e-16,2.220446049250313e-16,1.2025847041877879e-15,0.00015851050113256318,1.115296903871247e-16,9.458274412091049e-17,1.115296903871247e-16,0.00017679142764675433,0.9999999843749836,1.7932597192240456e-16,0.9999999999999933,0.8587472683299087,1.1790374973318815e-15,False,True,False,False,True,False,False
k_proj,19,2025,sgd,10,1.4672072166731838,1.4669027815638902,1.4672072166731838,0.000304435109293566,0.0,0.0083904705344662,0.0015734979242696713,5.237053669705896e-05,2.15587114551593e-16,2.154126521497777e-16,0.0017498220478421745,0.9999984693704729,3.300843500737463e-16,1.0000000000000027,0.8565324686717402,1.1643295400182982e-15,False,True,False,False,True,False,False
k_proj,19,2025,sgd,50,1.4597172284155768,1.4581407621474665,1.4597172284155768,0.0015764662681103658,0.0,0.03628545676703505,0.007657170185538698,0.001362525187631342,4.696197898069321e-16,4.824535017891296e-16,0.00850135738303928,0.9999638763549867,6.858129678417357e-16,1.000000000000004,0.852948642730528,1.2123899036903219e-15,False,True,False,False,True,False,False
k_proj,20,2025,sgd,1,1.4448357687735982,1.444835768773598,1.444835768773598,2.220446049250313e-16,2.220446049250313e-16,9.364150511895952e-16,0.00016294759047561988,1.0546093404510983e-16,9.564182282993606e-17,1.0546093404510983e-16,0.0002005538097434556,0.9999999799049246,1.8000648220787895e-16,0.9999999999999983,0.7731452839688414,9.233417961263973e-16,False,True,False,False,True,False,False
k_proj,20,2025,sgd,10,1.4428102416967035,1.4430516479456488,1.4428102416967032,0.00024140624894530838,2.220446049250313e-16,0.006928434573891465,0.0016187275741129383,3.194379701844255e-05,2.2543602525545875e-16,2.2023371582995802e-16,0.0019866447101338797,0.9999980279367131,3.4025800025675445e-16,0.999999999999998,0.7721785990182795,8.259812600183571e-16,False,True,False,False,True,False,False
k_proj,20,2025,sgd,50,1.4341688544997726,1.435386085216645,1.4341688544997726,0.0012172307168722973,0.0,0.0330606960239874,0.007887100621018673,0.0008384549975613972,4.672536619559833e-16,4.787959443233158e-16,0.009590766306707696,0.9999540192037647,6.822886636860859e-16,1.0000000000000002,0.769466255950856,1.137658731495159e-15,False,True,False,False,True,False,False
k_proj,21,2025,sgd,1,1.3959644397109825,1.3959644397109825,1.3959644397109825,0.0,0.0,1.0959486559324644e-15,0.00019467912283596336,1.0552693626370542e-16,9.290089824442441e-17,1.0552693626370542e-16,0.0002215067743148531,0.9999999754826343,1.752598090661959e-16,1.000000000000004,0.9554370114408197,1.0984857064043925e-15,False,True,False,False,True,False,False
k_proj,21,2025,sgd,10,1.394163630670666,1.3936152654098943,1.394163630670666,0.0005483652607716216,0.0,0.013227592688559534,0.001932861585194323,9.95249462683445e-05,2.294278414483888e-16,2.2310327363649694e-16,0.002198153799965417,0.9999975857858883,3.472580761915138e-16,0.9999999999999998,0.9502434867765632,1.102949037541452e-15,False,True,False,False,True,False,False
k_proj,21,2025,sgd,50,1.3863750384585736,1.383865698477777,1.386375038458574,0.002509339980796499,4.440892098500626e-16,0.0545453224768851,0.009414860467993103,0.0025137502802203126,4.908078351172052e-16,4.790092292732314e-16,0.010916403835270759,0.9999404744547832,7.06841704624175e-16,0.9999999999999947,0.9363382326503418,1.1313371296844557e-15,False,True,False,False,True,False,False
k_proj,22,2025,sgd,1,1.2441225997479026,1.2441225997479026,1.2441225997479026,0.0,0.0,1.1270207578678235e-15,0.00015068960090243333,1.064083904556347e-16,8.933372867964627e-17,1.064083904556347e-16,0.00016982601028819546,0.9999999855795847,1.7700717636014893e-16,1.0000000000000036,0.8963389277364623,1.148409634941661e-15,False,True,False,False,True,False,False
k_proj,22,2025,sgd,10,1.2426714295124388,1.2426171683429148,1.2426714295124388,5.426116952400584e-05,0.0,0.003342281682302382,0.001498026025292594,1.9322660365731352e-05,2.2077361585956323e-16,2.25808217180243e-16,0.001682269020623157,0.9999985849855373,3.461535340594088e-16,0.9999999999999989,0.8965419250170337,1.2339164347297132e-15,False,True,False,False,True,False,False
k_proj,22,2025,sgd,50,1.2364947083516775,1.236214655543377,1.2364947083516775,0.0002800528083004572,0.0,0.015784757583471375,0.007319056496215815,0.000511101104679624,4.741784580521057e-16,4.669299591131413e-16,0.008107481222800986,0.9999671338380642,6.852834970908852e-16,0.9999999999999936,0.8978034699431527,1.4367214574322068e-15,False,True,False,False,True,False,False
k_proj,23,2025,sgd,1,1.358564708135088,1.3585647081350885,1.3585647081350885,4.440892098500626e-16,4.440892098500626e-16,8.659695871769776e-16,0.0001790933050623091,1.041805814691273e-16,8.794556125320429e-17,1.041805814691273e-16,0.00021035095685074273,0.9999999778762765,1.7222002810176567e-16,1.000000000000003,0.9087575277917853,8.826411450814645e-16,False,True,False,False,True,False,False
k_proj,23,2025,sgd,10,1.3567426313773288,1.3568494364000425,1.3567426313773288,0.00010680502271376291,0.0,0.0010207188420492416,0.0017797459574151599,5.319448921726251e-06,2.1425941725558482e-16,2.1851590615124275e-16,0.0020849219199138725,0.9999978265558798,3.3317791525119742e-16,1.0,0.9088092869427201,1.0279487782569169e-15,False,True,False,False,True,False,False
k_proj,23,2025,sgd,50,1.3489968268121089,1.349534492644566,1.3489968268121089,0.0005376658324571792,0.0,0.0049437238844708626,0.008679225764290326,0.00014084158659362727,4.769541308083331e-16,4.784488389696478e-16,0.010053913164847543,0.9999494591196836,6.971192422365139e-16,0.9999999999999953,0.9090278715304771,1.1423846032481066e-15,False,True,False,False,True,False,False
v_proj,0,2025,sgd,1,1.0530327774870938,1.053032777487094,1.053032777487094,2.220446049250313e-16,2.220446049250313e-16,9.521759970268984e-16,0.04282326101352479,6.907283066161767e-18,9.68363336734512e-17,6.907283066161767e-18,0.05121989312060264,0.9986892567700284,1.3230106455894898e-16,1.0000000000000027,259.03087195092087,9.550368291023116e-16,False,True,False,True,True,False,False
v_proj,0,2025,sgd,10,1.0515552784739706,0.9769836839605132,1.0515552784739703,0.0745715945134574,2.220446049250313e-16,10.126479646138094,0.13550989065357752,0.008227056378390095,2.0408053176861277e-16,2.0065293664314947e-17,0.125783827021825,0.9921740001572957,2.451765028729651e-16,0.9999999999999987,23.47575658560651,8.635657379169367e-16,False,True,False,True,True,False,False
v_proj,0,2025,sgd,50,1.0452266775623065,0.9293455038325019,1.0452266775623065,0.11588117372980455,0.0,30.285109388628744,0.18597643719951443,0.06613565025824297,4.529454858884657e-16,5.242488287949082e-17,0.17829583875648364,0.984436753860293,4.837186395492228e-16,1.000000000000003,8.014413774930285,9.797505927849885e-16,False,True,False,True,True,False,False
v_proj,1,2025,sgd,1,1.1270329767293876,1.1270329767293876,1.1270329767293876,0.0,0.0,7.813394197823917e-16,0.00046097899107880037,9.911512558017539e-18,8.909713472777375e-17,9.911512558017539e-18,0.0004970929327752796,0.9999998764598853,1.220036636582064e-16,0.9999999999999996,2.512255228706859,7.920285429272298e-16,False,True,False,True,True,False,False
v_proj,1,2025,sgd,10,1.1254852862389986,1.122276288703632,1.1254852862389986,0.003208997535366631,0.0,0.03441709449301269,0.004502977109073566,0.00016595311015942053,2.1729628303355076e-16,2.324594884800783e-17,0.00481932080238351,0.9999883870929889,2.450880963753445e-16,1.0000000000000053,2.4271530757594215,7.435228880979547e-16,False,True,False,True,True,False,False
v_proj,1,2025,sgd,50,1.1188876812625888,1.1042056689673097,1.1188876812625888,0.014682012295279101,0.0,0.16277652785525787,0.02062931589384359,0.004161137554646995,4.590251733292701e-16,5.121682378993154e-17,0.021803751262050572,0.9997628612087335,4.784404509540129e-16,1.0000000000000018,2.169283291316596,7.258038557497612e-16,False,True,False,True,True,False,False
v_proj,2,2025,sgd,1,1.0916683629170698,1.0916683629170696,1.0916683629170696,2.220446049250313e-16,2.220446049250313e-16,7.797225159999699e-16,0.0001534793926090267,5.3748205089717075e-18,9.686055173305626e-17,5.3748205089717075e-18,0.00016488850717379824,0.9999999864068349,1.2759611030436142e-16,1.0000000000000053,0.8399741765402245,7.599221320785013e-16,False,True,False,True,True,False,False
v_proj,2,2025,sgd,10,1.0901465866426037,1.0895854614556664,1.0901465866426037,0.0005611251869372946,0.0,0.0052415445351956524,0.001524727057415444,2.5755729867004586e-05,2.1524653570050398e-16,1.6104455945263634e-17,0.0016341249100619638,0.9999986648321526,2.4008658222052955e-16,0.9999999999999947,0.8369605727093206,7.68406754929231e-16,False,True,False,True,True,False,False
v_proj,2,2025,sgd,50,1.0835846658891921,1.080750758452506,1.0835846658891921,0.0028339074366861006,0.0,0.025671766979873598,0.007428820116992605,0.0006794417474401965,4.58487204980156e-16,4.6265650838421386e-17,0.007906737928993268,0.99996875068957,4.722500128170842e-16,0.9999999999999912,0.8266138492123916,7.349641443270905e-16,False,True,False,True,True,False,False
v_proj,3,2025,sgd,1,1.2307920391874119,1.2307920391874119,1.2307920391874119,0.0,0.0,9.6901390994507e-16,0.00022258703613379775,5.422327794166093e-18,9.738221043156782e-17,5.422327794166093e-18,0.0002740545841080553,0.9999999624551374,1.3010073739621958e-16,1.0000000000000042,1.25974922054124,9.711680791513698e-16,False,True,False,True,True,False,False
v_proj,3,2025,sgd,10,1.2292390397381876,1.2279813352248163,1.2292390397381874,0.0012577045133712605,2.220446049250313e-16,0.026610616030261113,0.002177959229586473,0.00010110841255427138,2.142500863171518e-16,2.1853396914108792e-17,0.002657410379821219,0.9999964707886498,2.430151226199606e-16,1.0000000000000004,1.2216767931866366,1.0249932571396577e-15,False,True,False,True,True,False,False
v_proj,3,2025,sgd,50,1.2226031405368218,1.2168762600342415,1.2226031405368218,0.0057268805025803005,0.0,0.11743619237648445,0.010071388695298082,0.002506099978488737,4.765504264407131e-16,5.8956202854848e-17,0.012092418554577393,0.9999270623063654,4.92146948985036e-16,0.999999999999996,1.1172326231666256,8.659734431038075e-16,False,True,False,True,True,False,False
v_proj,4,2025,sgd,1,1.3286253004176065,1.3286253004176063,1.3286253004176063,2.220446049250313e-16,2.220446049250313e-16,8.952714931938067e-16,0.0003017516667706419,1.9012881416790528e-18,9.379180137029244e-17,1.9012881416790528e-18,0.0003358766041936356,0.9999999436041623,1.2642552873975364e-16,0.9999999999999991,1.501164141464494,8.811594355413869e-16,False,True,False,True,True,False,False
v_proj,4,2025,sgd,10,1.3267909267936735,1.3241350725112089,1.3267909267936735,0.0026558542824646203,0.0,0.0246422785560479,0.0029757204240481567,0.00012878340723390146,2.180955173902933e-16,2.029200520809131e-17,0.003292256138176648,0.9999945837682679,2.4230758540824763e-16,1.0000000000000027,1.4741272969741426,9.043648466007866e-16,False,True,False,True,True,False,False
v_proj,4,2025,sgd,50,1.3188693795533395,1.3060213423259672,1.3188693795533395,0.012848037227372266,0.0,0.11355748098888424,0.014142238512261913,0.0032904234891607117,4.842830994319227e-16,5.158205957182539e-17,0.015588362084097217,0.9998790316699695,5.021662442385652e-16,0.9999999999999967,1.3950101180626924,7.381745424535367e-16,False,True,False,True,True,False,False
v_proj,5,2025,sgd,1,1.1832392284948543,1.1832392284948539,1.1832392284948539,4.440892098500626e-16,4.440892098500626e-16,7.774143058113454e-16,0.00021807434303601977,3.4264309992870177e-18,9.282927399048596e-17,3.4264309992870177e-18,0.000228653194391422,0.999999973858902,1.2450796806527738e-16,0.9999999999999996,1.2231890365540568,7.781424452264038e-16,False,True,False,True,True,False,False
v_proj,5,2025,sgd,10,1.1816847596123143,1.180228733090827,1.1816847596123143,0.0014560265214873525,0.0,0.017733552539362412,0.002152491111122053,0.00010769366661767617,2.1458082547815093e-16,2.2765622825684972e-17,0.0022539081091254736,0.9999974600363685,2.408335775273068e-16,0.9999999999999959,1.203323087707901,8.628440572095562e-16,False,True,False,True,True,False,False
v_proj,5,2025,sgd,50,1.1749645770779884,1.1678679170833535,1.1749645770779884,0.007096659994634935,0.0,0.08059917038001861,0.010264562496944083,0.0027171779476901923,4.57555559050713e-16,5.981864478073552e-17,0.010957186741693908,0.9999400373975236,4.823242242378232e-16,0.9999999999999933,1.1456451725432995,7.438194982996488e-16,False,True,False,True,True,False,False
v_proj,6,2025,sgd,1,1.2966978917221335,1.2966978917221335,1.2966978917221335,0.0,0.0,8.40305798247073e-16,0.0001974139245065293,3.2906712302349147e-18,9.272549565306648e-17,3.2906712302349147e-18,0.00020767288120272602,0.9999999784420106,1.2625681101750241e-16,0.9999999999999956,1.0751350284513037,8.540611801492182e-16,False,True,False,True,True,False,False
v_proj,6,2025,sgd,10,1.2949852667470625,1.2939967765695306,1.2949852667470625,0.0009884901775318866,0.0,0.009760581556311562,0.0019557181189575456,6.272337421673178e-05,2.1167797207525795e-16,1.825210289215559e-17,0.002054457618360607,0.9999978907081198,2.40408607125243e-16,0.9999999999999967,1.0683374008856665,9.541446146818466e-16,False,True,False,True,True,False,False
v_proj,6,2025,sgd,50,1.287700066587917,1.282781013425993,1.2877000665879168,0.004919053161924092,2.220446049250313e-16,0.047033796810620566,0.009433809516170477,0.001636370298779023,4.846878744165206e-16,5.004956149468135e-17,0.009975200422856177,0.9999503599543595,4.940837781516555e-16,1.0000000000000013,1.0483490738744794,9.65789389824255e-16,False,True,False,True,True,False,False
v_proj,7,2025,sgd,1,1.1923315223080164,1.1923315223080164,1.1923315223080164,0.0,0.0,1.044120066278998e-15,0.00016233171765670326,6.059041397295591e-18,9.655313751419813e-17,6.059041397295591e-18,0.0001752044324737087,0.9999999846528076,1.2854990586385313e-16,1.0000000000000009,0.9376429656118758,1.0317123739468272e-15,False,True,False,True,True,False,False
v_proj,7,2025,sgd,10,1.1908448853494151,1.190231797961157,1.1908448853494151,0.00061308738825816,0.0,0.012619351030525897,0.0016073460174571186,7.080340555810746e-05,2.1832136184580156e-16,2.1992154705253948e-17,0.0017278104351240956,0.9999985075568565,2.463038437847449e-16,1.0000000000000018,0.9294533108955515,9.559615461945405e-16,False,True,False,True,True,False,False
v_proj,7,2025,sgd,50,1.1844519830796842,1.1812818601353607,1.184451983079684,0.0031701229443235057,2.220446049250313e-16,0.055906475838269035,0.007763091784582971,0.001837772645955867,4.689882133342601e-16,5.513515412235753e-17,0.008382512134857547,0.9999648917858674,4.914440071181665e-16,0.9999999999999953,0.9112929332704929,1.0630363707745844e-15,False,True,False,True,True,False,False
v_proj,8,2025,sgd,1,1.2113064172086527,1.2113064172086527,1.2113064172086527,0.0,0.0,9.338582176662547e-16,0.0002687913886055889,8.039553049902236e-18,9.372594471833967e-17,8.039553049902236e-18,0.0002862717187634298,0.9999999590292046,1.2582222114647503e-16,0.9999999999999983,1.5620597989270748,9.198725879614884e-16,False,True,False,True,True,False,False
v_proj,8,2025,sgd,10,1.2097835473731218,1.2075560385870185,1.2097835473731215,0.0022275087861032272,2.220446049250313e-16,0.024480110543393416,0.0026458068480647323,0.00013214717420931607,2.227093282358735e-16,1.6837192381438948e-17,0.0028082519123662224,0.9999960568550158,2.503101993594879e-16,0.9999999999999959,1.5317616057610324,1.0580793232506273e-15,False,True,False,True,True,False,False
v_proj,8,2025,sgd,50,1.2032566711872612,1.192698058801363,1.2032566711872612,0.01055861238589828,0.0,0.11295552404439571,0.01248023564842961,0.003350140079229666,4.817205833647055e-16,5.395945103500496e-17,0.013439417320009492,0.9999098242921769,5.053450588074067e-16,1.0000000000000075,1.4418259082009741,9.442447611103044e-16,False,True,False,True,True,False,False
v_proj,9,2025,sgd,1,1.338508879786673,1.338508879786673,1.338508879786673,0.0,0.0,7.715176512136522e-16,0.00025785476049843367,8.138407029145156e-18,9.027120992481135e-17,8.138407029145156e-18,0.0002941212117381501,0.9999999567463531,1.221514783194007e-16,0.9999999999999968,1.1987626348428155,7.627142407339186e-16,False,True,False,True,True,False,False
v_proj,9,2025,sgd,10,1.3365607689017367,1.3338300853828784,1.3365607689017367,0.002730683518858301,0.0,0.023878499466286857,0.002547861538907506,0.00014606404201076247,2.2039549609672557e-16,2.2354281319068613e-17,0.0028979560380736125,0.999995801447329,2.4685411389201055e-16,0.999999999999999,1.1861083314297516,1.0557220319833732e-15,False,True,False,True,True,False,False
v_proj,9,2025,sgd,50,1.3283148423257605,1.3154269814629862,1.3283148423257605,0.01288786086277427,0.0,0.10742845046908626,0.012183580879703601,0.0036931671061930225,4.855626669864444e-16,4.840796000800729e-17,0.014137312100253624,0.9999003426758765,5.13515582090512e-16,1.0000000000000022,1.151683582038596,9.247662140405993e-16,False,True,False,True,True,False,False
v_proj,10,2025,sgd,1,1.3613945530035805,1.3613945530035807,1.3613945530035807,2.220446049250313e-16,2.220446049250313e-16,8.333026934638878e-16,0.00029491153507582867,3.0344987270214288e-18,9.16781158004224e-17,3.0344987270214288e-18,0.0003124019664821988,0.99999995122778,1.226547944789866e-16,0.9999999999999937,1.532113900220861,8.187571034636099e-16,False,True,False,True,True,False,False
v_proj,10,2025,sgd,10,1.3596493020359581,1.3550237505203022,1.3596493020359581,0.004625551515655912,0.0,0.037272532548883006,0.0029003570995457927,0.00022423082228701684,2.1880349439925596e-16,2.922565330239809e-17,0.003068779865308063,0.9999952985077574,2.417648415827482e-16,1.0000000000000029,1.4988693281786638,8.97285208823732e-16,False,True,False,True,True,False,False
v_proj,10,2025,sgd,50,1.3521871194617383,1.3309259650071739,1.3521871194617383,0.021261154454564446,0.0,0.18017449914223652,0.013632106977145507,0.00566383447475795,4.915816315087149e-16,6.257172575311954e-17,0.01522105142794623,0.9998852205119265,5.064639691069616e-16,0.9999999999999981,1.3985808420359547,9.869765239417996e-16,False,True,False,True,True,False,False
v_proj,11,2025,sgd,1,1.2612645858707394,1.2612645858707394,1.2612645858707394,0.0,0.0,9.433934839009912e-16,0.00020443481040207566,4.875505675503854e-18,9.396420978065593e-17,4.875505675503854e-18,0.0002433998445819301,0.9999999703900624,1.2578856125556872e-16,1.000000000000007,1.1351215353092197,9.325056655720717e-16,False,True,False,True,True,False,False
v_proj,11,2025,sgd,10,1.2597029161899123,1.257909922001099,1.2597029161899123,0.0017929941888132905,0.0,0.023589135844317648,0.00202489459858026,9.841415608826552e-05,2.2185687617401523e-16,1.901975801340133e-17,0.0024061059190229194,0.9999971075415406,2.492940731658662e-16,0.9999999999999962,1.1266858054005662,1.1466512368850979e-15,False,True,False,True,True,False,False
v_proj,11,2025,sgd,50,1.252988001192575,1.2444167251065223,1.252988001192575,0.00857127608605257,0.0,0.11377805749553893,0.009763193026716204,0.0025170067439103634,4.598729590602793e-16,5.132665972419504e-17,0.011724932563605506,0.9999314772778262,4.703799104887326e-16,0.9999999999999984,1.1014093649532,1.0228095653166289e-15,False,True,False,True,True,False,False
v_proj,12,2025,sgd,1,1.31700528696214,1.31700528696214,1.31700528696214,0.0,0.0,6.372416742699414e-16,0.0003202547936011909,3.28946762151619e-18,9.337631209414381e-17,3.28946762151619e-18,0.00038306911014769206,0.9999999266324907,1.265191398550951e-16,1.0000000000000004,1.4532343824733192,6.1755923141216245e-16,False,True,False,True,True,False,False
v_proj,12,2025,sgd,10,1.314958130246457,1.3092704086460716,1.314958130246457,0.0056877216003854425,0.0,0.046718654198896925,0.003142322518755611,0.0002451391872617344,2.2108966893069374e-16,1.4590633202120028e-17,0.0037431587608449364,0.9999929985001518,2.488670925000342e-16,0.9999999999999951,1.4188786922123267,8.5048891324929385e-16,False,True,False,True,True,False,False
v_proj,12,2025,sgd,50,1.3063291639891481,1.2811025572905839,1.3063291639891481,0.025226606698564247,0.0,0.2292985656232741,0.014647819319380567,0.006078331381899908,4.881154807435145e-16,5.5228809555542754e-17,0.018040609029617495,0.9998384362900609,5.106676187125071e-16,1.0000000000000093,1.3203401689356051,7.94982406097083e-16,False,True,False,True,True,False,False
v_proj,13,2025,sgd,1,1.280844996143081,1.2808449961430812,1.2808449961430812,2.220446049250313e-16,2.220446049250313e-16,7.984634438719211e-16,0.00024254272093207754,1.236738361398466e-17,9.79097378899332e-17,1.236738361398466e-17,0.0002806694705453319,0.9999999606385663,1.3029568181176916e-16,0.9999999999999989,1.0824268435751958,7.916505553586537e-16,False,True,False,True,True,False,False
v_proj,13,2025,sgd,10,1.27877415641166,1.2767149343014879,1.27877415641166,0.0020592221101720654,0.0,0.01568617610226899,0.0024064461930585024,8.955143389052118e-05,2.262195119527112e-16,1.8305367604801072e-17,0.0027777854056509816,0.9999961462640825,2.501462863862971e-16,1.0000000000000038,1.0778180325277193,8.114503182552364e-16,False,True,False,True,True,False,False
v_proj,13,2025,sgd,50,1.2699493632627485,1.2599105903305767,1.269949363262749,0.010038772932171813,4.440892098500626e-16,0.07523172440046505,0.011670209580691796,0.0023128138086068502,4.72602303935411e-16,5.0191426262150526e-17,0.013490251689183037,0.9999093658064658,4.904204435056962e-16,1.000000000000006,1.0636482179294775,8.266186267961936e-16,False,True,False,True,True,False,False
v_proj,14,2025,sgd,1,1.4372182976541321,1.4372182976541321,1.4372182976541321,0.0,0.0,7.567122412227951e-16,0.00026358948116296554,7.572121644732213e-18,9.695788832024951e-17,7.572121644732213e-18,0.0003137957600908774,0.9999999507851215,1.2857252213193257e-16,0.9999999999999911,1.2315697627214734,7.520095037872796e-16,False,True,False,True,True,False,False
v_proj,14,2025,sgd,10,1.4351617874329392,1.43210644173427,1.4351617874329392,0.003055345698669276,0.0,0.026511707936502562,0.002603302319859521,0.00014914789166026242,2.096790639795885e-16,2.213857077809497e-17,0.003090012967976668,0.9999952303508501,2.375677719256243e-16,1.0000000000000049,1.2177893021505843,8.749690379692772e-16,False,True,False,True,True,False,False
v_proj,14,2025,sgd,50,1.4264366578809866,1.4121078475754327,1.4264366578809862,0.014328810305553885,4.440892098500626e-16,0.1252937287138552,0.012422083210267418,0.003785039866764532,4.639771456473488e-16,5.618259398780503e-17,0.014957043070910642,0.9998886952081751,4.802806056975357e-16,1.0000000000000018,1.17734651071447,7.863902519252398e-16,False,True,False,True,True,False,False
v_proj,15,2025,sgd,1,1.392380420754489,1.392380420754489,1.392380420754489,0.0,0.0,7.683247986776925e-16,0.00023073132057453626,5.136428291563016e-18,9.3702616381579e-17,5.136428291563016e-18,0.00025402348991807326,0.9999999677431609,1.2566692626701498e-16,0.9999999999999983,1.1279790185610867,7.745563932014508e-16,False,True,False,True,True,False,False
v_proj,15,2025,sgd,10,1.3904504488790355,1.3885599061371543,1.3904504488790355,0.0018905427418811627,0.0,0.018304430421174096,0.0022862125940932374,0.00011220645545940568,2.175991077120241e-16,2.500140820087087e-17,0.0025091468433361894,0.9999968537156545,2.472359327473054e-16,0.9999999999999982,1.1193113716837189,1.1030607071880632e-15,False,True,False,True,True,False,False
v_proj,15,2025,sgd,50,1.3821545211165283,1.3729546400731085,1.3821545211165278,0.009199881043419733,4.440892098500626e-16,0.08069441401537022,0.01105417891528716,0.002863697187385286,4.723873875137085e-16,5.886831749934843e-17,0.012255343113913377,0.9999251098917588,4.869948303663478e-16,1.000000000000002,1.0960978631842975,8.692734171381596e-16,False,True,False,True,True,False,False
v_proj,16,2025,sgd,1,1.2932496785986711,1.2932496785986711,1.2932496785986711,0.0,0.0,8.384243736788578e-16,0.00015356153609182645,6.7543589623857585e-18,8.782472140684442e-17,6.7543589623857585e-18,0.0001590618817989588,0.9999999873549448,1.176968541336295e-16,1.0000000000000098,0.7833175352356666,8.559954257940636e-16,False,True,False,True,True,False,False
v_proj,16,2025,sgd,10,1.2914050236513375,1.291709508636402,1.2914050236513375,0.00030448498506463473,0.0,0.0033565888603846804,0.00152788838924635,2.1552769629030604e-05,2.2238825131683567e-16,2.1672425006319916e-17,0.0015784677201022893,0.9999987546055094,2.464448120231551e-16,0.9999999999999982,0.7829907262335966,1.0260495419390586e-15,False,True,False,True,True,False,False
v_proj,16,2025,sgd,50,1.283484547961265,1.2850376522456124,1.2834845479612649,0.0015531042843472953,2.220446049250313e-16,0.01575303656897075,0.007489709052297196,0.0005723863257247242,4.557640819203994e-16,5.565741360098857e-17,0.007670596310769905,0.9999705813668817,4.712579744887964e-16,0.9999999999999953,0.7819891559780742,9.913807592058788e-16,False,True,False,True,True,False,False
v_proj,17,2025,sgd,1,1.3706362753671417,1.3706362753671415,1.3706362753671415,2.220446049250313e-16,2.220446049250313e-16,8.801202331870303e-16,0.0001359231488833616,1.6223030281871293e-17,9.752569294501124e-17,1.6223030281871293e-17,0.00014884468170636513,0.9999999889309219,1.3021576453918796e-16,1.0000000000000022,0.7062166011902503,8.812528545483672e-16,False,True,False,True,True,False,False
v_proj,17,2025,sgd,10,1.3688912204192347,1.369117916044467,1.3688912204192352,0.00022669562523236486,4.440892098500626e-16,0.004154348181975438,0.0013517216495570242,2.654697377541362e-05,2.2075795003172376e-16,2.3229584121164773e-17,0.0014748669010001014,0.9999989130203,2.4931366096669484e-16,1.0000000000000004,0.7067069008055987,9.609703603488128e-16,False,True,False,True,True,False,False
v_proj,17,2025,sgd,50,1.3614529829040072,1.3625014278381322,1.361452982904007,0.0010484449341250368,2.220446049250313e-16,0.019460612129640394,0.0066167318073489445,0.0007092615139725641,4.761553851532607e-16,5.3138127136854505e-17,0.007137240710783016,0.9999745326167799,5.006203847423776e-16,1.0000000000000013,0.7103752930778715,1.0128809195606416e-15,False,True,False,True,True,False,False
v_proj,18,2025,sgd,1,1.5737434451461276,1.5737434451461276,1.5737434451461276,0.0,0.0,9.7966268736709e-16,0.0002227394061537998,6.600917023495131e-18,9.468277545563662e-17,6.600917023495131e-18,0.00024391449372136666,0.9999999702611058,1.2749623276190573e-16,1.0000000000000064,0.983925967115668,9.769934340448929e-16,False,True,False,True,True,False,False
v_proj,18,2025,sgd,10,1.5714901196870883,1.5704215567317181,1.5714901196870883,0.001068562955370167,0.0,0.02360770293556429,0.0021837989379023667,0.0001654080575921199,2.2075391438254338e-16,2.638583626776754e-17,0.002384433900660385,0.9999971585868792,2.4973984398965305e-16,0.9999999999999971,0.9576427526964448,8.907118207739697e-16,False,True,False,True,True,False,False
v_proj,18,2025,sgd,50,1.5619000846831597,1.5576416131738242,1.5619000846831597,0.004258471509335449,0.0,0.09509232510397955,0.010180979324260538,0.004069292750176278,4.670924780663413e-16,5.921508083029927e-17,0.011652879538566254,0.9999321878738621,4.89101317462274e-16,0.9999999999999972,0.8860278799944017,1.1073524275396163e-15,False,True,False,True,True,False,False
v_proj,19,2025,sgd,1,1.4537890826928976,1.4537890826928976,1.4537890826928976,0.0,0.0,8.61327651077677e-16,0.00017755052973379273,7.951065638024031e-18,9.231180285958716e-17,7.951065638024031e-18,0.000204320198757222,0.9999999791742555,1.2589025589546001e-16,0.9999999999999999,0.8828613882676299,8.708666949763138e-16,False,True,False,True,True,False,False
v_proj,19,2025,sgd,10,1.4518543061924316,1.4513707408106613,1.4518543061924316,0.00048356538177030117,0.0,0.009485759618858195,0.0017625579568149449,6.349179014023883e-05,2.2416892685519234e-16,2.358259487611681e-17,0.002024174842331892,0.9999979563878363,2.5131795735273e-16,1.0,0.8813270444031253,9.788188484472103e-16,False,True,False,True,True,False,False
v_proj,19,2025,sgd,50,1.4436429830262891,1.4410840585446933,1.4436429830262891,0.0025589244815957812,0.0,0.04406823694779336,0.008574631598872735,0.0016597780635209704,4.895474449584712e-16,5.525820443253406e-17,0.00987393492315353,0.9999514055888723,5.068945602290402e-16,0.9999999999999958,0.8798121785984244,9.473291481557232e-16,False,True,False,True,True,False,False
v_proj,20,2025,sgd,1,1.5234586431781683,1.5234586431781683,1.5234586431781683,0.0,0.0,1.0795596781870164e-15,0.00016798314874488983,7.604765910812627e-18,9.271684755693435e-17,7.604765910812627e-18,0.00019490582233236162,0.9999999810105591,1.274750595369043e-16,1.0000000000000084,0.8110881426541927,1.0246453536445536e-15,False,True,False,True,True,False,False
v_proj,20,2025,sgd,10,1.5214580283887187,1.521517483636145,1.5214580283887187,5.9455247426232205e-05,0.0,0.007050841085915369,0.0016694400091543603,3.730495213213601e-05,2.2067249952834737e-16,1.730602191304968e-17,0.0019327423661053991,0.9999981326409298,2.487468313911219e-16,1.0000000000000036,0.8103860701005943,8.467178373533751e-16,False,True,False,True,True,False,False
v_proj,20,2025,sgd,50,1.5128967429346734,1.513151848066786,1.5128967429346734,0.00025510513211268737,0.0,0.033666816216023264,0.008148875053027473,0.0009829871070609012,4.875129485546958e-16,5.562634832222527e-17,0.00938926254141733,0.9999559232389735,5.094718536647111e-16,0.999999999999996,0.8085990258042317,1.00348940696136e-15,False,True,False,True,True,False,False
v_proj,21,2025,sgd,1,1.8705682379586088,1.870568237958609,1.870568237958609,2.220446049250313e-16,2.220446049250313e-16,9.83700940467961e-16,0.00022057059316435104,3.6839918719823256e-18,8.783572063386052e-17,3.6839918719823256e-18,0.00026358648424903216,0.999999965482242,1.2210713606753226e-16,0.9999999999999938,0.9324051285633058,9.749910442156684e-16,False,True,False,True,True,False,False
v_proj,21,2025,sgd,10,1.8680063164821028,1.8675004531743011,1.8680063164821028,0.0005058633078016683,0.0,0.012844828924034806,0.002191033518110428,0.00010002693866359907,2.3663329999240436e-16,2.5067289942935267e-17,0.0026139236456380224,0.9999966058028927,2.6977450306396186e-16,1.0000000000000038,0.9292340306064009,1.1919082040537471e-15,False,True,False,True,True,False,False
v_proj,21,2025,sgd,50,1.8569368244632827,1.8544555875574549,1.8569368244632833,0.0024812369058277994,6.661338147750939e-16,0.052382957004365814,0.010703487160208065,0.00254637119181011,4.848195278696916e-16,6.800378649757214e-17,0.012857801961334573,0.999917874623926,5.037896649033559e-16,0.9999999999999987,0.922249231611108,1.205572533486761e-15,False,True,False,True,True,False,False
v_proj,22,2025,sgd,1,1.6865535893633377,1.6865535893633379,1.6865535893633379,2.220446049250313e-16,2.220446049250313e-16,7.892957239458981e-16,0.0002318903260068837,5.705905903689099e-18,8.664848790528306e-17,5.705905903689099e-18,0.0002754746333367034,0.9999999620725775,1.2061951927922833e-16,0.999999999999994,0.8991031123064863,7.496995873056538e-16,False,True,False,True,True,False,False
v_proj,22,2025,sgd,10,1.6840540345451516,1.683980132222502,1.6840540345451516,7.390232264947727e-05,0.0,0.0032458354518569077,0.0023083519835028123,3.529208963738053e-05,2.1307520764669108e-16,2.0878175194860974e-17,0.002737950839679283,0.9999962533529436,2.463682078445797e-16,1.0000000000000007,0.899191457984959,9.325904343312836e-16,False,True,False,True,True,False,False
v_proj,22,2025,sgd,50,1.6732091894851215,1.6727004016272427,1.6732091894851215,0.0005087878578788896,0.0,0.014138876454550725,0.011345744493696807,0.0009501265046652677,4.744252281526643e-16,5.55455522314029e-17,0.013396877875866003,0.9999102933517899,5.030906820946473e-16,0.9999999999999997,0.9001627134892427,8.672263947430091e-16,False,True,False,True,True,False,False
v_proj,23,2025,sgd,1,1.6726011657984765,1.6726011657984767,1.6726011657984767,2.220446049250313e-16,2.220446049250313e-16,9.182503263546846e-16,0.00019980009172362105,5.624695382047316e-18,8.62118950344074e-17,5.624695382047316e-18,0.00023067307612564418,0.999999973395165,1.21994837807194e-16,1.0,0.9099101776808239,9.095781648251395e-16,False,True,False,True,True,False,False
v_proj,23,2025,sgd,10,1.6703970492470417,1.6705420547520855,1.6703970492470421,0.00014500550504381593,4.440892098500626e-16,0.0010853926296123667,0.0019892021862314133,7.0632663467316725e-06,2.1994902965372581e-16,2.177477079923737e-17,0.0022902937528385776,0.9999973772827981,2.509171957500125e-16,0.9999999999999983,0.9098037591898719,1.0073418516717755e-15,False,True,False,True,True,False,False
v_proj,23,2025,sgd,50,1.6607763763760417,1.6615348383281663,1.660776376376042,0.0007584619521245894,2.220446049250313e-16,0.0050742192632746725,0.009786053446868337,0.00018800745697034995,4.6860174389274e-16,5.990903842630739e-17,0.011134340651261796,0.9999380115309024,5.086619802938921e-16,1.000000000000002,0.9092611741313168,8.95338228917959e-16,False,True,False,True,True,False,False
o_proj,0,2025,sgd,1,1.2010532829845202,1.20105328298452,1.20105328298452,2.220446049250313e-16,2.220446049250313e-16,1.473320515412719e-15,2.587982933348301e-18,2.209582346923331e-18,2.587982933348301e-18,2.209582346923331e-18,6.55605746242342e-18,1.0000000000000022,6.55605746242342e-18,1.0000000000000022,1.4733205154127198e-15,1.4733205154127198e-15,True,True,True,True,False,False,False
o_proj,0,2025,sgd,10,1.2008412629128657,1.2008412629128657,1.2008412629128657,0.0,0.0,1.4765408257114926e-15,1.0593573346474912e-17,5.674879016755849e-18,1.0593573346474912e-17,5.674879016755849e-18,2.1287136355871565e-17,1.0000000000000075,2.1287136355871565e-17,1.0000000000000075,1.4765408257114922e-15,1.4765408257114922e-15,True,True,True,True,False,False,False
o_proj,0,2025,sgd,50,1.199936272274357,1.199936272274357,1.199936272274357,0.0,0.0,1.2690054999769936e-15,1.9955504669122278e-17,1.3550595798943827e-17,1.9955504669122278e-17,1.3550595798943827e-17,4.2125045386446365e-17,0.9999999999999991,4.2125045386446365e-17,0.9999999999999991,1.2690054999769926e-15,1.2690054999769926e-15,True,True,True,True,False,False,False
o_proj,1,2025,sgd,1,1.2232419238854715,1.2232419238854715,1.2232419238854715,0.0,0.0,1.5742088993924233e-15,2.994962701223516e-18,1.6209611154481119e-19,2.994962701223516e-18,1.6209611154481119e-19,5.577096309291769e-18,1.0000000000000109,5.577096309291769e-18,1.0000000000000109,1.5742088993924237e-15,1.5742088993924237e-15,True,True,True,True,False,False,False
o_proj,1,2025,sgd,10,1.2230378162571496,1.2230378162571496,1.2230378162571496,0.0,0.0,1.433772294312745e-15,8.660565124339835e-18,5.270217498870497e-18,8.660565124339835e-18,5.270217498870497e-18,1.9098053474840947e-17,0.9999999999999881,1.9098053474840947e-17,0.9999999999999881,1.4337722943127458e-15,1.4337722943127458e-15,True,True,True,True,False,False,False
o_proj,1,2025,sgd,50,1.222161811351806,1.222161811351806,1.222161811351806,0.0,0.0,1.617497511524619e-15,2.1097643434768685e-17,1.2497311003555702e-17,2.1097643434768685e-17,1.2497311003555702e-17,4.12476858002469e-17,0.9999999999999902,4.12476858002469e-17,0.9999999999999902,1.6174975115246193e-15,1.6174975115246193e-15,True,True,True,True,False,False,False
o_proj,2,2025,sgd,1,1.2054145409823338,1.2054145409823338,1.2054145409823338,0.0,0.0,1.5535432112923764e-15,2.6232741957367547e-18,3.783956031562349e-18,2.6232741957367547e-18,3.783956031562349e-18,6.951153372905399e-18,1.000000000000004,6.951153372905399e-18,1.000000000000004,1.553543211292376e-15,1.553543211292376e-15,True,True,True,True,False,False,False
o_proj,2,2025,sgd,10,1.2052095819513675,1.2052095819513675,1.2052095819513675,0.0,0.0,1.982280815539048e-15,1.0225132616914724e-17,6.491002334574138e-18,1.0225132616914724e-17,6.491002334574138e-18,2.0317767230876674e-17,1.0000000000000127,2.0317767230876674e-17,1.0000000000000127,1.982280815539051e-15,1.982280815539051e-15,True,True,True,True,False,False,False
o_proj,2,2025,sgd,50,1.2043307623819173,1.2043307623819173,1.2043307623819173,0.0,0.0,1.3591443379424644e-15,1.9955411899289538e-17,1.2884250910745948e-17,1.9955411899289538e-17,1.2884250910745948e-17,4.021058661311779e-17,1.0000000000000104,4.021058661311779e-17,1.0000000000000104,1.3591443379424648e-15,1.3591443379424648e-15,True,True,True,True,False,False,False
o_proj,3,2025,sgd,1,1.2676036038021348,1.2676036038021348,1.2676036038021348,0.0,0.0,1.5043401837840485e-15,4.31261988269159e-18,3.4394529760303952e-19,4.31261988269159e-18,3.4394529760303952e-19,7.084701510337055e-18,1.0000000000000135,7.084701510337055e-18,1.0000000000000135,1.504340183784048e-15,1.504340183784048e-15,True,True,True,True,False,False,False
o_proj,3,2025,sgd,10,1.2673714305803467,1.2673714305803467,1.2673714305803467,0.0,0.0,1.270151568991375e-15,1.1457798375579424e-17,7.8728237348273e-18,1.1457798375579424e-17,7.8728237348273e-18,2.2474515539819646e-17,0.9999999999999871,2.2474515539819646e-17,0.9999999999999871,1.2701515689913745e-15,1.2701515689913745e-15,True,True,True,True,False,False,False
o_proj,3,2025,sgd,50,1.2663777828624598,1.2663777828624598,1.2663777828624598,0.0,0.0,1.3138258108016048e-15,2.2011952653376844e-17,1.5471130543664824e-17,2.2011952653376844e-17,1.5471130543664824e-17,4.483739482503883e-17,0.9999999999999809,4.483739482503883e-17,0.9999999999999809,1.3138258108016048e-15,1.3138258108016048e-15,True,True,True,True,False,False,False
o_proj,4,2025,sgd,1,1.3182090271946225,1.3182090271946225,1.3182090271946225,0.0,0.0,1.308952116369724e-15,1.3115051779748212e-18,3.085950409588658e-19,1.3115051779748212e-18,3.085950409588658e-19,3.1925100700463447e-18,1.000000000000003,3.1925100700463447e-18,1.000000000000003,1.308952116369723e-15,1.308952116369723e-15,True,True,True,True,False,False,False
o_proj,4,2025,sgd,10,1.3179757355793602,1.31797573557936,1.31797573557936,2.220446049250313e-16,2.220446049250313e-16,1.294194006906744e-15,9.639237574073761e-18,5.754278974321858e-18,9.639237574073761e-18,5.754278974321858e-18,1.8524481823564578e-17,0.9999999999999946,1.8524481823564578e-17,0.9999999999999946,1.2941940069067444e-15,1.2941940069067444e-15,True,True,True,True,False,False,False
o_proj,4,2025,sgd,50,1.3169788073486803,1.3169788073486801,1.3169788073486801,2.220446049250313e-16,2.220446049250313e-16,1.4113651608580229e-15,2.135639176840983e-17,1.3439925733716643e-17,2.135639176840983e-17,1.3439925733716643e-17,4.272408632078826e-17,1.0000000000000153,4.272408632078826e-17,1.0000000000000153,1.4113651608580235e-15,1.4113651608580235e-15,True,True,True,True,False,False,False
o_proj,5,2025,sgd,1,1.3121078910742838,1.3121078910742838,1.3121078910742838,0.0,0.0,1.441339390817697e-15,1.1277825268068736e-18,3.2497802329785206e-19,1.1277825268068736e-18,3.2497802329785206e-19,3.0759039013880808e-18,1.0000000000000049,3.0759039013880808e-18,1.0000000000000049,1.4413393908176965e-15,1.4413393908176965e-15,True,True,True,True,False,False,False
o_proj,5,2025,sgd,10,1.311870946678087,1.311870946678087,1.311870946678087,0.0,0.0,1.1955249378311485e-15,8.560153243573748e-18,1.0083576025409019e-17,8.560153243573748e-18,1.0083576025409019e-17,2.0331874598831526e-17,0.9999999999999962,2.0331874598831526e-17,0.9999999999999962,1.1955249378311487e-15,1.1955249378311487e-15,True,True,True,True,False,False,False
o_proj,5,2025,sgd,50,1.3108588023453105,1.3108588023453103,1.3108588023453103,2.220446049250313e-16,2.220446049250313e-16,1.86852423076483e-15,2.220242267129354e-17,1.647116832458258e-17,2.220242267129354e-17,1.647116832458258e-17,4.344225884234041e-17,1.0000000000000104,4.344225884234041e-17,1.0000000000000104,1.868524230764831e-15,1.868524230764831e-15,True,True,True,True,False,False,False
o_proj,6,2025,sgd,1,1.266670215128848,1.2666702151288476,1.2666702151288476,4.440892098500626e-16,4.440892098500626e-16,1.301094406959488e-15,2.642782364083507e-18,4.231651140974518e-18,2.642782364083507e-18,4.231651140974518e-18,7.447179466303161e-18,0.9999999999999944,7.447179466303161e-18,0.9999999999999944,1.3010944069594875e-15,1.3010944069594875e-15,True,True,True,True,False,False,False
o_proj,6,2025,sgd,10,1.2664296064757257,1.2664296064757257,1.2664296064757257,0.0,0.0,1.3981076245221777e-15,1.2699330361010423e-17,6.372626206304848e-18,1.2699330361010423e-17,6.372626206304848e-18,2.1818881181406795e-17,0.9999999999999817,2.1818881181406795e-17,0.9999999999999817,1.3981076245221777e-15,1.3981076245221777e-15,True,True,True,True,False,False,False
o_proj,6,2025,sgd,50,1.265403378881474,1.265403378881474,1.265403378881474,0.0,0.0,1.3477235416163857e-15,2.7092433067895764e-17,1.4024718002266523e-17,2.7092433067895764e-17,1.4024718002266523e-17,4.809221317228349e-17,1.0000000000000155,4.809221317228349e-17,1.0000000000000155,1.3477235416163854e-15,1.3477235416163854e-15,True,True,True,True,False,False,False
o_proj,7,2025,sgd,1,1.3116665780635965,1.3116665780635965,1.3116665780635965,0.0,0.0,1.4002937752826166e-15,1.4947550990300042e-18,2.396436208803746e-19,1.4947550990300042e-18,2.396436208803746e-19,3.638676119091915e-18,0.9999999999999887,3.638676119091915e-18,0.9999999999999887,1.4002937752826166e-15,1.4002937752826166e-15,True,True,True,True,False,False,False
o_proj,7,2025,sgd,10,1.311428070088916,1.3114280700889163,1.3114280700889163,2.220446049250313e-16,2.220446049250313e-16,1.8014596959528816e-15,8.151432678544354e-18,6.546288428282921e-18,8.151432678544354e-18,6.546288428282921e-18,1.887661691973363e-17,1.0000000000000093,1.887661691973363e-17,1.0000000000000093,1.801459695952881e-15,1.801459695952881e-15,True,True,True,True,False,False,False
o_proj,7,2025,sgd,50,1.3104069744712696,1.3104069744712696,1.3104069744712696,0.0,0.0,1.2818668884662685e-15,2.0128383410814523e-17,1.6311385313235527e-17,2.0128383410814523e-17,1.6311385313235527e-17,4.287557894892201e-17,1.0,4.287557894892201e-17,1.0,1.2818668884662688e-15,1.2818668884662688e-15,True,True,True,True,False,False,False
o_proj,8,2025,sgd,1,1.3022360207578896,1.3022360207578894,1.3022360207578894,2.220446049250313e-16,2.220446049250313e-16,1.3081151983158817e-15,2.030957991395845e-18,1.0364172629916955e-18,2.030957991395845e-18,1.0364172629916955e-18,5.6896901914606964e-18,0.9999999999999987,5.6896901914606964e-18,0.9999999999999987,1.3081151983158813e-15,1.3081151983158813e-15,True,True,True,True,False,False,False
o_proj,8,2025,sgd,10,1.3020173267789956,1.3020173267789956,1.3020173267789956,0.0,0.0,1.2236430691904401e-15,8.640443231767121e-18,7.119932716625404e-18,8.640443231767121e-18,7.119932716625404e-18,1.9951839507812626e-17,1.0000000000000109,1.9951839507812626e-17,1.0000000000000109,1.22364306919044e-15,1.22364306919044e-15,True,True,True,True,False,False,False
o_proj,8,2025,sgd,50,1.3010796306543606,1.3010796306543608,1.3010796306543608,2.220446049250313e-16,2.220446049250313e-16,1.3223795174478984e-15,2.3606421053591883e-17,1.381665415413882e-17,2.3606421053591883e-17,1.381665415413882e-17,4.456625513896958e-17,0.9999999999999968,4.456625513896958e-17,0.9999999999999968,1.322379517447898e-15,1.322379517447898e-15,True,True,True,True,False,False,False
o_proj,9,2025,sgd,1,1.2714889794880588,1.2714889794880588,1.2714889794880588,0.0,0.0,1.5607722895678088e-15,3.1009310408470063e-18,1.4690654254436044e-18,3.1009310408470063e-18,1.4690654254436044e-18,6.825266785915777e-18,0.9999999999999862,6.825266785915777e-18,0.9999999999999862,1.5607722895678077e-15,1.5607722895678077e-15,True,True,True,True,False,False,False
o_proj,9,2025,sgd,10,1.2712617442400553,1.2712617442400553,1.2712617442400553,0.0,0.0,1.6558340509512014e-15,1.0491994364725002e-17,5.901836755529348e-18,1.0491994364725002e-17,5.901836755529348e-18,2.137537019607737e-17,0.9999999999999958,2.137537019607737e-17,0.9999999999999958,1.655834050951201e-15,1.655834050951201e-15,True,True,True,True,False,False,False
o_proj,9,2025,sgd,50,1.2702908177217942,1.2702908177217942,1.2702908177217942,0.0,0.0,1.464241141180513e-15,2.365503116674891e-17,1.3557500043496888e-17,2.365503116674891e-17,1.3557500043496888e-17,4.4629314672535584e-17,1.0000000000000062,4.4629314672535584e-17,1.0000000000000062,1.464241141180513e-15,1.464241141180513e-15,True,True,True,True,False,False,False
o_proj,10,2025,sgd,1,1.3257879582133962,1.3257879582133962,1.3257879582133962,0.0,0.0,1.5573795882570193e-15,2.599696911437532e-18,1.8311242892128503e-18,2.599696911437532e-18,1.8311242892128503e-18,5.704797993378555e-18,0.9999999999999986,5.704797993378555e-18,0.9999999999999986,1.5573795882570193e-15,1.5573795882570193e-15,True,True,True,True,False,False,False
o_proj,10,2025,sgd,10,1.325576215179662,1.325576215179662,1.325576215179662,0.0,0.0,1.6218936593478895e-15,1.0255225376654997e-17,4.951271307716336e-18,1.0255225376654997e-17,4.951271307716336e-18,1.9081406502125482e-17,0.9999999999999961,1.9081406502125482e-17,0.9999999999999961,1.621893659347889e-15,1.621893659347889e-15,True,True,True,True,False,False,False
o_proj,10,2025,sgd,50,1.3246688663393027,1.3246688663393027,1.3246688663393027,0.0,0.0,1.2842695197891743e-15,2.207118533092156e-17,1.2778963535658697e-17,2.207118533092156e-17,1.2778963535658697e-17,4.2243834176783805e-17,1.0000000000000058,4.2243834176783805e-17,1.0000000000000058,1.2842695197891747e-15,1.2842695197891747e-15,True,True,True,True,False,False,False
o_proj,11,2025,sgd,1,1.2904365050932063,1.2904365050932063,1.2904365050932063,0.0,0.0,1.3956037275211793e-15,2.474391479689001e-18,9.288571658169074e-19,2.474391479689001e-18,9.288571658169074e-19,5.245832302423107e-18,1.0000000000000249,5.245832302423107e-18,1.0000000000000249,1.395603727521179e-15,1.395603727521179e-15,True,True,True,True,False,False,False
o_proj,11,2025,sgd,10,1.2902270907801576,1.2902270907801576,1.2902270907801576,0.0,0.0,1.5083045434061817e-15,1.079316791663723e-17,7.867914681682094e-18,1.079316791663723e-17,7.867914681682094e-18,2.1088710328307745e-17,1.0000000000000102,2.1088710328307745e-17,1.0000000000000102,1.5083045434061815e-15,1.5083045434061815e-15,True,True,True,True,False,False,False
o_proj,11,2025,sgd,50,1.2893309264923711,1.2893309264923711,1.2893309264923711,0.0,0.0,1.241458200818009e-15,2.1340472466678867e-17,1.6286005542957695e-17,2.1340472466678867e-17,1.6286005542957695e-17,4.310991607291974e-17,1.0000000000000056,4.310991607291974e-17,1.0000000000000056,1.2414582008180087e-15,1.2414582008180087e-15,True,True,True,True,False,False,False
o_proj,12,2025,sgd,1,1.3129590396980064,1.3129590396980064,1.3129590396980064,0.0,0.0,1.357000443169187e-15,1.6029178736749493e-18,5.156621931817842e-19,1.6029178736749493e-18,5.156621931817842e-19,4.5435481713615745e-18,0.9999999999999902,4.5435481713615745e-18,0.9999999999999902,1.357000443169187e-15,1.357000443169187e-15,True,True,True,True,False,False,False
o_proj,12,2025,sgd,10,1.3127353357120253,1.3127353357120253,1.3127353357120253,0.0,0.0,1.3964049100948983e-15,7.73338588760163e-18,7.06002659778802e-18,7.73338588760163e-18,7.06002659778802e-18,1.982581559374715e-17,1.000000000000019,1.982581559374715e-17,1.000000000000019,1.3964049100948985e-15,1.3964049100948985e-15,True,True,True,True,False,False,False
o_proj,12,2025,sgd,50,1.3117767758841612,1.3117767758841612,1.3117767758841612,0.0,0.0,1.37190868158668e-15,2.185384883351935e-17,1.695754012572501e-17,2.185384883351935e-17,1.695754012572501e-17,4.570728956948632e-17,1.0000000000000149,4.570728956948632e-17,1.0000000000000149,1.37190868158668e-15,1.37190868158668e-15,True,True,True,True,False,False,False
o_proj,13,2025,sgd,1,1.327896454344722,1.327896454344722,1.327896454344722,0.0,0.0,1.6359062275413054e-15,1.5812541038537642e-18,1.8735553748019757e-18,1.5812541038537642e-18,1.8735553748019757e-18,5.364210312537484e-18,0.9999999999999869,5.364210312537484e-18,0.9999999999999869,1.635906227541305e-15,1.635906227541305e-15,True,True,True,True,False,False,False
o_proj,13,2025,sgd,10,1.3276551270301968,1.327655127030197,1.327655127030197,2.220446049250313e-16,2.220446049250313e-16,1.3221018913775986e-15,1.299733146434987e-17,7.462203349532382e-18,1.299733146434987e-17,7.462203349532382e-18,2.2687044026335976e-17,0.9999999999999838,2.2687044026335976e-17,0.9999999999999838,1.322101891377598e-15,1.322101891377598e-15,True,True,True,True,False,False,False
o_proj,13,2025,sgd,50,1.3266213072360606,1.3266213072360606,1.3266213072360606,0.0,0.0,1.3285408957286017e-15,2.3578663371419574e-17,1.5457036962733997e-17,2.3578663371419574e-17,1.5457036962733997e-17,4.6199815881377656e-17,0.9999999999999724,4.6199815881377656e-17,0.9999999999999724,1.3285408957286025e-15,1.3285408957286025e-15,True,True,True,True,False,False,False
o_proj,14,2025,sgd,1,1.324246244535858,1.324246244535858,1.324246244535858,0.0,0.0,1.4850424953958024e-15,1.0871147896429696e-18,3.72641627994629e-18,1.0871147896429696e-18,3.72641627994629e-18,5.648337003898391e-18,0.9999999999999926,5.648337003898391e-18,0.9999999999999926,1.4850424953958014e-15,1.4850424953958014e-15,True,True,True,True,False,False,False
o_proj,14,2025,sgd,10,1.324022751213263,1.324022751213263,1.324022751213263,0.0,0.0,1.5833577693229057e-15,7.791596170010153e-18,6.972531119728748e-18,7.791596170010153e-18,6.972531119728748e-18,1.7846696397472545e-17,1.0000000000000135,1.7846696397472545e-17,1.0000000000000135,1.5833577693229053e-15,1.5833577693229053e-15,True,True,True,True,False,False,False
o_proj,14,2025,sgd,50,1.32306601978262,1.3230660197826203,1.3230660197826203,2.220446049250313e-16,2.220446049250313e-16,1.426296675001811e-15,2.339339640915596e-17,1.4832623339651352e-17,2.339339640915596e-17,1.4832623339651352e-17,4.365805791938254e-17,1.000000000000008,4.365805791938254e-17,1.000000000000008,1.4262966750018104e-15,1.4262966750018104e-15,True,True,True,True,False,False,False
o_proj,15,2025,sgd,1,1.3195554780921508,1.3195554780921508,1.3195554780921508,0.0,0.0,1.4058603709375248e-15,3.843083106969371e-18,1.8912247753615213e-18,3.843083106969371e-18,1.8912247753615213e-18,8.338460472421356e-18,0.9999999999999931,8.338460472421356e-18,0.9999999999999931,1.4058603709375244e-15,1.4058603709375244e-15,True,True,True,True,False,False,False
o_proj,15,2025,sgd,10,1.3193245566023544,1.3193245566023541,1.3193245566023541,2.220446049250313e-16,2.220446049250313e-16,1.5306027047442905e-15,1.1275602962567196e-17,5.02517181482591e-18,1.1275602962567196e-17,5.02517181482591e-18,2.1270490768818726e-17,1.000000000000003,2.1270490768818726e-17,1.000000000000003,1.5306027047442903e-15,1.5306027047442903e-15,True,True,True,True,False,False,False
o_proj,15,2025,sgd,50,1.3183387040222405,1.3183387040222405,1.3183387040222405,0.0,0.0,1.8000461247573744e-15,2.1784583133914298e-17,1.5758030113619525e-17,2.1784583133914298e-17,1.5758030113619525e-17,4.490258100989987e-17,1.0000000000000182,4.490258100989987e-17,1.0000000000000182,1.8000461247573736e-15,1.8000461247573736e-15,True,True,True,True,False,False,False
o_proj,16,2025,sgd,1,1.3936946202447915,1.3936946202447915,1.3936946202447915,0.0,0.0,1.3170700697471043e-15,2.699505467869914e-18,6.613076136199227e-19,2.699505467869914e-18,6.613076136199227e-19,5.060384616781667e-18,0.9999999999999908,5.060384616781667e-18,0.9999999999999908,1.3170700697471037e-15,1.3170700697471037e-15,True,True,True,True,False,False,False
o_proj,16,2025,sgd,10,1.3934623131279067,1.3934623131279065,1.3934623131279065,2.220446049250313e-16,2.220446049250313e-16,1.3812523008276526e-15,1.0217434190127851e-17,7.885506625710337e-18,1.0217434190127851e-17,7.885506625710337e-18,2.1529668976812905e-17,0.9999999999999878,2.1529668976812905e-17,0.9999999999999878,1.381252300827652e-15,1.381252300827652e-15,True,True,True,True,False,False,False
o_proj,16,2025,sgd,50,1.3924703114107304,1.3924703114107306,1.3924703114107306,2.220446049250313e-16,2.220446049250313e-16,1.6799673632694455e-15,2.2583865672775874e-17,1.5216984724549063e-17,2.2583865672775874e-17,1.5216984724549063e-17,4.48487939551675e-17,1.0000000000000147,4.48487939551675e-17,1.0000000000000147,1.6799673632694451e-15,1.6799673632694451e-15,True,True,True,True,False,False,False
o_proj,17,2025,sgd,1,1.34988356913958,1.34988356913958,1.34988356913958,0.0,0.0,1.5686921368526995e-15,4.377840693443599e-18,3.803079522665129e-18,4.377840693443599e-18,3.803079522665129e-18,8.675188415830526e-18,0.999999999999987,8.675188415830526e-18,0.999999999999987,1.5686921368527e-15,1.5686921368527e-15,True,True,True,True,False,False,False
o_proj,17,2025,sgd,10,1.349671126398815,1.3496711263988148,1.3496711263988148,2.220446049250313e-16,2.220446049250313e-16,1.6579971898413694e-15,9.892900770661626e-18,7.5262218883424e-18,9.892900770661626e-18,7.5262218883424e-18,2.057466881341098e-17,0.9999999999999949,2.057466881341098e-17,0.9999999999999949,1.6579971898413682e-15,1.6579971898413682e-15,True,True,True,True,False,False,False
o_proj,17,2025,sgd,50,1.348756272566212,1.348756272566212,1.348756272566212,0.0,0.0,1.4475601402498833e-15,2.30053505155765e-17,1.4288973782933778e-17,2.30053505155765e-17,1.4288973782933778e-17,4.4664746716802404e-17,0.9999999999999977,4.4664746716802404e-17,0.9999999999999977,1.4475601402498821e-15,1.4475601402498821e-15,True,True,True,True,False,False,False
o_proj,18,2025,sgd,1,1.3510321787735056,1.3510321787735053,1.3510321787735053,2.220446049250313e-16,2.220446049250313e-16,1.375467928100601e-15,1.7183962011459899e-18,1.0240036583616673e-18,1.7183962011459899e-18,1.0240036583616673e-18,4.455854862652611e-18,1.0000000000000082,4.455854862652611e-18,1.0000000000000082,1.3754679281006005e-15,1.3754679281006005e-15,True,True,True,True,False,False,False
o_proj,18,2025,sgd,10,1.3507912450133162,1.3507912450133162,1.3507912450133162,0.0,0.0,1.3519195820401666e-15,1.1313971085793702e-17,5.281253130017092e-18,1.1313971085793702e-17,5.281253130017092e-18,2.0983582520781634e-17,1.0000000000000135,2.0983582520781634e-17,1.0000000000000135,1.3519195820401668e-15,1.3519195820401668e-15,True,True,True,True,False,False,False
o_proj,18,2025,sgd,50,1.3497595095743624,1.3497595095743624,1.3497595095743624,0.0,0.0,1.5613973180755066e-15,2.287453109107107e-17,1.6559096009449687e-17,2.287453109107107e-17,1.6559096009449687e-17,4.557148142387747e-17,0.999999999999994,4.557148142387747e-17,0.999999999999994,1.5613973180755067e-15,1.5613973180755067e-15,True,True,True,True,False,False,False
o_proj,19,2025,sgd,1,1.310478276059005,1.3104782760590052,1.3104782760590052,2.220446049250313e-16,2.220446049250313e-16,1.3453002474848773e-15,5.23353725897178e-18,2.7663796372717755e-18,5.23353725897178e-18,2.7663796372717755e-18,8.98667137769064e-18,1.0000000000000147,8.98667137769064e-18,1.0000000000000147,1.3453002474848779e-15,1.3453002474848779e-15,True,True,True,True,False,False,False
o_proj,19,2025,sgd,10,1.3102651268083758,1.310265126808376,1.310265126808376,2.220446049250313e-16,2.220446049250313e-16,1.4585157570257988e-15,1.0506735879060689e-17,6.902442714841098e-18,1.0506735879060689e-17,6.902442714841098e-18,2.074373264644171e-17,0.9999999999999948,2.074373264644171e-17,0.9999999999999948,1.4585157570257988e-15,1.4585157570257988e-15,True,True,True,True,False,False,False
o_proj,19,2025,sgd,50,1.3093500707635328,1.309350070763533,1.309350070763533,2.220446049250313e-16,2.220446049250313e-16,1.3568715053768742e-15,2.2321559200155773e-17,1.4556169461972028e-17,2.2321559200155773e-17,1.4556169461972028e-17,4.329536935484973e-17,0.9999999999999768,4.329536935484973e-17,0.9999999999999768,1.3568715053768744e-15,1.3568715053768744e-15,True,True,True,True,False,False,False
o_proj,20,2025,sgd,1,1.3929625280152418,1.3929625280152418,1.3929625280152418,0.0,0.0,1.1944000280770108e-15,1.6738429869597235e-18,3.663157811213585e-18,1.6738429869597235e-18,3.663157811213585e-18,6.572084766418766e-18,1.0000000000000089,6.572084766418766e-18,1.0000000000000089,1.1944000280770102e-15,1.1944000280770102e-15,True,True,True,True,False,False,False
o_proj,20,2025,sgd,10,1.392703517050309,1.3927035170503088,1.3927035170503088,2.220446049250313e-16,2.220446049250313e-16,1.469615980908125e-15,1.0217623244055733e-17,6.74863347162996e-18,1.0217623244055733e-17,6.74863347162996e-18,2.007697591007242e-17,0.9999999999999828,2.007697591007242e-17,0.9999999999999828,1.4696159809081248e-15,1.4696159809081248e-15,True,True,True,True,False,False,False
o_proj,20,2025,sgd,50,1.3915976101938794,1.3915976101938794,1.3915976101938794,0.0,0.0,1.5242322076563255e-15,2.2866017284342816e-17,1.2883570702410038e-17,2.2866017284342816e-17,1.2883570702410038e-17,4.411639016581458e-17,0.9999999999999972,4.411639016581458e-17,0.9999999999999972,1.5242322076563245e-15,1.5242322076563245e-15,True,True,True,True,False,False,False
o_proj,21,2025,sgd,1,1.4899360793278051,1.4899360793278051,1.4899360793278051,0.0,0.0,1.9206737979560297e-15,2.4997600043979603e-18,1.9064696947842136e-18,2.4997600043979603e-18,1.9064696947842136e-18,6.23324386897811e-18,0.9999999999999953,6.23324386897811e-18,0.9999999999999953,1.920673797956028e-15,1.920673797956028e-15,True,True,True,True,False,False,False
o_proj,21,2025,sgd,10,1.4897179421630047,1.4897179421630047,1.4897179421630047,0.0,0.0,1.9132653400227556e-15,1.0132792174525161e-17,5.9309269558480226e-18,1.0132792174525161e-17,5.9309269558480226e-18,2.1028645068457587e-17,1.000000000000011,2.1028645068457587e-17,1.000000000000011,1.9132653400227556e-15,1.9132653400227556e-15,True,True,True,True,False,False,False
o_proj,21,2025,sgd,50,1.4887835312177526,1.4887835312177526,1.4887835312177526,0.0,0.0,1.5705590427363664e-15,2.2482378237220657e-17,1.6628278482754177e-17,2.2482378237220657e-17,1.6628278482754177e-17,4.5776639503217177e-17,1.0000000000000067,4.5776639503217177e-17,1.0000000000000067,1.5705590427363662e-15,1.5705590427363662e-15,True,True,True,True,False,False,False
o_proj,22,2025,sgd,1,1.4504625955264576,1.4504625955264576,1.4504625955264576,0.0,0.0,1.5772386123529347e-15,2.477480691049537e-18,5.167716140760875e-19,2.477480691049537e-18,5.167716140760875e-19,5.248637126296004e-18,0.9999999999999953,5.248637126296004e-18,0.9999999999999953,1.577238612352935e-15,1.577238612352935e-15,True,True,True,True,False,False,False
o_proj,22,2025,sgd,10,1.4502053333088472,1.4502053333088472,1.4502053333088472,0.0,0.0,1.6084991535270905e-15,9.256419197257504e-18,6.74331607100754e-18,9.256419197257504e-18,6.74331607100754e-18,2.015872727022192e-17,0.9999999999999911,2.015872727022192e-17,0.9999999999999911,1.60849915352709e-15,1.60849915352709e-15,True,True,True,True,False,False,False
o_proj,22,2025,sgd,50,1.4491015584474431,1.4491015584474431,1.4491015584474431,0.0,0.0,1.3051398576767265e-15,2.1699683714722123e-17,1.608653718900421e-17,2.1699683714722123e-17,1.608653718900421e-17,4.529587734480726e-17,0.9999999999999805,4.529587734480726e-17,0.9999999999999805,1.3051398576767265e-15,1.3051398576767265e-15,True,True,True,True,False,False,False
o_proj,23,2025,sgd,1,1.4462717851380988,1.4462717851380988,1.4462717851380988,0.0,0.0,1.3744465129414313e-15,5.96622654861617e-19,1.0813038748763451e-18,5.96622654861617e-19,1.0813038748763451e-18,3.413371770932171e-18,0.9999999999999727,3.413371770932171e-18,0.9999999999999727,1.3744465129414315e-15,1.3744465129414315e-15,True,True,True,True,False,False,False
o_proj,23,2025,sgd,10,1.446033577264966,1.446033577264966,1.446033577264966,0.0,0.0,1.225317387630697e-15,7.859708830374258e-18,4.578180358554515e-18,7.859708830374258e-18,4.578180358554515e-18,1.6747535886562812e-17,0.9999999999999798,1.6747535886562812e-17,0.9999999999999798,1.2253173876306975e-15,1.2253173876306975e-15,True,True,True,True,False,False,False
o_proj,23,2025,sgd,50,1.4450144512088978,1.4450144512088978,1.4450144512088978,0.0,0.0,1.67386203906423e-15,2.0314749320158974e-17,1.2640915282453304e-17,2.0314749320158974e-17,1.2640915282453304e-17,4.156330122689874e-17,1.0000000000000084,4.156330122689874e-17,1.0000000000000084,1.673862039064231e-15,1.673862039064231e-15,True,True,True,True,False,False,False
gate_proj,0,2025,sgd,1,1.492261508413037,1.492261508413037,1.492261508413037,0.0,0.0,2.340944090598803e-15,0.00012085039674336899,1.2253092685515414e-18,9.402656322030951e-17,1.2253092685515414e-18,0.00017697392086415403,0.9999999843630275,1.2683184219775043e-16,1.000000000000029,1.3040934042803962,2.3273303782892433e-15,False,True,False,True,True,False,False
gate_proj,0,2025,sgd,10,1.4920287431612376,1.4917515453211811,1.4920287431612376,0.0002771978400564201,0.0,0.015627006363603094,0.0011871478383851163,7.314712466365184e-07,2.1469231159909225e-16,6.207564738575436e-18,0.0017361189068302188,0.9999984948745916,2.426125613434626e-16,1.0000000000000477,1.2728594343047217,2.079718120835984e-15,False,True,False,True,True,False,False
gate_proj,0,2025,sgd,50,1.4910534129133877,1.4897755403643815,1.4910534129133877,0.0012778725490061316,0.0,0.08696943331495195,0.005490199033085278,1.877045188148861e-05,4.757355984760155e-16,1.0803091515113121e-17,0.007978993969182188,0.999968188429022,4.941093510415516e-16,1.0000000000000207,1.142979792723574,2.397596393888544e-15,False,True,False,True,True,False,False
gate_proj,1,2025,sgd,1,1.4929229909471071,1.4929229909471076,1.4929229909471076,4.440892098500626e-16,4.440892098500626e-16,2.60299634353996e-15,0.04761874350065643,1.1996189203771592e-18,9.413018124930158e-17,1.1996189203771592e-18,0.04666560593016521,0.9989129379730013,1.2536561007904429e-16,1.0000000000000409,522.8945423986846,2.593580128483219e-15,False,True,False,True,True,False,False
gate_proj,1,2025,sgd,10,1.4926910297781424,nan,1.4926910297781424,nan,0.0,nan,nan,nan,2.1702521161036443e-16,4.809404794407675e-18,nan,nan,2.4140333375242814e-16,1.0000000000000018,nan,2.7385816687140937e-15,False,True,False,True,True,False,True
gate_proj,1,2025,sgd,50,1.4917208117102758,nan,1.4917208117102758,nan,0.0,nan,nan,nan,4.769024825690541e-16,8.855549778890626e-18,nan,nan,4.94112619348871e-16,1.0000000000000122,nan,2.4385845485304013e-15,False,True,False,True,True,False,True
gate_proj,2,2025,sgd,1,1.5099313498084406,1.5099313498084406,1.5099313498084406,0.0,0.0,2.66614377982821e-15,0.06835585630915739,1.880019337858623e-18,9.434755990116888e-17,1.880019337858623e-18,0.09140035726707714,0.9958490055048466,1.255020139427535e-16,1.0000000000000027,658.2099984969492,2.673033522788362e-15,False,True,False,True,True,False,False
gate_proj,2,2025,sgd,10,1.5096401352795776,nan,1.5096401352795776,nan,0.0,nan,nan,nan,2.1914330741629293e-16,3.574776604092848e-18,nan,nan,2.453302138153474e-16,1.0000000000000169,nan,2.4861074212634362e-15,False,True,False,True,True,False,True
gate_proj,2,2025,sgd,50,1.5084270020823352,nan,1.5084270020823352,nan,0.0,nan,nan,nan,4.775700534384933e-16,8.550541167889905e-18,nan,nan,4.920489168436057e-16,0.9999999999999973,nan,2.5949473769998635e-15,False,True,False,True,True,False,True
gate_proj,3,2025,sgd,1,1.4551945349845483,1.4551945349845483,1.4551945349845483,0.0,0.0,2.0821766949112457e-15,0.040953577204183314,2.3278613012039135e-18,9.26573095411729e-17,2.3278613012039135e-18,0.05344131221757659,0.9985750874393439,1.2487580630870452e-16,0.9999999999999545,335.4142489269829,2.052021686554455e-15,False,True,False,True,True,False,False
gate_proj,3,2025,sgd,10,1.454855302149905,nan,1.454855302149905,nan,0.0,nan,nan,nan,2.184275145808794e-16,3.938762603819967e-18,nan,nan,2.4496909384572086e-16,1.0000000000000218,nan,2.2215412382903708e-15,False,True,False,True,True,False,True
gate_proj,3,2025,sgd,50,1.4534428936351762,nan,1.4534428936351764,nan,2.220446049250313e-16,nan,nan,nan,4.850581958276383e-16,8.98500355050892e-18,nan,nan,5.021118159009615e-16,1.0000000000000284,nan,2.5056431242324987e-15,False,True,False,True,True,False,True
gate_proj,4,2025,sgd,1,1.4518880312725817,1.4518880312725817,1.4518880312725817,0.0,0.0,3.0249864746975654e-15,0.02338327979735812,1.5351773961707493e-18,9.409301294804372e-17,1.5351773961707493e-18,0.029739867988025182,0.999558067042442,1.2519899163286432e-16,1.0000000000000058,249.62845342401204,3.011389290748189e-15,False,True,False,True,True,False,False
gate_proj,4,2025,sgd,10,1.4516458022239915,nan,1.4516458022239915,nan,0.0,nan,nan,nan,2.1550969034908972e-16,3.6639595569089685e-18,nan,nan,2.4311435828378283e-16,0.9999999999999898,nan,2.1458006542441444e-15,False,True,False,True,True,False,True
gate_proj,4,2025,sgd,50,1.4506350233112677,nan,1.4506350233112677,nan,0.0,nan,nan,nan,4.846468267457018e-16,8.626913399395933e-18,nan,nan,4.97163710842731e-16,0.9999999999999702,nan,1.8779247002310667e-15,False,True,False,True,True,False,True
gate_proj,5,2025,sgd,1,1.5276741419524795,1.5276741419524795,1.5276741419524795,0.0,0.0,2.9458164927140535e-15,0.15410894540029557,8.979690766125802e-19,9.352709130635182e-17,8.979690766125802e-19,0.2070071233153462,0.9792391498037195,1.2463808114289425e-16,1.0000000000000044,1380.2181898661895,2.9402575996130004e-15,False,True,False,True,True,False,False
gate_proj,5,2025,sgd,10,1.5273360370150149,nan,1.527336037015015,nan,2.220446049250313e-16,nan,nan,nan,2.1560997765269137e-16,3.568474657784662e-18,nan,nan,2.4197399455533103e-16,1.0000000000000409,nan,2.079052337040033e-15,False,True,False,True,True,False,True
gate_proj,5,2025,sgd,50,1.5259283845862983,nan,1.5259283845862985,nan,2.220446049250313e-16,nan,nan,nan,4.599118764848709e-16,8.000605668337694e-18,nan,nan,4.780824774560195e-16,0.9999999999999889,nan,1.6444137564336576e-15,False,True,False,True,True,False,True
gate_proj,6,2025,sgd,1,1.4232295367738015,1.4232295367738015,1.4232295367738015,0.0,0.0,2.358679754357164e-15,0.05480787489086264,8.507449205374725e-19,9.62769822838188e-17,8.507449205374725e-19,0.053105014102344354,0.9985929150616855,1.2851320555595587e-16,0.999999999999941,668.2844048254298,2.3832641705640202e-15,False,True,False,True,True,False,False
gate_proj,6,2025,sgd,10,1.4230377270944838,nan,1.4230377270944838,nan,0.0,nan,nan,nan,2.1576396534244502e-16,4.481960089315447e-18,nan,nan,2.426417821190145e-16,0.9999999999999565,nan,2.278823437053105e-15,False,True,False,True,True,False,True
gate_proj,6,2025,sgd,50,1.422234174085326,nan,1.4222341740853262,nan,2.220446049250313e-16,nan,nan,nan,4.824461180528004e-16,9.296113623035118e-18,nan,nan,4.946705027995947e-16,1.0000000000000475,nan,2.7499470440142806e-15,False,True,False,True,True,False,True
gate_proj,7,2025,sgd,1,1.404283898251057,1.404283898251057,1.404283898251057,0.0,0.0,3.701904179407907e-15,0.023640554353727344,4.711969534048898e-19,9.280472159029601e-17,4.711969534048898e-19,0.0218112877411488,0.9997622199500023,1.2491100167201634e-16,0.999999999999925,392.8396185361157,3.663047668283441e-15,False,True,False,True,True,False,False
gate_proj,7,2025,sgd,10,1.4041734948688138,nan,1.404173494868814,nan,2.220446049250313e-16,nan,nan,nan,2.167700579609949e-16,3.4816745955643625e-18,nan,nan,2.4170911171722545e-16,1.000000000000003,nan,2.9695417743327844e-15,False,True,False,True,True,False,True
gate_proj,7,2025,sgd,50,1.4037061048380912,nan,1.4037061048380908,nan,4.440892098500626e-16,nan,nan,nan,4.844862304903186e-16,8.429316477096255e-18,nan,nan,4.956783336431459e-16,0.9999999999999745,nan,2.9494041757232306e-15,False,True,False,True,True,False,True
gate_proj,8,2025,sgd,1,1.4097663822487045,1.4097663822487045,1.4097663822487045,0.0,0.0,3.0109652607443614e-15,0.03134662784242969,1.0828683762149481e-18,9.585489194150175e-17,1.0828683762149481e-18,0.029138056264212436,0.999575759632913,1.274286870456302e-16,0.9999999999999767,578.9543170340321,3.043746534249462e-15,False,True,False,True,True,False,False
gate_proj,8,2025,sgd,10,1.4096717445937812,nan,1.4096717445937812,nan,0.0,nan,nan,nan,2.2445910326711217e-16,3.750628036288539e-18,nan,nan,2.49354996223981e-16,0.9999999999999959,nan,3.263754449921599e-15,False,True,False,True,True,False,True
gate_proj,8,2025,sgd,50,1.4092709820427416,nan,1.4092709820427414,nan,2.220446049250313e-16,nan,nan,nan,4.865178782353151e-16,8.204870422120303e-18,nan,nan,4.99272803998557e-16,1.000000000000004,nan,2.7349046464982617e-15,False,True,False,True,True,False,True
gate_proj,9,2025,sgd,1,1.3682196050971402,1.3682196050971405,1.3682196050971405,2.220446049250313e-16,2.220446049250313e-16,2.329904570829319e-15,0.15693057913060027,1.94231427033799e-18,9.293661644198097e-17,1.94231427033799e-18,0.2231369132254516,0.975997845495693,1.243853127417895e-16,1.0000000000000515,2441.041015104662,2.3393494185508485e-15,False,True,False,True,True,False,False
gate_proj,9,2025,sgd,10,1.368093895732809,nan,1.368093895732809,nan,0.0,nan,nan,nan,2.2160606568354761e-16,4.407804097084392e-18,nan,nan,2.4645236303287984e-16,0.9999999999999996,nan,3.289685247785571e-15,False,True,False,True,True,False,True
gate_proj,9,2025,sgd,50,1.3675634615917271,nan,1.3675634615917271,nan,0.0,nan,nan,nan,4.735404015936115e-16,8.762363010940512e-18,nan,nan,4.878107250685085e-16,0.9999999999999478,nan,2.925341767398481e-15,False,True,False,True,True,False,True
gate_proj,10,2025,sgd,1,1.4007571553292335,1.4007571553292335,1.4007571553292335,0.0,0.0,4.113804960592011e-15,7.820874085256822e-05,6.480810066849234e-19,9.39471348586083e-17,6.480810066849234e-19,0.00010463515810010609,0.9999999945347245,1.2399858416512607e-16,0.9999999999999792,1.1158093798942619,4.103015892574041e-15,False,True,False,True,True,False,False
gate_proj,10,2025,sgd,10,1.4006151802835116,1.400433803528055,1.4006151802835116,0.00018137675545659704,0.0,0.017180471192677307,0.0007743087168916089,6.429152558516319e-07,2.2523790091088297e-16,4.2059520608405885e-18,0.0010342779069569675,0.9999994660532112,2.480340680573988e-16,0.9999999999999829,1.105961688238485,2.0705076377597615e-15,False,True,False,True,True,False,False
gate_proj,10,2025,sgd,50,1.4000179627662404,1.3991788525883708,1.4000179627662404,0.0008391101778695287,0.0,0.09421416551694455,0.0037096577553347894,1.6543701669320297e-05,4.807282802126454e-16,8.451715208018077e-18,0.0049209049239890565,0.9999879169230735,4.93145240148458e-16,0.9999999999999654,1.0677870285023707,2.493433464582332e-15,False,True,False,True,True,False,False
gate_proj,11,2025,sgd,1,1.3378893828960583,1.3378893828960587,1.3378893828960587,4.440892098500626e-16,4.440892098500626e-16,2.6608962046772023e-15,5.8439535657894845e-05,9.671847710182854e-19,9.143510358643172e-17,9.671847710182854e-19,7.465993211247431e-05,0.9999999972240539,1.2224998531087509e-16,0.9999999999999536,1.0285273413075644,2.628510900082197e-15,False,True,False,True,True,False,False
gate_proj,11,2025,sgd,10,1.337789385142971,1.337699047608297,1.3377893851429714,9.033753467391215e-05,4.440892098500626e-16,0.01217133760423735,0.0005798529010699796,3.8953596888652995e-07,2.1947930508741387e-16,3.3459625512886942e-18,0.0007395959529692153,0.9999997276182633,2.446921603329161e-16,0.9999999999999999,1.0232056115680626,3.259612187060452e-15,False,True,False,True,True,False,False
gate_proj,11,2025,sgd,50,1.3373670164668257,1.3369390353637767,1.3373670164668254,0.00042798110304897996,2.220446049250313e-16,0.06572693662457377,0.002803415790142837,1.010714067540468e-05,4.77694420873514e-16,8.604342479382764e-18,0.003550796609223981,0.9999937241971827,4.950817451986523e-16,0.9999999999999906,1.0023487809104996,3.1019678406348403e-15,False,True,False,True,True,False,False
gate_proj,12,2025,sgd,1,1.349976020015425,1.349976020015425,1.349976020015425,0.0,0.0,3.0347693128254524e-15,6.330999709894436e-05,6.936360789387238e-19,9.555001530630398e-17,6.936360789387238e-19,8.220120283054143e-05,0.9999999966257997,1.29069536649538e-16,0.9999999999999849,1.0594437818657698,2.927699058040235e-15,False,True,False,True,True,False,False
gate_proj,12,2025,sgd,10,1.3498670952726448,1.3497565476961078,1.3498670952726448,0.00011054757653705671,0.0,0.013505930384169505,0.0006277048196134186,4.458767225198377e-07,2.188420328188139e-16,4.5012835123870056e-18,0.0008136322692284555,0.9999996694425374,2.4385110995823263e-16,0.9999999999999605,1.0525348743965537,2.2768985864142712e-15,False,True,False,True,True,False,False
gate_proj,12,2025,sgd,50,1.3494075290383112,1.3488870776045607,1.349407529038311,0.0005204514337504573,2.220446049250313e-16,0.0735198058092312,0.0030250641605790757,1.1552640203758586e-05,4.8077772799864e-16,9.155318321154804e-18,0.003892569698148692,0.9999924358767589,4.981759983035733e-16,1.0000000000000127,1.0253167283360332,2.6455520437660005e-15,False,True,False,True,True,False,False
gate_proj,13,2025,sgd,1,1.3328935025237532,1.3328935025237525,1.3328935025237525,6.661338147750939e-16,6.661338147750939e-16,3.2645094571960317e-15,6.019903764388903e-05,1.3351749014814884e-18,9.203849530787562e-17,1.3351749014814884e-18,7.8911089524961e-05,0.9999999968943599,1.229478795757272e-16,1.0000000000000133,0.9769576397275386,3.256288279802534e-15,False,True,False,True,True,False,False
gate_proj,13,2025,sgd,10,1.3327774062490567,1.332690223397183,1.332777406249057,8.71828518738127e-05,2.220446049250313e-16,0.009904255191507224,0.0005976002892021985,3.410343891653596e-07,2.198876717239792e-16,4.259630008359853e-18,0.0007823258095848541,0.9999996947741655,2.4355650171298483e-16,1.0000000000000266,0.9725514886235538,2.2682951028477562e-15,False,True,False,True,True,False,False
gate_proj,13,2025,sgd,50,1.332286850407245,1.3318701276721394,1.332286850407245,0.0004167227351055125,0.0,0.05339247799100131,0.002894881311239791,8.86729912872963e-06,4.665491188574271e-16,8.861442277719481e-18,0.003768132839688025,0.9999929209992449,4.810008098287695e-16,0.9999999999999972,0.955097360180903,2.7505331363425596e-15,False,True,False,True,True,False,False
gate_proj,14,2025,sgd,1,1.3608416835356436,1.3608416835356434,1.3608416835356434,2.220446049250313e-16,2.220446049250313e-16,2.756075749737252e-15,4.545735709592203e-05,1.2072677713592343e-18,9.414624422207453e-17,1.2072677713592343e-18,5.488734774292269e-05,0.9999999984974486,1.2653856306432192e-16,0.9999999999999971,0.8263433200862083,2.7551031650790217e-15,False,True,False,True,True,False,False
gate_proj,14,2025,sgd,10,1.360746152512978,1.3607136083178215,1.360746152512978,3.254419515652529e-05,0.0,0.004148942079644741,0.0004521768180732676,1.4931439831071765e-07,2.2007043980206305e-16,3.1593986759945146e-18,0.0005452533171897082,0.9999998517257986,2.449208957929808e-16,1.0000000000000158,0.825273755199808,3.659382795631974e-15,False,True,False,True,True,False,False
gate_proj,14,2025,sgd,50,1.3603404251751667,1.3601797880304467,1.3603404251751667,0.00016063714472003277,0.0,0.022206708604314646,0.002209184463112837,3.9364552195033694e-06,4.758463763007764e-16,8.056085588609894e-18,0.002648417807365949,0.9999965023283215,4.891645778185827e-16,0.9999999999999873,0.8208873214881208,2.858336007242613e-15,False,True,False,True,True,False,False
gate_proj,15,2025,sgd,1,1.3463418706761399,1.3463418706761399,1.3463418706761399,0.0,0.0,2.53806216319416e-15,4.820053035862563e-05,7.28450175488331e-19,9.854539537671733e-17,7.28450175488331e-19,6.197983140941939e-05,0.9999999980847384,1.3035018920502328e-16,0.9999999999999813,0.750475046777446,2.5039957178161025e-15,False,True,False,True,True,False,False
gate_proj,15,2025,sgd,10,1.3462184563509176,1.3462016466377955,1.3462184563509179,1.6809713122123426e-05,2.220446049250313e-16,0.0021170025371683395,0.00047947174061164187,7.91237391625152e-08,2.2503076144043496e-16,4.036463114514337e-18,0.0006158960981116781,0.9999998108790592,2.486398023815079e-16,0.9999999999999923,0.7502277241072233,2.5116971473887192e-15,False,True,False,True,True,False,False
gate_proj,15,2025,sgd,50,1.345697259324997,1.345614402989197,1.345697259324997,8.285633579996343e-05,0.0,0.011310272576709962,0.0023425143289343814,2.0822438238103517e-06,4.915552100729865e-16,8.291383588603724e-18,0.0029951199826686674,0.9999955277817432,5.05752877707336e-16,0.9999999999999362,0.7492184247899237,2.9152365973161337e-15,False,True,False,True,True,False,False
gate_proj,16,2025,sgd,1,1.383201594067507,1.3832015940675069,1.3832015940675069,2.220446049250313e-16,2.220446049250313e-16,2.802362595351229e-15,5.0350206173985833e-05,1.6929311037153987e-18,9.369164004318168e-17,1.6929311037153987e-18,7.126331790174657e-05,0.999999997466429,1.242923452526504e-16,1.0000000000000018,0.606525443226729,2.7809015052048175e-15,False,True,False,True,True,False,False
gate_proj,16,2025,sgd,10,1.3830095917593186,1.383063398984228,1.3830095917593186,5.380722490944123e-05,0.0,0.003932197906222499,0.0005000331618274157,1.623342904202029e-07,2.2203597421214752e-16,3.560016215207076e-18,0.0007072158075915493,0.9999997504734834,2.4886460353900473e-16,0.999999999999996,0.6055850857648278,2.176954289105564e-15,False,True,False,True,True,False,False
gate_proj,16,2025,sgd,50,1.3822081268578335,1.3824752717275695,1.3822081268578337,0.0002671448697360024,2.220446049250313e-16,0.021064262383540703,0.002425335858318699,4.279980078400719e-06,4.744166589743669e-16,8.64605974953621e-18,0.0034192283243301546,0.9999941666581641,4.904104215719389e-16,0.9999999999999778,0.6015086814380228,3.3924569055616497e-15,False,True,False,True,True,False,False
gate_proj,17,2025,sgd,1,1.4262890488411504,1.4262890488411508,1.4262890488411508,4.440892098500626e-16,4.440892098500626e-16,2.6324748440257176e-15,7.05012366204384e-05,6.43904024171898e-19,9.466606723931512e-17,6.43904024171898e-19,0.0001024281992447112,0.9999999947681869,1.258821350493948e-16,1.0000000000000127,0.7115400938456626,2.6300326718444516e-15,False,True,False,True,True,False,False
gate_proj,17,2025,sgd,10,1.4260214989931679,1.4261284610724503,1.4260214989931679,0.0001069620792824022,0.0,0.0053857642267131954,0.0007001192475102378,2.735171808127135e-07,2.2262489939344397e-16,3.6042301637533695e-18,0.0010166669290913608,0.9999994845493864,2.4727042923337234e-16,0.999999999999965,0.7104362558359896,2.5236177049238223e-15,False,True,False,True,True,False,False
gate_proj,17,2025,sgd,50,1.4249069716655418,1.42544116180087,1.4249069716655418,0.000534190135328183,0.0,0.028816096126442273,0.003394897864750352,7.222649833545364e-06,4.888956602351986e-16,7.9539053915396e-18,0.0049188197015368,0.99998793273179,5.025429177420019e-16,0.9999999999999769,0.7055878417406065,2.5126295234010358e-15,False,True,False,True,True,False,False
gate_proj,18,2025,sgd,1,1.3920106473725,1.3920106473725005,1.3920106473725005,4.440892098500626e-16,4.440892098500626e-16,2.9664962490538425e-15,5.7904498965762384e-05,1.6406199486416472e-18,9.402458310909388e-17,1.6406199486416472e-18,8.109780909454718e-05,0.9999999967226374,1.2517519823482765e-16,0.9999999999999779,0.7109424798816837,2.9589291212830814e-15,False,True,False,True,True,False,False
gate_proj,18,2025,sgd,10,1.3918236166513687,1.3918963026765176,1.3918236166513684,7.268602514898248e-05,2.220446049250313e-16,0.00507759958665503,0.0005752518936586548,2.1782252870467976e-07,2.1688088203096732e-16,3.98031413777198e-18,0.0008050611502772318,0.9999996770206887,2.4244571709055576e-16,1.0000000000000042,0.7099033482501027,3.1674485573925525e-15,False,True,False,True,True,False,False
gate_proj,18,2025,sgd,50,1.3910408183632472,1.3914056544417228,1.3910408183632472,0.0003648360784755944,0.0,0.02713738609638062,0.002794305609366934,5.766617468511611e-06,4.637328159961377e-16,8.861905556988044e-18,0.0038974919872430706,0.9999924292812383,4.767516560935603e-16,0.9999999999999934,0.7053546850815847,2.0690310683497462e-15,False,True,False,True,True,False,False
gate_proj,19,2025,sgd,1,1.38612352576536,1.3861235257653597,1.3861235257653597,2.220446049250313e-16,2.220446049250313e-16,2.6042484354387648e-15,5.7504159624400554e-05,2.539441384161166e-18,9.177884656571971e-17,2.539441384161166e-18,8.218207618854331e-05,0.9999999966306782,1.227335616575441e-16,1.0000000000000093,0.7126816408114812,2.579468054846494e-15,False,True,False,True,True,False,False
gate_proj,19,2025,sgd,10,1.3859399264669356,1.3860434255647882,1.3859399264669354,0.00010349909785256628,2.220446049250313e-16,0.007507544648479277,0.0005708853266449598,3.0483509904998334e-07,2.2055049344280473e-16,3.719055381508282e-18,0.0008153408474030923,0.999999668349136,2.4498832844870594e-16,1.0000000000000129,0.7107647131221385,3.262373560426124e-15,False,True,False,True,True,False,False
gate_proj,19,2025,sgd,50,1.385171509186736,1.385695172121192,1.3851715091867358,0.0005236629344560484,2.220446049250313e-16,0.04000693694218108,0.0027645700834827347,8.090348393343983e-06,4.724287136585216e-16,8.714451499061222e-18,0.003936615635940651,0.9999922677926925,4.868441215907e-16,0.9999999999999898,0.7022255568527835,2.8700277006089366e-15,False,True,False,True,True,False,False
gate_proj,20,2025,sgd,1,1.3718040151454374,1.3718040151454376,1.3718040151454376,2.220446049250313e-16,2.220446049250313e-16,2.4342201544122524e-15,4.2998970253742134e-05,7.16195483304444e-19,9.369781160582928e-17,7.16195483304444e-19,5.5807607742781606e-05,0.9999999984469112,1.2476700140159925e-16,0.9999999999999837,0.729332945113342,2.43511429873909e-15,False,True,False,True,True,False,False
gate_proj,20,2025,sgd,10,1.3716971774234161,1.3717569892789208,1.3716971774234163,5.9811855504632305e-05,2.220446049250313e-16,0.007255622333178651,0.0004272551190079963,2.4195229007472833e-07,2.1704589932191934e-16,4.952990291618412e-18,0.0005538215775255144,0.9999998470460428,2.4461104038853116e-16,1.0000000000000022,0.7276315616574616,2.5859437546597636e-15,False,True,False,True,True,False,False
gate_proj,20,2025,sgd,50,1.3712457153637698,1.3715512997172352,1.3712457153637698,0.0003055843534653935,0.0,0.03856041062431971,0.002077146381127491,6.448772594409065e-06,4.675970701260348e-16,9.253578231152113e-18,0.002677218308170893,0.9999964254277511,4.829367393497461e-16,0.9999999999999669,0.7201205449945478,3.593448781088714e-15,False,True,False,True,True,False,False
gate_proj,21,2025,sgd,1,1.3727104674557629,1.3727104674557629,1.3727104674557629,0.0,0.0,2.219651225290307e-15,0.00012411241420950687,1.434201316607258e-18,9.091616380564666e-17,1.434201316607258e-18,0.00016332283009731793,0.9999999866860037,1.229655600992128e-16,0.9999999999999654,1.4304998710749983,2.2027453283136984e-15,False,True,False,True,True,False,False
gate_proj,21,2025,sgd,10,1.3725088095754474,1.371847610915534,1.3725088095754474,0.0006611986599134312,0.0,0.13839836041114745,0.0010688420544507351,8.37023466880503e-06,2.1723828852153597e-16,4.154702372218572e-18,0.0013832306654653391,0.9999990457153336,2.4255755124649207e-16,1.000000000000039,1.1046839487555553,2.0690648500093362e-15,False,True,False,True,True,False,False
gate_proj,21,2025,sgd,50,1.3716681310631595,1.370857991960014,1.3716681310631595,0.0008101391031456462,0.0,0.29331062949107184,0.003986988821321613,0.0001391336831852458,4.756063671492319e-16,8.455825099679769e-18,0.005314084556779294,0.9999859364281446,4.955751495617006e-16,1.0000000000000315,0.8347261610929437,3.570182182837032e-15,False,True,False,True,True,False,False
gate_proj,22,2025,sgd,1,1.367414944906782,1.367414944906782,1.367414944906782,0.0,0.0,2.68103016203047e-15,0.1845753958121984,9.395094649100418e-19,9.374356714387268e-17,9.395094649100418e-19,0.22534677805503212,0.9755374040267301,1.250038001174176e-16,1.0000000000000269,2828.0481705215593,2.6859381800172125e-15,False,True,False,True,True,False,False
gate_proj,22,2025,sgd,10,1.367287931744519,nan,1.3672879317445192,nan,2.220446049250313e-16,nan,nan,nan,2.2025373442939373e-16,3.3224593094179695e-18,nan,nan,2.4561255190184927e-16,1.0000000000000169,nan,3.0311783568270255e-15,False,True,False,True,True,False,True
gate_proj,22,2025,sgd,50,1.3667498177243804,nan,1.3667498177243804,nan,0.0,nan,nan,nan,4.78194404701335e-16,9.673425487166198e-18,nan,nan,4.94410108520262e-16,0.999999999999988,nan,2.8666477764563774e-15,False,True,False,True,True,False,True
gate_proj,23,2025,sgd,1,1.3536554652552273,1.3536554652552273,1.3536554652552273,0.0,0.0,2.8760673579736773e-15,0.03173574501795577,1.0890053591725856e-18,9.189180428297468e-17,1.0890053591725856e-18,0.029197800769184854,0.9995740191800055,1.241583181137326e-16,0.9999999999999667,406.6633387906952,2.9179151488463966e-15,False,True,False,True,True,False,False
gate_proj,23,2025,sgd,10,1.3534806466021485,nan,1.3534806466021487,nan,2.220446049250313e-16,nan,nan,nan,2.246115561055631e-16,4.330814094821796e-18,nan,nan,2.511950186444864e-16,0.999999999999958,nan,2.639613490668419e-15,False,True,False,True,True,False,True
gate_proj,23,2025,sgd,50,1.3527458774297572,nan,1.3527458774297567,nan,4.440892098500626e-16,nan,nan,nan,4.751209077490649e-16,8.726361830122668e-18,nan,nan,4.922817198601144e-16,1.0000000000000169,nan,2.9613034199174958e-15,False,True,False,True,True,False,True
up_proj,0,2025,sgd,1,1.2934404431486526,1.2934404431486526,1.2934404431486526,0.0,0.0,2.7976772142037457e-15,7.739014129524951e-05,2.4216029202757336e-18,9.406111801755691e-17,2.4216029202757336e-18,0.00010133650878118882,0.9999999948770943,1.270176225834176e-16,0.9999999999999648,1.3343254782746397,2.808414295112744e-15,False,True,False,True,True,False,False
up_proj,0,2025,sgd,10,1.2933373457416406,1.2932231858962289,1.2933373457416406,0.00011415984541174318,0.0,0.014719250181158893,0.000761686537046585,4.5531296858820163e-07,2.1790962735195858e-16,4.335506189878062e-18,0.0009939104670560548,0.9999995071190426,2.4581147957841944e-16,0.9999999999999974,1.306055523589393,2.8470296713675678e-15,False,True,False,True,True,False,False
up_proj,0,2025,sgd,50,1.2929021586800218,1.29236655678916,1.2929021586800218,0.0005356018908617699,0.0,0.08019706488960691,0.003555023491611728,1.176985374653195e-05,4.734549097263453e-16,8.738344024561452e-18,0.004566592573356418,0.9999895893305377,4.904093852561568e-16,0.9999999999999839,1.1911939321489793,2.7597177848583405e-15,False,True,False,True,True,False,False
up_proj,1,2025,sgd,1,1.2566989176205343,1.256698917620534,1.256698917620534,2.220446049250313e-16,2.220446049250313e-16,2.396864767445109e-15,0.06407930802784391,2.306637137236765e-18,8.95039391547418e-17,2.306637137236765e-18,0.08608489529219765,0.9963151707289833,1.2105314674722035e-16,1.0000000000000622,1087.5837279658251,2.3750660685861657e-15,False,True,False,True,True,False,False
up_proj,1,2025,sgd,10,1.2565931757173592,nan,1.2565931757173592,nan,0.0,nan,nan,nan,2.1807518896971572e-16,4.8886269880827625e-18,nan,nan,2.454487089040472e-16,1.0000000000000209,nan,2.8023372587929783e-15,False,True,False,True,True,False,True
up_proj,1,2025,sgd,50,1.2561461211253226,nan,1.2561461211253226,nan,0.0,nan,nan,nan,4.787696524373245e-16,8.882932491575326e-18,nan,nan,4.926687770936518e-16,0.999999999999996,nan,2.9079092766014516e-15,False,True,False,True,True,False,True
up_proj,2,2025,sgd,1,1.2607160101917374,1.2607160101917374,1.2607160101917374,0.0,0.0,2.891765001663465e-15,0.07010287858345664,1.3983887802299261e-18,9.301139546777255e-17,1.3983887802299261e-18,0.09802219632498396,0.9952301910594594,1.2482572932318688e-16,1.000000000000023,1178.096992922034,2.819044366732974e-15,False,True,False,True,True,False,False
up_proj,2,2025,sgd,10,1.260611779973493,nan,1.2606117799734928,nan,2.220446049250313e-16,nan,nan,nan,2.2329451794878593e-16,3.740563398230394e-18,nan,nan,2.476913113135271e-16,0.999999999999962,nan,2.4717645751106252e-15,False,True,False,True,True,False,True
up_proj,2,2025,sgd,50,1.2601721192726338,nan,1.2601721192726334,nan,4.440892098500626e-16,nan,nan,nan,4.737707085967623e-16,8.06577902570318e-18,nan,nan,4.898914944786524e-16,0.9999999999999594,nan,3.039672078622759e-15,False,True,False,True,True,False,True
up_proj,3,2025,sgd,1,1.2676399847552213,1.2676399847552213,1.2676399847552213,0.0,0.0,3.0892948090961686e-15,0.050749400166698114,9.219518970044737e-19,9.223608288938359e-17,9.219518970044737e-19,0.07045232228738228,0.9975274558889252,1.2431913724723977e-16,1.0000000000000275,843.3062454379719,3.0066007815363214e-15,False,True,False,True,True,False,False
up_proj,3,2025,sgd,10,1.2675473527719088,nan,1.2675473527719086,nan,2.220446049250313e-16,nan,nan,nan,2.1465859273421673e-16,3.100467782635294e-18,nan,nan,2.43912476363027e-16,0.9999999999999964,nan,2.5834600506443313e-15,False,True,False,True,True,False,True
up_proj,3,2025,sgd,50,1.2671546434734482,nan,1.2671546434734482,nan,0.0,nan,nan,nan,4.623690282245663e-16,7.330076646145746e-18,nan,nan,4.774556140722585e-16,1.0000000000000102,nan,2.8983600036785495e-15,False,True,False,True,True,False,True
up_proj,4,2025,sgd,1,1.2811921209524975,1.281192120952497,1.281192120952497,4.440892098500626e-16,4.440892098500626e-16,3.236957703223607e-15,0.029732168963865532,1.321381624006514e-18,9.173813119482418e-17,1.321381624006514e-18,0.040754004541810135,0.9991705933716054,1.236769443654367e-16,0.9999999999999974,491.986446110768,3.2238890825889103e-15,False,True,False,True,True,False,False
up_proj,4,2025,sgd,10,1.2810811665206046,nan,1.2810811665206046,nan,0.0,nan,nan,nan,2.1884042302155329e-16,3.730975103727542e-18,nan,nan,2.4534188838304726e-16,1.0000000000000604,nan,2.559258238343887e-15,False,True,False,True,True,False,True
up_proj,4,2025,sgd,50,1.280612917953139,nan,1.280612917953139,nan,0.0,nan,nan,nan,4.786013861486323e-16,7.90068259062522e-18,nan,nan,4.93977218556549e-16,0.9999999999999925,nan,3.0638840972639224e-15,False,True,False,True,True,False,True
up_proj,5,2025,sgd,1,1.2634628598627766,1.2634628598627766,1.2634628598627766,0.0,0.0,3.1294751005777596e-15,0.13411790786052533,2.9780264202901656e-19,9.354022694863126e-17,2.9780264202901656e-19,0.18681446554876624,0.9829941510364402,1.2489380414331343e-16,1.0000000000000566,2244.2243354190937,3.141057997584536e-15,False,True,False,True,True,False,False
up_proj,5,2025,sgd,10,1.263353632232161,nan,1.263353632232161,nan,0.0,nan,nan,nan,2.1902195118606408e-16,3.556982678074564e-18,nan,nan,2.436265078357359e-16,0.9999999999999948,nan,2.725734523170939e-15,False,True,False,True,True,False,True
up_proj,5,2025,sgd,50,1.2628923532598562,nan,1.2628923532598562,nan,0.0,nan,nan,nan,4.702052448120344e-16,7.913684347928076e-18,nan,nan,4.8240437202879515e-16,1.000000000000011,nan,3.699886113961767e-15,False,True,False,True,True,False,True
up_proj,6,2025,sgd,1,1.2919138093638256,1.2919138093638256,1.2919138093638256,0.0,0.0,2.4499487865898605e-15,0.08838999812855688,1.4146820093035524e-18,9.540018115945165e-17,1.4146820093035524e-18,0.11792944650038725,0.9931180638931245,1.274670883659835e-16,1.0000000000000446,1389.0507489288698,2.417220167106944e-15,False,True,False,True,True,False,False
up_proj,6,2025,sgd,10,1.2917934411449372,nan,1.2917934411449372,nan,0.0,nan,nan,nan,2.2172731948670312e-16,3.603781755484903e-18,nan,nan,2.4787697348564073e-16,1.000000000000047,nan,3.3074854500066367e-15,False,True,False,True,True,False,True
up_proj,6,2025,sgd,50,1.291285426943484,nan,1.291285426943484,nan,0.0,nan,nan,nan,4.739699405073618e-16,7.431253738508617e-18,nan,nan,4.893868622622374e-16,1.0000000000000213,nan,2.2765738642172973e-15,False,True,False,True,True,False,True
up_proj,7,2025,sgd,1,1.307556375495392,1.307556375495392,1.307556375495392,0.0,0.0,2.6783789023637438e-15,0.03904566508545051,1.2024332323530785e-18,9.231015480611579e-17,1.2024332323530785e-18,0.05507520954471616,0.9984868114173895,1.2501714448577023e-16,0.9999999999999708,603.4171235232402,2.6707063550817424e-15,False,True,False,True,True,False,False
up_proj,7,2025,sgd,10,1.3074316944948547,nan,1.3074316944948547,nan,0.0,nan,nan,nan,2.203410872002124e-16,4.3468902312488835e-18,nan,nan,2.448947646549131e-16,1.00000000000001,nan,2.7286892022250484e-15,False,True,False,True,True,False,True
up_proj,7,2025,sgd,50,1.3069071106274186,nan,1.3069071106274186,nan,0.0,nan,nan,nan,4.738018803183503e-16,8.764734816116217e-18,nan,nan,4.901577594133717e-16,0.9999999999999697,nan,2.6216387274656814e-15,False,True,False,True,True,False,True
up_proj,8,2025,sgd,1,1.3131059978891464,1.3131059978891464,1.3131059978891464,0.0,0.0,2.6790581997062114e-15,0.0763112847500751,1.2230642817635876e-18,9.340236047812602e-17,1.2230642817635876e-18,0.103472702105903,0.9946893404470099,1.2600445250243545e-16,1.0000000000000309,1314.8488730840802,2.695115208291748e-15,False,True,False,True,True,False,False
up_proj,8,2025,sgd,10,1.3130016507497138,nan,1.3130016507497135,nan,2.220446049250313e-16,nan,nan,nan,2.1921488152745688e-16,3.0534721139060664e-18,nan,nan,2.4434735096330004e-16,0.9999999999999893,nan,4.1392414548873044e-15,False,True,False,True,True,False,True
up_proj,8,2025,sgd,50,1.3125602586658904,nan,1.3125602586658907,nan,2.220446049250313e-16,nan,nan,nan,4.796888597826531e-16,7.945620222583481e-18,nan,nan,4.937201969389935e-16,1.0000000000000222,nan,3.282385656822057e-15,False,True,False,True,True,False,True
up_proj,9,2025,sgd,1,1.3006652432207366,1.3006652432207364,1.3006652432207364,2.220446049250313e-16,2.220446049250313e-16,2.469824635227327e-15,0.12944836186217937,1.7443573613852152e-18,9.230054917516882e-17,1.7443573613852152e-18,0.17845799835457787,0.984447027861255,1.2258855105582482e-16,1.0000000000000595,2190.697595612211,2.4585864857663727e-15,False,True,False,True,True,False,False
up_proj,9,2025,sgd,10,1.300556226062714,nan,1.3005562260627141,nan,2.220446049250313e-16,nan,nan,nan,2.130412547025507e-16,3.602799450307044e-18,nan,nan,2.399277740389762e-16,1.00000000000004,nan,2.3963711700761248e-15,False,True,False,True,True,False,True
up_proj,9,2025,sgd,50,1.3000960120021172,nan,1.3000960120021172,nan,0.0,nan,nan,nan,4.86486907747952e-16,8.926746751089767e-18,nan,nan,4.980662139280448e-16,0.9999999999999617,nan,2.933843769737509e-15,False,True,False,True,True,False,True
up_proj,10,2025,sgd,1,1.3124536178010644,1.3124536178010644,1.3124536178010644,0.0,0.0,2.764116693214688e-15,6.769500213262624e-05,4.805360641198898e-19,9.333385975080752e-17,4.805360641198898e-19,8.727324958676948e-05,0.9999999962041536,1.2533129552302666e-16,0.999999999999997,1.1819404895456105,2.8251628332671304e-15,False,True,False,True,True,False,False
up_proj,10,2025,sgd,10,1.3123489647105886,1.3121980714313464,1.3123489647105886,0.00015089327924222573,0.0,0.019884005528057296,0.0006695024039595675,6.168445385250677e-07,2.1918848537233154e-16,2.7789766259710154e-18,0.0008609587661539159,0.9999996306444583,2.452050602668849e-16,1.0000000000000213,1.1677166013491491,3.2477786505219446e-15,False,True,False,True,True,False,False
up_proj,10,2025,sgd,50,1.3119065483363341,1.3112136489124666,1.311906548336334,0.0006928994238675212,2.220446049250313e-16,0.10789904272867207,0.0031946246337410463,1.5785237163988025e-05,4.73282131592401e-16,8.780095058524878e-18,0.00406423874190768,0.999991774488014,4.860412654970653e-16,1.0000000000000027,1.1138060422660165,2.4083478539518817e-15,False,True,False,True,True,False,False
up_proj,11,2025,sgd,1,1.323292126703848,1.3232921267038478,1.3232921267038478,2.220446049250313e-16,2.220446049250313e-16,2.5205885042460684e-15,6.076161239582751e-05,9.046892272724439e-19,9.399754226747048e-17,9.046892272724439e-19,7.582063642282524e-05,0.9999999971357811,1.2523172347772094e-16,0.9999999999999846,1.0511000177458127,2.509061374214796e-15,False,True,False,True,True,False,False
up_proj,11,2025,sgd,10,1.3231875935871664,1.3230837002200107,1.3231875935871666,0.0001038933671557718,2.220446049250313e-16,0.013138373229239126,0.0006028432943856983,4.3003492855559356e-07,2.221153338857187e-16,4.030589559882554e-18,0.0007507455249514887,0.9999997192145192,2.459759352776269e-16,1.0000000000000124,1.0444791553762134,2.717657403877165e-15,False,True,False,True,True,False,False
up_proj,11,2025,sgd,50,1.3227444471854182,1.3222521521310604,1.3227444471854182,0.000492295054357772,0.0,0.07058590288336015,0.0029140508515833174,1.1138373896834345e-05,4.642333414910879e-16,8.057783341062055e-18,0.003597919852197617,0.9999935537142658,4.773650605672997e-16,1.0000000000000586,1.018731519123824,2.5662890817667852e-15,False,True,False,True,True,False,False
up_proj,12,2025,sgd,1,1.3184841258756412,1.3184841258756412,1.3184841258756412,0.0,0.0,2.608546673505541e-15,7.087751244376439e-05,1.1358932823911564e-18,9.548531740169337e-17,1.1358932823911564e-18,9.369860909057009e-05,0.9999999956179065,1.2719177641905563e-16,1.000000000000029,1.101896222475549,2.6183338655830808e-15,False,True,False,True,True,False,False
up_proj,12,2025,sgd,10,1.3183580326038888,1.3182082631489458,1.3183580326038888,0.0001497694549430495,0.0,0.01666130428808091,0.0007017574234751095,5.547468551798607e-07,2.254369330401451e-16,3.6680172011184795e-18,0.000925844334405012,0.9999995721858506,2.514943523751495e-16,1.0,1.0914941766762973,2.819313572010821e-15,False,True,False,True,True,False,False
up_proj,12,2025,sgd,50,1.3178264868980538,1.3171337276571065,1.3178264868980536,0.0006927592409473604,2.220446049250313e-16,0.09046285747483147,0.003363190056590911,1.4227101889829415e-05,4.72929790635515e-16,8.19779163536563e-18,0.004398772123458265,0.999990346646945,4.890948339474366e-16,0.9999999999999981,1.0514515569745246,3.5218126181327436e-15,False,True,False,True,True,False,False
up_proj,13,2025,sgd,1,1.3388993834833496,1.3388993834833498,1.3388993834833498,2.220446049250313e-16,2.220446049250313e-16,2.9561727393111998e-15,6.167440101362062e-05,9.323141857659446e-19,9.563295139658937e-17,9.323141857659446e-19,8.205897410617472e-05,0.999999996641187,1.266388289319535e-16,1.0000000000000129,0.9994791042866581,2.9406171863151658e-15,False,True,False,True,True,False,False
up_proj,13,2025,sgd,10,1.3387826744415174,1.3386867102274354,1.3387826744415174,9.596421408208933e-05,0.0,0.011580398258262625,0.0006117641035402229,3.816774034420466e-07,2.2468283966616774e-16,3.892641923786699e-18,0.0008127828853500947,0.9999996705023512,2.482051103422628e-16,1.000000000000005,0.993729541392747,2.910886969278701e-15,False,True,False,True,True,False,False
up_proj,13,2025,sgd,50,1.3382902305006157,1.3378372447808318,1.3382902305006157,0.000452985719783916,0.0,0.06262246950422332,0.0029537731432434547,9.871992646147923e-06,4.727454742898148e-16,8.48877931344796e-18,0.003899624790488825,0.9999924175653202,4.880552666732429e-16,0.999999999999996,0.9710560085651954,2.464602060601073e-15,False,True,False,True,True,False,False
up_proj,14,2025,sgd,1,1.327841512009715,1.3278415120097147,1.3278415120097147,2.220446049250313e-16,2.220446049250313e-16,2.8063961526808238e-15,4.9926450378312094e-05,7.049590626385001e-19,9.215755374716345e-17,7.049590626385001e-19,6.589647396831563e-05,0.9999999978338061,1.2462269197640388e-16,1.0000000000000115,0.8428408735131371,2.8209675097198757e-15,False,True,False,True,True,False,False
up_proj,14,2025,sgd,10,1.327733285293056,1.3276903473780068,1.327733285293056,4.2937915049057196e-05,0.0,0.005867670494175129,0.0004960358512131585,1.8031159646163547e-07,2.2446241990855456e-16,3.0506379945756565e-18,0.0006539261318802353,0.9999997866883907,2.4832912005280625e-16,1.0000000000000242,0.8408767141125577,2.2587294872794168e-15,False,True,False,True,True,False,False
up_proj,14,2025,sgd,50,1.3272769264393716,1.3270702505546814,1.3272769264393718,0.00020667588469014397,2.220446049250313e-16,0.03158465498799616,0.0024109499149125566,4.6996153127339264e-06,4.830152694481083e-16,8.500087505697935e-18,0.0031617595629000027,0.9999950142154298,4.991352020262441e-16,0.9999999999999546,0.8328975673308555,1.886859744066265e-15,False,True,False,True,True,False,False
up_proj,15,2025,sgd,1,1.3516634657585116,1.3516634657585116,1.3516634657585116,0.0,0.0,2.760000363615324e-15,4.8693242130898986e-05,1.1456756835197769e-18,9.50100846810143e-17,1.1456756835197769e-18,6.473939111461891e-05,0.9999999979101513,1.266132941308045e-16,0.9999999999999796,0.770682562402888,2.735019185298532e-15,False,True,False,True,True,False,False
up_proj,15,2025,sgd,10,1.3515418549270515,1.3515180145471426,1.3515418549270517,2.3840379908879328e-05,2.220446049250313e-16,0.0031903897325714975,0.0004841210065025874,1.0421096821174427e-07,2.267330853816068e-16,3.5071826537577e-18,0.0006430085509117104,0.9999997938444423,2.536690947782976e-16,0.9999999999999762,0.7700799554162956,3.031189093601672e-15,False,True,False,True,True,False,False
up_proj,15,2025,sgd,50,1.3510296958582797,1.3509139300368223,1.3510296958582797,0.00011576582145744752,0.0,0.017144939812376213,0.0023598972078724013,2.7256822894301378e-06,4.77047693133796e-16,1.0158059544852612e-17,0.003120421567558144,0.9999951455209142,4.914047491200039e-16,1.0000000000000024,0.7675956508849379,3.1020361996687294e-15,False,True,False,True,True,False,False
up_proj,16,2025,sgd,1,1.3228987801098093,1.3228987801098093,1.3228987801098093,0.0,0.0,2.995067087034244e-15,3.563287879341515e-05,3.235993709008885e-18,9.477996127366775e-17,3.235993709008885e-18,4.567147703527533e-05,0.9999999989622557,1.2630616860496965e-16,1.0000000000000082,0.6054289213584813,2.975516308423441e-15,False,True,False,True,True,False,False
up_proj,16,2025,sgd,10,1.3227921739075321,1.3228182257184626,1.3227921739075321,2.605181093051634e-05,0.0,0.002867985538875832,0.00035433901580086356,1.0240952525211818e-07,2.2053166957016996e-16,4.852714447156827e-18,0.000453650414965104,0.9999998976094717,2.4600431198546727e-16,1.0000000000000036,0.6047537074205603,2.224679526554434e-15,False,True,False,True,True,False,False
up_proj,16,2025,sgd,50,1.3223414521635637,1.3224730297368879,1.3223414521635635,0.00013157757332415976,2.220446049250313e-16,0.015325343860507193,0.001728642457289483,2.7226162653359303e-06,4.821525054721867e-16,8.770353089912374e-18,0.002202042573715921,0.9999975872088249,4.954654135749718e-16,1.0000000000000298,0.6018303498599972,2.945740220783342e-15,False,True,False,True,True,False,False
up_proj,17,2025,sgd,1,1.3019063204863466,1.3019063204863468,1.3019063204863468,2.220446049250313e-16,2.220446049250313e-16,2.6955128849603473e-15,4.080705690513237e-05,1.1893279638538703e-19,9.3476678780831e-17,1.1893279638538703e-19,5.103809174992203e-05,0.9999999987049534,1.2411089335024525e-16,0.999999999999959,0.7043132951922159,2.6886899986118118e-15,False,True,False,True,True,False,False
up_proj,17,2025,sgd,10,1.3018023709774376,1.3018405710420997,1.3018023709774376,3.8200064662152755e-05,0.0,0.004052342199931345,0.00040589520234800606,1.5004695784079836e-07,2.254141839068071e-16,3.216345117830041e-18,0.0005070679863850085,0.9999998721681813,2.5116982652221453e-16,1.0000000000000058,0.703483224661604,2.7759168966425758e-15,False,True,False,True,True,False,False
up_proj,17,2025,sgd,50,1.3013618600368728,1.3015565037888497,1.3013618600368728,0.000194643751976864,0.0,0.021634442033907138,0.0019823354750641317,4.000807140436648e-06,4.687907994116501e-16,8.297452359314985e-18,0.002463682282601729,0.9999969819849848,4.817122073095002e-16,0.9999999999999987,0.6998641504792056,2.8807048537324863e-15,False,True,False,True,True,False,False
up_proj,18,2025,sgd,1,1.3242115709955666,1.3242115709955664,1.3242115709955664,2.220446049250313e-16,2.220446049250313e-16,3.411952401996553e-15,4.146722224547902e-05,1.5604429442995852e-18,9.464319330733168e-17,1.5604429442995852e-18,5.2485203064725845e-05,0.9999999986305339,1.2611149018672276e-16,0.9999999999999367,0.7062608295022063,3.4001846389022408e-15,False,True,False,True,True,False,False
up_proj,18,2025,sgd,10,1.3241048723109807,1.324143381293144,1.3241048723109807,3.85089821632878e-05,0.0,0.0041919962327236415,0.0004123789771207672,1.5062115603611502e-07,2.1858881315342114e-16,3.9118512351499025e-18,0.0005213244107888204,0.9999998648856968,2.433455687379437e-16,0.9999999999999618,0.7054260150435766,2.2196899618085622e-15,False,True,False,True,True,False,False
up_proj,18,2025,sgd,50,1.3236535166181382,1.3238491671812131,1.3236535166181382,0.0001956505630749117,0.0,0.022364346980553142,0.002012255006990125,4.011754143139958e-06,4.639811881897228e-16,8.936057231975423e-18,0.0025303847059314055,0.9999968164906077,4.758556363756032e-16,0.9999999999999882,0.7017943742010345,3.220096132366175e-15,False,True,False,True,True,False,False
up_proj,19,2025,sgd,1,1.341555641391512,1.3415556413915117,1.3415556413915117,2.220446049250313e-16,2.220446049250313e-16,3.076099046540405e-15,4.412395738638269e-05,4.289773164629479e-19,9.02759034173532e-17,4.289773164629479e-19,5.8401754284863206e-05,0.9999999983043202,1.2099208602499973e-16,1.0000000000000728,0.7081058861088376,3.0775930942459226e-15,False,True,False,True,True,False,False
up_proj,19,2025,sgd,10,1.3414371058297023,1.341499269547829,1.341437105829702,6.21637181266177e-05,2.220446049250313e-16,0.006653276731213949,0.00043839297288342314,2.299942814962732e-07,2.214161964202054e-16,3.2707967201230942e-18,0.0005795849568000543,0.9999998329881749,2.456120185625635e-16,0.9999999999999755,0.7064806330741633,2.1312479933673534e-15,False,True,False,True,True,False,False
up_proj,19,2025,sgd,50,1.34093756011237,1.3412538461245107,1.34093756011237,0.0003162860121406208,0.0,0.035421721507556896,0.0021304117923689045,6.122377681166073e-06,4.682377606064101e-16,8.117786179239463e-18,0.00280215025077487,0.9999960955775162,4.82433065822483e-16,0.9999999999999976,0.6993174988147609,2.3829407714530884e-15,False,True,False,True,True,False,False
up_proj,20,2025,sgd,1,1.3734257965736552,1.3734257965736552,1.3734257965736552,0.0,0.0,2.6003241984807514e-15,4.341467216472249e-05,1.4409809832297126e-18,9.451620559756307e-17,1.4409809832297126e-18,5.5930409577366585e-05,0.9999999984453624,1.2558990491335677e-16,1.0000000000000078,0.7275021486089377,2.6002413058195807e-15,False,True,False,True,True,False,False
up_proj,20,2025,sgd,10,1.3733158151203022,1.3733771024351002,1.3733158151203024,6.128731479804195e-05,2.220446049250313e-16,0.006896188550041283,0.00043145571637280046,2.3875807187278115e-07,2.1494211312242998e-16,3.669981932313197e-18,0.0005551354346581159,0.9999998468398094,2.405180496508658e-16,0.9999999999999741,0.7258970618362106,3.3070437944702376e-15,False,True,False,True,True,False,False
up_proj,20,2025,sgd,50,1.3728512715309353,1.373164402438542,1.3728512715309353,0.0003131309076067623,0.0,0.036691950689351056,0.002099037436201315,6.367197810055325e-06,4.62684703407259e-16,9.191363600384618e-18,0.0026855600414660294,0.9999964151180658,4.790741842291006e-16,0.9999999999999774,0.7188143079852146,3.620926441095451e-15,False,True,False,True,True,False,False
up_proj,21,2025,sgd,1,1.379971115497453,1.379971115497453,1.379971115497453,0.0,0.0,2.6769882257057312e-15,0.00012359932780902478,1.8273365537895934e-18,9.076734743413166e-17,1.8273365537895934e-18,0.0001716917944336853,0.9999999852749644,1.2208036832051364e-16,0.9999999999999718,1.9922601421517308,2.636474242466307e-15,False,True,False,True,True,False,False
up_proj,21,2025,sgd,10,1.3798581344109266,1.3790690923347337,1.379858134410927,0.0007890420761929029,4.440892098500626e-16,0.2632467695848598,0.0009798613870034708,8.873457520335578e-06,2.1670880432584982e-16,3.719703178383174e-18,0.0013078683620704685,0.9999991462251846,2.4319618183042047e-16,1.0000000000000282,1.3032543535340788,2.92154808751946e-15,False,True,False,True,True,False,False
up_proj,21,2025,sgd,50,1.379380859502719,1.3783646405855023,1.3793808595027193,0.0010162189172167047,2.220446049250313e-16,0.5116389428880164,0.0031483629212335005,0.00013143021548266958,4.756547399126982e-16,9.380394071837428e-18,0.00397555997604151,0.9999921333195038,4.941022769921566e-16,0.9999999999999681,0.8724345093212711,3.0071100059584913e-15,False,True,False,True,True,False,False
up_proj,22,2025,sgd,1,1.3925403420691176,1.3925403420691174,1.3925403420691174,2.220446049250313e-16,2.220446049250313e-16,2.6301027959921012e-15,0.21559579093711853,1.6366448533379106e-18,9.01709281352863e-17,1.6366448533379106e-18,0.29908482258596486,0.9580676796261707,1.217246943368434e-16,0.9999999999999991,3278.3916700560885,2.636471090120253e-15,False,True,False,True,True,False,False
up_proj,22,2025,sgd,10,1.392411157010755,nan,1.3924111570107551,nan,2.220446049250313e-16,nan,nan,nan,2.1526172412626533e-16,3.302808296530144e-18,nan,nan,2.4124234891536844e-16,0.9999999999999907,nan,2.809833849220397e-15,False,True,False,True,True,False,True
up_proj,22,2025,sgd,50,1.3918670350001043,nan,1.3918670350001043,nan,0.0,nan,nan,nan,4.6885423617932905e-16,8.136324529569593e-18,nan,nan,4.856300224456173e-16,1.000000000000035,nan,3.399817484793709e-15,False,True,False,True,True,False,True
up_proj,23,2025,sgd,1,1.3542162253419427,1.3542162253419427,1.3542162253419427,0.0,0.0,2.5868590638305707e-15,0.0486704253158962,6.219485209132691e-19,9.433391596451261e-17,6.219485209132691e-19,0.06791351700818529,0.9977018437505129,1.2667460782513494e-16,0.9999999999999857,819.791046237427,2.6177471898774084e-15,False,True,False,True,True,False,False
up_proj,23,2025,sgd,10,1.354108651351075,nan,1.354108651351075,nan,0.0,nan,nan,nan,2.208453930299012e-16,2.8267683525113907e-18,nan,nan,2.465937974789017e-16,0.9999999999999735,nan,2.710129866649713e-15,False,True,False,True,True,False,True
up_proj,23,2025,sgd,50,1.353653551255031,nan,1.353653551255031,nan,0.0,nan,nan,nan,4.913789036362325e-16,8.723261992338326e-18,nan,nan,5.070383800301545e-16,1.000000000000065,nan,2.998909302574096e-15,False,True,False,True,True,False,True
down_proj,0,2025,sgd,1,2.5884760991573654,2.588476099157365,2.588476099157365,4.440892098500626e-16,4.440892098500626e-16,3.0603059777323978e-15,7.347763446842625e-18,6.668271619966646e-18,7.347763446842625e-18,6.668271619966646e-18,1.7998726711256032e-17,1.0000000000000318,1.7998726711256032e-17,1.0000000000000318,3.0603059777323994e-15,3.0603059777323994e-15,True,True,True,True,False,False,False
down_proj,0,2025,sgd,10,2.58367636934525,2.58367636934525,2.58367636934525,0.0,0.0,2.9986047077504537e-15,2.170378711832176e-17,2.4445833809115825e-17,2.170378711832176e-17,2.4445833809115825e-17,5.436489927594262e-17,0.9999999999999923,5.436489927594262e-17,0.9999999999999923,2.9986047077504525e-15,2.9986047077504525e-15,True,True,True,True,False,False,False
down_proj,0,2025,sgd,50,2.5663945611528978,2.566394561152897,2.566394561152897,8.881784197001252e-16,8.881784197001252e-16,3.465239814246258e-15,4.7568533500833526e-17,5.613853838534716e-17,4.7568533500833526e-17,5.613853838534716e-17,1.0805924945641286e-16,0.9999999999999862,1.0805924945641286e-16,0.9999999999999862,3.4652398142462512e-15,3.4652398142462512e-15,True,True,True,True,False,False,False
down_proj,1,2025,sgd,1,2.485883135225211,2.4858831352252118,2.4858831352252118,8.881784197001252e-16,8.881784197001252e-16,3.6441783543146955e-15,6.195761464205023e-18,9.083906353986623e-18,6.195761464205023e-18,9.083906353986623e-18,1.826120304678895e-17,1.0000000000000322,1.826120304678895e-17,1.0000000000000322,3.644178354314696e-15,3.644178354314696e-15,True,True,True,True,False,False,False
down_proj,1,2025,sgd,10,2.4819545582962492,2.4819545582962492,2.4819545582962492,0.0,0.0,3.6577759707728044e-15,2.2169176556837342e-17,2.6302907644839115e-17,2.2169176556837342e-17,2.6302907644839115e-17,5.5504467794511936e-17,0.9999999999999996,5.5504467794511936e-17,0.9999999999999996,3.6577759707728044e-15,3.6577759707728044e-15,True,True,True,True,False,False,False
down_proj,1,2025,sgd,50,2.4676209606472006,2.467620960647201,2.467620960647201,4.440892098500626e-16,4.440892098500626e-16,4.145596643799561e-15,4.961467914520129e-17,6.141024463837883e-17,4.961467914520129e-17,6.141024463837883e-17,1.1320884918956198e-16,0.9999999999999736,1.1320884918956198e-16,0.9999999999999736,4.145596643799562e-15,4.145596643799562e-15,True,True,True,True,False,False,False
down_proj,2,2025,sgd,1,2.5015118815340665,2.5015118815340665,2.5015118815340665,0.0,0.0,3.5434606050477703e-15,7.568202125229427e-18,5.175850936167684e-18,7.568202125229427e-18,5.175850936167684e-18,1.6609110786470084e-17,1.0000000000000315,1.6609110786470084e-17,1.0000000000000315,3.5434606050477782e-15,3.5434606050477782e-15,True,True,True,True,False,False,False
down_proj,2,2025,sgd,10,2.49718941412674,2.4971894141267406,2.4971894141267406,4.440892098500626e-16,4.440892098500626e-16,2.4764492013016694e-15,2.129158097399372e-17,2.175152651165695e-17,2.129158097399372e-17,2.175152651165695e-17,5.0637933209733434e-17,1.000000000000006,5.0637933209733434e-17,1.000000000000006,2.4764492013016686e-15,2.4764492013016686e-15,True,True,True,True,False,False,False
down_proj,2,2025,sgd,50,2.4816435211652634,2.4816435211652634,2.4816435211652634,0.0,0.0,3.331297916404978e-15,4.7704126480037485e-17,5.611630224557727e-17,4.7704126480037485e-17,5.611630224557727e-17,1.0718558736270563e-16,1.0000000000000013,1.0718558736270563e-16,1.0000000000000013,3.3312979164049766e-15,3.3312979164049766e-15,True,True,True,True,False,False,False
down_proj,3,2025,sgd,1,2.4938608969625116,2.4938608969625116,2.4938608969625116,0.0,0.0,2.916042945419961e-15,7.177772325489997e-18,7.980970528630365e-18,7.177772325489997e-18,7.980970528630365e-18,1.7647788210812898e-17,0.9999999999999843,1.7647788210812898e-17,0.9999999999999843,2.916042945419962e-15,2.916042945419962e-15,True,True,True,True,False,False,False
down_proj,3,2025,sgd,10,2.490000129942275,2.490000129942275,2.490000129942275,0.0,0.0,3.162557379687707e-15,2.1182631602015242e-17,2.4267687170601316e-17,2.1182631602015242e-17,2.4267687170601316e-17,5.2517126770115366e-17,0.9999999999999805,5.2517126770115366e-17,0.9999999999999805,3.162557379687706e-15,3.162557379687706e-15,True,True,True,True,False,False,False
down_proj,3,2025,sgd,50,2.476050159761918,2.476050159761918,2.476050159761918,0.0,0.0,3.5239168121499083e-15,4.8184661639738745e-17,5.881900916258475e-17,4.8184661639738745e-17,5.881900916258475e-17,1.0997410467319268e-16,1.0000000000000435,1.0997410467319268e-16,1.0000000000000435,3.5239168121499036e-15,3.5239168121499036e-15,True,True,True,True,False,False,False
down_proj,4,2025,sgd,1,2.529543656679442,2.529543656679442,2.529543656679442,0.0,0.0,3.108833823314834e-15,7.179235265930676e-18,8.638199474355456e-18,7.179235265930676e-18,8.638199474355456e-18,1.8350967906686587e-17,1.0000000000000122,1.8350967906686587e-17,1.0000000000000122,3.1088338233148375e-15,3.1088338233148375e-15,True,True,True,True,False,False,False
down_proj,4,2025,sgd,10,2.525042078454318,2.5250420784543177,2.5250420784543177,4.440892098500626e-16,4.440892098500626e-16,4.027051188192214e-15,2.3310943701043178e-17,2.6519823963836635e-17,2.3310943701043178e-17,2.6519823963836635e-17,5.693750729148439e-17,0.9999999999999972,5.693750729148439e-17,0.9999999999999972,4.02705118819221e-15,4.02705118819221e-15,True,True,True,True,False,False,False
down_proj,4,2025,sgd,50,2.5087731214434035,2.508773121443403,2.508773121443403,4.440892098500626e-16,4.440892098500626e-16,3.96260965644592e-15,4.887177700660534e-17,5.738548643463207e-17,4.887177700660534e-17,5.738548643463207e-17,1.0992012549999145e-16,1.0000000000000395,1.0992012549999145e-16,1.0000000000000395,3.962609656445922e-15,3.962609656445922e-15,True,True,True,True,False,False,False
down_proj,5,2025,sgd,1,2.3817467617190364,2.3817467617190373,2.3817467617190373,8.881784197001252e-16,8.881784197001252e-16,3.752006863966766e-15,6.0744173217385395e-18,7.183465569014542e-18,6.0744173217385395e-18,7.183465569014542e-18,1.6508517045501125e-17,1.000000000000007,1.6508517045501125e-17,1.000000000000007,3.752006863966773e-15,3.752006863966773e-15,True,True,True,True,False,False,False
down_proj,5,2025,sgd,10,2.3779560861038433,2.377956086103844,2.377956086103844,4.440892098500626e-16,4.440892098500626e-16,4.369913206917922e-15,2.2236453446642423e-17,2.6544154977141156e-17,2.2236453446642423e-17,2.6544154977141156e-17,5.556366631204209e-17,0.9999999999999891,5.556366631204209e-17,0.9999999999999891,4.369913206917921e-15,4.369913206917921e-15,True,True,True,True,False,False,False
down_proj,5,2025,sgd,50,2.364124683341299,2.3641246833412994,2.3641246833412994,4.440892098500626e-16,4.440892098500626e-16,3.675545116207586e-15,4.705776711393415e-17,5.564708295730429e-17,4.705776711393415e-17,5.564708295730429e-17,1.0682888283117874e-16,1.0000000000000067,1.0682888283117874e-16,1.0000000000000067,3.675545116207588e-15,3.675545116207588e-15,True,True,True,True,False,False,False
down_proj,6,2025,sgd,1,2.6490285920580883,2.6490285920580883,2.6490285920580883,0.0,0.0,4.19931091970569e-15,7.417435360863562e-18,9.525779192463432e-18,7.417435360863562e-18,9.525779192463432e-18,2.0717592132933415e-17,0.9999999999999961,2.0717592132933415e-17,0.9999999999999961,4.1993109197056916e-15,4.1993109197056916e-15,True,True,True,True,False,False,False
down_proj,6,2025,sgd,10,2.6450827745051035,2.6450827745051035,2.6450827745051035,0.0,0.0,3.136107672704919e-15,2.0205349579606454e-17,2.608345052330211e-17,2.0205349579606454e-17,2.608345052330211e-17,5.398896659250439e-17,0.9999999999999665,5.398896659250439e-17,0.9999999999999665,3.136107672704913e-15,3.136107672704913e-15,True,True,True,True,False,False,False
down_proj,6,2025,sgd,50,2.6304746942851134,2.6304746942851134,2.6304746942851134,0.0,0.0,3.6616110460564675e-15,4.692485420786204e-17,5.902145270674336e-17,4.692485420786204e-17,5.902145270674336e-17,1.0970285850249324e-16,0.9999999999999988,1.0970285850249324e-16,0.9999999999999988,3.66161104605647e-15,3.66161104605647e-15,True,True,True,True,False,False,False
down_proj,7,2025,sgd,1,2.709616142349584,2.7096161423495846,2.7096161423495846,4.440892098500626e-16,4.440892098500626e-16,3.610532220946958e-15,7.066610504158245e-18,7.278908568507653e-18,7.066610504158245e-18,7.278908568507653e-18,1.8070697409768522e-17,0.9999999999999927,1.8070697409768522e-17,0.9999999999999927,3.61053222094696e-15,3.61053222094696e-15,True,True,True,True,False,False,False
down_proj,7,2025,sgd,10,2.7052277731548693,2.7052277731548693,2.7052277731548693,0.0,0.0,3.188713776040036e-15,2.0579814195881594e-17,2.4484933330724547e-17,2.0579814195881594e-17,2.4484933330724547e-17,5.277824155512347e-17,1.0000000000000213,5.277824155512347e-17,1.0000000000000213,3.188713776040035e-15,3.188713776040035e-15,True,True,True,True,False,False,False
down_proj,7,2025,sgd,50,2.689348906346828,2.6893489063468285,2.6893489063468285,4.440892098500626e-16,4.440892098500626e-16,4.75449938518952e-15,4.759047365527999e-17,5.910251858954402e-17,4.759047365527999e-17,5.910251858954402e-17,1.1023725988025332e-16,0.9999999999999759,1.1023725988025332e-16,0.9999999999999759,4.7544993851895155e-15,4.7544993851895155e-15,True,True,True,True,False,False,False
down_proj,8,2025,sgd,1,2.710726098700746,2.710726098700746,2.710726098700746,0.0,0.0,3.4104923688225268e-15,7.077641003066205e-18,9.248085844968613e-18,7.077641003066205e-18,9.248085844968613e-18,1.9806040084833165e-17,1.0000000000000144,1.9806040084833165e-17,1.0000000000000144,3.410492368822529e-15,3.410492368822529e-15,True,True,True,True,False,False,False
down_proj,8,2025,sgd,10,2.7069380763388593,2.706938076338859,2.706938076338859,4.440892098500626e-16,4.440892098500626e-16,2.7035494850874488e-15,2.174905381492465e-17,2.726015151490639e-17,2.174905381492465e-17,2.726015151490639e-17,5.58287833132467e-17,0.9999999999999669,5.58287833132467e-17,0.9999999999999669,2.7035494850874464e-15,2.7035494850874464e-15,True,True,True,True,False,False,False
down_proj,8,2025,sgd,50,2.692967685040774,2.692967685040774,2.692967685040774,0.0,0.0,3.2361023994222586e-15,4.7761342490307516e-17,6.322224976954175e-17,4.7761342490307516e-17,6.322224976954175e-17,1.1351505043179788e-16,1.0000000000000264,1.1351505043179788e-16,1.0000000000000264,3.2361023994222586e-15,3.2361023994222586e-15,True,True,True,True,False,False,False
down_proj,9,2025,sgd,1,2.6497786769656506,2.6497786769656515,2.6497786769656515,8.881784197001252e-16,8.881784197001252e-16,2.8170109982776494e-15,6.1603259109995686e-18,1.1332471053156676e-17,6.1603259109995686e-18,1.1332471053156676e-17,1.940479206064368e-17,1.0000000000000244,1.940479206064368e-17,1.0000000000000244,2.81701099827765e-15,2.81701099827765e-15,True,True,True,True,False,False,False
down_proj,9,2025,sgd,10,2.645441014368411,2.645441014368411,2.645441014368411,0.0,0.0,2.375388775626814e-15,2.170811012547361e-17,2.5827619473502275e-17,2.170811012547361e-17,2.5827619473502275e-17,5.42148289789434e-17,1.000000000000018,5.42148289789434e-17,1.000000000000018,2.375388775626813e-15,2.375388775626813e-15,True,True,True,True,False,False,False
down_proj,9,2025,sgd,50,2.6296205443983145,2.6296205443983145,2.6296205443983145,0.0,0.0,4.022303604137722e-15,4.9813589760417245e-17,6.118163882859301e-17,4.9813589760417245e-17,6.118163882859301e-17,1.1256824144524876e-16,1.0000000000000495,1.1256824144524876e-16,1.0000000000000495,4.02230360413772e-15,4.02230360413772e-15,True,True,True,True,False,False,False
down_proj,10,2025,sgd,1,2.5748065263565416,2.5748065263565407,2.5748065263565407,8.881784197001252e-16,8.881784197001252e-16,2.794339854856083e-15,6.322698539187713e-18,8.037680200084185e-18,6.322698539187713e-18,8.037680200084185e-18,1.6745664044624506e-17,1.0000000000000515,1.6745664044624506e-17,1.0000000000000515,2.7943398548560857e-15,2.7943398548560857e-15,True,True,True,True,False,False,False
down_proj,10,2025,sgd,10,2.570651583778805,2.570651583778805,2.570651583778805,0.0,0.0,3.197834849950602e-15,2.1648019910123034e-17,2.676680308511674e-17,2.1648019910123034e-17,2.676680308511674e-17,5.53479939464234e-17,1.0000000000000067,5.53479939464234e-17,1.0000000000000067,3.197834849950601e-15,3.197834849950601e-15,True,True,True,True,False,False,False
down_proj,10,2025,sgd,50,2.5558096053625756,2.555809605362575,2.555809605362575,4.440892098500626e-16,4.440892098500626e-16,2.796540268553595e-15,4.824672130181764e-17,5.921636736755788e-17,4.824672130181764e-17,5.921636736755788e-17,1.1030049398771934e-16,1.0000000000000202,1.1030049398771934e-16,1.0000000000000202,2.7965402685535954e-15,2.7965402685535954e-15,True,True,True,True,False,False,False
down_proj,11,2025,sgd,1,2.6349228008972125,2.6349228008972125,2.6349228008972125,0.0,0.0,2.8068489169170725e-15,6.366228620187241e-18,7.227664619934637e-18,6.366228620187241e-18,7.227664619934637e-18,1.6423076155222382e-17,0.9999999999999996,1.6423076155222382e-17,0.9999999999999996,2.8068489169170705e-15,2.8068489169170705e-15,True,True,True,True,False,False,False
down_proj,11,2025,sgd,10,2.6311990306395296,2.6311990306395296,2.6311990306395296,0.0,0.0,3.7060413948322956e-15,2.135320378352275e-17,2.650059816130186e-17,2.135320378352275e-17,2.650059816130186e-17,5.518130476863098e-17,1.0000000000000162,5.518130476863098e-17,1.0000000000000162,3.7060413948322995e-15,3.7060413948322995e-15,True,True,True,True,False,False,False
down_proj,11,2025,sgd,50,2.6175903654455346,2.6175903654455346,2.6175903654455346,0.0,0.0,4.668175727615131e-15,4.84606051817017e-17,6.014051814109768e-17,4.84606051817017e-17,6.014051814109768e-17,1.113728293260583e-16,1.000000000000008,1.113728293260583e-16,1.000000000000008,4.6681757276151315e-15,4.6681757276151315e-15,True,True,True,True,False,False,False
down_proj,12,2025,sgd,1,2.7776907082296853,2.777690708229686,2.777690708229686,4.440892098500626e-16,4.440892098500626e-16,3.3375702403572908e-15,6.504433777935557e-18,9.408349619984632e-18,6.504433777935557e-18,9.408349619984632e-18,1.86298579911199e-17,1.000000000000046,1.86298579911199e-17,1.000000000000046,3.3375702403572963e-15,3.3375702403572963e-15,True,True,True,True,False,False,False
down_proj,12,2025,sgd,10,2.7732397248767278,2.7732397248767273,2.7732397248767273,4.440892098500626e-16,4.440892098500626e-16,3.143052422267062e-15,2.2506385650946195e-17,2.6628249249870093e-17,2.2506385650946195e-17,2.6628249249870093e-17,5.589184546627036e-17,1.0000000000000022,5.589184546627036e-17,1.0000000000000022,3.1430524222670585e-15,3.1430524222670585e-15,True,True,True,True,False,False,False
down_proj,12,2025,sgd,50,2.756873164567045,2.756873164567045,2.756873164567045,0.0,0.0,3.681041163108547e-15,5.097088040072641e-17,5.889079070794467e-17,5.097088040072641e-17,5.889079070794467e-17,1.117577586889668e-16,0.9999999999999984,1.117577586889668e-16,0.9999999999999984,3.681041163108552e-15,3.681041163108552e-15,True,True,True,True,False,False,False
down_proj,13,2025,sgd,1,2.743409202776788,2.743409202776788,2.743409202776788,0.0,0.0,3.2850954793735605e-15,8.070291455335475e-18,5.197377221026113e-18,8.070291455335475e-18,5.197377221026113e-18,1.7063029983154535e-17,0.9999999999999913,1.7063029983154535e-17,0.9999999999999913,3.2850954793735593e-15,3.2850954793735593e-15,True,True,True,True,False,False,False
down_proj,13,2025,sgd,10,2.7391749585302003,2.7391749585302,2.7391749585302,4.440892098500626e-16,4.440892098500626e-16,3.426160893621146e-15,2.1656560863948e-17,2.5827617977358934e-17,2.1656560863948e-17,2.5827617977358934e-17,5.609819851434448e-17,1.00000000000002,5.609819851434448e-17,1.00000000000002,3.426160893621146e-15,3.426160893621146e-15,True,True,True,True,False,False,False
down_proj,13,2025,sgd,50,2.7237118668285625,2.723711866828562,2.723711866828562,4.440892098500626e-16,4.440892098500626e-16,3.330203730894602e-15,4.8129248583628186e-17,6.338404274019843e-17,4.8129248583628186e-17,6.338404274019843e-17,1.1334882448662288e-16,1.0000000000000309,1.1334882448662288e-16,1.0000000000000309,3.330203730894601e-15,3.330203730894601e-15,True,True,True,True,False,False,False
down_proj,14,2025,sgd,1,2.7535029343780355,2.753502934378035,2.753502934378035,4.440892098500626e-16,4.440892098500626e-16,2.830156271894597e-15,6.821748557819898e-18,9.767675454785451e-18,6.821748557819898e-18,9.767675454785451e-18,1.9995769756554716e-17,0.9999999999999926,1.9995769756554716e-17,0.9999999999999926,2.830156271894598e-15,2.830156271894598e-15,True,True,True,True,False,False,False
down_proj,14,2025,sgd,10,2.748737882986902,2.7487378829869016,2.7487378829869016,4.440892098500626e-16,4.440892098500626e-16,3.01691047933698e-15,2.262907832934092e-17,2.775424541978645e-17,2.262907832934092e-17,2.775424541978645e-17,5.776184610847334e-17,1.0000000000000309,5.776184610847334e-17,1.0000000000000309,3.0169104793369824e-15,3.0169104793369824e-15,True,True,True,True,False,False,False
down_proj,14,2025,sgd,50,2.7315523821488754,2.7315523821488754,2.7315523821488754,0.0,0.0,2.8096264887275675e-15,4.836828117350511e-17,6.422575695303868e-17,4.836828117350511e-17,6.422575695303868e-17,1.1465411365477845e-16,0.9999999999999798,1.1465411365477845e-16,0.9999999999999798,2.8096264887275608e-15,2.8096264887275608e-15,True,True,True,True,False,False,False
down_proj,15,2025,sgd,1,2.831722142464955,2.831722142464956,2.831722142464956,8.881784197001252e-16,8.881784197001252e-16,3.2256332170890876e-15,5.7983101995023774e-18,9.670744242308687e-18,5.7983101995023774e-18,9.670744242308687e-18,1.8915364701763844e-17,0.9999999999999994,1.8915364701763844e-17,0.9999999999999994,3.225633217089096e-15,3.225633217089096e-15,True,True,True,True,False,False,False
down_proj,15,2025,sgd,10,2.828121489643742,2.8281214896437428,2.8281214896437428,8.881784197001252e-16,8.881784197001252e-16,4.30851213920808e-15,2.0960659127768035e-17,2.600640369448952e-17,2.0960659127768035e-17,2.600640369448952e-17,5.4387458484066135e-17,1.000000000000009,5.4387458484066135e-17,1.000000000000009,4.308512139208071e-15,4.308512139208071e-15,True,True,True,True,False,False,False
down_proj,15,2025,sgd,50,2.8151422812761577,2.8151422812761586,2.8151422812761586,8.881784197001252e-16,8.881784197001252e-16,4.5825507679230524e-15,5.0501764214034273e-17,6.012260215690101e-17,5.0501764214034273e-17,6.012260215690101e-17,1.1352396091187018e-16,0.9999999999999877,1.1352396091187018e-16,0.9999999999999877,4.582550767923053e-15,4.582550767923053e-15,True,True,True,True,False,False,False
down_proj,16,2025,sgd,1,2.691446009920676,2.6914460099206754,2.6914460099206754,4.440892098500626e-16,4.440892098500626e-16,3.5002373517371505e-15,7.99757482092326e-18,8.583356982876664e-18,7.99757482092326e-18,8.583356982876664e-18,1.9898539207087e-17,1.0000000000000155,1.9898539207087e-17,1.0000000000000155,3.5002373517371498e-15,3.5002373517371498e-15,True,True,True,True,False,False,False
down_proj,16,2025,sgd,10,2.6877227508350905,2.6877227508350905,2.6877227508350905,0.0,0.0,3.5278522868667588e-15,2.2609651076464924e-17,2.600263101372407e-17,2.2609651076464924e-17,2.600263101372407e-17,5.602069321940016e-17,1.0000000000000187,5.602069321940016e-17,1.0000000000000187,3.5278522868667533e-15,3.5278522868667533e-15,True,True,True,True,False,False,False
down_proj,16,2025,sgd,50,2.674222323744947,2.674222323744947,2.674222323744947,0.0,0.0,3.911010325849997e-15,4.885080972218253e-17,6.283407565617283e-17,4.885080972218253e-17,6.283407565617283e-17,1.1374899056791466e-16,0.9999999999999954,1.1374899056791466e-16,0.9999999999999954,3.911010325849995e-15,3.911010325849995e-15,True,True,True,True,False,False,False
down_proj,17,2025,sgd,1,2.6007911766781,2.6007911766781,2.6007911766781,0.0,0.0,3.3710310727994473e-15,6.728194227487396e-18,1.0819897751351468e-17,6.728194227487396e-18,1.0819897751351468e-17,1.9867062152129053e-17,0.9999999999999989,1.9867062152129053e-17,0.9999999999999989,3.3710310727994485e-15,3.3710310727994485e-15,True,True,True,True,False,False,False
down_proj,17,2025,sgd,10,2.5968849516063224,2.596884951606323,2.596884951606323,4.440892098500626e-16,4.440892098500626e-16,3.1574900266538547e-15,2.1272997844441713e-17,2.5684844431134537e-17,2.1272997844441713e-17,2.5684844431134537e-17,5.504160022609795e-17,1.0000000000000053,5.504160022609795e-17,1.0000000000000053,3.157490026653857e-15,3.157490026653857e-15,True,True,True,True,False,False,False
down_proj,17,2025,sgd,50,2.5824860485877714,2.5824860485877714,2.5824860485877714,0.0,0.0,4.174084558415708e-15,4.919539645196093e-17,5.902607441626507e-17,4.919539645196093e-17,5.902607441626507e-17,1.1156846944062518e-16,0.9999999999999851,1.1156846944062518e-16,0.9999999999999851,4.174084558415715e-15,4.174084558415715e-15,True,True,True,True,False,False,False
down_proj,18,2025,sgd,1,2.8071014243953774,2.8071014243953765,2.8071014243953765,8.881784197001252e-16,8.881784197001252e-16,3.647156682731262e-15,6.653361205790136e-18,9.771998807388687e-18,6.653361205790136e-18,9.771998807388687e-18,1.925152978255578e-17,0.9999999999999527,1.925152978255578e-17,0.9999999999999527,3.647156682731262e-15,3.647156682731262e-15,True,True,True,True,False,False,False
down_proj,18,2025,sgd,10,2.8028364316360905,2.80283643163609,2.80283643163609,4.440892098500626e-16,4.440892098500626e-16,3.3853247852636526e-15,2.1819894289421728e-17,2.5746969353797138e-17,2.1819894289421728e-17,2.5746969353797138e-17,5.4734965077703246e-17,1.0000000000000198,5.4734965077703246e-17,1.0000000000000198,3.3853247852636557e-15,3.3853247852636557e-15,True,True,True,True,False,False,False
down_proj,18,2025,sgd,50,2.7869513458181303,2.7869513458181294,2.7869513458181294,8.881784197001252e-16,8.881784197001252e-16,2.9144031180033276e-15,4.834630438921429e-17,6.165780654564038e-17,4.834630438921429e-17,6.165780654564038e-17,1.125058725168839e-16,1.0000000000000027,1.125058725168839e-16,1.0000000000000027,2.9144031180033256e-15,2.9144031180033256e-15,True,True,True,True,False,False,False
down_proj,19,2025,sgd,1,2.869434676338033,2.869434676338033,2.869434676338033,0.0,0.0,3.4772887373943723e-15,6.6949990377928814e-18,9.690641992689021e-18,6.6949990377928814e-18,9.690641992689021e-18,1.9924668739480937e-17,0.999999999999989,1.9924668739480937e-17,0.999999999999989,3.4772887373943743e-15,3.4772887373943743e-15,True,True,True,True,False,False,False
down_proj,19,2025,sgd,10,2.8651025105882115,2.865102510588212,2.865102510588212,4.440892098500626e-16,4.440892098500626e-16,3.815288525171873e-15,2.2458197291259553e-17,2.7120616216136837e-17,2.2458197291259553e-17,2.7120616216136837e-17,5.720559475153614e-17,0.9999999999999798,5.720559475153614e-17,0.9999999999999798,3.8152885251718715e-15,3.8152885251718715e-15,True,True,True,True,False,False,False
down_proj,19,2025,sgd,50,2.8492409703871626,2.849240970387162,2.849240970387162,4.440892098500626e-16,4.440892098500626e-16,3.247448326690007e-15,5.047379517700453e-17,6.300868709155621e-17,5.047379517700453e-17,6.300868709155621e-17,1.1531870152360374e-16,0.9999999999999698,1.1531870152360374e-16,0.9999999999999698,3.2474483266900077e-15,3.2474483266900077e-15,True,True,True,True,False,False,False
down_proj,20,2025,sgd,1,2.8479125691909437,2.8479125691909437,2.8479125691909437,0.0,0.0,3.748789553554578e-15,8.022514675622335e-18,9.260863590800383e-18,8.022514675622335e-18,9.260863590800383e-18,1.9072426582931675e-17,1.0000000000000098,1.9072426582931675e-17,1.0000000000000098,3.7487895535545875e-15,3.7487895535545875e-15,True,True,True,True,False,False,False
down_proj,20,2025,sgd,10,2.8435099124086065,2.8435099124086065,2.8435099124086065,0.0,0.0,3.735198995622366e-15,2.3203195486517034e-17,2.8528435343519104e-17,2.3203195486517034e-17,2.8528435343519104e-17,5.842423575124887e-17,1.000000000000014,5.842423575124887e-17,1.000000000000014,3.735198995622367e-15,3.735198995622367e-15,True,True,True,True,False,False,False
down_proj,20,2025,sgd,50,2.8275479472915546,2.827547947291554,2.827547947291554,4.440892098500626e-16,4.440892098500626e-16,3.6307889032627604e-15,5.155481021266982e-17,6.440419353283586e-17,5.155481021266982e-17,6.440419353283586e-17,1.1695775517428328e-16,1.0000000000000095,1.1695775517428328e-16,1.0000000000000095,3.630788903262758e-15,3.630788903262758e-15,True,True,True,True,False,False,False
down_proj,21,2025,sgd,1,2.987018985750807,2.9870189857508067,2.9870189857508067,4.440892098500626e-16,4.440892098500626e-16,4.155234680085036e-15,8.020797683406846e-18,9.87016234320954e-18,8.020797683406846e-18,9.87016234320954e-18,2.0634508506222672e-17,0.9999999999999927,2.0634508506222672e-17,0.9999999999999927,4.155234680085042e-15,4.155234680085042e-15,True,True,True,True,False,False,False
down_proj,21,2025,sgd,10,2.9831852470592217,2.9831852470592213,2.9831852470592213,4.440892098500626e-16,4.440892098500626e-16,3.0169192889451615e-15,2.0861964161900698e-17,2.6934485158950447e-17,2.0861964161900698e-17,2.6934485158950447e-17,5.506755975791778e-17,0.9999999999999721,5.506755975791778e-17,0.9999999999999721,3.0169192889451615e-15,3.0169192889451615e-15,True,True,True,True,False,False,False
down_proj,21,2025,sgd,50,2.969030777875084,2.9690307778750835,2.9690307778750835,4.440892098500626e-16,4.440892098500626e-16,4.4237971462473e-15,4.6955599031721415e-17,6.241545398299294e-17,4.6955599031721415e-17,6.241545398299294e-17,1.1247545432329124e-16,1.000000000000015,1.1247545432329124e-16,1.000000000000015,4.423797146247307e-15,4.423797146247307e-15,True,True,True,True,False,False,False
down_proj,22,2025,sgd,1,3.170511669245678,3.170511669245678,3.170511669245678,0.0,0.0,2.9203574952429183e-15,7.4954155739991e-18,9.346558029159453e-18,7.4954155739991e-18,9.346558029159453e-18,2.0153031982707097e-17,0.9999999999999971,2.0153031982707097e-17,0.9999999999999971,2.9203574952429175e-15,2.9203574952429175e-15,True,True,True,True,False,False,False
down_proj,22,2025,sgd,10,3.1650349146696337,3.165034914669634,3.165034914669634,4.440892098500626e-16,4.440892098500626e-16,2.8779579972242433e-15,2.1657610982144282e-17,2.5087873784499287e-17,2.1657610982144282e-17,2.5087873784499287e-17,5.470579694189828e-17,1.0000000000000178,5.470579694189828e-17,1.0000000000000178,2.877957997224247e-15,2.877957997224247e-15,True,True,True,True,False,False,False
down_proj,22,2025,sgd,50,3.1451900401972677,3.1451900401972677,3.1451900401972677,0.0,0.0,2.339054726288378e-15,4.854729684264926e-17,6.131371367430642e-17,4.854729684264926e-17,6.131371367430642e-17,1.1274229651800688e-16,0.9999999999999661,1.1274229651800688e-16,0.9999999999999661,2.3390547262883786e-15,2.3390547262883786e-15,True,True,True,True,False,False,False
down_proj,23,2025,sgd,1,2.630136707558924,2.6301367075589237,2.6301367075589237,4.440892098500626e-16,4.440892098500626e-16,2.955827883879532e-15,6.717789408657063e-18,7.65829476386737e-18,6.717789408657063e-18,7.65829476386737e-18,1.7876241300630078e-17,1.0000000000000364,1.7876241300630078e-17,1.0000000000000364,2.9558278838795372e-15,2.9558278838795372e-15,True,True,True,True,False,False,False
down_proj,23,2025,sgd,10,2.6259946511308563,2.6259946511308563,2.6259946511308563,0.0,0.0,3.466296661873669e-15,2.2081457573569824e-17,2.810210502200825e-17,2.2081457573569824e-17,2.810210502200825e-17,5.700777509711198e-17,1.0000000000000184,5.700777509711198e-17,1.0000000000000184,3.466296661873676e-15,3.466296661873676e-15,True,True,True,True,False,False,False
down_proj,23,2025,sgd,50,2.6109079586522164,2.610907958652217,2.610907958652217,4.440892098500626e-16,4.440892098500626e-16,3.8969476649122676e-15,4.8510345722557736e-17,5.982420036578061e-17,4.8510345722557736e-17,5.982420036578061e-17,1.112657143931253e-16,1.00000000000002,1.112657143931253e-16,1.00000000000002,3.896947664912275e-15,3.896947664912275e-15,True,True,True,True,False,False,False
q_proj,0,7,sgd,1,4.455726459083048,4.455726459083048,4.455726459083048,0.0,0.0,1.870838587971008e-15,0.04328616511082874,1.0446211427877729e-16,9.401364971822573e-17,1.0446211427877729e-16,0.05812873422708749,0.9983123776992768,1.725122678110703e-16,0.9999999999999994,233.94895442628498,1.7585561558196634e-15,False,True,False,False,True,False,False
q_proj,0,7,sgd,10,4.45464672546153,4.401565516000825,4.4546467254615285,0.05308120946070538,1.7763568394002505e-15,15.222147807697842,0.10908765967530498,0.002514471685034484,2.163324505288596e-16,2.2066124235722048e-16,0.11043131705242204,0.9939434332042375,3.312786976720777e-16,1.0000000000000118,14.451718053084248,1.518143163781531e-15,False,True,False,False,True,False,False
q_proj,0,7,sgd,50,4.450145555709552,4.376277305537577,4.450145555709552,0.07386825017197474,0.0,39.381303842758236,0.14093156646316005,0.01935382779962268,4.375617217099919e-16,4.790576887747904e-16,0.13780794938627505,0.9906145764844947,6.60093275598564e-16,1.000000000000015,5.73473204520706,1.985216234694159e-15,False,True,False,False,True,False,False
q_proj,1,7,sgd,1,1.7876155473687576,1.7876155473687578,1.7876155473687578,2.220446049250313e-16,2.220446049250313e-16,2.1917933555201057e-15,0.00019593696962447716,1.0483774183045774e-16,9.091607219174029e-17,1.0483774183045774e-16,0.00018309547638361984,0.9999999832380277,1.703640093213223e-16,0.999999999999996,3.016446812056296,2.2169446839125095e-15,False,True,False,False,True,False,False
q_proj,1,7,sgd,10,1.7873808332910075,1.7867904004223707,1.7873808332910077,0.0005904328686368032,2.220446049250313e-16,0.031445673392526595,0.0019206118865764575,1.519454514224922e-05,2.2608034572065146e-16,2.251154875647238e-16,0.0017903621179460921,0.9999983973045076,3.378518988552486e-16,1.000000000000009,2.912824926601377,2.1344952083644014e-15,False,True,False,False,True,False,False
q_proj,1,7,sgd,50,1.7863489591456239,1.7836211643137256,1.7863489591456239,0.0027277948318982226,0.0,0.16498491487442307,0.008844518178808821,0.00038630739789111,4.662050967355016e-16,4.742275205215984e-16,0.0081832525711037,0.9999665204143232,6.748493444816578e-16,1.0000000000000153,2.531101379036289,2.4320685027587972e-15,False,True,False,False,True,False,False
q_proj,2,7,sgd,1,1.632018507976704,1.632018507976704,1.632018507976704,0.0,0.0,1.6725446650326325e-15,7.010693082004932e-05,1.026885495413356e-16,9.272804137144299e-17,1.026885495413356e-16,8.441437306096307e-05,0.9999999964371897,1.7160895791211014e-16,1.0000000000000009,0.8289643785861771,1.6835426437656548e-15,False,True,False,False,True,False,False
q_proj,2,7,sgd,10,1.6317212492593949,1.6315981305026688,1.6317212492593944,0.00012311875672610384,4.440892098500626e-16,0.0062974391310553525,0.0006953569960873574,2.0634092031457088e-06,2.1964897338400825e-16,2.240481938400127e-16,0.0008357796832698319,0.9999996507467155,3.3504009780734016e-16,0.9999999999999893,0.8243644864370114,1.8294682876240145e-15,False,True,False,False,True,False,False
q_proj,2,7,sgd,50,1.6304573841449947,1.629861382791701,1.6304573841449952,0.0005960013532937403,4.440892098500626e-16,0.033613918188992634,0.003356383621670768,5.407460115305424e-05,4.781658690242712e-16,4.6642568432983205e-16,0.004003448170020993,0.9999919870173728,6.77428590321354e-16,0.9999999999999918,0.8057141229022343,1.776974517488879e-15,False,True,False,False,True,False,False
q_proj,3,7,sgd,1,1.517066350679853,1.5170663506798532,1.5170663506798532,2.220446049250313e-16,2.220446049250313e-16,2.278007546073552e-15,6.939436812806925e-05,1.0611738719539815e-16,9.312442737683702e-17,1.0611738719539815e-16,7.66672061864051e-05,0.9999999970610849,1.7334255563120837e-16,0.9999999999999889,0.8976923270232737,2.2957635896692927e-15,False,True,False,False,True,False,False
q_proj,3,7,sgd,10,1.5168049125017806,1.5166856973985101,1.5168049125017806,0.0001192151032705091,0.0,0.006388761340799298,0.0006890377271551565,2.4490659246916376e-06,2.1368181559427968e-16,2.2532219590683183e-16,0.0007599405366576846,0.9999997112491258,3.306820685176783e-16,0.9999999999999825,0.893223876741825,1.703027695334761e-15,False,True,False,False,True,False,False
q_proj,3,7,sgd,50,1.5156819254957357,1.5150944986956174,1.5156819254957354,0.0005874268001182514,2.220446049250313e-16,0.03381509230158018,0.003342229697114953,6.447848597888551e-05,4.726646327802595e-16,4.84461627634424e-16,0.00365914624192283,0.9999933056726164,6.812204847387285e-16,0.9999999999999807,0.8752917165157432,2.4174355197212944e-15,False,True,False,False,True,False,False
q_proj,4,7,sgd,1,1.5212313201411152,1.5212313201411152,1.5212313201411152,0.0,0.0,2.0101725292225934e-15,0.00012134959951828492,1.0524142583692901e-16,9.469348023387414e-17,1.0524142583692901e-16,0.00014564439487298712,0.9999999893987579,1.7438870504473095e-16,1.0000000000000047,1.5292399866092539,2.022424176850183e-15,False,True,False,False,True,False,False
q_proj,4,7,sgd,10,1.5209559492212115,1.5205172741091937,1.5209559492212115,0.0004386751120177834,0.0,0.027218671820666254,0.001193564232768065,8.00523874909579e-06,2.1578879172147467e-16,2.2738008211482204e-16,0.0014258143447013333,0.9999989840998692,3.353111932929238e-16,1.0000000000000133,1.494616977270859,1.7563034365980529e-15,False,True,False,False,True,False,False
q_proj,4,7,sgd,50,1.5197814538085184,1.5178059716367942,1.5197814538085184,0.0019754821717241633,0.0,0.1432759137200701,0.005575370459544227,0.0002031026462629263,4.727617076051419e-16,4.843833731926962e-16,0.006534777221929549,0.9999786708692264,6.87556460996596e-16,1.0000000000000095,1.3700554462572228,2.0240267932148765e-15,False,True,False,False,True,False,False
q_proj,5,7,sgd,1,1.4884023248142977,1.4884023248142977,1.4884023248142977,0.0,0.0,2.346796907190565e-15,9.394549416528295e-05,1.0524709616340126e-16,9.312725732945203e-17,1.0524709616340126e-16,0.00010972626744544501,0.9999999939832809,1.728538238211296e-16,1.000000000000014,1.1572709545495978,2.361681544708259e-15,False,True,False,False,True,False,False
q_proj,5,7,sgd,10,1.488122333235196,1.4878561402163346,1.488122333235196,0.0002661930188614381,0.0,0.01264939315237303,0.0009302973100032986,5.473099932384685e-06,2.1877596390843405e-16,2.2199507965223686e-16,0.001085626516375606,0.999999411054193,3.3222247696303875e-16,1.0000000000000029,1.1473543725313564,2.1059375818175202e-15,False,True,False,False,True,False,False
q_proj,5,7,sgd,50,1.4869329882188094,1.4856750262959075,1.4869329882188094,0.0012579619229018402,0.0,0.06790380483621186,0.004460905485575465,0.00014228233475060452,4.724846307902326e-16,4.813111978415998e-16,0.0051881345064034206,0.9999865529577162,6.837757400107194e-16,1.0000000000000084,1.1081767985441073,2.078950708785756e-15,False,True,False,False,True,False,False
q_proj,6,7,sgd,1,1.514370280353511,1.514370280353511,1.514370280353511,0.0,0.0,2.321345885076322e-15,8.005562564036026e-05,1.0572234479601834e-16,9.26500788124099e-17,1.0572234479601834e-16,8.806969101604297e-05,0.999999996122791,1.7373316351819375e-16,0.9999999999999807,1.1305329728278766,2.340655854329389e-15,False,True,False,False,True,False,False
q_proj,6,7,sgd,10,1.5141282091294446,1.513955220307843,1.5141282091294446,0.0001729888216015496,0.0,0.010698547994085492,0.0007928908422301473,3.798140370917848e-06,2.2043632724112187e-16,2.2297018058693147e-16,0.0008706104588132976,0.9999996211248834,3.3451979634014555e-16,1.0000000000000064,1.119975310563541,1.5377514099863367e-15,False,True,False,False,True,False,False
q_proj,6,7,sgd,50,1.5130919679451846,1.5122633232098037,1.5130919679451846,0.0008286447353809123,0.0,0.05656051479756119,0.0038052335289399247,9.909102668892875e-05,4.811391087613213e-16,4.731546432781035e-16,0.004146020597011772,0.9999914093435335,6.8370378120340145e-16,1.0000000000000195,1.0782178868573713,2.4030370819534383e-15,False,True,False,False,True,False,False
q_proj,7,7,sgd,1,1.4978566510602016,1.4978566510602016,1.4978566510602016,0.0,0.0,1.7856700966511897e-15,6.364898383291422e-05,1.0479818796057415e-16,9.222916030398875e-17,1.0479818796057415e-16,7.859860311231794e-05,0.9999999969144938,1.72241543876448e-16,0.9999999999999958,0.7595342108515312,1.799573930550424e-15,False,True,False,False,True,False,False
q_proj,7,7,sgd,10,1.4975678391895255,1.4974953589808504,1.4975678391895255,7.248020867511862e-05,0.0,0.004428198280727417,0.0006320795038936087,1.958841299162763e-06,2.2335076679677653e-16,2.297060260958294e-16,0.0007797549462395238,0.9999996963315398,3.4011107430428126e-16,0.9999999999999878,0.7584996540224224,1.7986685485497995e-15,False,True,False,False,True,False,False
q_proj,7,7,sgd,50,1.4963472543923801,1.495991252716978,1.4963472543923804,0.0003560016754020623,2.220446049250313e-16,0.02383384878350778,0.0030667642285250834,5.175791915287432e-05,4.809349260379761e-16,4.683059388622387e-16,0.003766538817611026,0.9999929153246153,6.787400787185634e-16,0.9999999999999983,0.7546105223591006,1.8318421507054584e-15,False,True,False,False,True,False,False
q_proj,8,7,sgd,1,1.654176379069742,1.6541763790697415,1.6541763790697415,4.440892098500626e-16,4.440892098500626e-16,1.6488373968762186e-15,0.00014678509791392816,1.0604854341026036e-16,9.919337263816257e-17,1.0604854341026036e-16,0.00018008260680984448,0.999999983794303,1.7603737341103786e-16,0.9999999999999885,1.5548162586216505,1.6775928388321695e-15,False,True,False,False,True,False,False
q_proj,8,7,sgd,10,1.6538300665731809,1.65315419721822,1.6538300665731809,0.0006758693549608896,0.0,0.03357203686610457,0.0014399037976003456,1.1332823831331522e-05,2.322571368896364e-16,2.2830198428700697e-16,0.001757623839251111,0.9999984564788177,3.4399263593480906e-16,0.9999999999999842,1.5130477937505062,2.0924517645760397e-15,False,True,False,False,True,False,False
q_proj,8,7,sgd,50,1.6523664883534142,1.649427085333466,1.6523664883534142,0.002939403019948106,0.0,0.17765850833537528,0.0066586470815941734,0.0002833743570107441,4.839011091037609e-16,4.649784638870776e-16,0.007964431363128303,0.99996832902791,6.763708138455434e-16,1.0000000000000002,1.3674044114104267,1.9192776561563004e-15,False,True,False,False,True,False,False
q_proj,9,7,sgd,1,1.45272689213822,1.45272689213822,1.45272689213822,0.0,0.0,2.0569489038628833e-15,8.489633459055252e-05,1.0663263178611368e-16,8.925794561307157e-17,1.0663263178611368e-16,0.000109509912939941,0.9999999940111042,1.7157624292359923e-16,0.9999999999999967,1.2462499616279246,2.049027486054893e-15,False,True,False,False,True,False,False
q_proj,9,7,sgd,10,1.4524982906711579,1.4521729155015726,1.4524982906711579,0.0003253751695853069,0.0,0.03468926127245941,0.0008355829469944629,7.1083500782507115e-06,2.2053382789547237e-16,2.237814532734179e-16,0.0010735757502312166,0.9999994244968867,3.3540767316815403e-16,0.9999999999999973,1.2223435877461588,2.3294228173710995e-15,False,True,False,False,True,False,False
q_proj,9,7,sgd,50,1.451527673956169,1.4501537910763944,1.4515276739561689,0.0013738828797746905,2.220446049250313e-16,0.18448140275807423,0.003918049967179678,0.0001755584793896922,4.693300902356614e-16,4.803599563409068e-16,0.004954329742712709,0.9999877506686842,6.796492747970726e-16,0.9999999999999982,1.1415816030669976,2.355969110450746e-15,False,True,False,False,True,False,False
q_proj,10,7,sgd,1,1.3849178351872145,1.3849178351872145,1.3849178351872145,0.0,0.0,1.6496922103205552e-15,0.00013125309191037968,1.047321481573302e-16,9.159912340779354e-17,1.047321481573302e-16,0.00017470699889526574,0.9999999847733854,1.726041457504164e-16,0.9999999999999977,1.7317827438303688,1.6857003933436208e-15,False,True,False,False,True,False,False
q_proj,10,7,sgd,10,1.3846631935448446,1.3836875144460112,1.3846631935448446,0.0009756790988333375,0.0,0.08416560316027635,0.0012651739060921792,1.8637936827930916e-05,2.1684182014161506e-16,2.2572862510570127e-16,0.0016714977042025213,0.9999986068532125,3.349852412251682e-16,1.0000000000000058,1.6315638150396228,1.3952895985343677e-15,False,True,False,False,True,False,False
q_proj,10,7,sgd,50,1.3835902682177983,1.3800420440954444,1.3835902682177983,0.0035482241223538935,0.0,0.4629504851620207,0.005510972496271271,0.0004330251187964598,4.605113313786704e-16,4.710023918633558e-16,0.007082047374762657,0.9999750403237303,6.726808998245042e-16,1.0000000000000062,1.3473377035620773,2.033166148889503e-15,False,True,False,False,True,False,False
q_proj,11,7,sgd,1,1.3678516368194895,1.3678516368194895,1.3678516368194895,0.0,0.0,1.858518163989248e-15,0.00010692792685570604,1.0792241056896897e-16,9.414094169859436e-17,1.0792241056896897e-16,0.0001442351011293998,0.999999989621701,1.7666500345777304e-16,0.9999999999999893,1.1285686997168878,1.7857674674023014e-15,False,True,False,False,True,False,False
q_proj,11,7,sgd,10,1.3675391217292734,1.3670603683926315,1.3675391217292734,0.000478753336641935,0.0,0.02763571817845129,0.0010573288143088094,7.65106508260787e-06,2.130803400673117e-16,2.2949603108092527e-16,0.0014240106683020726,0.9999989885344892,3.3640048765446504e-16,1.0000000000000169,1.1177316125910879,1.8951047056374405e-15,False,True,False,False,True,False,False
q_proj,11,7,sgd,50,1.366225033709462,1.3641270848635632,1.366225033709462,0.002097948845898756,0.0,0.1498926809240279,0.005044551293414743,0.00019241607510311513,4.734569554235777e-16,4.769434990313987e-16,0.006752056452295204,0.9999772719134733,6.861878819615927e-16,0.9999999999999866,1.0792938972638335,1.8921669483008262e-15,False,True,False,False,True,False,False
q_proj,12,7,sgd,1,1.4540987437798567,1.4540987437798567,1.4540987437798567,0.0,0.0,1.526279328065847e-15,0.00010431851089072823,1.0514507536340181e-16,9.368441789251418e-17,1.0514507536340181e-16,0.00012103418752256877,0.9999999926817681,1.746193695482367e-16,1.000000000000036,1.5298177863086124,1.5571948490744331e-15,False,True,False,False,True,False,False
q_proj,12,7,sgd,10,1.4538774368395506,1.4532287898368448,1.4538774368395506,0.0006486470027058377,0.0,0.05072186354281269,0.0010221909750800782,1.3368702366871794e-05,2.2560716564902e-16,2.2314877867261394e-16,0.0011786447965064144,0.9999993061117836,3.3868236121125957e-16,0.9999999999999934,1.4840207315251335,2.0255170004638135e-15,False,True,False,False,True,False,False
q_proj,12,7,sgd,50,1.4529298025105604,1.45019854068096,1.4529298025105604,0.002731261829600262,0.0,0.2657518328472282,0.004721076082117007,0.0003300036734599613,4.669751252762667e-16,4.667108353385278e-16,0.005329996316375632,0.9999858196458866,6.760855342647132e-16,0.9999999999999994,1.3370712552006285,1.7908120973402695e-15,False,True,False,False,True,False,False
q_proj,13,7,sgd,1,1.4741229993091303,1.4741229993091303,1.4741229993091303,0.0,0.0,2.3174000526950866e-15,8.814516516973918e-05,1.061896687239792e-16,8.948128639996118e-17,1.061896687239792e-16,0.0001175616477035483,0.9999999931003085,1.7265149797984696e-16,1.000000000000002,1.111017673728411,2.3243412932051166e-15,False,True,False,False,True,False,False
q_proj,13,7,sgd,10,1.4738513690886836,1.473545288705047,1.4738513690886836,0.0003060803836365533,0.0,0.021097811517203014,0.0008726498946938586,5.385250120022945e-06,2.1743003741810557e-16,2.24835507946504e-16,0.0011620852430121666,0.9999993258814774,3.352766656541695e-16,0.999999999999996,1.1022726940133434,2.10412376931742e-15,False,True,False,False,True,False,False
q_proj,13,7,sgd,50,1.4727013131333155,1.4713207043229444,1.4727013131333155,0.0013806088103711645,0.0,0.11395467502020798,0.004182485864864169,0.00013716095055454585,4.568932505928749e-16,4.733761429640571e-16,0.005534680975821998,0.9999847138929765,6.745063677721405e-16,0.9999999999999838,1.070075760789359,1.6731784143327558e-15,False,True,False,False,True,False,False
q_proj,14,7,sgd,1,1.4170630639962343,1.4170630639962345,1.4170630639962345,2.220446049250313e-16,2.220446049250313e-16,1.7030582292786356e-15,9.014591186155063e-05,1.0557769860956661e-16,9.397461397433229e-17,1.0557769860956661e-16,0.00011146997529545304,0.9999999937959105,1.7523252367979368e-16,1.0000000000000124,1.2668214575233527,1.7311254256025911e-15,False,True,False,False,True,False,False
q_proj,14,7,sgd,10,1.416828644625407,1.4164474667515001,1.416828644625407,0.0003811778739069016,0.0,0.030439020414327365,0.0008892400977163964,7.432980636791234e-06,2.161288801297154e-16,2.2459410693524025e-16,0.0010959380457061447,0.9999994003785518,3.341036007627609e-16,1.0000000000000029,1.2460879491221493,1.8572776366576777e-15,False,True,False,False,True,False,False
q_proj,14,7,sgd,50,1.4158287199526,1.4141516234198876,1.4158287199525998,0.0016770965327124188,2.220446049250313e-16,0.1610326654113748,0.004205718852523532,0.00018696074754670202,4.712569744889737e-16,4.892538262849816e-16,0.005117127129423495,0.9999869347534867,6.921085365253197e-16,1.0000000000000129,1.1740984981855465,1.927975773911333e-15,False,True,False,False,True,False,False
q_proj,15,7,sgd,1,1.422859714148287,1.4228597141482873,1.4228597141482873,2.220446049250313e-16,2.220446049250313e-16,2.3655413072441696e-15,9.064714949048137e-05,1.0617426070153556e-16,9.536483206549507e-17,1.0617426070153556e-16,0.0001166886255910104,0.9999999932003365,1.763407160041225e-16,1.000000000000011,1.0969453378912415,2.377863097616403e-15,False,True,False,False,True,False,False
q_proj,15,7,sgd,10,1.422583476728826,1.4223054757488667,1.422583476728826,0.00027800097995922535,0.0,0.01899029736295824,0.0008975510031974675,5.087548415855236e-06,2.1687865876352458e-16,2.260360176274837e-16,0.001153163708726773,0.9999993359805698,3.369843045167572e-16,0.9999999999999828,1.088260634584128,2.0514685387143694e-15,False,True,False,False,True,False,False
q_proj,15,7,sgd,50,1.4214124887747461,1.4201462509694247,1.4214124887747461,0.001266237805321424,0.0,0.10122381387882781,0.0043051225609197835,0.00012984050324366984,4.719322285060903e-16,4.732895489427913e-16,0.005486973039366079,0.99998497074905,6.804215891372639e-16,0.9999999999999931,1.056443781688517,1.9739725078450067e-15,False,True,False,False,True,False,False
q_proj,16,7,sgd,1,1.6062011910191265,1.6062011910191265,1.6062011910191265,0.0,0.0,1.817556189683687e-15,7.102627210748263e-05,1.0155893570574105e-16,9.102114350232636e-17,1.0155893570574105e-16,8.230406695422194e-05,0.9999999966228509,1.6934746212542068e-16,1.000000000000009,0.7923624080560379,1.8401726253842455e-15,False,True,False,False,True,False,False
q_proj,16,7,sgd,10,1.6058801343926457,1.605934101011348,1.6058801343926457,5.3966618702272484e-05,0.0,0.003521049315233846,0.000706808095224916,1.2325578544033286e-06,2.2191482325478235e-16,2.2828804906767884e-16,0.0008178153861165859,0.9999996665415568,3.40946509070787e-16,1.0000000000000013,0.7923146937812846,1.8397902737492885e-15,False,True,False,False,True,False,False
q_proj,16,7,sgd,50,1.6045102858757156,1.6047786868697695,1.6045102858757156,0.0002684009940538967,0.0,0.018572568032264553,0.003460273523043136,3.2733686420684724e-05,4.724207991163344e-16,4.561669717365983e-16,0.003977513703181997,0.9999921103612097,6.736668996489377e-16,1.000000000000004,0.7922414096880247,1.871517116204958e-15,False,True,False,False,True,False,False
q_proj,17,7,sgd,1,1.5318836258055388,1.5318836258055388,1.5318836258055388,0.0,0.0,1.856042169735016e-15,5.0590153132729e-05,1.0331857634097029e-16,9.36150490675097e-17,1.0331857634097029e-16,6.287544233404297e-05,0.9999999980277201,1.7292189312590129e-16,0.9999999999999584,0.685922048890326,1.8582772406659903e-15,False,True,False,False,True,False,False
q_proj,17,7,sgd,10,1.5316329413324818,1.5316749786288277,1.5316329413324818,4.203729634588704e-05,0.0,0.00364871726493075,0.0005025486118864936,1.0027426277861576e-06,2.1813336011323558e-16,2.1845552948150812e-16,0.0006238313531802179,0.9999998058423469,3.3118628394943848e-16,0.9999999999999953,0.6852885969543688,2.006387959169863e-15,False,True,False,False,True,False,False
q_proj,17,7,sgd,50,1.5305712453281834,1.5307792042816752,1.530571245328184,0.0002079589534917936,4.440892098500626e-16,0.01944375972334991,0.002440892082817038,2.6581005837641177e-05,4.778442866305695e-16,4.778497689099431e-16,0.0030137095071623926,0.9999954679439529,6.836795740560057e-16,1.0000000000000044,0.6827107691454984,2.1386024908270702e-15,False,True,False,False,True,False,False
q_proj,18,7,sgd,1,1.4284382537357143,1.4284382537357143,1.4284382537357143,0.0,0.0,1.7206411926718901e-15,5.5264389864186735e-05,1.0605671191048416e-16,9.360257462008348e-17,1.0605671191048416e-16,5.615242830986347e-05,0.999999998426752,1.7398550264458047e-16,0.9999999999999741,0.7650082008304485,1.7433805607439598e-15,False,True,False,False,True,False,False
q_proj,18,7,sgd,10,1.428203765913993,1.4282091473740255,1.428203765913993,5.381460032483076e-06,0.0,0.005605062919294508,0.0005492957001812203,2.629628368813012e-06,2.2224106757378634e-16,2.2824106972418395e-16,0.0005576939221024849,0.999999844810903,3.3786136364330285e-16,0.9999999999999833,0.7626321404603285,2.02980296428087e-15,False,True,False,False,True,False,False
q_proj,18,7,sgd,50,1.4271992918494054,1.4272360163537048,1.4271992918494054,3.672450429936802e-05,0.0,0.029211061039654297,0.002675441120602498,6.925882626554917e-05,4.768562029581115e-16,4.750374034070652e-16,0.002707938894183827,0.9999963406092436,6.828613360870623e-16,1.0000000000000149,0.7530494057676193,1.8283609288441707e-15,False,True,False,False,True,False,False
q_proj,19,7,sgd,1,1.4298440810354927,1.4298440810354924,1.4298440810354924,2.220446049250313e-16,2.220446049250313e-16,1.6896964795056152e-15,6.252993394442747e-05,1.0479145491928765e-16,9.428416189496429e-17,1.0479145491928765e-16,7.608438945826959e-05,0.9999999971074016,1.7258790103254447e-16,0.9999999999999958,0.8109160198438171,1.6796279628898505e-15,False,True,False,False,True,False,False
q_proj,19,7,sgd,10,1.4295886881876383,1.429553901333301,1.4295886881876383,3.4786854337331974e-05,0.0,0.00330761525272479,0.0006214307147043586,1.3359223860880163e-06,2.1784752705620195e-16,2.2555495774140715e-16,0.0007554383657449897,0.9999997148366059,3.335917445100604e-16,0.9999999999999907,0.8107090691633699,1.4489248830652563e-15,False,True,False,False,True,False,False
q_proj,19,7,sgd,50,1.4285098842965511,1.4283370978461147,1.4285098842965511,0.00017278645043639074,0.0,0.017726805405143382,0.0030241255453042123,3.5430554265296276e-05,4.733063924165051e-16,4.803137390751493e-16,0.003661441912627016,0.9999933011832832,6.810705626087675e-16,1.0000000000000173,0.8100886408999488,2.0971190217299998e-15,False,True,False,False,True,False,False
q_proj,20,7,sgd,1,1.456021118051688,1.4560211180516878,1.4560211180516878,2.220446049250313e-16,2.220446049250313e-16,2.047834958519683e-15,5.738594934601567e-05,1.0683150469853703e-16,9.441213665572883e-17,1.0683150469853703e-16,7.271349756734706e-05,0.9999999973565421,1.7597068425179004e-16,1.0000000000000155,0.7505566754672205,2.078774831360653e-15,False,True,False,False,True,False,False
q_proj,20,7,sgd,10,1.4557593261118547,1.4557962766223973,1.4557593261118544,3.6950510542643755e-05,2.220446049250313e-16,0.004296362702372217,0.0005702592800683313,1.1608684657863297e-06,2.1007223662878433e-16,2.261159190997989e-16,0.0007216044532962737,0.9999997396603117,3.3137693061704836e-16,1.0,0.7502232160520786,1.6924056989724055e-15,False,True,False,False,True,False,False
q_proj,20,7,sgd,50,1.45464933734783,1.454830910948029,1.4546493373478295,0.00018157360019910307,4.440892098500626e-16,0.022845726492051886,0.0027744196468093302,3.070835969777938e-05,4.615104164017978e-16,4.759274081994549e-16,0.003489881580733539,0.9999939109064051,6.717982690242396e-16,1.0000000000000078,0.7489862318016968,2.005319462866524e-15,False,True,False,False,True,False,False
q_proj,21,7,sgd,1,1.4947375978206199,1.4947375978206199,1.4947375978206199,0.0,0.0,1.9933758054094378e-15,6.77711031258082e-05,1.0146830064938545e-16,9.390776871800894e-17,1.0146830064938545e-16,7.794649082071563e-05,0.9999999969628365,1.7227696958041254e-16,0.9999999999999812,0.9416366089107367,2.028394298883089e-15,False,True,False,False,True,False,False
q_proj,21,7,sgd,10,1.4944819834493241,1.494405197688414,1.4944819834493241,7.678576091008082e-05,0.0,0.007772444962810782,0.0006736875227628821,3.2920945607085168e-06,2.128597788050582e-16,2.243294438485485e-16,0.0007738939905431313,0.9999997006087591,3.3348872572031043e-16,0.9999999999999921,0.9399124098928515,1.6093038580268712e-15,False,True,False,False,True,False,False
q_proj,21,7,sgd,50,1.493388590421095,1.4930209316790979,1.493388590421095,0.00036765874199717885,0.0,0.03955944960354064,0.00328351737369472,8.593203228900332e-05,4.68275821230303e-16,4.771608072351848e-16,0.003752905115518188,0.9999929591188381,6.877702718241839e-16,1.0000000000000013,0.9335185109924794,2.11489610018661e-15,False,True,False,False,True,False,False
q_proj,22,7,sgd,1,1.410724079507969,1.4107240795079687,1.4107240795079687,2.220446049250313e-16,2.220446049250313e-16,1.780761115642502e-15,7.126216204084707e-05,1.0401051705416576e-16,9.195890423405383e-17,1.0401051705416576e-16,9.035467206649932e-05,0.9999999959200017,1.7136054087896774e-16,0.9999999999999677,0.8904205813175224,1.7597976036123222e-15,False,True,False,False,True,False,False
q_proj,22,7,sgd,10,1.4104590956335659,1.4104509797038975,1.4104590956335659,8.115929668317534e-06,0.0,0.00276604303168195,0.0007085657761310571,8.550978276946968e-07,2.1949789319820417e-16,2.280135790467316e-16,0.000897727095142113,0.9999995972424883,3.3332826747017253e-16,1.000000000000006,0.8903190142388377,1.756125065554453e-15,False,True,False,False,True,False,False
q_proj,22,7,sgd,50,1.4093337576373073,1.4092915279118607,1.409333757637307,4.222972544654091e-05,2.220446049250313e-16,0.01467586976883527,0.0034554844434415578,2.2625816755181325e-05,4.910729683478633e-16,4.811314684370413e-16,0.004363411158362912,0.9999904851407189,6.887836328791698e-16,1.0000000000000058,0.8899306874267005,1.7197428864664357e-15,False,True,False,False,True,False,False
q_proj,23,7,sgd,1,1.4273494057121432,1.4273494057121434,1.4273494057121434,2.220446049250313e-16,2.220446049250313e-16,2.163331520539187e-15,6.805678267302828e-05,1.0508359809454327e-16,8.998970170332722e-17,1.0508359809454327e-16,8.791642678700315e-05,0.9999999961380924,1.7029065982322382e-16,1.0000000000000215,0.9046804485697741,2.169530886538797e-15,False,True,False,False,True,False,False
q_proj,23,7,sgd,10,1.4270925938867227,1.4271106672165081,1.4270925938867227,1.8073329785428527e-05,0.0,0.0012439424492211113,0.0006763710288695227,3.2806162121101856e-07,2.2142466735639596e-16,2.2459516584856976e-16,0.0008728816601112585,0.999999619311103,3.366484746896676e-16,0.9999999999999973,0.9046519382694698,2.0118531432786116e-15,False,True,False,False,True,False,False
q_proj,23,7,sgd,50,1.426004502089173,1.4260936705991647,1.4260045020891727,8.916850999174386e-05,2.220446049250313e-16,0.006632638509837052,0.0032917309169560355,8.664835440451957e-06,4.547937218346442e-16,4.842193264709668e-16,0.004229432388521162,0.9999910626129842,6.725041550635706e-16,1.0000000000000115,0.9045314907028785,1.8847515475459853e-15,False,True,False,False,True,False,False
k_proj,0,7,sgd,1,6.85426728183473,6.8542672818347326,6.8542672818347326,2.6645352591003757e-15,2.6645352591003757e-15,1.3740576410213263e-15,0.0952636470847172,1.002612270282192e-16,9.336546888923271e-17,1.002612270282192e-16,0.09869539888873623,0.9951643830728774,1.7036350607354402e-16,0.9999999999999963,239.84152807622843,1.4064507781930848e-15,False,True,False,False,True,False,False
k_proj,0,7,sgd,10,6.845994551915399,6.247390313755873,6.845994551915401,0.5986042381595258,1.7763568394002505e-15,4.159133711247278,0.38319440321027093,0.05621422859368341,2.149438476585618e-16,2.3294833727342956e-16,0.3676407513096214,0.9389919556879818,3.369802563839263e-16,0.9999999999999953,47.47459569802561,1.45331258363637e-15,False,True,False,False,True,False,False
k_proj,0,7,sgd,50,6.808291270984863,2.407356734644886,6.808291270984864,4.400934536339976,1.7763568394002505e-15,6.589705572119898,1.102952285547442,0.5465445605180963,4.629647338057029e-16,4.792550210152542e-16,1.2207389513636608,0.5913696572899505,6.758272329124489e-16,0.9999999999999984,33.493889335409705,1.373216781147759e-15,False,True,False,False,True,False,False
k_proj,1,7,sgd,1,2.457556268534732,2.457556268534732,2.457556268534732,0.0,0.0,1.1536268118722538e-15,0.0006017846463308064,1.022960887085926e-16,9.598381988570859e-17,1.022960887085926e-16,0.0006232885978845596,0.9999998057626911,1.727517071070617e-16,0.999999999999992,2.7601065598095156,1.1658471961833964e-15,False,True,False,False,True,False,False
k_proj,1,7,sgd,10,2.454819713337327,2.4490634860249254,2.4548197133373275,0.005756227312401663,4.440892098500626e-16,0.0278588863357639,0.005905594494200676,0.0003442468914473309,2.1686469252746977e-16,2.2778035828867267e-16,0.006091637696613601,0.9999814476466337,3.340541934716075e-16,1.0000000000000027,2.6820622845261943,1.1070015309194296e-15,False,True,False,False,True,False,False
k_proj,1,7,sgd,50,2.442860214018904,2.4141466830480893,2.442860214018904,0.028713530970814638,0.0,0.11039687367615988,0.027830760054734324,0.008793159075536787,4.563894718852934e-16,4.818692294174911e-16,0.02937820356958422,0.9995706922542998,6.705206168654367e-16,0.9999999999999997,2.50476175550292,1.4545625611879684e-15,False,True,False,False,True,False,False
k_proj,2,7,sgd,1,2.3284478159070123,2.3284478159070123,2.3284478159070123,0.0,0.0,1.1511709872462356e-15,0.00020197157258041817,1.0667430469824192e-16,9.390489171866601e-17,1.0667430469824192e-16,0.00023149412048200833,0.9999999732092079,1.746729895799532e-16,0.9999999999999999,0.8206252237833229,1.1498201718804513e-15,False,True,False,False,True,False,False
k_proj,2,7,sgd,10,2.325438178063201,2.3243590838827095,2.3254381780632003,0.0010790941804916798,8.881784197001252e-16,0.004977326121448517,0.0020000422314000238,5.180463437623422e-05,2.2434437881102703e-16,2.2105825999586785e-16,0.002289548616782629,0.9999973790400323,3.3428315729903093e-16,1.0000000000000067,0.8164564265154991,1.0618015305461404e-15,False,True,False,False,True,False,False
k_proj,2,7,sgd,50,2.3127374770523375,2.3074772620811483,2.312737477052337,0.005260214971189114,4.440892098500626e-16,0.02284940104787619,0.009629125369966685,0.0013522328573620447,4.754782493443829e-16,4.782987102605844e-16,0.011035566765750677,0.9999391453166324,6.823763597758166e-16,0.9999999999999896,0.8028561952717322,1.4025391371882598e-15,False,True,False,False,True,False,False
k_proj,3,7,sgd,1,1.7784961183367312,1.7784961183367312,1.7784961183367312,0.0,0.0,1.0188340266791065e-15,0.00026117967267292696,1.1045770553036894e-16,9.330724250394629e-17,1.1045770553036894e-16,0.00035292190044729633,0.9999999377245576,1.7709814196161323e-16,0.9999999999999946,1.1107893785900786,1.0108547898688412e-15,False,True,False,False,True,False,False
k_proj,3,7,sgd,10,1.7759497591660545,1.774158084745075,1.7759497591660545,0.0017916744209793833,0.0,0.015497801593145281,0.0025757946773449286,9.335455654198203e-05,2.1688075819441409e-16,2.2072499391093806e-16,0.0034733036948461716,0.9999939681383043,3.282771929170711e-16,1.0,1.09238570447359,1.0902595058130274e-15,False,True,False,False,True,False,False
k_proj,3,7,sgd,50,1.765025673363631,1.756567451427501,1.7650256733636311,0.008458221936129995,2.220446049250313e-16,0.07438621993760676,0.012200762846049767,0.0023629999981362583,4.56141674911069e-16,4.678197402247837e-16,0.016459499823694223,0.9998647130188005,6.553806687746179e-16,1.0000000000000042,1.0277312942836505,1.1975871903154599e-15,False,True,False,False,True,False,False
k_proj,4,7,sgd,1,1.6356277637249284,1.6356277637249288,1.6356277637249288,4.440892098500626e-16,4.440892098500626e-16,1.1828904522686688e-15,0.0002866763404293764,1.0015157526765906e-16,9.19245433069401e-17,1.0015157526765906e-16,0.00029308711749876526,0.9999999570499933,1.6958769705100017e-16,1.0000000000000027,1.5463901617846987,1.180690619203501e-15,False,True,False,False,True,False,False
k_proj,4,7,sgd,10,1.6337154101594038,1.6312175308857693,1.6337154101594045,0.00249787927363454,6.661338147750939e-16,0.015939953377037002,0.002838256428205007,0.0001317556249695915,2.1619404986422324e-16,2.377737030865275e-16,0.0028996051506909814,0.9999957967729222,3.4012431877434504e-16,0.9999999999999988,1.5250977515068882,1.2435636562539567e-15,False,True,False,False,True,False,False
k_proj,4,7,sgd,50,1.6253085624271275,1.6127654399002467,1.6253085624271275,0.012543122526880834,0.0,0.07296652181255747,0.013691429909527082,0.0034289952882228794,4.557431089162496e-16,4.94008336487769e-16,0.014318552556097944,0.999897833706858,6.768690433065622e-16,1.0000000000000007,1.4574981686618176,1.4493291789490014e-15,False,True,False,False,True,False,False
k_proj,5,7,sgd,1,1.601455764151665,1.601455764151665,1.601455764151665,0.0,0.0,1.3280932418849475e-15,0.0001899239310788127,1.1121988876807434e-16,9.502673410844234e-17,1.1121988876807434e-16,0.00018850022308282668,0.9999999822339671,1.7927238959781255e-16,0.9999999999999979,1.1966588049535303,1.3326445615364601e-15,False,True,False,False,True,False,False
k_proj,5,7,sgd,10,1.5998755906966242,1.5987528400135558,1.5998755906966242,0.0011227506830684408,0.0,0.010694550820441196,0.0018833556235288618,7.839155747649107e-05,2.2032179938064755e-16,2.122166369308528e-16,0.001866076297514771,0.999998259065676,3.297243806474467e-16,1.0000000000000078,1.1877709323760133,1.19436546916237e-15,False,True,False,False,True,False,False
k_proj,5,7,sgd,50,1.5930197980232899,1.5874088771746486,1.5930197980232894,0.005610920848641232,4.440892098500626e-16,0.047399919327480125,0.00913406235466564,0.0020495372879465864,4.723173249393715e-16,4.934717677883119e-16,0.009178449013898145,0.9999579467480411,6.906428734962159e-16,0.9999999999999994,1.1604176212493411,1.815567571510536e-15,False,True,False,False,True,False,False
k_proj,6,7,sgd,1,1.531006646788225,1.531006646788225,1.531006646788225,0.0,0.0,1.1589896651549293e-15,0.00022075709083057332,9.840644937609033e-17,9.447905676824786e-17,9.840644937609033e-17,0.00022085405401700903,0.9999999756136991,1.7202468238219874e-16,0.9999999999999988,1.1776759744762129,1.1556567005079161e-15,False,True,False,False,True,False,False
k_proj,6,7,sgd,10,1.5291336424062834,1.5277824534110447,1.5291336424062834,0.0013511889952386724,0.0,0.008323914657099795,0.0021915782194908374,7.533549016589791e-05,2.2123190938972041e-16,2.2545647278157726e-16,0.0021921324154050197,0.9999975979916634,3.3472619903815315e-16,0.9999999999999971,1.169383435983312,1.1444098055187936e-15,False,True,False,False,True,False,False
k_proj,6,7,sgd,50,1.5209769590902376,1.514089867008936,1.5209769590902376,0.00688709208130156,0.0,0.03816451246831335,0.010671007239340074,0.001981961558561054,4.650524056122174e-16,4.849709182449358e-16,0.010824710114127,0.9999415633898869,6.818611743636553e-16,1.000000000000008,1.1426474936694264,1.1428351325786474e-15,False,True,False,False,True,False,False
k_proj,7,7,sgd,1,1.6424945235908794,1.6424945235908794,1.6424945235908794,0.0,0.0,8.828975578667769e-16,0.00014993933003089788,9.792647918026447e-17,9.395760854031772e-17,9.792647918026447e-17,0.00015309292125339292,0.9999999882813788,1.6921240504755394e-16,1.000000000000004,0.8005825615139571,8.849641655901981e-16,False,True,False,False,True,False,False
k_proj,7,7,sgd,10,1.6405466200076857,1.6400938999943622,1.6405466200076855,0.0004527200133235265,2.220446049250313e-16,0.0047925316330058336,0.0014937351766937446,3.116420778668948e-05,2.1800154750825956e-16,2.2662103679750604e-16,0.0015236456615669131,0.9999988392516158,3.3455241389621847e-16,1.0000000000000002,0.7992584258178843,8.9767707350961e-16,False,True,False,False,True,False,False
k_proj,7,7,sgd,50,1.6319617989782609,1.6295431669365261,1.6319617989782607,0.0024186320417347584,2.220446049250313e-16,0.022700283387469877,0.00737332266523104,0.0008282516164068834,4.736717644531661e-16,4.815259258758858e-16,0.007533589097312824,0.9999716284090392,6.864163257894037e-16,1.0000000000000036,0.7948632127935971,1.2352451406249048e-15,False,True,False,False,True,False,False
k_proj,8,7,sgd,1,1.790073706658782,1.790073706658782,1.790073706658782,0.0,0.0,1.2734832223549373e-15,0.00035633207656576247,1.0705723654613027e-16,9.600485455809986e-17,1.0705723654613027e-16,0.0003826414655170181,0.9999999267988953,1.7399112150120424e-16,0.9999999999999987,1.6273290301561694,1.2505305632712077e-15,False,True,False,False,True,False,False
k_proj,8,7,sgd,10,1.787724677797075,1.7835952387990666,1.7877246777970752,0.004129438998008439,2.220446049250313e-16,0.02104127562183249,0.0035165648427956256,0.00021737438456598208,2.1793295089105994e-16,2.3073739195598663e-16,0.0037729474694303856,0.9999928826365898,3.36219574001023e-16,0.9999999999999991,1.5982397846446463,1.2117063816492425e-15,False,True,False,False,True,False,False
k_proj,8,7,sgd,50,1.7775093095760692,1.7573077740386498,1.7775093095760697,0.020201535537419435,4.440892098500626e-16,0.09236646518532263,0.016776870451675297,0.005574491504341074,4.920725088798425e-16,4.763665742396877e-16,0.01868830118647775,0.9998260531795068,6.943474621386005e-16,1.0000000000000027,1.5128329741272764,1.406510835218566e-15,False,True,False,False,True,False,False
k_proj,9,7,sgd,1,1.4508248832105182,1.4508248832105182,1.4508248832105182,0.0,0.0,1.2829492874199267e-15,0.00020130945689998578,9.829356941279217e-17,8.963475401359199e-17,9.829356941279217e-17,0.00023263758500409196,0.9999999729416932,1.6765850168355738e-16,0.9999999999999926,1.2275006675434643,1.2553585211448595e-15,False,True,False,False,True,False,False
k_proj,9,7,sgd,10,1.4493473841747864,1.4476110120219563,1.4493473841747864,0.001736372152830068,0.0,0.022659614801878024,0.0019880872763840514,0.00011331620163241955,2.237921877835647e-16,2.2447201994199157e-16,0.0022940006037729553,0.9999973695750541,3.3703463426966383e-16,1.0000000000000044,1.214124266296778,1.3135392345183061e-15,False,True,False,False,True,False,False
k_proj,9,7,sgd,50,1.443066371765821,1.4351340959443089,1.443066371765821,0.007932275821512125,0.0,0.10758025394421347,0.009472734693950775,0.002874722119873033,4.684019608876372e-16,4.586412431764853e-16,0.011165657575749211,0.9999378239136237,6.599410234583927e-16,0.9999999999999942,1.1718468244391802,1.1685841023905175e-15,False,True,False,False,True,False,False
k_proj,10,7,sgd,1,1.4305191706567737,1.4305191706567737,1.4305191706567737,0.0,0.0,8.342081412420519e-16,0.0003153831532990853,1.0183865965597512e-16,9.40636938624737e-17,1.0183865965597512e-16,0.000345593534608887,0.9999999402981523,1.7236479618527789e-16,1.0000000000000033,1.6781270029416906,8.385054615019064e-16,False,True,False,False,True,False,False
k_proj,10,7,sgd,10,1.4287559418097742,1.4229893880064444,1.428755941809774,0.005766553803329799,2.220446049250313e-16,0.04256127817855501,0.0030929979961909,0.00030260794191856407,2.1739988243435106e-16,2.3021260248564813e-16,0.0033908956765586504,0.9999942591164372,3.3953684636698286e-16,1.0000000000000098,1.6310679422073167,9.778370924085953e-16,False,True,False,False,True,False,False
k_proj,10,7,sgd,50,1.4211962732315087,1.3951106284545631,1.4211962732315084,0.026085644776945527,2.220446049250313e-16,0.20000812091337888,0.014409101151377009,0.007517389968496489,4.829402982937751e-16,4.85831228617278e-16,0.017273910490520808,0.9998525926098537,6.973836399974252e-16,1.0000000000000049,1.493636174204667,1.1222039976477847e-15,False,True,False,False,True,False,False
k_proj,11,7,sgd,1,1.4266125996001329,1.4266125996001329,1.4266125996001329,0.0,0.0,1.1333558593733893e-15,0.00018117202274463938,9.804507368521122e-17,9.782037830150334e-17,9.804507368521122e-17,0.0001757618367074441,0.9999999845677627,1.7179540890742132e-16,1.000000000000003,1.1378076106583412,1.1674898500967222e-15,False,True,False,False,True,False,False
k_proj,11,7,sgd,10,1.425152938195177,1.4236780631860935,1.4251529381951766,0.0014748750090836094,4.440892098500626e-16,0.012093464903554037,0.001800033104244537,8.98755934874924e-05,2.169621168201593e-16,2.239052960508664e-16,0.0017481108787066196,0.9999984744355079,3.3577869624549323e-16,1.0000000000000004,1.1331775460366051,1.2263169090614166e-15,False,True,False,False,True,False,False
k_proj,11,7,sgd,50,1.4188309107757533,1.4114535967011825,1.4188309107757533,0.007377314074570762,0.0,0.05603597479277316,0.008785781370298007,0.00235447016254042,4.820808160984516e-16,4.975420596774856e-16,0.008837181284718887,0.9999611708963247,7.036309106541339e-16,0.9999999999999978,1.118696507900413,1.4196707193026757e-15,False,True,False,False,True,False,False
k_proj,12,7,sgd,1,1.495044473930868,1.495044473930868,1.495044473930868,0.0,0.0,9.511731376086205e-16,0.0002974240849697613,1.0241793552114969e-16,9.396879766268884e-17,1.0241793552114969e-16,0.0003102880725975278,0.9999999518661052,1.7334253503789992e-16,0.9999999999999992,1.5894435652065757,9.50278205062284e-16,False,True,False,False,True,False,False
k_proj,12,7,sgd,10,1.4931939800429197,1.4876493396678532,1.4931939800429197,0.005544640375066523,0.0,0.03687936030293062,0.0029250386001499723,0.0002886698466729665,2.1526488314966786e-16,2.303100135868963e-16,0.003056016982579044,0.9999953357800269,3.3945819222089177e-16,1.0000000000000009,1.5526984124502918,8.719714100436617e-16,False,True,False,False,True,False,False
k_proj,12,7,sgd,50,1.4852374533289339,1.4596089295118346,1.4852374533289339,0.025628523817099236,0.0,0.17124474748088409,0.013766404220213187,0.007250839675892472,4.694502236657085e-16,4.923534041010028e-16,0.016004959651044044,0.9998735033957108,6.947412730757954e-16,1.0000000000000009,1.4441558045374978,9.756964676080997e-16,False,True,False,False,True,False,False
k_proj,13,7,sgd,1,1.4902012205548356,1.4902012205548358,1.4902012205548358,2.220446049250313e-16,2.220446049250313e-16,1.1791792279848675e-15,0.000194298404156637,1.0774720949075307e-16,9.233199835726138e-17,1.0774720949075307e-16,0.0002083319481340878,0.9999999783019298,1.763599483426187e-16,0.9999999999999936,1.0897213006629947,1.1629744182325824e-15,False,True,False,False,True,False,False
k_proj,13,7,sgd,10,1.4884860130463047,1.487092531535735,1.4884860130463051,0.0013934815105696163,4.440892098500626e-16,0.011385096055929344,0.001929551173867004,7.836290335518511e-05,2.2090096710307736e-16,2.3405330255596477e-16,0.0020678842511662066,0.9999978627798485,3.4269537673913106e-16,0.999999999999998,1.0855121285939477,1.1255328879261729e-15,False,True,False,False,True,False,False
k_proj,13,7,sgd,50,1.4810981809372386,1.474246499514068,1.4810981809372388,0.006851681423170497,2.220446049250313e-16,0.05369114978039798,0.009396027054737927,0.002040466073884724,4.676643915781689e-16,4.851448848208614e-16,0.010226060318639624,0.9999478521416088,6.930869689928362e-16,1.0000000000000013,1.071741080023014,1.3101214064654231e-15,False,True,False,False,True,False,False
k_proj,14,7,sgd,1,1.4284005803588802,1.4284005803588802,1.4284005803588802,0.0,0.0,1.1807059160191639e-15,0.0002368553838014866,1.0806187640811104e-16,9.529521863680343e-17,1.0806187640811104e-16,0.00024654992076194525,0.9999999696236475,1.7845410970627101e-16,0.9999999999999987,1.3465863674117649,1.1943226303954605e-15,False,True,False,False,True,False,False
k_proj,14,7,sgd,10,1.4267576682887235,1.4238907117936292,1.4267576682887235,0.002866956495094275,0.0,0.02233722376027374,0.002340702648649039,0.00015107961845517716,2.2000052845136332e-16,2.1692578834057552e-16,0.0024358974434568635,0.9999970377064189,3.320809574125228e-16,0.9999999999999979,1.3297308041099152,1.039688269064801e-15,False,True,False,False,True,False,False
k_proj,14,7,sgd,50,1.4197386627676523,1.4063044457395764,1.4197386627676523,0.013434217028075901,0.0,0.10500408851960884,0.011186885184749923,0.0038538884822383393,4.819185722316893e-16,4.609742642979965e-16,0.012163559900359507,0.9999266799678656,6.782518361818434e-16,0.9999999999999971,1.275253035920668,1.0871226163255527e-15,False,True,False,False,True,False,False
k_proj,15,7,sgd,1,1.4519046562938518,1.4519046562938518,1.4519046562938518,0.0,0.0,8.603735255136759e-16,0.00021861465731488135,1.144353303049915e-16,9.513865131568235e-17,1.144353303049915e-16,0.00025147924769833654,0.999999968387605,1.827260311783246e-16,0.9999999999999973,1.1503539269586749,8.618901341035037e-16,False,True,False,False,True,False,False
k_proj,15,7,sgd,10,1.4501502776259658,1.4483239325948436,1.4501502776259658,0.001826345031122223,0.0,0.015215608975760688,0.0021677016827727556,9.257404811599369e-05,2.1559686162407643e-16,2.313025766798538e-16,0.00249086591739742,0.9999968998344808,3.363240183228053e-16,1.0,1.1426197178968036,1.0994095471545392e-15,False,True,False,False,True,False,False
k_proj,15,7,sgd,50,1.4426112290060578,1.4337753854467543,1.4426112290060578,0.008835843559303447,0.0,0.072807451484019,0.010489517754157582,0.002390514919583577,4.796793635916059e-16,4.944682449827627e-16,0.012192959986272785,0.9999259438823748,6.961828570084281e-16,0.9999999999999971,1.116784105743801,9.898108340747281e-16,False,True,False,False,True,False,False
k_proj,16,7,sgd,1,1.4174530682228028,1.4174530682228028,1.4174530682228028,0.0,0.0,1.0334616648366402e-15,0.00015075233767300537,1.0971817225384539e-16,9.174508437547229e-17,1.0971817225384539e-16,0.00014149195581792775,0.9999999899923682,1.754852943794886e-16,1.000000000000001,0.7876952134723862,1.0192239007409886e-15,False,True,False,False,True,False,False
k_proj,16,7,sgd,10,1.4157173688287041,1.4160264855039448,1.4157173688287046,0.00030911667524069486,4.440892098500626e-16,0.0017685387155159274,0.0015022763553778687,1.8091896319418867e-05,2.18208703213088e-16,2.4176102891494305e-16,0.0014092323232246687,0.9999990071772079,3.4770024900999895e-16,0.9999999999999976,0.7878234422018986,1.3045422642397786e-15,False,True,False,False,True,False,False
k_proj,16,7,sgd,50,1.4081917482257484,1.4097856300679446,1.4081917482257482,0.0015938818421961098,2.220446049250313e-16,0.00782977715157604,0.007416302512483729,0.0004829494888849851,4.606385888439079e-16,5.031835505721653e-16,0.006960540915208469,0.9999757752048247,6.889916203048162e-16,0.9999999999999998,0.7887100895815831,1.3175555888261135e-15,False,True,False,False,True,False,False
k_proj,17,7,sgd,1,1.4068603678801743,1.4068603678801743,1.4068603678801743,0.0,0.0,9.005593675700628e-16,0.00011834858701341506,1.0005941265748262e-16,9.164778437687304e-17,1.0005941265748262e-16,0.00011862916798337595,0.999999992964055,1.7059065358303836e-16,0.9999999999999964,0.7113093998995421,9.04670062982011e-16,False,True,False,False,True,False,False
k_proj,17,7,sgd,10,1.4053181437092903,1.4054747122618727,1.4053181437092899,0.00015656855258239233,4.440892098500626e-16,0.0019915185153135616,0.001176827160037481,1.3545726749328533e-05,2.1847833734743362e-16,2.277083682473058e-16,0.001179634390514935,0.9999993042574203,3.3862285117430426e-16,1.0000000000000064,0.7108256840037882,1.1503830629030572e-15,False,True,False,False,True,False,False
k_proj,17,7,sgd,50,1.3987084558650824,1.399513227816204,1.3987084558650824,0.0008047719511214968,0.0,0.009668579922078705,0.0057532956633438445,0.00036056073820762497,4.687412605767154e-16,4.521054749619257e-16,0.005780578963928752,0.9999832925267088,6.61876902782757e-16,1.0000000000000022,0.7087557172921876,1.1168706715318346e-15,False,True,False,False,True,False,False
k_proj,18,7,sgd,1,1.456824677884233,1.456824677884233,1.456824677884233,0.0,0.0,8.297768992505196e-16,0.00014905729254202098,1.0794429459544554e-16,9.368371600891039e-17,1.0794429459544554e-16,0.00016374924703653826,0.9999999865938185,1.7518540736941456e-16,1.0000000000000038,0.759926106325161,8.360393175593208e-16,False,True,False,False,True,False,False
k_proj,18,7,sgd,10,1.4549961676864027,1.4550482543255179,1.4549961676864027,5.208663911515643e-05,0.0,0.006242923334998834,0.0014793129671249112,4.3694692161675894e-05,2.1831862401600108e-16,2.317305254527198e-16,0.00162328657339369,0.9999986825265779,3.384355741900495e-16,0.9999999999999967,0.7567320254200343,9.509072847638776e-16,False,True,False,False,True,False,False
k_proj,18,7,sgd,50,1.447180249808941,1.4475557079135786,1.447180249808941,0.00037545810463757157,0.0,0.028934966784196957,0.0071793951033191595,0.0011410838394771466,4.753471024167295e-16,4.81342918373994e-16,0.007914341364406541,0.9999686812749262,6.884606610505018e-16,1.000000000000004,0.7454816791747813,9.0258055291875e-16,False,True,False,False,True,False,False
k_proj,19,7,sgd,1,1.3928967283176215,1.3928967283176217,1.3928967283176217,2.220446049250313e-16,2.220446049250313e-16,1.0690801921290196e-15,0.00014819763708018185,1.0901080129063012e-16,9.588144433490404e-17,1.0901080129063012e-16,0.00017091929317044192,0.9999999853952958,1.768237635012603e-16,1.000000000000004,0.8428261280329279,1.0595549148988674e-15,False,True,False,False,True,False,False
k_proj,19,7,sgd,10,1.3913503016086037,1.3910789809336748,1.391350301608604,0.0002713206749289654,2.220446049250313e-16,0.006012628374811481,0.0014727420416929104,2.35660644825561e-05,2.252467903877335e-16,2.24041022460172e-16,0.0016957510934290472,0.9999985624728491,3.364777051892315e-16,0.9999999999999998,0.8410493434191169,1.0969201133181137e-15,False,True,False,False,True,False,False
k_proj,19,7,sgd,50,1.3847086882013067,1.3833822976028554,1.3847086882013067,0.0013263905984512991,0.0,0.029551955845966368,0.007182916479327179,0.0006122230162323688,4.78816942004515e-16,4.767330456479809e-16,0.008230340645433558,0.9999661439201769,6.760338517466092e-16,0.9999999999999982,0.8343583180232095,1.2821913963115161e-15,False,True,False,False,True,False,False
k_proj,20,7,sgd,1,1.3398552524290857,1.3398552524290857,1.3398552524290857,0.0,0.0,9.710894355485856e-16,0.0001268361003302726,1.0237127039749458e-16,8.938353616335136e-17,1.0237127039749458e-16,0.00012890119353124718,0.9999999916944169,1.6968015338486996e-16,0.9999999999999942,0.739898979924397,9.826233235145437e-16,False,True,False,False,True,False,False
k_proj,20,7,sgd,10,1.338284965528242,1.3385444890288973,1.3382849655282414,0.00025952350065527874,6.661338147750939e-16,0.0025441519102151,0.001262806522450578,1.685385507860926e-05,2.1926944171340804e-16,2.1023668385716073e-16,0.0012826885859239445,0.9999991776609881,3.2731529248541497e-16,0.9999999999999936,0.7392828895896505,9.506701985909965e-16,False,True,False,False,True,False,False
k_proj,20,7,sgd,50,1.3314509283867884,1.3328124767958642,1.3314509283867881,0.0013615484090758745,2.220446049250313e-16,0.012138267675947365,0.00620817633776751,0.000451072307082973,4.731810392685606e-16,4.3359896871736283e-16,0.006308038370231574,0.9999801253004992,6.468300978891762e-16,1.0000000000000022,0.7367070728000128,1.1632519834436855e-15,False,True,False,False,True,False,False
k_proj,21,7,sgd,1,1.3132889406672463,1.313288940667246,1.313288940667246,2.220446049250313e-16,2.220446049250313e-16,8.749268337693513e-16,0.00015303358009160638,1.0539556109935196e-16,9.454534293512304e-17,1.0539556109935196e-16,0.00015941722933932194,0.9999999873004776,1.7655723196459242e-16,0.9999999999999949,0.9302643476240865,8.811842970557311e-16,False,True,False,False,True,False,False
k_proj,21,7,sgd,10,1.311832704388211,1.3115814876965806,1.311832704388211,0.00025121669163041815,0.0,0.0068979910991275725,0.0015213214834112294,3.162195897403982e-05,2.0942312621807849e-16,2.254560833623058e-16,0.0015824333067626804,0.9999987488049614,3.2979597299060935e-16,1.0,0.9288033159932426,9.216224394537897e-16,False,True,False,False,True,False,False
k_proj,21,7,sgd,50,1.3055928564440042,1.3044346430807794,1.3055928564440042,0.0011582133632248581,0.0,0.03298168877699198,0.007430323678522323,0.0008174881359446432,4.667258641407651e-16,4.655460559010226e-16,0.007726444772096343,0.9999701831070142,6.722102405130997e-16,1.0000000000000004,0.9232914021373124,9.743900372308588e-16,False,True,False,False,True,False,False
k_proj,22,7,sgd,1,1.2193440646381355,1.2193440646381355,1.2193440646381355,0.0,0.0,9.772021421293164e-16,0.00015186089974750962,1.0852299627648508e-16,9.473922414472733e-17,1.0852299627648508e-16,0.00014923308508057616,0.999999988865752,1.740146198047263e-16,1.0000000000000049,0.8966950682199866,9.564659251810922e-16,False,True,False,False,True,False,False
k_proj,22,7,sgd,10,1.217909618720798,1.2178652287616358,1.2179096187207983,4.4389959162227655e-05,2.220446049250313e-16,0.0020278853512819056,0.001510768138208412,9.60712362995122e-06,2.2691026327105644e-16,2.2665239709810377e-16,0.0014832105373032626,0.9999989001521918,3.3812274782811226e-16,0.9999999999999963,0.896428391357886,1.0855567628813867e-15,False,True,False,False,True,False,False
k_proj,22,7,sgd,50,1.2117336435758543,1.211511773524878,1.2117336435758546,0.00022187005097640267,2.220446049250313e-16,0.009983518032446665,0.007398030947032856,0.00025364499438919737,4.816652797546567e-16,4.816547996577232e-16,0.007240864336214584,0.9999737886006991,6.862972733933172e-16,1.0000000000000016,0.8952008501549019,1.1088003405187152e-15,False,True,False,False,True,False,False
k_proj,23,7,sgd,1,1.2604625758216104,1.2604625758216106,1.2604625758216106,2.220446049250313e-16,2.220446049250313e-16,7.743889976207633e-16,0.000160556484161307,9.940579449040588e-17,9.934075187095379e-17,9.940579449040588e-17,0.00017047356893378724,0.9999999854696537,1.7097570058134067e-16,1.0000000000000038,0.9138248764566235,7.63834224351912e-16,False,True,False,False,True,False,False
k_proj,23,7,sgd,10,1.2589677892395084,1.2590687195070551,1.2589677892395084,0.0001009302675467616,0.0,0.0008193717376005879,0.0015980740527653302,5.280558390820315e-06,2.2160173782494544e-16,2.1504760359002655e-16,0.0016955572656307302,0.9999985625528834,3.2867053697969084e-16,1.000000000000007,0.9138070736049231,9.293086179189843e-16,False,True,False,False,True,False,False
k_proj,23,7,sgd,50,1.2525278916008216,1.2530421230128623,1.2525278916008216,0.0005142314120407665,0.0,0.003970672164910201,0.007843285573011132,0.00014026987748338673,4.735488018652011e-16,4.685615052832282e-16,0.008298326496536614,0.9999655687926419,6.667720539776566e-16,0.9999999999999976,0.9137564571928597,9.912124029010247e-16,False,True,False,False,True,False,False
v_proj,0,7,sgd,1,1.102534890111395,1.102534890111395,1.102534890111395,0.0,0.0,9.502050208173218e-16,0.035966583734893254,7.886570465973894e-18,9.163064888554757e-17,7.886570465973894e-18,0.03660106966427164,0.9993307424240114,1.2418892538108167e-16,0.9999999999999963,232.43915783284712,9.297791033414312e-16,False,True,False,True,True,False,False
v_proj,0,7,sgd,10,1.101341169815347,1.0375700723832353,1.101341169815347,0.06377109743211173,0.0,7.581251618878886,0.13474230821959707,0.008122514619467648,2.1901567547860674e-16,2.1519342925221248e-17,0.12271574732768063,0.9925550063740746,2.4980165655031805e-16,0.9999999999999966,27.534390674430387,9.831048160486532e-16,False,True,False,True,True,False,False
v_proj,0,7,sgd,50,1.0961736401350957,0.9914505724307131,1.0961736401350957,0.10472306770438256,0.0,22.870687368237782,0.19197866708227992,0.06906847446683047,4.656897730069174e-16,5.4755175010516497e-17,0.18141333097563261,0.983916563718148,4.759371691635784e-16,1.0000000000000009,9.644096342197615,1.2246792302160774e-15,False,True,False,True,True,False,False
v_proj,1,7,sgd,1,1.0956754700792768,1.095675470079277,1.095675470079277,2.220446049250313e-16,2.220446049250313e-16,7.748766274994509e-16,0.00044467889113102574,3.706092330786617e-18,8.89480152771872e-17,3.706092330786617e-18,0.00042849615166623903,0.9999999082025147,1.1878162930477521e-16,0.9999999999999953,2.889562422108681,7.799055668485766e-16,False,True,False,True,True,False,False
v_proj,1,7,sgd,10,1.094371827064461,1.0912828726854336,1.094371827064461,0.003088954379027342,0.0,0.026371237802623987,0.004362635247414927,0.00017835886298860296,2.0850285987528165e-16,2.1401414065843203e-17,0.0041939668680342915,0.999991205381987,2.3088208700094907e-16,1.000000000000007,2.805888786714505,9.003551518937996e-16,False,True,False,True,True,False,False
v_proj,1,7,sgd,50,1.088746435397022,1.0742751539993058,1.0887464353970218,0.01447128139771614,2.220446049250313e-16,0.124626846323069,0.020284028973122092,0.0045064897054831075,4.848384398095835e-16,5.013502309080526e-17,0.01975426743930827,0.9998053788679054,4.945526044013011e-16,1.0000000000000075,2.534837347126376,6.060004122005406e-16,False,True,False,True,True,False,False
v_proj,2,7,sgd,1,1.1358094666486973,1.1358094666486973,1.1358094666486973,0.0,0.0,9.690979435490942e-16,0.00011875052047368253,8.243374017394157e-18,9.690173065209469e-17,8.243374017394157e-18,0.0001175747221828986,0.999999993088283,1.2846962797851231e-16,0.9999999999999944,0.8268043978729331,9.708325052102066e-16,False,True,False,True,True,False,False
v_proj,2,7,sgd,10,1.134618250984324,1.1342497475676507,1.134618250984324,0.00036850341667316044,0.0,0.003816938682010391,0.001179738402635956,2.0485636774817467e-05,2.3031128133949026e-16,2.1743421443456098e-17,0.001166772302217888,0.9999993193213168,2.5406105418808635e-16,1.0000000000000022,0.8239862344079721,9.085970582812702e-16,False,True,False,True,True,False,False
v_proj,2,7,sgd,50,1.1294781992508287,1.127620541192761,1.1294781992508287,0.0018576580580678126,0.0,0.018632179680820857,0.005746468054195231,0.0005416620254918433,4.862264459292782e-16,5.644312697603319e-17,0.005679823473196732,0.9999838750309057,5.040986081781354e-16,0.9999999999999997,0.81369694578984,1.0475312131786916e-15,False,True,False,True,True,False,False
v_proj,3,7,sgd,1,1.1974877556753556,1.1974877556753556,1.1974877556753556,0.0,0.0,8.007004855603948e-16,0.00015002139884833204,1.0839207977571175e-17,9.013807435809547e-17,1.0839207977571175e-17,0.0001559589209306929,0.9999999878397188,1.2257954488116574e-16,0.999999999999994,0.9988939552069489,8.095587775008681e-16,False,True,False,True,True,False,False
v_proj,3,7,sgd,10,1.1961880453077944,1.1955965171715128,1.1961880453077944,0.0005915281362816049,0.0,0.007521016664129608,0.0014888898915987952,3.6165011277705776e-05,2.130006304785851e-16,2.904127783185691e-17,0.0015453533732612556,0.9999988059707368,2.3729250250344214e-16,0.9999999999999992,0.9927946783138109,8.28113174222402e-16,False,True,False,True,True,False,False
v_proj,3,7,sgd,50,1.19056602603808,1.1876010705164182,1.19056602603808,0.0029649555216617607,0.0,0.036709145529850835,0.007226159689918738,0.0009478591580522281,4.85193074078383e-16,6.341415210967956e-17,0.007507954263231305,0.9999718232051609,4.93649808731307e-16,0.9999999999999954,0.9706895885003624,1.096131829629131e-15,False,True,False,True,True,False,False
v_proj,4,7,sgd,1,1.2865594170750445,1.2865594170750443,1.2865594170750443,2.220446049250313e-16,2.220446049250313e-16,9.08978566959159e-16,0.00023540980440596638,5.718478731842403e-18,9.092563997977763e-17,5.718478731842403e-18,0.0002409048713127881,0.9999999709827241,1.2191359017704633e-16,0.999999999999997,1.5476147422985247,9.066144076181167e-16,False,True,False,True,True,False,False
v_proj,4,7,sgd,10,1.2851897417663218,1.2835134103652786,1.2851897417663218,0.001676331401043285,0.0,0.015665626485654092,0.002328781800943361,9.731865533944153e-05,2.1610988338126474e-16,2.1579768829253332e-17,0.0023824382055511457,0.9999971621031559,2.4298755481739263e-16,1.0000000000000009,1.5270733739034674,9.992929027421562e-16,False,True,False,True,True,False,False
v_proj,4,7,sgd,50,1.2792401953645087,1.2710464966354293,1.279240195364509,0.00819369872907938,2.220446049250313e-16,0.07543498173346111,0.011173332664998743,0.0025283066377827885,4.564206689339331e-16,6.149853297222666e-17,0.01165932946691694,0.9999321583596427,4.74209738779019e-16,1.0000000000000049,1.4575179621202023,9.578735662772718e-16,False,True,False,True,True,False,False
v_proj,5,7,sgd,1,1.1623202336712428,1.162320233671243,1.162320233671243,2.220446049250313e-16,2.220446049250313e-16,9.201988181305873e-16,0.00021382536712105952,8.378379008493221e-18,9.132152829122375e-17,8.378379008493221e-18,0.0002326612371892378,0.999999972949307,1.2366690070111266e-16,1.0,1.2577066810287048,9.357737018399454e-16,False,True,False,True,True,False,False
v_proj,5,7,sgd,10,1.1609065797132019,1.1594285343856425,1.160906579713202,0.001478045327559352,2.220446049250313e-16,0.015115729605886433,0.0021165919786117985,8.005606422786196e-05,2.253984303870759e-16,2.2526129624767137e-17,0.0022986842763848387,0.9999973607586385,2.5064920836264497e-16,0.9999999999999991,1.2441120548320235,7.907618717777703e-16,False,True,False,True,True,False,False
v_proj,5,7,sgd,50,1.1548294963671013,1.1476619726424027,1.154829496367101,0.007167523724698643,2.220446049250313e-16,0.07291815335386476,0.010171049370668681,0.0020621512677494493,4.782309367150826e-16,5.941200667134218e-17,0.011131937597509016,0.9999383085863061,4.963345708842905e-16,0.9999999999999973,1.1980432199872382,1.1172180205805726e-15,False,True,False,True,True,False,False
v_proj,6,7,sgd,1,1.2398208378938251,1.239820837893825,1.239820837893825,2.220446049250313e-16,2.220446049250313e-16,8.306583782403247e-16,0.00017599586628779028,1.655811978443493e-17,9.545376045753127e-17,1.655811978443493e-17,0.00018933179238404883,0.9999999820770357,1.289438225259315e-16,1.0000000000000062,1.1567032723076285,8.328206611748493e-16,False,True,False,True,True,False,False
v_proj,6,7,sgd,10,1.2384867091482865,1.2376431915299964,1.2384867091482865,0.0008435176182901571,0.0,0.010794355905611197,0.0017432926038416395,4.828806360580701e-05,2.1760003176547075e-16,2.8603066487919125e-17,0.001870712360208438,0.9999982504178025,2.443233980584316e-16,1.0000000000000029,1.1456313585973137,8.020758479941332e-16,False,True,False,True,True,False,False
v_proj,6,7,sgd,50,1.232721552668327,1.2285949704184345,1.232721552668327,0.004126582249892596,0.0,0.05230074980401882,0.00839726054090095,0.0012546883955828645,4.664749152495709e-16,6.054665119216819e-17,0.0089970194602756,0.9999595831857354,4.822619463543343e-16,1.0000000000000036,1.1064169236909795,1.0010929567760086e-15,False,True,False,True,True,False,False
v_proj,7,7,sgd,1,1.2905793893196345,1.2905793893196345,1.2905793893196345,0.0,0.0,9.081149504873624e-16,0.0001509453612226295,4.1690551866933025e-18,9.705407025507446e-17,4.1690551866933025e-18,0.0001782541325779957,0.9999999841127658,1.2890034752348231e-16,0.9999999999999989,0.862410920083191,9.058407185323979e-16,False,True,False,True,True,False,False
v_proj,7,7,sgd,10,1.289051092891002,1.2885565058215658,1.2890510928910017,0.0004945870694361698,2.220446049250313e-16,0.007853930582890826,0.0014976986829580807,3.334433749289125e-05,2.2430715980812374e-16,3.147514399664948e-17,0.0017654035898234048,0.9999984417165153,2.5016908062686166e-16,1.0000000000000022,0.8568345671455054,8.797376373639739e-16,False,True,False,True,True,False,False
v_proj,7,7,sgd,50,1.2824388559813216,1.2800232930535078,1.2824388559813216,0.0024155629278137525,0.0,0.038411717649487365,0.007259098135714692,0.0008641706636519652,4.753788336011483e-16,6.056437586938336e-17,0.008528109003486353,0.9999636498857742,4.935986844324739e-16,1.0000000000000027,0.8357303496584852,1.028799469956521e-15,False,True,False,True,True,False,False
v_proj,8,7,sgd,1,1.2261744508153525,1.2261744508153523,1.2261744508153523,2.220446049250313e-16,2.220446049250313e-16,1.0535999918132836e-15,0.0002714653804419585,9.882169105674987e-18,9.980650992297073e-17,9.882169105674987e-18,0.00030594329148035513,0.9999999532003102,1.3139641883249777e-16,0.9999999999999982,1.654668692866888,1.0516317052311613e-15,False,True,False,True,True,False,False
v_proj,8,7,sgd,10,1.2247723363880254,1.222400500192826,1.2247723363880254,0.0023718361951994282,0.0,0.02676742117260129,0.0026721170822536096,0.00012932989326407032,2.1676479415441632e-16,2.766040577692614e-17,0.0030011995813363545,0.9999954965735217,2.448528980664501e-16,0.9999999999999999,1.6207268610508974,9.931477897330435e-16,False,True,False,True,True,False,False
v_proj,8,7,sgd,50,1.218743030612375,1.2076614130503158,1.2187430306123748,0.011081617562059165,2.220446049250313e-16,0.1296966722530861,0.012577232728089686,0.0032864805033851756,4.765341985420028e-16,5.118483797165698e-17,0.014254489692206971,0.9998986374111456,4.883424018327873e-16,1.0000000000000029,1.5111191716661951,9.641896173957158e-16,False,True,False,True,True,False,False
v_proj,9,7,sgd,1,1.2804218883483525,1.2804218883483525,1.2804218883483525,0.0,0.0,9.38645212585192e-16,0.0002045526018890609,1.5947875158545944e-18,8.7898020999483e-17,1.5947875158545944e-18,0.00021887247560621376,0.9999999760489542,1.1955991981166304e-16,0.9999999999999868,1.2289379469260742,9.337446598627759e-16,False,True,False,True,True,False,False
v_proj,9,7,sgd,10,1.2790247106448096,1.2771842656049461,1.2790247106448098,0.0018404450398634697,2.220446049250313e-16,0.019367630584193087,0.0020270774467423293,0.0001048688543493485,2.1125460960210673e-16,1.6351654075283224e-17,0.0021671977501150773,0.9999976523477598,2.3851962098506925e-16,1.0000000000000004,1.2173908020905926,1.0184862210061982e-15,False,True,False,True,True,False,False
v_proj,9,7,sgd,50,1.2729578631907483,1.2640370672767784,1.2729578631907483,0.008920795913969881,0.0,0.09190621046324149,0.009794258352809919,0.002702372850957407,4.645508971590205e-16,5.628509169610515e-17,0.010721569310407023,0.999942686029868,4.796927324756556e-16,0.999999999999999,1.1799964535120342,1.0090820756122573e-15,False,True,False,True,True,False,False
v_proj,10,7,sgd,1,1.3505729600009033,1.3505729600009035,1.3505729600009035,2.220446049250313e-16,2.220446049250313e-16,1.0556446728906501e-15,0.0002617585320787291,5.960044539579617e-18,9.311267545694529e-17,5.960044539579617e-18,0.000291174079402854,0.9999999576094981,1.260276981677741e-16,1.0000000000000027,1.6595014198608782,1.0547421355806528e-15,False,True,False,True,True,False,False
v_proj,10,7,sgd,10,1.3491107754802563,1.3451787309071694,1.3491107754802565,0.003932044573086824,2.220446049250313e-16,0.04434900310153197,0.0025664346798956405,0.00023429758985133036,2.1718105744528655e-16,2.98803931220524e-17,0.0028506767745843124,0.9999959385901541,2.459469396248403e-16,0.9999999999999967,1.6115987791915667,7.976251058401937e-16,False,True,False,True,True,False,False
v_proj,10,7,sgd,50,1.3427867664043394,1.325153418983521,1.3427867664043396,0.017633347420818346,2.220446049250313e-16,0.2114014480959549,0.011940007823385682,0.0058237373611688525,4.824793596498804e-16,5.871131610398924e-17,0.014187324501369291,0.9998999728008136,5.017418167406443e-16,0.9999999999999931,1.4691493756541607,8.876265489243637e-16,False,True,False,True,True,False,False
v_proj,11,7,sgd,1,1.2511904459652996,1.2511904459652996,1.2511904459652996,0.0,0.0,7.73476949603633e-16,0.00018020727054162842,1.9696309476357958e-18,9.18172197486063e-17,1.9696309476357958e-18,0.00018668767045022908,0.9999999825800148,1.2476105224147895e-16,0.9999999999999989,1.1507606928384766,7.678627203156818e-16,False,True,False,True,True,False,False
v_proj,11,7,sgd,10,1.2498523446789378,1.2483393789690957,1.2498523446789378,0.0015129657098420513,0.0,0.016195502992406255,0.0017883517194227528,8.705462891235114e-05,2.2800380582923235e-16,1.8609931557155537e-17,0.001851757777631175,0.9999982868213393,2.5321224275502627e-16,0.9999999999999919,1.1439182912411225,9.939075591598845e-16,False,True,False,True,True,False,False
v_proj,11,7,sgd,50,1.2440684656759504,1.2367062325756832,1.2440684656759504,0.007362233100267179,0.0,0.07716696542717942,0.008683414903232236,0.002250517473680001,4.7052721095912705e-16,5.360885506609409e-17,0.009200151889134912,0.9999578383795208,4.867271416296825e-16,0.9999999999999986,1.1213545855036757,1.113987533350345e-15,False,True,False,True,True,False,False
v_proj,12,7,sgd,1,1.2898615609807453,1.2898615609807451,1.2898615609807451,2.220446049250313e-16,2.220446049250313e-16,9.257431254175535e-16,0.00026712829993340835,6.623348439273094e-18,9.643259943216443e-17,6.623348439273094e-18,0.00028275533503625925,0.9999999600255989,1.2931477983079173e-16,0.9999999999999982,1.5510970529651118,9.25501870342877e-16,False,True,False,True,True,False,False
v_proj,12,7,sgd,10,1.2883587524441278,1.2839822658307567,1.2883587524441278,0.004376486613371089,0.0,0.03791441362752992,0.002628854106219428,0.00023168538204643401,2.2130745551323626e-16,1.7321871381406945e-17,0.002779723669907416,0.9999961388829333,2.4701671723920073e-16,0.9999999999999992,1.5155497925378862,1.0429127282165456e-15,False,True,False,True,True,False,False
v_proj,12,7,sgd,50,1.2818624849547573,1.261673005691816,1.2818624849547573,0.020189479262941346,0.0,0.17771189318710373,0.0123997391654181,0.0058439917401030125,4.619054898688024e-16,5.46046731088356e-17,0.014126763927848635,0.9999010736957061,4.855232204263378e-16,0.999999999999999,1.4100499094905137,1.017423950946151e-15,False,True,False,True,True,False,False
v_proj,13,7,sgd,1,1.2889058352681133,1.2889058352681133,1.2889058352681133,0.0,0.0,8.284696103340091e-16,0.00018788624595290272,5.361224845303547e-18,9.73766620285168e-17,5.361224845303547e-18,0.00019437581795486537,0.9999999811143525,1.2798749162588115e-16,1.000000000000008,1.11735035398591,8.294880681175008e-16,False,True,False,True,True,False,False
v_proj,13,7,sgd,10,1.2874156410263273,1.285991438802801,1.2874156410263273,0.0014242022235262386,0.0,0.011157650483731338,0.0018665159440256723,7.618805406716826e-05,2.227886093526513e-16,3.033319397925255e-17,0.001930760791039639,0.9999981373084857,2.501149204629941e-16,1.0000000000000009,1.1130389539962524,9.933683660450041e-16,False,True,False,True,True,False,False
v_proj,13,7,sgd,50,1.2809984843947728,1.2739328514345345,1.2809984843947728,0.007065632960238322,0.0,0.05314326268712701,0.00909737724684194,0.001994112330370919,4.698452757185163e-16,6.09618335710936e-17,0.009583125002560863,0.9999542477107568,4.870471420189125e-16,0.999999999999994,1.0986682909666996,9.43710006682262e-16,False,True,False,True,True,False,False
v_proj,14,7,sgd,1,1.31427522753289,1.31427522753289,1.31427522753289,0.0,0.0,9.405729716240483e-16,0.00022069773829832038,3.715716115426826e-18,9.265783729888842e-17,3.715716115426826e-18,0.00024142382733435141,0.9999999708656416,1.2514814987990555e-16,1.0000000000000013,1.2914825321325327,9.38723986230026e-16,False,True,False,True,True,False,False
v_proj,14,7,sgd,10,1.3127465648445333,1.3103906110074939,1.3127465648445333,0.0023559538370394595,0.0,0.02134100251754076,0.0021821839574986996,0.00012916221551402855,2.2118471361915807e-16,2.5023301331083288e-17,0.002389208362571201,0.9999971483448341,2.518726884142395e-16,0.9999999999999956,1.2771520031392147,1.0059481889977777e-15,False,True,False,True,True,False,False
v_proj,14,7,sgd,50,1.3062188617020354,1.2951879949485858,1.3062188617020354,0.011030866753449553,0.0,0.10449256107706968,0.01044377943004634,0.0033175147977307817,4.648084501997889e-16,5.651144624507187e-17,0.011874348619341567,0.9999299043795457,4.876456445507348e-16,0.9999999999999964,1.2302360396431442,7.50088749022855e-16,False,True,False,True,True,False,False
v_proj,15,7,sgd,1,1.4441230150187152,1.4441230150187152,1.4441230150187152,0.0,0.0,8.152088442316266e-16,0.0001976181342132639,4.471250400911353e-18,9.429998833518753e-17,4.471250400911353e-18,0.00019548860392025878,0.9999999808924123,1.2557663400091437e-16,1.0000000000000009,1.1305153613239851,8.081661649707762e-16,False,True,False,True,True,False,False
v_proj,15,7,sgd,10,1.4424867236162882,1.4410505860045282,1.4424867236162882,0.00143613761175998,0.0,0.00956351817817303,0.0019623758201232273,8.340326539017083e-05,2.2356398342914956e-16,2.6165432655407603e-17,0.0019430653691072572,0.9999981125462736,2.502179868240632e-16,0.9999999999999957,1.1255616057450364,8.527358101791903e-16,False,True,False,True,True,False,False
v_proj,15,7,sgd,50,1.4354382029493922,1.4283182397581384,1.435438202949392,0.007119963191253742,2.220446049250313e-16,0.04374734785771693,0.009553096483437827,0.00217955998514095,4.828083149498853e-16,6.238556503179504e-17,0.009705960698713177,0.9999529961828747,4.996897590970424e-16,1.0000000000000049,1.1093445391871088,9.678967962090747e-16,False,True,False,True,True,False,False
v_proj,16,7,sgd,1,1.3259541017248255,1.3259541017248253,1.3259541017248253,2.220446049250313e-16,2.220446049250313e-16,9.068274043220358e-16,0.00014149286025802997,5.728582622856661e-18,9.409216311943586e-17,5.728582622856661e-18,0.00015752095196172722,0.9999999876161925,1.258741160984317e-16,0.9999999999999999,0.7971325813551795,8.947749510141782e-16,False,True,False,True,True,False,False
v_proj,16,7,sgd,10,1.3243920868852026,1.3246007287637662,1.3243920868852026,0.00020864187856362015,0.0,0.002277536371705315,0.0014069667113789553,1.4815686259530537e-05,2.182325316112774e-16,2.681996956409517e-17,0.0015657265178123897,0.9999987762584512,2.484311478925687e-16,1.0000000000000056,0.797144549742834,1.0045332416503741e-15,False,True,False,True,True,False,False
v_proj,16,7,sgd,50,1.317742159960443,1.318781385640779,1.3177421599604433,0.0010392256803359867,2.220446049250313e-16,0.01111638278542469,0.006876003463592929,0.0003930957094080726,4.636048921891423e-16,5.731205290017167e-17,0.0076486733624759416,0.9999707767171977,4.805747626450484e-16,0.9999999999999976,0.7972569225328858,8.727116748700915e-16,False,True,False,True,True,False,False
v_proj,17,7,sgd,1,1.3573836266175248,1.3573836266175248,1.3573836266175248,0.0,0.0,1.040750044354127e-15,0.0001271252078834553,7.280692256103218e-18,9.34543395460597e-17,7.280692256103218e-18,0.0001274072568945143,0.9999999918883014,1.267649919534319e-16,0.999999999999995,0.7144173923763713,1.043557500834426e-15,False,True,False,True,True,False,False
v_proj,17,7,sgd,10,1.3557605173064384,1.355931629885113,1.355760517306438,0.000171112578674526,4.440892098500626e-16,0.0019583470781527126,0.001265175411225538,1.4527449532350795e-05,2.1478845559809695e-16,2.778541414417287e-17,0.0012666856007416568,0.9999991981230378,2.429661106077401e-16,1.0000000000000067,0.7143729641155718,9.252472617221527e-16,False,True,False,True,True,False,False
v_proj,17,7,sgd,50,1.3487794342971389,1.3496324050504567,1.3487794342971389,0.0008529707533178055,0.0,0.00926530926945615,0.006207787091445382,0.0003867835094475827,4.52701868240916e-16,6.608146016419432e-17,0.006200456198519251,0.9999807794904356,4.69238280367006e-16,0.9999999999999936,0.7144603496971917,9.709127609292694e-16,False,True,False,True,True,False,False
v_proj,18,7,sgd,1,1.42091055999268,1.4209105599926801,1.4209105599926801,2.220446049250313e-16,2.220446049250313e-16,9.906671232425152e-16,0.0001354848881347697,1.7172700452976996e-18,9.138524299543058e-17,1.7172700452976996e-18,0.00013568702179783765,0.9999999907955611,1.222537431610776e-16,1.0000000000000002,0.8234969922707862,9.954767659538986e-16,False,True,False,True,True,False,False
v_proj,18,7,sgd,10,1.4193437616282223,1.4192028838358877,1.4193437616282223,0.00014087779233462605,0.0,0.006449722824627422,0.0013460598340615606,4.5261551006847855e-05,2.0953685677393353e-16,1.991868307730137e-17,0.0013479018949825174,0.9999990916988115,2.363559808021549e-16,1.0000000000000067,0.8205354007417626,1.0247507705358807e-15,False,True,False,True,True,False,False
v_proj,18,7,sgd,50,1.4125719726306254,1.4119028799363778,1.4125719726306254,0.0006690926942476416,0.0,0.029742393080697125,0.006563892167159165,0.0011880296473186034,4.798457193735418e-16,5.63228043373506e-17,0.006662772907101678,0.9999778078641802,4.937397713084935e-16,1.0000000000000047,0.8099391691412083,1.3237010546515678e-15,False,True,False,True,True,False,False
v_proj,19,7,sgd,1,1.379605298897517,1.379605298897517,1.379605298897517,0.0,0.0,9.1050817736715e-16,0.00014761255334352804,6.00065714736494e-18,9.405395408646014e-17,6.00065714736494e-18,0.00015194202022788977,0.9999999884570263,1.2612676021320828e-16,0.9999999999999973,0.8678429057687479,9.118911283307328e-16,False,True,False,True,True,False,False
v_proj,19,7,sgd,10,1.3780552533800285,1.3777288633277969,1.3780552533800285,0.00032639005223167317,0.0,0.004821516270704246,0.0014681422556156766,2.5818227153398548e-05,2.1775563300488102e-16,2.4209168877671824e-17,0.0015096020856239336,0.9999988606002876,2.443663994306935e-16,1.0000000000000018,0.8660861907107763,1.0456834276026553e-15,False,True,False,True,True,False,False
v_proj,19,7,sgd,50,1.3713427075530984,1.3697204741689406,1.3713427075530982,0.0016222333841577896,2.220446049250313e-16,0.023141267474486006,0.007185886805042759,0.0006773099732825696,4.65500942643697e-16,5.933573784116301e-17,0.00738606335733232,0.9999727295314121,4.789880918844644e-16,1.0000000000000062,0.8590844847779491,1.0999556878786621e-15,False,True,False,True,True,False,False
v_proj,20,7,sgd,1,1.5790714658677591,1.5790714658677591,1.5790714658677591,0.0,0.0,1.2171918403027566e-15,0.00012957648243120675,1.1388667319559277e-17,9.460858134850408e-17,1.1388667319559277e-17,0.00014390650126444533,0.9999999896532404,1.271867084304767e-16,0.999999999999998,0.7423569893960397,1.2289633250893674e-15,False,True,False,True,True,False,False
v_proj,20,7,sgd,10,1.577311965981685,1.5775563920956266,1.577311965981685,0.0002444261139415982,0.0,0.0027720669563453316,0.0012904996671359152,1.8701043069921794e-05,2.148440941662547e-16,3.0796759887408614e-17,0.0014334516957130415,0.9999989735429542,2.43260189709823e-16,0.9999999999999934,0.7418861293612597,1.413103059684091e-15,False,True,False,True,True,False,False
v_proj,20,7,sgd,50,1.5695983813026206,1.570878925341227,1.5695983813026206,0.001280544038606335,0.0,0.013199842320446412,0.00635698638018369,0.000499867807542134,4.5542759835107e-16,6.45036234650366e-17,0.00708216431327045,0.9999749650099602,4.743480849430641e-16,1.0000000000000004,0.7398817837235226,1.1331378604863532e-15,False,True,False,True,True,False,False
v_proj,21,7,sgd,1,1.6477300026165596,1.6477300026165596,1.6477300026165596,0.0,0.0,1.2629351132041448e-15,0.00016679720396346054,7.217749844591691e-18,9.398009333563945e-17,7.217749844591691e-18,0.0001960551646513391,0.9999999807831671,1.2493970314434787e-16,1.0000000000000049,0.9726436297609538,1.245621425873928e-15,False,True,False,True,True,False,False
v_proj,21,7,sgd,10,1.6459734498544323,1.6454148491361735,1.6459734498544323,0.0005586007182587505,0.0,0.012401472485439519,0.0016578187300876552,5.5117131470861854e-05,2.207239363619568e-16,2.672414460971278e-17,0.001946166423494471,0.9999981062965135,2.501608467178395e-16,1.0000000000000018,0.9693845004027445,1.411273624980631e-15,False,True,False,True,True,False,False
v_proj,21,7,sgd,50,1.638310082050628,1.6356383802951227,1.6383100820506276,0.0026717017555053513,4.440892098500626e-16,0.05862635096259625,0.008103978826002405,0.0014166540682201557,4.693322278023931e-16,6.64244784040507e-17,0.00957107983273481,0.9999541984201121,4.914441091679591e-16,0.9999999999999979,0.9579169513610347,1.3920152480903379e-15,False,True,False,True,True,False,False
v_proj,22,7,sgd,1,1.6279600318143979,1.627960031814398,1.627960031814398,2.220446049250313e-16,2.220446049250313e-16,9.150402950239032e-16,0.00020696407096159152,5.361585235686407e-18,9.621404850129328e-17,5.361585235686407e-18,0.00021854155236545293,0.9999999761343209,1.254917619395479e-16,1.0000000000000058,0.8960759603160613,8.932409306230695e-16,False,True,False,True,True,False,False
v_proj,22,7,sgd,10,1.6257740973019181,1.625744909178798,1.6257740973019181,2.9188123120027498e-05,0.0,0.0011628207513582271,0.0020611375743282002,1.2985217180040546e-05,2.0885838745055975e-16,2.338816284798936e-17,0.0021746494770996314,0.9999976369743536,2.3461421736816114e-16,1.0,0.8960576340550278,8.101118958827585e-16,False,True,False,True,True,False,False
v_proj,22,7,sgd,50,1.6162853911272415,1.6161137396998466,1.6162853911272415,0.00017165142739483663,0.0,0.005326034807653652,0.010147527962720702,0.00034726329260789456,4.631877585297748e-16,6.843937234281321e-17,0.010680346374923603,0.9999430102286359,4.786367014599586e-16,0.9999999999999978,0.895959683243782,8.733559764128888e-16,False,True,False,True,True,False,False
v_proj,23,7,sgd,1,1.5557461047220655,1.5557461047220655,1.5557461047220655,0.0,0.0,9.410779821356154e-16,0.00016154459422877622,5.328435839933396e-18,1.012122385257438e-16,5.328435839933396e-18,0.00015533317310908939,0.9999999879550918,1.308262236378183e-16,0.9999999999999979,0.915443676115713,9.670204605235526e-16,False,True,False,True,True,False,False
v_proj,23,7,sgd,10,1.554070688504435,1.5541713302004414,1.554070688504435,0.00010064169600632056,0.0,0.0006855368778825783,0.0016082413035682444,5.8655399136494645e-06,2.110573817384492e-16,2.811937450176657e-17,0.0015472256893418338,0.9999988051325662,2.3991577014787867e-16,1.0000000000000022,0.9153809455896076,1.0384336088748086e-15,False,True,False,True,True,False,False
v_proj,23,7,sgd,50,1.5467978839146983,1.5473182971440493,1.5467978839146985,0.0005204132293510355,2.220446049250313e-16,0.0031602115236165065,0.00790611468903469,0.00015626981241946314,4.942467686777287e-16,6.785987302348899e-17,0.007630902810811981,0.999970955291072,5.150187821820341e-16,1.0000000000000067,0.9150644724311672,1.041785239847068e-15,False,True,False,True,True,False,False
o_proj,0,7,sgd,1,1.1645749229965006,1.1645749229965006,1.1645749229965006,0.0,0.0,1.6967506444381304e-15,2.735214433008066e-18,6.579026427691173e-19,2.735214433008066e-18,6.579026427691173e-19,5.253103164525369e-18,0.9999999999999929,5.253103164525369e-18,0.9999999999999929,1.6967506444381313e-15,1.6967506444381313e-15,True,True,True,True,False,False,False
o_proj,0,7,sgd,10,1.1643544737744447,1.164354473774445,1.164354473774445,2.220446049250313e-16,2.220446049250313e-16,1.3429951066435659e-15,9.31429986909191e-18,9.819406102302841e-18,9.31429986909191e-18,9.819406102302841e-18,2.1852982817763988e-17,0.9999999999999989,2.1852982817763988e-17,0.9999999999999989,1.3429951066435659e-15,1.3429951066435659e-15,True,True,True,True,False,False,False
o_proj,0,7,sgd,50,1.16341731578003,1.16341731578003,1.16341731578003,0.0,0.0,1.7151890260938154e-15,2.011726176101353e-17,1.667752051410103e-17,2.011726176101353e-17,1.667752051410103e-17,4.289068917108213e-17,0.9999999999999944,4.289068917108213e-17,0.9999999999999944,1.7151890260938161e-15,1.7151890260938161e-15,True,True,True,True,False,False,False
o_proj,1,7,sgd,1,1.2197829828863944,1.2197829828863944,1.2197829828863944,0.0,0.0,1.5735052948856578e-15,2.3901068358244953e-18,2.54715416798502e-18,2.3901068358244953e-18,2.54715416798502e-18,6.010471236605718e-18,1.0000000000000007,6.010471236605718e-18,1.0000000000000007,1.5735052948856582e-15,1.5735052948856582e-15,True,True,True,True,False,False,False
o_proj,1,7,sgd,10,1.2195401685662295,1.2195401685662293,1.2195401685662293,2.220446049250313e-16,2.220446049250313e-16,1.2081139990147016e-15,9.772958893868215e-18,7.131626071326912e-18,9.772958893868215e-18,7.131626071326912e-18,2.0364688725621714e-17,0.9999999999999919,2.0364688725621714e-17,0.9999999999999919,1.2081139990147014e-15,1.2081139990147014e-15,True,True,True,True,False,False,False
o_proj,1,7,sgd,50,1.218508846497805,1.218508846497805,1.218508846497805,0.0,0.0,1.4506564362335006e-15,2.1344018921698743e-17,1.4006121172732018e-17,2.1344018921698743e-17,1.4006121172732018e-17,4.3692353681215035e-17,0.9999999999999889,4.3692353681215035e-17,0.9999999999999889,1.450656436233501e-15,1.450656436233501e-15,True,True,True,True,False,False,False
o_proj,2,7,sgd,1,1.2063601655138603,1.2063601655138603,1.2063601655138603,0.0,0.0,1.326282854099775e-15,2.390735712213118e-18,3.33934567159193e-19,2.390735712213118e-18,3.33934567159193e-19,4.305214755941559e-18,0.9999999999999988,4.305214755941559e-18,0.9999999999999988,1.3262828540997746e-15,1.3262828540997746e-15,True,True,True,True,False,False,False
o_proj,2,7,sgd,10,1.2061519030768548,1.2061519030768546,1.2061519030768546,2.220446049250313e-16,2.220446049250313e-16,1.4947309039299149e-15,7.456497609366067e-18,6.448572381219724e-18,7.456497609366067e-18,6.448572381219724e-18,1.7619876139785464e-17,0.9999999999999896,1.7619876139785464e-17,0.9999999999999896,1.4947309039299149e-15,1.4947309039299149e-15,True,True,True,True,False,False,False
o_proj,2,7,sgd,50,1.2052650051565714,1.2052650051565716,1.2052650051565716,2.220446049250313e-16,2.220446049250313e-16,1.425758317283247e-15,2.086142666985179e-17,1.4138272012972974e-17,2.086142666985179e-17,1.4138272012972974e-17,4.2567861697331315e-17,0.9999999999999856,4.2567861697331315e-17,0.9999999999999856,1.425758317283247e-15,1.425758317283247e-15,True,True,True,True,False,False,False
o_proj,3,7,sgd,1,1.2651161422692585,1.2651161422692587,1.2651161422692587,2.220446049250313e-16,2.220446049250313e-16,1.911837354454004e-15,5.237686886172552e-18,2.4164613211469277e-18,5.237686886172552e-18,2.4164613211469277e-18,8.593066686763082e-18,1.000000000000008,8.593066686763082e-18,1.000000000000008,1.9118373544540045e-15,1.9118373544540045e-15,True,True,True,True,False,False,False
o_proj,3,7,sgd,10,1.2648982958398984,1.2648982958398984,1.2648982958398984,0.0,0.0,1.5678142777169704e-15,9.78135776616014e-18,5.6450942252618954e-18,9.78135776616014e-18,5.6450942252618954e-18,1.9382911395217478e-17,0.9999999999999852,1.9382911395217478e-17,0.9999999999999852,1.5678142777169708e-15,1.5678142777169708e-15,True,True,True,True,False,False,False
o_proj,3,7,sgd,50,1.2639697295916723,1.2639697295916723,1.2639697295916723,0.0,0.0,1.1753011386581399e-15,2.4141610597658222e-17,1.517110278620259e-17,2.4141610597658222e-17,1.517110278620259e-17,4.5481101138880696e-17,1.0000000000000135,4.5481101138880696e-17,1.0000000000000135,1.1753011386581399e-15,1.1753011386581399e-15,True,True,True,True,False,False,False
o_proj,4,7,sgd,1,1.300010568910761,1.300010568910761,1.300010568910761,0.0,0.0,1.695587775025338e-15,5.159704853832929e-18,7.001738532231312e-19,5.159704853832929e-18,7.001738532231312e-19,7.598352442623702e-18,0.999999999999996,7.598352442623702e-18,0.999999999999996,1.6955877750253402e-15,1.6955877750253402e-15,True,True,True,True,False,False,False
o_proj,4,7,sgd,10,1.2998022283494597,1.2998022283494597,1.2998022283494597,0.0,0.0,1.8130028937425884e-15,1.1626522936782934e-17,6.9288734050292744e-18,1.1626522936782934e-17,6.9288734050292744e-18,2.1335973647138303e-17,1.0000000000000089,2.1335973647138303e-17,1.0000000000000089,1.813002893742589e-15,1.813002893742589e-15,True,True,True,True,False,False,False
o_proj,4,7,sgd,50,1.2989093827491498,1.2989093827491498,1.2989093827491498,0.0,0.0,1.7249907780902166e-15,2.2995439967515687e-17,1.5456014854565088e-17,2.2995439967515687e-17,1.5456014854565088e-17,4.4458459130666764e-17,1.0000000000000246,4.4458459130666764e-17,1.0000000000000246,1.7249907780902156e-15,1.7249907780902156e-15,True,True,True,True,False,False,False
o_proj,5,7,sgd,1,1.3144189333850325,1.3144189333850327,1.3144189333850327,2.220446049250313e-16,2.220446049250313e-16,1.82678243245177e-15,4.0349091963956016e-18,3.500640045426628e-19,4.0349091963956016e-18,3.500640045426628e-19,7.451645052114445e-18,1.000000000000011,7.451645052114445e-18,1.000000000000011,1.8267824324517707e-15,1.8267824324517707e-15,True,True,True,True,False,False,False
o_proj,5,7,sgd,10,1.3142445946299834,1.3142445946299834,1.3142445946299834,0.0,0.0,1.4667061854238315e-15,9.624407490789372e-18,7.148178395201906e-18,9.624407490789372e-18,7.148178395201906e-18,1.9664512225920915e-17,1.0000000000000062,1.9664512225920915e-17,1.0000000000000062,1.4667061854238317e-15,1.4667061854238317e-15,True,True,True,True,False,False,False
o_proj,5,7,sgd,50,1.3134960686690431,1.3134960686690431,1.3134960686690431,0.0,0.0,2.0513805038795123e-15,2.071439445929042e-17,1.7292605244511088e-17,2.071439445929042e-17,1.7292605244511088e-17,4.343211475983178e-17,0.9999999999999869,4.343211475983178e-17,0.9999999999999869,2.0513805038795127e-15,2.0513805038795127e-15,True,True,True,True,False,False,False
o_proj,6,7,sgd,1,1.3188813117632971,1.3188813117632971,1.3188813117632971,0.0,0.0,1.4425842963976908e-15,1.4418607136352904e-18,5.493016165180909e-19,1.4418607136352904e-18,5.493016165180909e-19,4.0948729406945486e-18,1.0000000000000044,4.0948729406945486e-18,1.0000000000000044,1.44258429639769e-15,1.44258429639769e-15,True,True,True,True,False,False,False
o_proj,6,7,sgd,10,1.3186075185994077,1.3186075185994077,1.3186075185994077,0.0,0.0,1.3764360490866658e-15,1.1935018525971857e-17,6.36668245632229e-18,1.1935018525971857e-17,6.36668245632229e-18,2.27908515822757e-17,0.9999999999999829,2.27908515822757e-17,0.9999999999999829,1.376436049086666e-15,1.376436049086666e-15,True,True,True,True,False,False,False
o_proj,6,7,sgd,50,1.317449112897751,1.317449112897751,1.317449112897751,0.0,0.0,1.4639248983360672e-15,2.3039622604023012e-17,1.4267893809898365e-17,2.3039622604023012e-17,1.4267893809898365e-17,4.524864954298588e-17,0.999999999999996,4.524864954298588e-17,0.999999999999996,1.4639248983360672e-15,1.4639248983360672e-15,True,True,True,True,False,False,False
o_proj,7,7,sgd,1,1.324215723923115,1.324215723923115,1.324215723923115,0.0,0.0,1.4500355532203337e-15,2.45210577117567e-18,1.9909913102176545e-18,2.45210577117567e-18,1.9909913102176545e-18,5.848808664045418e-18,0.9999999999999803,5.848808664045418e-18,0.9999999999999803,1.4500355532203345e-15,1.4500355532203345e-15,True,True,True,True,False,False,False
o_proj,7,7,sgd,10,1.3239662284929654,1.3239662284929654,1.3239662284929654,0.0,0.0,1.509955617553862e-15,1.1322675225169741e-17,4.5747980434734164e-18,1.1322675225169741e-17,4.5747980434734164e-18,2.1012403626645497e-17,1.0000000000000164,2.1012403626645497e-17,1.0000000000000164,1.509955617553862e-15,1.509955617553862e-15,True,True,True,True,False,False,False
o_proj,7,7,sgd,50,1.322903891240632,1.322903891240632,1.322903891240632,0.0,0.0,1.6820998108526337e-15,2.4586732374886475e-17,1.4174229312276582e-17,2.4586732374886475e-17,1.4174229312276582e-17,4.624562945585006e-17,0.9999999999999897,4.624562945585006e-17,0.9999999999999897,1.6820998108526327e-15,1.6820998108526327e-15,True,True,True,True,False,False,False
o_proj,8,7,sgd,1,1.3106705061692607,1.3106705061692607,1.3106705061692607,0.0,0.0,1.7552007861245152e-15,2.623256426242191e-18,5.400752268094725e-19,2.623256426242191e-18,5.400752268094725e-19,5.305048442077401e-18,0.9999999999999925,5.305048442077401e-18,0.9999999999999925,1.755200786124517e-15,1.755200786124517e-15,True,True,True,True,False,False,False
o_proj,8,7,sgd,10,1.3104547417089494,1.3104547417089492,1.3104547417089492,2.220446049250313e-16,2.220446049250313e-16,1.3942043299374787e-15,7.522791153113116e-18,5.656719529999679e-18,7.522791153113116e-18,5.656719529999679e-18,1.8027031859043287e-17,0.999999999999988,1.8027031859043287e-17,0.999999999999988,1.3942043299374783e-15,1.3942043299374783e-15,True,True,True,True,False,False,False
o_proj,8,7,sgd,50,1.3095303044429012,1.3095303044429012,1.3095303044429012,0.0,0.0,1.5508701945601458e-15,2.189321327541444e-17,1.2942881454044066e-17,2.189321327541444e-17,1.2942881454044066e-17,4.350217269713222e-17,1.000000000000011,4.350217269713222e-17,1.000000000000011,1.550870194560145e-15,1.550870194560145e-15,True,True,True,True,False,False,False
o_proj,9,7,sgd,1,1.2678575257901132,1.2678575257901132,1.2678575257901132,0.0,0.0,1.8330864665741146e-15,1.7293411370370085e-18,3.749807881795217e-18,1.7293411370370085e-18,3.749807881795217e-18,6.58849196699584e-18,1.0000000000000078,6.58849196699584e-18,1.0000000000000078,1.8330864665741146e-15,1.8330864665741146e-15,True,True,True,True,False,False,False
o_proj,9,7,sgd,10,1.2676386990967157,1.267638699096716,1.267638699096716,2.220446049250313e-16,2.220446049250313e-16,1.6113899438336052e-15,9.658796431444954e-18,7.0883534325144e-18,9.658796431444954e-18,7.0883534325144e-18,2.0595392681143e-17,0.9999999999999862,2.0595392681143e-17,0.9999999999999862,1.6113899438336064e-15,1.6113899438336064e-15,True,True,True,True,False,False,False
o_proj,9,7,sgd,50,1.2667051547806316,1.2667051547806318,1.2667051547806318,2.220446049250313e-16,2.220446049250313e-16,1.7941908692330003e-15,2.269602395583742e-17,1.5018407677967025e-17,2.269602395583742e-17,1.5018407677967025e-17,4.519959600271638e-17,1.0000000000000133,4.519959600271638e-17,1.0000000000000133,1.7941908692330007e-15,1.7941908692330007e-15,True,True,True,True,False,False,False
o_proj,10,7,sgd,1,1.3327263081028362,1.3327263081028362,1.3327263081028362,0.0,0.0,1.5716217173198723e-15,2.6786972840686022e-18,4.191941727598279e-18,2.6786972840686022e-18,4.191941727598279e-18,8.102291523035198e-18,1.0000000000000067,8.102291523035198e-18,1.0000000000000067,1.5716217173198727e-15,1.5716217173198727e-15,True,True,True,True,False,False,False
o_proj,10,7,sgd,10,1.3324809638821933,1.3324809638821933,1.3324809638821933,0.0,0.0,1.847642414234241e-15,1.0877080964234984e-17,6.8055220749096674e-18,1.0877080964234984e-17,6.8055220749096674e-18,2.1471574677990852e-17,1.0000000000000049,2.1471574677990852e-17,1.0000000000000049,1.8476424142342426e-15,1.8476424142342426e-15,True,True,True,True,False,False,False
o_proj,10,7,sgd,50,1.331434612831531,1.331434612831531,1.331434612831531,0.0,0.0,1.864791167169092e-15,2.374333776769317e-17,1.5562357512028164e-17,2.374333776769317e-17,1.5562357512028164e-17,4.59537364172374e-17,1.0000000000000135,4.59537364172374e-17,1.0000000000000135,1.864791167169092e-15,1.864791167169092e-15,True,True,True,True,False,False,False
o_proj,11,7,sgd,1,1.315042189842349,1.315042189842349,1.315042189842349,0.0,0.0,1.305279486046553e-15,2.080280734025237e-18,3.778092371890524e-18,2.080280734025237e-18,3.778092371890524e-18,6.7297554104702464e-18,0.9999999999999971,6.7297554104702464e-18,0.9999999999999971,1.3052794860465532e-15,1.3052794860465532e-15,True,True,True,True,False,False,False
o_proj,11,7,sgd,10,1.3148189153553804,1.3148189153553806,1.3148189153553806,2.220446049250313e-16,2.220446049250313e-16,1.6945089901399287e-15,7.69896874055177e-18,6.3948611716409084e-18,7.69896874055177e-18,6.3948611716409084e-18,1.822046945508374e-17,1.0000000000000289,1.822046945508374e-17,1.0000000000000289,1.6945089901399297e-15,1.6945089901399297e-15,True,True,True,True,False,False,False
o_proj,11,7,sgd,50,1.3138689621601454,1.3138689621601454,1.3138689621601454,0.0,0.0,1.4308165980538735e-15,2.009075774373408e-17,1.3315496892230998e-17,2.009075774373408e-17,1.3315496892230998e-17,4.074878542671202e-17,0.9999999999999831,4.074878542671202e-17,0.9999999999999831,1.430816598053874e-15,1.430816598053874e-15,True,True,True,True,False,False,False
o_proj,12,7,sgd,1,1.3423940477646426,1.3423940477646426,1.3423940477646426,0.0,0.0,1.5139861259720905e-15,3.02902352882788e-18,1.1767871295047838e-19,3.02902352882788e-18,1.1767871295047838e-19,5.8498612629119235e-18,1.0000000000000309,5.8498612629119235e-18,1.0000000000000309,1.5139861259720903e-15,1.5139861259720903e-15,True,True,True,True,False,False,False
o_proj,12,7,sgd,10,1.3421316749091223,1.3421316749091223,1.3421316749091223,0.0,0.0,1.3214295015215063e-15,1.0902553585151302e-17,5.884339529056765e-18,1.0902553585151302e-17,5.884339529056765e-18,2.1257059627436468e-17,0.9999999999999788,2.1257059627436468e-17,0.9999999999999788,1.3214295015215065e-15,1.3214295015215065e-15,True,True,True,True,False,False,False
o_proj,12,7,sgd,50,1.3410177578374198,1.3410177578374203,1.3410177578374203,4.440892098500626e-16,4.440892098500626e-16,1.1932156019578117e-15,2.290960211965926e-17,1.6862441290598797e-17,2.290960211965926e-17,1.6862441290598797e-17,4.626947043029925e-17,0.9999999999999978,4.626947043029925e-17,0.9999999999999978,1.193215601957811e-15,1.193215601957811e-15,True,True,True,True,False,False,False
o_proj,13,7,sgd,1,1.2881137150259194,1.2881137150259194,1.2881137150259194,0.0,0.0,1.4424091848253228e-15,2.3779995995071698e-18,9.605805491655716e-19,2.3779995995071698e-18,9.605805491655716e-19,4.98479932084182e-18,0.9999999999999885,4.98479932084182e-18,0.9999999999999885,1.442409184825324e-15,1.442409184825324e-15,True,True,True,True,False,False,False
o_proj,13,7,sgd,10,1.2878726774060463,1.2878726774060465,1.2878726774060465,2.220446049250313e-16,2.220446049250313e-16,1.5940536075301328e-15,9.693124905351995e-18,6.540979984408304e-18,9.693124905351995e-18,6.540979984408304e-18,2.017967285142908e-17,1.0000000000000058,2.017967285142908e-17,1.0000000000000058,1.5940536075301334e-15,1.5940536075301334e-15,True,True,True,True,False,False,False
o_proj,13,7,sgd,50,1.286853353782254,1.286853353782254,1.286853353782254,0.0,0.0,1.7508946819266055e-15,2.0803146928007688e-17,1.6750405753415707e-17,2.0803146928007688e-17,1.6750405753415707e-17,4.372361042566938e-17,1.000000000000012,4.372361042566938e-17,1.000000000000012,1.750894681926606e-15,1.750894681926606e-15,True,True,True,True,False,False,False
o_proj,14,7,sgd,1,1.3634470274565924,1.3634470274565924,1.3634470274565924,0.0,0.0,1.444599076347074e-15,5.069136751659775e-18,3.7636390505399685e-18,5.069136751659775e-18,3.7636390505399685e-18,9.445198922245848e-18,0.9999999999999756,9.445198922245848e-18,0.9999999999999756,1.4445990763470735e-15,1.4445990763470735e-15,True,True,True,True,False,False,False
o_proj,14,7,sgd,10,1.3631949655130868,1.3631949655130868,1.3631949655130868,0.0,0.0,1.3765787904497276e-15,1.050914286976792e-17,9.434125202049648e-18,1.050914286976792e-17,9.434125202049648e-18,2.22618868134188e-17,0.9999999999999984,2.22618868134188e-17,0.9999999999999984,1.3765787904497282e-15,1.3765787904497282e-15,True,True,True,True,False,False,False
o_proj,14,7,sgd,50,1.3621238618193223,1.3621238618193223,1.3621238618193223,0.0,0.0,1.7818325561840924e-15,2.419997606722786e-17,1.7507022385188472e-17,2.419997606722786e-17,1.7507022385188472e-17,4.8143702958334556e-17,0.999999999999991,4.8143702958334556e-17,0.999999999999991,1.7818325561840928e-15,1.7818325561840928e-15,True,True,True,True,False,False,False
o_proj,15,7,sgd,1,1.3229579847619224,1.3229579847619226,1.3229579847619226,2.220446049250313e-16,2.220446049250313e-16,1.3158180544972417e-15,2.9041083051020514e-18,2.4846646186104482e-18,2.9041083051020514e-18,2.4846646186104482e-18,7.871685885140427e-18,1.000000000000019,7.871685885140427e-18,1.000000000000019,1.3158180544972415e-15,1.3158180544972415e-15,True,True,True,True,False,False,False
o_proj,15,7,sgd,10,1.3226867616943523,1.3226867616943523,1.3226867616943523,0.0,0.0,1.3463925490013081e-15,7.563506506024671e-18,6.657584514530627e-18,7.563506506024671e-18,6.657584514530627e-18,1.942536098888759e-17,0.9999999999999988,1.942536098888759e-17,0.9999999999999988,1.346392549001309e-15,1.346392549001309e-15,True,True,True,True,False,False,False
o_proj,15,7,sgd,50,1.3215417627634674,1.3215417627634674,1.3215417627634674,0.0,0.0,1.543640737132655e-15,2.1472638539790262e-17,1.3321592438174318e-17,2.1472638539790262e-17,1.3321592438174318e-17,4.329369926792301e-17,1.000000000000022,4.329369926792301e-17,1.000000000000022,1.543640737132656e-15,1.543640737132656e-15,True,True,True,True,False,False,False
o_proj,16,7,sgd,1,1.3795249371757825,1.3795249371757825,1.3795249371757825,0.0,0.0,1.2093648063276092e-15,6.837535863036255e-19,5.359422327770977e-19,6.837535863036255e-19,5.359422327770977e-19,3.0822160293929007e-18,1.000000000000011,3.0822160293929007e-18,1.000000000000011,1.2093648063276086e-15,1.2093648063276086e-15,True,True,True,True,False,False,False
o_proj,16,7,sgd,10,1.3792576321615955,1.3792576321615955,1.3792576321615955,0.0,0.0,1.5291887577996016e-15,1.235326539811429e-17,5.528522870068155e-18,1.235326539811429e-17,5.528522870068155e-18,2.131686096002769e-17,0.9999999999999959,2.131686096002769e-17,0.9999999999999959,1.529188757799603e-15,1.529188757799603e-15,True,True,True,True,False,False,False
o_proj,16,7,sgd,50,1.378124989737594,1.378124989737594,1.378124989737594,0.0,0.0,1.0380284150316532e-15,2.50566441389178e-17,1.5021833098528513e-17,2.50566441389178e-17,1.5021833098528513e-17,4.63712983274541e-17,1.0000000000000138,4.63712983274541e-17,1.0000000000000138,1.0380284150316532e-15,1.0380284150316532e-15,True,True,True,True,False,False,False
o_proj,17,7,sgd,1,1.340108749208125,1.340108749208125,1.340108749208125,0.0,0.0,1.152824202339484e-15,2.3692874898483398e-18,1.6932903020182356e-18,2.3692874898483398e-18,1.6932903020182356e-18,5.5286081417024064e-18,0.99999999999998,5.5286081417024064e-18,0.99999999999998,1.1528242023394847e-15,1.1528242023394847e-15,True,True,True,True,False,False,False
o_proj,17,7,sgd,10,1.3397997221087554,1.3397997221087552,1.3397997221087552,2.220446049250313e-16,2.220446049250313e-16,1.207699705451939e-15,9.493911014752276e-18,8.627474833169863e-18,9.493911014752276e-18,8.627474833169863e-18,2.0826062572803968e-17,1.000000000000003,2.0826062572803968e-17,1.000000000000003,1.2076997054519387e-15,1.2076997054519387e-15,True,True,True,True,False,False,False
o_proj,17,7,sgd,50,1.338499628283913,1.3384996282839132,1.3384996282839132,2.220446049250313e-16,2.220446049250313e-16,1.1686337458718914e-15,2.119351159772492e-17,1.549174116208235e-17,2.119351159772492e-17,1.549174116208235e-17,4.3190712401602397e-17,0.9999999999999964,4.3190712401602397e-17,0.9999999999999964,1.1686337458718922e-15,1.1686337458718922e-15,True,True,True,True,False,False,False
o_proj,18,7,sgd,1,1.3876972563907604,1.3876972563907606,1.3876972563907606,2.220446049250313e-16,2.220446049250313e-16,1.4858376146737036e-15,2.383862515725251e-18,1.1725190944116201e-19,2.383862515725251e-18,1.1725190944116201e-19,4.720446374935342e-18,1.0000000000000024,4.720446374935342e-18,1.0000000000000024,1.4858376146737032e-15,1.4858376146737032e-15,True,True,True,True,False,False,False
o_proj,18,7,sgd,10,1.3874372707904086,1.3874372707904086,1.3874372707904086,0.0,0.0,1.2990347472028932e-15,1.0810369839091246e-17,6.4457992382134335e-18,1.0810369839091246e-17,6.4457992382134335e-18,2.1105599599431316e-17,0.9999999999999929,2.1105599599431316e-17,0.9999999999999929,1.2990347472028932e-15,1.2990347472028932e-15,True,True,True,True,False,False,False
o_proj,18,7,sgd,50,1.3863343319817238,1.3863343319817238,1.3863343319817238,0.0,0.0,1.3831898992488931e-15,2.409953228495509e-17,1.225378298379431e-17,2.409953228495509e-17,1.225378298379431e-17,4.440814322395448e-17,1.0000000000000147,4.440814322395448e-17,1.0000000000000147,1.3831898992488937e-15,1.3831898992488937e-15,True,True,True,True,False,False,False
o_proj,19,7,sgd,1,1.305680708935935,1.305680708935935,1.305680708935935,0.0,0.0,1.887204319442997e-15,2.3732131165047833e-18,1.9264136106007325e-18,2.3732131165047833e-18,1.9264136106007325e-18,5.588653520792891e-18,1.0000000000000036,5.588653520792891e-18,1.0000000000000036,1.887204319442996e-15,1.887204319442996e-15,True,True,True,True,False,False,False
o_proj,19,7,sgd,10,1.3054479961820378,1.3054479961820378,1.3054479961820378,0.0,0.0,1.3728452098579402e-15,1.0850757904630346e-17,5.769802569274044e-18,1.0850757904630346e-17,5.769802569274044e-18,1.9907910094626784e-17,1.0000000000000053,1.9907910094626784e-17,1.0000000000000053,1.37284520985794e-15,1.37284520985794e-15,True,True,True,True,False,False,False
o_proj,19,7,sgd,50,1.3044627751000366,1.3044627751000366,1.3044627751000366,0.0,0.0,1.2449453262520559e-15,2.3209082522131256e-17,1.5724082533411172e-17,2.3209082522131256e-17,1.5724082533411172e-17,4.577964426422491e-17,0.9999999999999918,4.577964426422491e-17,0.9999999999999918,1.2449453262520563e-15,1.2449453262520563e-15,True,True,True,True,False,False,False
o_proj,20,7,sgd,1,1.4110010789800636,1.4110010789800636,1.4110010789800636,0.0,0.0,1.6072091906326829e-15,5.846447818621524e-18,7.400532093015622e-19,5.846447818621524e-18,7.400532093015622e-19,8.687393684807124e-18,0.9999999999999865,8.687393684807124e-18,0.9999999999999865,1.6072091906326825e-15,1.6072091906326825e-15,True,True,True,True,False,False,False
o_proj,20,7,sgd,10,1.4107538368090031,1.410753836809003,1.410753836809003,2.220446049250313e-16,2.220446049250313e-16,1.4434165300883853e-15,1.0227227761573471e-17,6.894449537949584e-18,1.0227227761573471e-17,6.894449537949584e-18,2.171674404917413e-17,0.999999999999974,2.171674404917413e-17,0.999999999999974,1.4434165300883853e-15,1.4434165300883853e-15,True,True,True,True,False,False,False
o_proj,20,7,sgd,50,1.4096985918046447,1.4096985918046447,1.4096985918046447,0.0,0.0,1.604656915490905e-15,2.2059860098933618e-17,1.5567928553876813e-17,2.2059860098933618e-17,1.5567928553876813e-17,4.41380342262743e-17,1.0000000000000095,4.41380342262743e-17,1.0000000000000095,1.6046569154909039e-15,1.6046569154909039e-15,True,True,True,True,False,False,False
o_proj,21,7,sgd,1,1.4796331251144796,1.4796331251144799,1.4796331251144799,2.220446049250313e-16,2.220446049250313e-16,1.478865867727882e-15,5.092631044807536e-18,1.4005496303717466e-18,5.092631044807536e-18,1.4005496303717466e-18,8.318559778831036e-18,0.9999999999999848,8.318559778831036e-18,0.9999999999999848,1.4788658677278823e-15,1.4788658677278823e-15,True,True,True,True,False,False,False
o_proj,21,7,sgd,10,1.4793646670540046,1.4793646670540046,1.4793646670540046,0.0,0.0,1.4970673366058512e-15,1.3694626477224504e-17,5.871164045450682e-18,1.3694626477224504e-17,5.871164045450682e-18,2.3804942402100815e-17,1.000000000000008,2.3804942402100815e-17,1.000000000000008,1.4970673366058506e-15,1.4970673366058506e-15,True,True,True,True,False,False,False
o_proj,21,7,sgd,50,1.4782225002094447,1.4782225002094447,1.4782225002094447,0.0,0.0,1.3151490835724196e-15,2.327071265140194e-17,1.5479987895330737e-17,2.327071265140194e-17,1.5479987895330737e-17,4.4719607737913564e-17,1.0000000000000255,4.4719607737913564e-17,1.0000000000000255,1.3151490835724204e-15,1.3151490835724204e-15,True,True,True,True,False,False,False
o_proj,22,7,sgd,1,1.4655853667141951,1.4655853667141954,1.4655853667141954,2.220446049250313e-16,2.220446049250313e-16,1.4840353126619733e-15,1.8211249658024187e-18,9.904998062458987e-19,1.8211249658024187e-18,9.904998062458987e-19,5.270442743090774e-18,1.0000000000000018,5.270442743090774e-18,1.0000000000000018,1.4840353126619743e-15,1.4840353126619743e-15,True,True,True,True,False,False,False
o_proj,22,7,sgd,10,1.4653763009920904,1.4653763009920904,1.4653763009920904,0.0,0.0,1.5414062599338063e-15,8.13364383407614e-18,7.734546939135563e-18,8.13364383407614e-18,7.734546939135563e-18,1.964837816932706e-17,1.0000000000000202,1.964837816932706e-17,1.0000000000000202,1.5414062599338069e-15,1.5414062599338069e-15,True,True,True,True,False,False,False
o_proj,22,7,sgd,50,1.4644807437338823,1.4644807437338823,1.4644807437338823,0.0,0.0,1.5501942629726179e-15,2.3910628070074127e-17,1.7116596217253168e-17,2.3910628070074127e-17,1.7116596217253168e-17,4.705886383970756e-17,0.9999999999999868,4.705886383970756e-17,0.9999999999999868,1.5501942629726185e-15,1.5501942629726185e-15,True,True,True,True,False,False,False
o_proj,23,7,sgd,1,1.4080899837773224,1.4080899837773224,1.4080899837773224,0.0,0.0,1.2864512450443032e-15,3.6066932404781246e-18,8.607691733935647e-19,3.6066932404781246e-18,8.607691733935647e-19,7.080117957974355e-18,0.9999999999999865,7.080117957974355e-18,0.9999999999999865,1.2864512450443034e-15,1.2864512450443034e-15,True,True,True,True,False,False,False
o_proj,23,7,sgd,10,1.4077899522680635,1.4077899522680635,1.4077899522680635,0.0,0.0,1.1071852038811414e-15,1.126113007275283e-17,5.270514223906347e-18,1.126113007275283e-17,5.270514223906347e-18,1.9954482559337923e-17,1.0000000000000027,1.9954482559337923e-17,1.0000000000000027,1.107185203881141e-15,1.107185203881141e-15,True,True,True,True,False,False,False
o_proj,23,7,sgd,50,1.4065226113398108,1.4065226113398108,1.4065226113398108,0.0,0.0,1.5665531171351142e-15,2.2971821057539903e-17,1.6653405092004737e-17,2.2971821057539903e-17,1.6653405092004737e-17,4.669088037443374e-17,1.0000000000000104,4.669088037443374e-17,1.0000000000000104,1.5665531171351156e-15,1.5665531171351156e-15,True,True,True,True,False,False,False
gate_proj,0,7,sgd,1,1.4934998745358348,1.4934998745358348,1.4934998745358348,0.0,0.0,3.2130945048336903e-15,0.0001018091890955741,1.2976844087646729e-18,9.374820902244613e-17,1.2976844087646729e-18,0.00013689713228048404,0.9999999906394523,1.252199082728702e-16,1.0000000000000013,1.3683312824804834,3.2225088371443375e-15,False,True,False,True,True,False,False
gate_proj,0,7,sgd,10,1.4933391328528403,1.4931406070052013,1.4933391328528403,0.00019852584763890846,0.0,0.014953950975190294,0.0010016682522228863,6.35171988593275e-07,2.1837269744217245e-16,4.164258019581775e-18,0.0013431855617923197,0.9999990987661294,2.441344691100414e-16,1.000000000000019,1.3380871148526847,2.6053893986989448e-15,False,True,False,True,True,False,False
gate_proj,0,7,sgd,50,1.4926616853322292,1.4917306766156877,1.4926616853322294,0.0009310087165415037,2.220446049250313e-16,0.08201094203095588,0.004666498007144817,1.6421175291958067e-05,4.74946438604831e-16,8.816891956115695e-18,0.006179719908815348,0.999980915128712,4.912494855597639e-16,1.000000000000028,1.2140228645888513,2.3640689361447077e-15,False,True,False,True,True,False,False
gate_proj,1,7,sgd,1,1.499411052429149,1.499411052429149,1.499411052429149,0.0,0.0,2.5560350994622636e-15,0.09812080525483566,2.779273288283067e-19,9.335189490116329e-17,2.779273288283067e-19,0.140082202916618,0.9903305587350353,1.2467904316085226e-16,1.000000000000028,1279.9495186681072,2.5361425356417326e-15,False,True,False,True,True,False,False
gate_proj,1,7,sgd,10,1.4992456030686123,nan,1.4992456030686123,nan,0.0,nan,nan,nan,2.234027214902103e-16,4.18034746026486e-18,nan,nan,2.4707439407909136e-16,0.999999999999997,nan,2.1996239767633287e-15,False,True,False,True,True,False,True
gate_proj,1,7,sgd,50,1.4985489760484345,nan,1.4985489760484343,nan,2.220446049250313e-16,nan,nan,nan,4.85481937383293e-16,8.691434871745448e-18,nan,nan,5.017230625930995e-16,0.9999999999999984,nan,3.795293210269656e-15,False,True,False,True,True,False,True
gate_proj,2,7,sgd,1,1.5165431521930488,1.516543152193049,1.516543152193049,2.220446049250313e-16,2.220446049250313e-16,2.6477320299144557e-15,0.049975234732307375,1.2637565480316394e-18,9.580833187025287e-17,1.2637565480316394e-18,0.050377085710616464,0.9987334840606925,1.2769015539419742e-16,1.0000000000000142,598.4648199138359,2.6402439094759023e-15,False,True,False,True,True,False,False
gate_proj,2,7,sgd,10,1.5163518097574968,nan,1.5163518097574968,nan,0.0,nan,nan,nan,2.233007076764911e-16,4.0816097134603e-18,nan,nan,2.4940652654629885e-16,0.9999999999999916,nan,2.9248646479604486e-15,False,True,False,True,True,False,True
gate_proj,2,7,sgd,50,1.51554658844329,nan,1.5155465884432904,nan,4.440892098500626e-16,nan,nan,nan,4.777515553356467e-16,7.984117538276498e-18,nan,nan,4.929744283939233e-16,1.000000000000004,nan,2.680466186530646e-15,False,True,False,True,True,False,True
gate_proj,3,7,sgd,1,1.4813323598436061,1.4813323598436063,1.4813323598436063,2.220446049250313e-16,2.220446049250313e-16,3.235102864233514e-15,0.03850855345597758,8.852852840673903e-19,9.250654916421776e-17,8.852852840673903e-19,0.03478079673843733,0.9993956953715768,1.2392648854434812e-16,0.9999999999999574,482.8672130814767,3.1486612479483175e-15,False,True,False,True,True,False,False
gate_proj,3,7,sgd,10,1.4811588686582857,nan,1.4811588686582855,nan,2.220446049250313e-16,nan,nan,nan,2.2108612210550222e-16,3.546652103914377e-18,nan,nan,2.4725833187614977e-16,1.0000000000000004,nan,3.552794493549345e-15,False,True,False,True,True,False,True
gate_proj,3,7,sgd,50,1.4804260435459393,nan,1.4804260435459393,nan,0.0,nan,nan,nan,4.612928811605398e-16,8.12978224972882e-18,nan,nan,4.780999029667901e-16,1.0,nan,3.827688281391574e-15,False,True,False,True,True,False,True
gate_proj,4,7,sgd,1,1.4720528885629103,1.4720528885629098,1.4720528885629098,4.440892098500626e-16,4.440892098500626e-16,2.682344325335861e-15,0.02238007846949401,1.0083601874668582e-19,9.557893332701803e-17,1.0083601874668582e-19,0.020650595906985147,0.9997868448327909,1.2833034217184192e-16,0.9999999999999825,305.477906260722,2.6359175345712467e-15,False,True,False,True,True,False,False
gate_proj,4,7,sgd,10,1.4719049633922807,nan,1.4719049633922807,nan,0.0,nan,nan,nan,2.1636280720742773e-16,3.047761000831241e-18,nan,nan,2.4098332901094564e-16,0.9999999999999969,nan,2.1663066964634306e-15,False,True,False,True,True,False,True
gate_proj,4,7,sgd,50,1.4712793874829155,nan,1.4712793874829155,nan,0.0,nan,nan,nan,4.822198340007411e-16,8.481893078390002e-18,nan,nan,4.983784411529272e-16,1.000000000000009,nan,3.1044796293393436e-15,False,True,False,True,True,False,True
gate_proj,5,7,sgd,1,1.5231224113223931,1.5231224113223931,1.5231224113223931,0.0,0.0,2.7075794745781186e-15,0.12876071327756886,1.0116182748380885e-18,9.813853196073071e-17,1.0116182748380885e-18,0.1228849091991286,0.9925341083635941,1.3014729438441153e-16,0.9999999999999948,2079.1022983016996,2.6850029100079757e-15,False,True,False,True,True,False,False
gate_proj,5,7,sgd,10,1.5230109665499705,nan,1.5230109665499705,nan,0.0,nan,nan,nan,2.250556599504029e-16,3.856937856976302e-18,nan,nan,2.5094403366279705e-16,1.0000000000000218,nan,2.4086554321497868e-15,False,True,False,True,True,False,True
gate_proj,5,7,sgd,50,1.5225380403252289,nan,1.5225380403252287,nan,2.220446049250313e-16,nan,nan,nan,4.665078733581261e-16,7.903785877959918e-18,nan,nan,4.827970605572098e-16,1.0000000000000073,nan,3.0976129283299563e-15,False,True,False,True,True,False,True
gate_proj,6,7,sgd,1,1.4453777225369593,1.4453777225369593,1.4453777225369593,0.0,0.0,2.631993417566856e-15,0.1074258327516437,3.1974560101171395e-19,9.19504836455728e-17,3.1974560101171395e-19,0.1346412133639324,0.9910572882959718,1.243224651027729e-16,1.000000000000011,1246.1551756136537,2.6224080888713383e-15,False,True,False,True,True,False,False
gate_proj,6,7,sgd,10,1.4451780065568907,nan,1.4451780065568907,nan,0.0,nan,nan,nan,2.256784136613458e-16,2.609223873762053e-18,nan,nan,2.5078511429114593e-16,1.0000000000000238,nan,2.5585034531418218e-15,False,True,False,True,True,False,True
gate_proj,6,7,sgd,50,1.4443372213737582,nan,1.4443372213737582,nan,0.0,nan,nan,nan,4.756745416681638e-16,8.889635465217472e-18,nan,nan,4.922427411436248e-16,1.0000000000000093,nan,2.8787158397084618e-15,False,True,False,True,True,False,True
gate_proj,7,7,sgd,1,1.4357876552670312,1.4357876552670312,1.4357876552670312,0.0,0.0,3.850899803064034e-15,0.04896227960018734,1.7131290887973076e-18,9.374565193385452e-17,1.7131290887973076e-18,0.06274698261593209,0.9980372071706205,1.24941212685254e-16,1.0000000000000393,722.8976086812662,3.832313880217477e-15,False,True,False,True,True,False,False
gate_proj,7,7,sgd,10,1.4356568469511235,nan,1.4356568469511235,nan,0.0,nan,nan,nan,2.1865701957618325e-16,3.6500590880530505e-18,nan,nan,2.4519426062510114e-16,1.0000000000000115,nan,2.296113757700079e-15,False,True,False,True,True,False,True
gate_proj,7,7,sgd,50,1.4351030342568247,nan,1.4351030342568245,nan,2.220446049250313e-16,nan,nan,nan,4.815083791621705e-16,8.64232367761963e-18,nan,nan,5.013585186253394e-16,0.9999999999999982,nan,2.86351540232084e-15,False,True,False,True,True,False,True
gate_proj,8,7,sgd,1,1.4398322105330144,1.4398322105330144,1.4398322105330144,0.0,0.0,2.3086838261545547e-15,0.18650297585146738,1.055427218036085e-18,9.20589685390563e-17,1.055427218036085e-18,0.27612844107815826,0.9639268871345661,1.2434588561146092e-16,0.9999999999999458,2165.9356205447857,2.295323775831503e-15,False,True,False,True,True,False,False
gate_proj,8,7,sgd,10,1.4396320487864256,nan,1.4396320487864256,nan,0.0,nan,nan,nan,2.23239628903026e-16,3.866303407885588e-18,nan,nan,2.490441468390601e-16,0.9999999999999819,nan,2.0547391342663835e-15,False,True,False,True,True,False,True
gate_proj,8,7,sgd,50,1.4387905488886175,nan,1.4387905488886175,nan,0.0,nan,nan,nan,4.739952944157791e-16,8.638934938428863e-18,nan,nan,4.892320222986275e-16,1.0000000000000304,nan,2.921856561409853e-15,False,True,False,True,True,False,True
gate_proj,9,7,sgd,1,1.400355768974403,1.400355768974403,1.400355768974403,0.0,0.0,2.5262391224198513e-15,0.29673192076818816,2.7139979368223704e-19,9.253320665531291e-17,2.7139979368223704e-19,0.43871409526941335,0.9157489165635857,1.2418137451271562e-16,1.0000000000000577,3373.7452178945696,2.480734916103836e-15,False,True,False,True,True,False,False
gate_proj,9,7,sgd,10,1.4001478218524765,nan,1.4001478218524765,nan,0.0,nan,nan,nan,2.1928254866164213e-16,3.693712922185673e-18,nan,nan,2.4535022892749813e-16,0.9999999999999879,nan,2.6559161999854454e-15,False,True,False,True,True,False,True
gate_proj,9,7,sgd,50,1.399273991271577,nan,1.399273991271577,nan,0.0,nan,nan,nan,4.7960494239828185e-16,7.733574315463193e-18,nan,nan,4.957332074692884e-16,1.0000000000000209,nan,2.4968169046865134e-15,False,True,False,True,True,False,True
gate_proj,10,7,sgd,1,1.4156584337678233,1.4156584337678233,1.4156584337678233,0.0,0.0,2.9645721243038208e-15,8.787024547021335e-05,1.9324373972194425e-18,9.597066965633335e-17,1.9324373972194425e-18,0.00011776294679156788,0.9999999930677357,1.2821251372857923e-16,0.9999999999999648,1.1750281177417863,2.986752554761373e-15,False,True,False,True,True,False,False
gate_proj,10,7,sgd,10,1.415502588244366,1.4152553512499926,1.4155025882443657,0.00024723699437334545,2.220446049250313e-16,0.020659868769712743,0.0008690815741465532,8.206037746192214e-07,2.1346559313624893e-16,3.626171289623844e-18,0.0011622850555506696,0.9999993247472545,2.413333673252393e-16,1.0000000000000528,1.1608892821685313,2.10184664952751e-15,False,True,False,True,True,False,False
gate_proj,10,7,sgd,50,1.414844857549152,1.4137116349129815,1.4148448575491517,0.001133222636170439,2.220446049250313e-16,0.11214957691951036,0.004148135494528295,2.0935717925571163e-05,4.664612026372473e-16,8.878984504236642e-18,0.005497946414707567,0.9999848928822632,4.853847589902602e-16,1.0000000000000417,1.1074920393238852,2.7180277850936067e-15,False,True,False,True,True,False,False
gate_proj,11,7,sgd,1,1.3634136088461364,1.3634136088461362,1.3634136088461362,2.220446049250313e-16,2.220446049250313e-16,2.896295917764226e-15,8.698760590191437e-05,1.817160501113578e-18,9.375682417107228e-17,1.817160501113578e-18,0.0001168005428677396,0.9999999931818598,1.259891054027992e-16,0.9999999999999808,1.0831947581150119,2.883442871250802e-15,False,True,False,True,True,False,False
gate_proj,11,7,sgd,10,1.3632368610686754,1.3630160495811745,1.3632368610686754,0.00022081148750086044,0.0,0.01621168918227562,0.0008619782605696304,6.765248982894275e-07,2.231061981624965e-16,3.603056711606741e-18,0.0011554813130059392,0.9999993327527751,2.514083196588669e-16,0.9999999999999611,1.0746560760319979,2.2637517178648358e-15,False,True,False,True,True,False,False
gate_proj,11,7,sgd,50,1.3624924760642598,1.3614649117777067,1.3624924760642598,0.001027564286553151,0.0,0.08808358389309365,0.004145273854915715,1.7387538930414637e-05,4.814590067892e-16,8.990474193428397e-18,0.0055171118714196525,0.99998479017682,5.023514931911035e-16,0.9999999999999534,1.0417100555093168,2.133298203398352e-15,False,True,False,True,True,False,False
gate_proj,12,7,sgd,1,1.3876117596711959,1.3876117596711959,1.3876117596711959,0.0,0.0,2.9955199355994205e-15,7.606171220467324e-05,9.359628608815182e-19,9.055490448145895e-17,9.359628608815182e-19,0.0001023929415097438,0.9999999947585742,1.2311654421658657e-16,1.0000000000000062,1.0793505590621533,3.0098032361210427e-15,False,True,False,True,True,False,False
gate_proj,12,7,sgd,10,1.3874657932211467,1.3872957462905129,1.3874657932211467,0.00017004693063382703,0.0,0.015895115091682507,0.0007533914006326684,6.039407575002296e-07,2.187507590253753e-16,2.6377518565907218e-18,0.0010124522200770216,0.9999994875497429,2.4443122617236725e-16,1.0000000000000187,1.0698280138207712,3.24942105260567e-15,False,True,False,True,True,False,False
gate_proj,12,7,sgd,50,1.3868507599263227,1.386060278922795,1.3868507599263231,0.0007904810035277432,4.440892098500626e-16,0.08571167021364826,0.003616915028469502,1.548592309733291e-05,4.762693312002047e-16,8.344473523866662e-18,0.004824681633970502,0.9999883639079225,4.978008923417465e-16,1.0000000000000573,1.0332939161425765,2.240202572580372e-15,False,True,False,True,True,False,False
gate_proj,13,7,sgd,1,1.3499270477941256,1.3499270477941254,1.3499270477941254,2.220446049250313e-16,2.220446049250313e-16,2.5995521389393365e-15,9.02192586515232e-05,9.22232125144493e-19,9.417759718288244e-17,9.22232125144493e-19,0.00012594038405051768,0.9999999920736503,1.2517156446730388e-16,1.0000000000000087,1.0164647585347824,2.6068896437112373e-15,False,True,False,True,True,False,False
gate_proj,13,7,sgd,10,1.349709798079112,1.3494981906277028,1.3497097980791117,0.00021160745140913484,2.220446049250313e-16,0.013241432855174491,0.0008942892255110819,5.895270903538272e-07,2.1513526134925154e-16,3.1624667888902182e-18,0.0012469393771004358,0.9999992230036534,2.4178623238542813e-16,0.9999999999999696,1.009658428965643,2.8483775999268533e-15,False,True,False,True,True,False,False
gate_proj,13,7,sgd,50,1.3487983365479093,1.3478109483660203,1.3487983365479095,0.0009873881818889263,2.220446049250313e-16,0.0720261597178379,0.004305382297038464,1.5145081848806019e-05,4.629719916296288e-16,6.966224373037722e-18,0.005973148268111142,0.9999821734282912,4.818167111716852e-16,0.9999999999999687,0.9829357977560865,2.6352182408588902e-15,False,True,False,True,True,False,False
gate_proj,14,7,sgd,1,1.394324387829611,1.394324387829611,1.394324387829611,0.0,0.0,2.100016033411652e-15,5.73789009412468e-05,4.091548333477575e-19,9.579295403868044e-17,4.091548333477575e-19,7.45584700944854e-05,0.9999999972214462,1.277021591507835e-16,0.9999999999999987,0.8280937017580375,2.0961379870219635e-15,False,True,False,True,True,False,False
gate_proj,14,7,sgd,10,1.394188146093589,1.3941363098231898,1.394188146093589,5.183627039917482e-05,0.0,0.005224113067410542,0.0005704281001798855,2.012769379369579e-07,2.177787509802222e-16,2.5331274426332916e-18,0.000740371051913788,0.999999726021406,2.441561872204432e-16,0.9999999999999687,0.8265708733221122,2.8785025182582015e-15,False,True,False,True,True,False,False
gate_proj,14,7,sgd,50,1.3936127306823864,1.3933601277956553,1.3936127306823862,0.00025260288673112363,2.220446049250313e-16,0.027894390667039245,0.0027799524695988906,5.2636911755305196e-06,4.720655553107673e-16,6.895123945985388e-18,0.003590095531339249,0.9999935581580912,4.854388747771528e-16,1.0000000000000462,0.8204428702675574,2.505970696028087e-15,False,True,False,True,True,False,False
gate_proj,15,7,sgd,1,1.378435008847141,1.3784350088471409,1.3784350088471409,2.220446049250313e-16,2.220446049250313e-16,2.6609545870342083e-15,4.993624098506583e-05,1.6506416950252387e-18,9.273154282594455e-17,1.6506416950252387e-18,5.995012967216564e-05,0.9999999982045622,1.2474510378133306e-16,1.000000000000011,0.774992894013111,2.6795603905520524e-15,False,True,False,True,True,False,False
gate_proj,15,7,sgd,10,1.3783136531729787,1.3782884592690194,1.3783136531729787,2.5193903959275232e-05,0.0,0.0028653187066881936,0.0004970480418104273,1.0649789721068556e-07,2.2281499834311487e-16,3.057080902404636e-18,0.0005960004052753582,0.9999998225481095,2.485252966013559e-16,0.9999999999999808,0.7743743679483889,2.4035860996318824e-15,False,True,False,True,True,False,False
gate_proj,15,7,sgd,50,1.3777975339004767,1.3776731427650213,1.3777975339004767,0.00012439113545537062,0.0,0.015216802989543544,0.002435167026219403,2.800182081291525e-06,4.679430515848499e-16,8.6949961761522e-18,0.0029044888154053264,0.999995785834114,4.82087772743127e-16,0.9999999999999998,0.7718203692147196,2.9855392158656113e-15,False,True,False,True,True,False,False
gate_proj,16,7,sgd,1,1.4262785799553162,1.426278579955316,1.426278579955316,2.220446049250313e-16,2.220446049250313e-16,2.485676279319548e-15,3.607015886871701e-05,1.1157520388434108e-18,9.547313697519008e-17,1.1157520388434108e-18,4.2462606438952455e-05,0.9999999990998499,1.2777823020555248e-16,1.0000000000000289,0.6080933640194303,2.4746275221554727e-15,False,True,False,True,True,False,False
gate_proj,16,7,sgd,10,1.4261736884913896,1.4262018021941307,1.4261736884913896,2.8113702741139335e-05,0.0,0.002460574922425406,0.000359123844617033,1.1011931701274699e-07,2.2246349105986957e-16,3.9581487704199606e-18,0.00042233961943710196,0.9999999109473502,2.4679676160450564e-16,1.000000000000014,0.6075120396938063,2.9530326252644602e-15,False,True,False,True,True,False,False
gate_proj,16,7,sgd,50,1.4257258585692876,1.4258702182936356,1.4257258585692876,0.0001443597243480088,0.0,0.013165811587397895,0.001761306977767792,2.943021555002572e-06,4.745825570174857e-16,7.821252305476467e-18,0.0020621121825447532,0.999997876878831,4.898010908424908e-16,0.9999999999999778,0.604988607197753,2.9899860802519407e-15,False,True,False,True,True,False,False
gate_proj,17,7,sgd,1,1.4578500719744023,1.4578500719744023,1.4578500719744023,0.0,0.0,2.5025088187308497e-15,4.470367408438283e-05,9.14166537991038e-19,9.278550521117468e-17,9.14166537991038e-19,5.4123481681530684e-05,0.9999999985355966,1.233373309360529e-16,1.0000000000000129,0.7030474477838332,2.508457842871179e-15,False,True,False,True,True,False,False
gate_proj,17,7,sgd,10,1.4577310005976944,1.4577795919059118,1.4577310005976944,4.859130821732727e-05,0.0,0.00373836443971015,0.000445011103238702,1.757091740609005e-07,2.1220720013858766e-16,3.876302424993491e-18,0.0005382643483437296,0.9999998551618033,2.4029935892864943e-16,1.0000000000000178,0.7022472316325074,1.997917407053039e-15,False,True,False,True,True,False,False
gate_proj,17,7,sgd,50,1.457222858598448,1.457473442622729,1.457222858598448,0.0002505840242810198,0.0,0.019998496563097466,0.002180998927115585,4.703025241304443e-06,4.639113768940287e-16,9.931100031609528e-18,0.002626864489113424,0.9999965503449771,4.759463546262874e-16,0.9999999999999907,0.6987442496191478,3.1661117066928823e-15,False,True,False,True,True,False,False
gate_proj,18,7,sgd,1,1.4271594696599512,1.4271594696599514,1.4271594696599514,2.220446049250313e-16,2.220446049250313e-16,2.7083420629711797e-15,4.336464267473062e-05,3.0009416175665853e-19,9.13913476046119e-17,3.0009416175665853e-19,5.25035998868694e-05,0.9999999986235788,1.2249314675854445e-16,0.9999999999999813,0.7067981973180611,2.7190590607618628e-15,False,True,False,True,True,False,False
gate_proj,18,7,sgd,10,1.4270488814699902,1.4270931871076724,1.4270488814699902,4.430563768220708e-05,0.0,0.003946706587584605,0.00043159065047185095,1.6809440763128536e-07,2.1624172297272707e-16,3.0786940256628442e-18,0.0005219775927225812,0.9999998639564326,2.417425537594904e-16,0.9999999999999873,0.7060076748451285,3.6201873132054044e-15,False,True,False,True,True,False,False
gate_proj,18,7,sgd,50,1.4265781759649583,1.4268057798743972,1.4265781759649585,0.0002276039094388782,2.220446049250313e-16,0.02106363249254078,0.002113313377674728,4.492594779611454e-06,4.699004626420592e-16,8.395898917304733e-18,0.002543637890591324,0.9999967691960321,4.891413380275338e-16,0.9999999999999947,0.7025650720175575,2.839522744465292e-15,False,True,False,True,True,False,False
gate_proj,19,7,sgd,1,1.414990479569139,1.414990479569139,1.414990479569139,0.0,0.0,3.0657420501419642e-15,4.6000226198103976e-05,9.104214300638784e-19,9.185153893825755e-17,9.104214300638784e-19,5.706038502373178e-05,0.9999999983750035,1.2295263552094829e-16,0.9999999999999802,0.7118772737448675,3.0563334530201937e-15,False,True,False,True,True,False,False
gate_proj,19,7,sgd,10,1.414869107211436,1.4149364379729563,1.4148691072114359,6.733076152021233e-05,2.220446049250313e-16,0.00588655750674446,0.00045749493950871054,2.4441024182445844e-07,2.1306713064910868e-16,3.5729457171757844e-18,0.0005667905177143279,0.999999839663364,2.384084226871517e-16,1.0000000000000095,0.7104788903762076,2.814114611116566e-15,False,True,False,True,True,False,False
gate_proj,19,7,sgd,50,1.4143539701958214,1.414700483646218,1.4143539701958212,0.00034651345039660164,2.220446049250313e-16,0.03132840047174392,0.0022331318349928958,6.531016768526197e-06,4.626821277438815e-16,7.942566600193202e-18,0.002751455936423851,0.9999962212548418,4.748684825619549e-16,0.9999999999999529,0.704335053245065,3.0035633711826745e-15,False,True,False,True,True,False,False
gate_proj,20,7,sgd,1,1.4004276608719008,1.4004276608719008,1.4004276608719008,0.0,0.0,2.593947801764619e-15,5.800195389116299e-05,1.2678186732004537e-18,9.226380908631527e-17,1.2678186732004537e-18,7.779880284179034e-05,0.9999999969776695,1.235563477682416e-16,0.9999999999999851,0.7307174841171865,2.5901935001355604e-15,False,True,False,True,True,False,False
gate_proj,20,7,sgd,10,1.4002525226770923,1.4003608482765753,1.4002525226770923,0.00010832559948292797,0.0,0.006931359399037849,0.0005764954812877459,3.132856367217313e-07,2.2246344783683753e-16,3.680278123665747e-18,0.0007725271138296661,0.99999970199052,2.4691909934680625e-16,1.0000000000000147,0.729079144718687,2.204583635811695e-15,False,True,False,True,True,False,False
gate_proj,20,7,sgd,50,1.3995137058645997,1.4000691385579371,1.3995137058645992,0.0005554326933374654,4.440892098500626e-16,0.03690200874879545,0.002806118693743314,8.356745637721974e-06,4.754253916088978e-16,7.594470867784397e-18,0.003744388216798688,0.9999929983296398,4.944858408274962e-16,1.0000000000000209,0.721817779393708,2.9653182669707214e-15,False,True,False,True,True,False,False
gate_proj,21,7,sgd,1,1.3944911485861946,1.394491148586195,1.394491148586195,4.440892098500626e-16,4.440892098500626e-16,2.586128200908152e-15,0.0001540354864497123,1.2055087361842177e-19,9.307053166417818e-17,1.2055087361842177e-19,0.00019365414612566907,0.99999998125611,1.24123839665803e-16,0.9999999999999807,1.6180829383618145,2.5955254425609023e-15,False,True,False,True,True,False,False
gate_proj,21,7,sgd,10,1.3942448511647814,1.393343715660749,1.3942448511647814,0.0009011355040322577,0.0,0.17527319414474926,0.001186550363996172,1.4050756683492489e-05,2.221849249458909e-16,3.531938104225305e-18,0.0014406635444580874,0.9999989629918978,2.477382955265636e-16,1.000000000000027,1.0460005957408922,1.9969583805509195e-15,False,True,False,True,True,False,False
gate_proj,21,7,sgd,50,1.3932090506570474,1.392545943115584,1.3932090506570474,0.0006631075414633703,0.0,0.2832418366983248,0.0041122382543934115,0.00019150069715881846,4.650486965973622e-16,8.217342432210206e-18,0.0053829321717401984,0.9999855289086705,4.799936206151903e-16,1.0000000000000497,0.7982501452248737,3.4459029448172664e-15,False,True,False,True,True,False,False
gate_proj,22,7,sgd,1,1.369388621985358,1.3693886219853577,1.3693886219853577,2.220446049250313e-16,2.220446049250313e-16,2.431045388908178e-15,0.2009750619699577,1.1202730484288878e-18,9.592425508978057e-17,1.1202730484288878e-18,0.18897610382622695,0.9826086098918501,1.2574508201523484e-16,1.0000000000000506,2373.7244133970207,2.4381963441914195e-15,False,True,False,True,True,False,False
gate_proj,22,7,sgd,10,1.3691896404407393,nan,1.369189640440739,nan,2.220446049250313e-16,nan,nan,nan,2.1818048161358517e-16,3.168352837950191e-18,nan,nan,2.416819808766285e-16,0.9999999999999913,nan,2.4819108215475487e-15,False,True,False,True,True,False,True
gate_proj,22,7,sgd,50,1.3683525373322056,nan,1.3683525373322056,nan,0.0,nan,nan,nan,4.742703310329844e-16,8.299413533899923e-18,nan,nan,4.924595379091187e-16,1.0000000000000273,nan,2.0555621485722527e-15,False,True,False,True,True,False,True
gate_proj,23,7,sgd,1,1.4142588040256174,1.4142588040256174,1.4142588040256174,0.0,0.0,3.599797076955659e-15,0.0567118105375899,1.975226126985547e-18,9.69249698157264e-17,1.975226126985547e-18,0.06740688195307235,0.9977358893564627,1.284095077822829e-16,0.9999999999999656,508.049471230819,3.584314477978264e-15,False,True,False,True,True,False,False
gate_proj,23,7,sgd,10,1.413926153077753,nan,1.413926153077753,nan,0.0,nan,nan,nan,2.1576798307704554e-16,3.550594933615719e-18,nan,nan,2.4076610004605476e-16,1.0000000000000193,nan,2.739105713155138e-15,False,True,False,True,True,False,True
gate_proj,23,7,sgd,50,1.412538039797031,nan,1.412538039797031,nan,0.0,nan,nan,nan,4.611460187788898e-16,8.72441731805003e-18,nan,nan,4.751323532150157e-16,1.0000000000000007,nan,1.98551929429868e-15,False,True,False,True,True,False,True
up_proj,0,7,sgd,1,1.31787932494554,1.3178793249455403,1.3178793249455403,2.220446049250313e-16,2.220446049250313e-16,2.4278059577255214e-15,8.589350508490832e-05,1.825935661001331e-18,9.511167540439809e-17,1.825935661001331e-18,0.00010377528943948548,0.9999999946265419,1.2763234997863965e-16,0.999999999999958,1.3480508885270797,2.4310548758929233e-15,False,True,False,True,True,False,False
up_proj,0,7,sgd,10,1.3177607907666946,1.3176187367241132,1.3177607907666946,0.00014205404258138543,0.0,0.011939776333990822,0.0008480600850117387,4.959612299547483e-07,2.1881688799687158e-16,3.922156382439804e-18,0.0010211850236998656,0.9999994796058856,2.4446042734369915e-16,1.0000000000000064,1.325303832928424,2.455027467933005e-15,False,True,False,True,True,False,False
up_proj,0,7,sgd,50,1.3172568345705409,1.3165703072941513,1.3172568345705409,0.0006865272763896257,0.0,0.06470293695999846,0.004012097136180687,1.2972202960477132e-05,4.785625225662138e-16,7.650562239542748e-18,0.004760050085032164,0.9999886869794891,4.975714942099146e-16,1.0000000000000453,1.231569283199836,2.7493566827187606e-15,False,True,False,True,True,False,False
up_proj,1,7,sgd,1,1.2690349524155418,1.2690349524155418,1.2690349524155418,0.0,0.0,2.634348369571383e-15,0.08896774676365016,7.983465514153721e-19,9.331302729032998e-17,7.983465514153721e-19,0.10269210477737138,0.9947685007845632,1.246513132853766e-16,0.9999999999999807,1510.8576356586334,2.6387742244412913e-15,False,True,False,True,True,False,False
up_proj,1,7,sgd,10,1.2689329778301215,nan,1.2689329778301213,nan,2.220446049250313e-16,nan,nan,nan,2.180425389463109e-16,3.3984950021632713e-18,nan,nan,2.4461256072853413e-16,1.0000000000000295,nan,3.181521366602695e-15,False,True,False,True,True,False,True
up_proj,1,7,sgd,50,1.2684987575839837,nan,1.2684987575839837,nan,0.0,nan,nan,nan,4.669005351912059e-16,8.559978421472087e-18,nan,nan,4.832072046617275e-16,0.9999999999999932,nan,3.3048488393277385e-15,False,True,False,True,True,False,True
up_proj,2,7,sgd,1,1.2833159476479887,1.2833159476479892,1.2833159476479892,4.440892098500626e-16,4.440892098500626e-16,2.411981562621953e-15,0.0746382618254286,1.862041575666826e-18,9.596040514210147e-17,1.862041575666826e-18,0.09113168241498816,0.9958731970039116,1.2869607413507446e-16,1.000000000000008,1436.773127632406,2.42464372320846e-15,False,True,False,True,True,False,False
up_proj,2,7,sgd,10,1.283233337743727,nan,1.283233337743727,nan,0.0,nan,nan,nan,2.2214766900147515e-16,3.993157558039411e-18,nan,nan,2.4949717044780377e-16,0.9999999999999745,nan,3.208190826479711e-15,False,True,False,True,True,False,True
up_proj,2,7,sgd,50,1.2828810696147277,nan,1.282881069614728,nan,2.220446049250313e-16,nan,nan,nan,4.769328586132479e-16,8.73591904553779e-18,nan,nan,4.909508899506582e-16,1.000000000000043,nan,2.5522307638687055e-15,False,True,False,True,True,False,True
up_proj,3,7,sgd,1,1.28793478098872,1.28793478098872,1.28793478098872,0.0,0.0,2.6491286946110075e-15,0.06177928660399666,5.687840827271455e-20,9.444698091181455e-17,5.687840827271455e-20,0.07762035357807315,0.9970010896065575,1.266244045748842e-16,0.9999999999999825,1043.5780625288544,2.8213355064544325e-15,False,True,False,True,True,False,False
up_proj,3,7,sgd,10,1.2878316520734927,nan,1.287831652073493,nan,2.220446049250313e-16,nan,nan,nan,2.2175896481049524e-16,2.791959142003632e-18,nan,nan,2.4776859607993173e-16,1.0000000000000213,nan,3.2302839774944722e-15,False,True,False,True,True,False,True
up_proj,3,7,sgd,50,1.2873923974620072,nan,1.2873923974620067,nan,4.440892098500626e-16,nan,nan,nan,4.598117560700004e-16,7.255193221895234e-18,nan,nan,4.76527760538541e-16,0.9999999999999959,nan,3.512650654269969e-15,False,True,False,True,True,False,True
up_proj,4,7,sgd,1,1.308021597255672,1.308021597255672,1.308021597255672,0.0,0.0,2.812756246449558e-15,0.028233017782755547,4.891474399572336e-19,9.411097844604176e-17,4.891474399572336e-19,0.036082171533307984,0.9993496739906113,1.2615689188585976e-16,0.9999999999999786,483.92495746318616,2.7797474655690167e-15,False,True,False,True,True,False,False
up_proj,4,7,sgd,10,1.3079221300766106,nan,1.3079221300766106,nan,0.0,nan,nan,nan,2.215154902765876e-16,3.2137065769431284e-18,nan,nan,2.477288864596736e-16,0.9999999999999971,nan,2.3649263790541962e-15,False,True,False,True,True,False,True
up_proj,4,7,sgd,50,1.3074977787390871,nan,1.307497778739087,nan,2.220446049250313e-16,nan,nan,nan,4.785597553803947e-16,8.517046908989387e-18,nan,nan,4.911983762770083e-16,1.0000000000000324,nan,3.024089945920692e-15,False,True,False,True,True,False,True
up_proj,5,7,sgd,1,1.272678698467705,1.2726786984677048,1.2726786984677048,2.220446049250313e-16,2.220446049250313e-16,3.007038387433733e-15,0.16199619699807913,1.0220995516834825e-18,9.454917047132382e-17,1.0220995516834825e-18,0.2041197411876384,0.9797968025796849,1.2651140354441186e-16,1.000000000000004,2625.468949731,2.9955380817056953e-15,False,True,False,True,True,False,False
up_proj,5,7,sgd,10,1.272568676519673,nan,1.272568676519673,nan,0.0,nan,nan,nan,2.185481438390502e-16,3.2597976318149324e-18,nan,nan,2.445156001507733e-16,0.9999999999999837,nan,2.8516873898534435e-15,False,True,False,True,True,False,True
up_proj,5,7,sgd,50,1.2721010584340948,nan,1.2721010584340946,nan,2.220446049250313e-16,nan,nan,nan,4.79463624282053e-16,7.129444768094231e-18,nan,nan,4.970149536270255e-16,1.000000000000023,nan,3.18828801263175e-15,False,True,False,True,True,False,True
up_proj,6,7,sgd,1,1.3246678118423398,1.3246678118423396,1.3246678118423396,2.220446049250313e-16,2.220446049250313e-16,2.4680890231923067e-15,0.11149512478474895,9.644578138583178e-19,9.374268596893709e-17,9.644578138583178e-19,0.1433916435976966,0.9898753166941929,1.2586473189317355e-16,1.0000000000000169,1861.1230729302358,2.455542576874724e-15,False,True,False,True,True,False,False
up_proj,6,7,sgd,10,1.3245626542010014,nan,1.3245626542010014,nan,0.0,nan,nan,nan,2.1397870826683804e-16,3.4813899689698806e-18,nan,nan,2.407327510561064e-16,1.0000000000000262,nan,3.16293492826005e-15,False,True,False,True,True,False,True
up_proj,6,7,sgd,50,1.3241151140787628,nan,1.3241151140787624,nan,4.440892098500626e-16,nan,nan,nan,4.736253393671834e-16,8.671925594945596e-18,nan,nan,4.882774362994491e-16,0.9999999999999978,nan,3.00229169043338e-15,False,True,False,True,True,False,True
up_proj,7,7,sgd,1,1.3419566594772026,1.3419566594772026,1.3419566594772026,0.0,0.0,2.5988772085805484e-15,0.038793722731008604,8.87263156159417e-19,9.512995095718535e-17,8.87263156159417e-19,0.047637999177292334,0.9988672421208524,1.273834348074108e-16,0.9999999999999893,643.0239227587513,2.604180650578429e-15,False,True,False,True,True,False,False
up_proj,7,7,sgd,10,1.3418497647893322,nan,1.341849764789332,nan,2.220446049250313e-16,nan,nan,nan,2.1821361364033329e-16,2.609568116648016e-18,nan,nan,2.433270934219572e-16,1.0000000000000067,nan,2.6100623770868345e-15,False,True,False,True,True,False,True
up_proj,7,7,sgd,50,1.341395372399262,nan,1.341395372399262,nan,0.0,nan,nan,nan,4.649479408706173e-16,9.072527904409027e-18,nan,nan,4.819455230562919e-16,0.9999999999999833,nan,2.5912283449876535e-15,False,True,False,True,True,False,True
up_proj,8,7,sgd,1,1.3501414008692139,1.3501414008692139,1.3501414008692139,0.0,0.0,3.03413537586874e-15,0.09252572179255752,9.641644386110083e-19,9.290370615429609e-17,9.641644386110083e-19,0.10924451885797776,0.9940857132132894,1.2470263441221918e-16,1.0000000000000326,1597.0948488856252,3.0287604347759602e-15,False,True,False,True,True,False,False
up_proj,8,7,sgd,10,1.3500430369616614,nan,1.3500430369616612,nan,2.220446049250313e-16,nan,nan,nan,2.1975086614637921e-16,4.137898777691324e-18,nan,nan,2.449026136104246e-16,1.0000000000000213,nan,2.72449312318374e-15,False,True,False,True,True,False,True
up_proj,8,7,sgd,50,1.3496247624381514,nan,1.3496247624381514,nan,0.0,nan,nan,nan,4.75967879957815e-16,9.073968114923472e-18,nan,nan,4.949407529157205e-16,1.0000000000000546,nan,2.2494919299922895e-15,False,True,False,True,True,False,True
up_proj,9,7,sgd,1,1.3300716914010373,1.3300716914010373,1.3300716914010373,0.0,0.0,3.1519334132422823e-15,0.1287672855145139,1.6241840758515446e-18,9.538474007825559e-17,1.6241840758515446e-18,0.1442331435479499,0.9897579467303347,1.2645572713970848e-16,0.9999999999999882,2246.9151556272636,3.1532438145266914e-15,False,True,False,True,True,False,False
up_proj,9,7,sgd,10,1.3299753330177158,nan,1.3299753330177158,nan,0.0,nan,nan,nan,2.2150693452984044e-16,3.595165016914197e-18,nan,nan,2.477424365803955e-16,1.0000000000000124,nan,2.4808281812623148e-15,False,True,False,True,True,False,True
up_proj,9,7,sgd,50,1.3295643070948302,nan,1.3295643070948306,nan,4.440892098500626e-16,nan,nan,nan,4.623054035291695e-16,7.935161793662948e-18,nan,nan,4.761797752134514e-16,0.9999999999999915,nan,3.2768351892358426e-15,False,True,False,True,True,False,True
up_proj,10,7,sgd,1,1.3225109487159423,1.3225109487159423,1.3225109487159423,0.0,0.0,3.116284703752166e-15,6.964707378099213e-05,1.1501481942863437e-18,9.229672589119664e-17,1.1501481942863437e-18,8.267119792185097e-05,0.9999999965831676,1.2449329656415947e-16,0.9999999999999719,1.1425274366600808,3.0858205097544552e-15,False,True,False,True,True,False,False
up_proj,10,7,sgd,10,1.322404280065513,1.3222540367491826,1.322404280065513,0.00015024331633028964,0.0,0.014360291574639708,0.0006909617928774494,5.872538575352793e-07,2.2128997958338473e-16,3.957507746040834e-18,0.0008185019618419429,0.9999996650762393,2.491218209725327e-16,1.0000000000000064,1.1339625396865929,2.8742889377834805e-15,False,True,False,True,True,False,False
up_proj,10,7,sgd,50,1.3219503533236518,1.3212301187084374,1.321950353323652,0.0007202346152144212,2.220446049250313e-16,0.07726959965950365,0.0033393738443517115,1.530146226561119e-05,4.754386081593463e-16,8.208377205862002e-18,0.003921983970515969,0.9999923107175518,4.969957012353779e-16,1.0000000000000089,1.1003709026657191,3.224533071159394e-15,False,True,False,True,True,False,False
up_proj,11,7,sgd,1,1.3254261630576643,1.3254261630576643,1.3254261630576643,0.0,0.0,2.5898183350945255e-15,6.23969585288609e-05,5.904290368788556e-19,9.314962566324054e-17,5.904290368788556e-19,7.339320262436864e-05,0.9999999973077724,1.2541505110790695e-16,1.000000000000012,1.046789510587694,2.563908488324381e-15,False,True,False,True,True,False,False
up_proj,11,7,sgd,10,1.3253228124623313,1.3252157592504625,1.3253228124623313,0.00010705321186876837,0.0,0.010545454658499554,0.0006199972758807533,4.268157336385975e-07,2.231948537654023e-16,2.4389607023192738e-18,0.0007280464832978119,0.9999997350835234,2.501929908874706e-16,1.0000000000000069,1.0421062566388033,2.957390516236052e-15,False,True,False,True,True,False,False
up_proj,11,7,sgd,50,1.32488284928871,1.32436182943193,1.32488284928871,0.0005210198567799917,0.0,0.056521587728624395,0.0030156565077352052,1.1182121355524377e-05,4.780158359121105e-16,8.024919731936022e-18,0.003516176611109304,0.9999938213652969,4.935530402220146e-16,1.0000000000000047,1.0234671546483982,2.64175448526021e-15,False,True,False,True,True,False,False
up_proj,12,7,sgd,1,1.334708675791374,1.334708675791374,1.334708675791374,0.0,0.0,2.5836291955824064e-15,5.728273334500479e-05,7.915016324360753e-19,9.390942022756825e-17,7.915016324360753e-19,6.634047699667231e-05,0.9999999977996386,1.2524604300139766e-16,0.9999999999999967,1.0568240069964137,2.5897000731887657e-15,False,True,False,True,True,False,False
up_proj,12,7,sgd,10,1.3346185918192774,1.3345261142349747,1.3346185918192774,9.247758430275255e-05,0.0,0.010967000643229374,0.0005689933083353052,4.0912163075229346e-07,2.1506374334450866e-16,5.173485788576136e-18,0.0006577154179395408,0.9999997837213636,2.4415770046099866e-16,0.999999999999986,1.0511677097609802,2.622727292056968e-15,False,True,False,True,True,False,False
up_proj,12,7,sgd,50,1.334234404930543,1.333784680334919,1.334234404930543,0.0004497245956240903,0.0,0.058276288132688155,0.002764009172477304,1.069573111630365e-05,4.521931702560913e-16,9.008766513711841e-18,0.003169542420737377,0.9999949775588812,4.690643127059656e-16,0.99999999999997,1.0288978587370736,2.5752004073314236e-15,False,True,False,True,True,False,False
up_proj,13,7,sgd,1,1.369093021740468,1.3690930217404678,1.3690930217404678,2.220446049250313e-16,2.220446049250313e-16,2.875406102596092e-15,6.146503420747889e-05,1.6017514290766586e-18,9.451615073555927e-17,1.6017514290766586e-18,7.258205205984593e-05,0.9999999973671145,1.2618888646019922e-16,1.0000000000000493,0.9908748842640971,2.8710087730203827e-15,False,True,False,True,True,False,False
up_proj,13,7,sgd,10,1.368980687963989,1.3688878925869343,1.3689806879639892,9.279537705464413e-05,2.220446049250313e-16,0.008819338834260153,0.0006109530903032638,3.620466444176909e-07,2.1941764972952272e-16,4.184733921901358e-18,0.0007202414284060328,0.9999997407444521,2.4527366863586654e-16,0.9999999999999998,0.9870605058006847,2.445629511302548e-15,False,True,False,True,True,False,False
up_proj,13,7,sgd,50,1.3685023748194842,1.3680484812340519,1.3685023748194842,0.00045389358543235225,0.0,0.04709188653728183,0.0029760620684513585,9.489704347467954e-06,4.660468381136045e-16,8.541501657689782e-18,0.003483179451694733,0.99999393704461,4.841578424846923e-16,0.9999999999999796,0.9718409211751666,2.8572728915498583e-15,False,True,False,True,True,False,False
up_proj,14,7,sgd,1,1.3468760453769462,1.3468760453769464,1.3468760453769464,2.220446049250313e-16,2.220446049250313e-16,2.7280468248461792e-15,4.901736617618561e-05,2.3753766250180288e-18,9.325872519621504e-17,2.3753766250180288e-18,5.938880216026737e-05,0.9999999982377473,1.2462964560592478e-16,0.9999999999999706,0.8294311440007028,2.7342806784546536e-15,False,True,False,True,True,False,False
up_proj,14,7,sgd,10,1.346772767616959,1.3467340925936326,1.346772767616959,3.8675023326328883e-05,0.0,0.004561261202223855,0.0004876817988370818,1.6431462220336504e-07,2.206262075598801e-16,4.9826641450854776e-18,0.0005901155015487561,0.9999998260078707,2.4723929768112974e-16,1.0000000000000124,0.8280760585788746,2.3536209458747087e-15,False,True,False,True,True,False,False
up_proj,14,7,sgd,50,1.3463336476269632,1.3461425455706053,1.346333647626963,0.00019110205635786137,2.220446049250313e-16,0.024296986985256428,0.002384703960088676,4.322926153510147e-06,4.74789239637284e-16,8.789920372845053e-18,0.0028695498653912932,0.9999958860884994,4.918970376320456e-16,0.9999999999999712,0.8225648222567975,2.9884843983958435e-15,False,True,False,True,True,False,False
up_proj,15,7,sgd,1,1.3848307395394779,1.3848307395394779,1.3848307395394779,0.0,0.0,2.3881598686690924e-15,4.791391466078625e-05,2.25991879631548e-19,9.171447214965521e-17,2.25991879631548e-19,5.8213778795442754e-05,0.9999999983081851,1.2406873824666978e-16,0.9999999999999878,0.7618354152907715,2.386571094624066e-15,False,True,False,True,True,False,False
up_proj,15,7,sgd,10,1.384715617625306,1.3846967941071198,1.384715617625306,1.8823518186161792e-05,0.0,0.00216522155026501,0.0004769659615581006,8.503235738893205e-08,2.1770309474188839e-16,3.5528499266066874e-18,0.000578869230682323,0.9999998327135101,2.44793960059287e-16,1.0000000000000342,0.7615074045438329,2.7290232957316485e-15,False,True,False,True,True,False,False
up_proj,15,7,sgd,50,1.384226585765137,1.384132830396359,1.384226585765137,9.375536877809232e-05,0.0,0.01152077547008226,0.00233767883971468,2.2442611422305273e-06,4.74715124553831e-16,7.220320954787895e-18,0.002823595082270046,0.9999960199539222,4.936350813061108e-16,1.000000000000037,0.7601508554086238,1.9921460077720006e-15,False,True,False,True,True,False,False
up_proj,16,7,sgd,1,1.353448856061693,1.3534488560616933,1.3534488560616933,2.220446049250313e-16,2.220446049250313e-16,2.3983516841847297e-15,3.640838190617318e-05,1.0488739211280651e-18,9.354073556668715e-17,1.0488739211280651e-18,4.223142361190672e-05,0.9999999991111695,1.2516123502481367e-16,1.000000000000049,0.5994957735904463,2.3909233490507885e-15,False,True,False,True,True,False,False
up_proj,16,7,sgd,10,1.3533398515347357,1.3533708976280636,1.3533398515347357,3.104609332793551e-05,0.0,0.00274317325808734,0.00036245625253498266,1.1579844184242452e-07,2.1757369803990883e-16,2.998880810169898e-18,0.0004199242808917576,0.999999912113338,2.4518594260553143e-16,0.9999999999999681,0.5988933884135685,2.3074225277522725e-15,False,True,False,True,True,False,False
up_proj,16,7,sgd,50,1.352875200636252,1.353034285785174,1.352875200636252,0.0001590851489219336,0.0,0.014644118683826538,0.0017769350757482175,3.0907270879167772e-06,4.791182040704419e-16,7.811794961535635e-18,0.0020478774701635453,0.9999979095561965,4.945820048600672e-16,1.0000000000000033,0.5962993072691792,3.1552526377547587e-15,False,True,False,True,True,False,False
up_proj,17,7,sgd,1,1.3414551607504055,1.3414551607504055,1.3414551607504055,0.0,0.0,3.161868192452353e-15,4.083520714038638e-05,9.243379710506409e-19,9.201662022867928e-17,9.243379710506409e-19,4.792714666766323e-05,0.9999999988549837,1.2426900420116582e-16,0.9999999999999998,0.6961486284129643,3.163486255876661e-15,False,True,False,True,True,False,False
up_proj,17,7,sgd,10,1.341352721443893,1.3413964500897892,1.341352721443893,4.3728645896301543e-05,0.0,0.004222079722158817,0.00040643129503658946,1.6770119788568846e-07,2.189103339797883e-16,3.704618183055841e-18,0.00047642983202201194,0.9999998868497444,2.4405127653639887e-16,1.0000000000000289,0.6952708179848209,2.405578911577776e-15,False,True,False,True,True,False,False
up_proj,17,7,sgd,50,1.3409164607598083,1.34114136736205,1.3409164607598083,0.00022490660224172565,0.0,0.022516543498207923,0.0019904461199535665,4.48220284177439e-06,4.742975423082032e-16,7.225450224917561e-18,0.00232061447811438,0.9999973152190798,4.870516618757945e-16,0.9999999999999805,0.69145507935936,2.787567269230641e-15,False,True,False,True,True,False,False
up_proj,18,7,sgd,1,1.362711104980982,1.3627111049809821,1.3627111049809821,2.220446049250313e-16,2.220446049250313e-16,2.929506386160337e-15,4.406421623451338e-05,1.2376895232953983e-18,9.242942983072292e-17,1.2376895232953983e-18,5.327793153069305e-05,0.9999999985853714,1.2413551570130935e-16,1.0000000000000595,0.7008105428458549,2.9463450803406605e-15,False,True,False,True,True,False,False
up_proj,18,7,sgd,10,1.362595695056622,1.3626441371071887,1.362595695056622,4.844205056664386e-05,0.0,0.004337395909195561,0.0004384750718822069,1.750066205893429e-07,2.173435434447139e-16,3.534499700053144e-18,0.0005295167541955521,0.9999998602587099,2.449374819685318e-16,0.9999999999999557,0.6999293748350918,3.1098164672090673e-15,False,True,False,True,True,False,False
up_proj,18,7,sgd,50,1.3621053737844127,1.3623537159384278,1.3621053737844127,0.0002483421540151465,0.0,0.02313506984116395,0.0021453564695068403,4.671379776887229e-06,4.765939332620836e-16,8.525750645687018e-18,0.002576956530388472,0.9999966900268608,4.942647556001713e-16,1.0000000000000049,0.6961021416885868,2.756947022391106e-15,False,True,False,True,True,False,False
up_proj,19,7,sgd,1,1.3741619834911718,1.3741619834911718,1.3741619834911718,0.0,0.0,2.5310017496417467e-15,4.2713920330234354e-05,1.3998753087335632e-18,9.389116905941878e-17,1.3998753087335632e-18,4.962700162397094e-05,0.999999998771983,1.2515354040005057e-16,1.000000000000019,0.7113242841810847,2.5072858178228553e-15,False,True,False,True,True,False,False
up_proj,19,7,sgd,10,1.374055620393021,1.3741142678374674,1.374055620393021,5.864744444639136e-05,0.0,0.005147592388877516,0.00042509339472977147,2.2023921405453434e-07,2.1874117357652487e-16,3.9025529511888195e-18,0.000493268170006135,0.9999998786765376,2.4490973388984395e-16,0.9999999999999376,0.7101092037694897,3.2690318565275888e-15,False,True,False,True,True,False,False
up_proj,19,7,sgd,50,1.3736020117875738,1.37390565172028,1.3736020117875738,0.00030363993270610123,0.0,0.027436836648722485,0.002081010860297281,5.900258046027346e-06,4.691534772388163e-16,7.360453563532658e-18,0.002401292891821546,0.9999971244923758,4.845956503353905e-16,0.9999999999999714,0.7047738069104538,2.531401096867241e-15,False,True,False,True,True,False,False
up_proj,20,7,sgd,1,1.3907746228658562,1.3907746228658562,1.3907746228658562,0.0,0.0,2.688017475713501e-15,4.222121440873766e-05,1.8075359470669506e-18,9.263746734785872e-17,1.8075359470669506e-18,4.952175360688144e-05,0.9999999987776249,1.2399973346529514e-16,1.0000000000000124,0.7276074163993455,2.681558347743957e-15,False,True,False,True,True,False,False
up_proj,20,7,sgd,10,1.3906737133854914,1.39073260053448,1.3906737133854914,5.88871489886067e-05,0.0,0.005735432395768674,0.00042010253558750886,2.312475312471909e-07,2.180033686057482e-16,4.349464517947639e-18,0.0004920987836324311,0.9999998792926958,2.4487071940955447e-16,1.0000000000000122,0.7263018842050454,3.35601653828102e-15,False,True,False,True,True,False,False
up_proj,20,7,sgd,50,1.3902439498841999,1.390548596687964,1.3902439498841996,0.00030464680376418585,2.220446049250313e-16,0.030542692250976253,0.002054696260693301,6.194830069400253e-06,4.764272586443129e-16,8.673355469992352e-18,0.0023929399243489864,0.999997145453839,4.933233500426154e-16,1.000000000000016,0.7205580292568564,3.199271059831497e-15,False,True,False,True,True,False,False
up_proj,21,7,sgd,1,1.4024777446815895,1.4024777446815895,1.4024777446815895,0.0,0.0,3.19817134838309e-15,0.00012615530749850927,1.003001808571978e-18,9.327644544707154e-17,1.003001808571978e-18,0.00015298919570364304,0.9999999883034656,1.238975572439956e-16,1.0000000000000113,2.06423889247862,3.225087213868585e-15,False,True,False,True,True,False,False
up_proj,21,7,sgd,10,1.4023677384417208,1.4016412494695143,1.4023677384417208,0.0007264889722065071,0.0,0.24543538431841802,0.0009316612996937802,1.2128882502591462e-05,2.145325471810606e-16,3.38391300204208e-18,0.001038636679889279,0.9999994612833552,2.401864025544516e-16,1.000000000000009,1.2172778991555,3.147203850293792e-15,False,True,False,True,True,False,False
up_proj,21,7,sgd,50,1.4018996936274601,1.4011409683107214,1.40189969362746,0.0007587253167387065,2.220446049250313e-16,0.39079338027461225,0.0028918594518813055,0.00016482807132513008,4.754216900748465e-16,8.397751754290627e-18,0.0032475675646230382,0.9999947425661119,4.904977041465218e-16,0.9999999999999912,0.8192023794899332,2.2362257262030934e-15,False,True,False,True,True,False,False
up_proj,22,7,sgd,1,1.4074158688452065,1.4074158688452065,1.4074158688452065,0.0,0.0,2.346186224666686e-15,0.23938204612576416,3.369817307685704e-19,9.378747195122737e-17,3.369817307685704e-19,0.300309932318827,0.9577448376839195,1.2412033560879278e-16,1.0000000000000573,3842.216266625737,2.3525264214123023e-15,False,True,False,True,True,False,False
up_proj,22,7,sgd,10,1.4073013719676712,nan,1.4073013719676708,nan,4.440892098500626e-16,nan,nan,nan,2.216360826564762e-16,3.606827142954696e-18,nan,nan,2.4637073206009553e-16,1.0000000000000522,nan,2.5039741794110806e-15,False,True,False,True,True,False,True
up_proj,22,7,sgd,50,1.4068161584369983,nan,1.406816158436998,nan,2.220446049250313e-16,nan,nan,nan,4.691723067017529e-16,7.572528313283808e-18,nan,nan,4.857521115715865e-16,0.9999999999999865,nan,2.6436901863349e-15,False,True,False,True,True,False,True
up_proj,23,7,sgd,1,1.406083137643451,1.406083137643451,1.406083137643451,0.0,0.0,2.9955482885373054e-15,0.06000058794588524,8.63734099784512e-19,9.430106200928414e-17,8.63734099784512e-19,0.07332098643021653,0.997322823908507,1.2619999059287582e-16,0.9999999999999802,981.392759754598,3.0161417821100343e-15,False,True,False,True,True,False,False
up_proj,23,7,sgd,10,1.405971234729807,nan,1.405971234729807,nan,0.0,nan,nan,nan,2.26753776035613e-16,3.746393162742335e-18,nan,nan,2.5125216195641345e-16,1.0000000000000682,nan,2.2128759374320445e-15,False,True,False,True,True,False,True
up_proj,23,7,sgd,50,1.405496049370937,nan,1.405496049370937,nan,0.0,nan,nan,nan,4.752532745028762e-16,8.887487752465918e-18,nan,nan,4.902089584199259e-16,1.000000000000049,nan,2.816971033211372e-15,False,True,False,True,True,False,True
down_proj,0,7,sgd,1,2.7078185062194895,2.7078185062194895,2.7078185062194895,0.0,0.0,2.6371720391477323e-15,7.948339074572624e-18,8.985401584785211e-18,7.948339074572624e-18,8.985401584785211e-18,2.0638569056611637e-17,1.0000000000000124,2.0638569056611637e-17,1.0000000000000124,2.637172039147734e-15,2.637172039147734e-15,True,True,True,True,False,False,False
down_proj,0,7,sgd,10,2.700635555372471,2.7006355553724712,2.7006355553724712,4.440892098500626e-16,4.440892098500626e-16,2.1635568914183374e-15,2.2581257505287676e-17,2.5869219609191828e-17,2.2581257505287676e-17,2.5869219609191828e-17,5.580085234226677e-17,1.0000000000000062,5.580085234226677e-17,1.0000000000000062,2.1635568914183358e-15,2.1635568914183358e-15,True,True,True,True,False,False,False
down_proj,0,7,sgd,50,2.6770599497584806,2.6770599497584806,2.6770599497584806,0.0,0.0,3.3630839942763166e-15,4.986184326727622e-17,5.69517676780267e-17,4.986184326727622e-17,5.69517676780267e-17,1.0981034134944724e-16,0.9999999999999667,1.0981034134944724e-16,0.9999999999999667,3.3630839942763135e-15,3.3630839942763135e-15,True,True,True,True,False,False,False
down_proj,1,7,sgd,1,2.5033157117603753,2.5033157117603753,2.5033157117603753,0.0,0.0,2.961932356512125e-15,8.371255002550307e-18,1.0631945186268001e-17,8.371255002550307e-18,1.0631945186268001e-17,2.1269483638900126e-17,0.9999999999999529,2.1269483638900126e-17,0.9999999999999529,2.9619323565121225e-15,2.9619323565121225e-15,True,True,True,True,False,False,False
down_proj,1,7,sgd,10,2.49771534186941,2.49771534186941,2.49771534186941,0.0,0.0,2.877395711796145e-15,2.279671127722768e-17,2.833778754081101e-17,2.279671127722768e-17,2.833778754081101e-17,5.775676181505793e-17,1.0000000000000195,5.775676181505793e-17,1.0000000000000195,2.877395711796148e-15,2.877395711796148e-15,True,True,True,True,False,False,False
down_proj,1,7,sgd,50,2.4788806187339336,2.4788806187339336,2.4788806187339336,0.0,0.0,3.491530403504142e-15,4.884464015097133e-17,5.969000507512742e-17,4.884464015097133e-17,5.969000507512742e-17,1.1091199379007201e-16,0.9999999999999898,1.1091199379007201e-16,0.9999999999999898,3.4915304035041396e-15,3.4915304035041396e-15,True,True,True,True,False,False,False
down_proj,2,7,sgd,1,2.5906742781556726,2.5906742781556726,2.5906742781556726,0.0,0.0,2.4172789286396874e-15,6.714118454269987e-18,8.853463787447046e-18,6.714118454269987e-18,8.853463787447046e-18,1.8937855132467545e-17,1.0000000000000002,1.8937855132467545e-17,1.0000000000000002,2.4172789286396893e-15,2.4172789286396893e-15,True,True,True,True,False,False,False
down_proj,2,7,sgd,10,2.584904673627932,2.584904673627932,2.584904673627932,0.0,0.0,2.2750575623947257e-15,2.155237018512443e-17,2.685800532313204e-17,2.155237018512443e-17,2.685800532313204e-17,5.569756305719785e-17,0.9999999999999707,5.569756305719785e-17,0.9999999999999707,2.2750575623947253e-15,2.2750575623947253e-15,True,True,True,True,False,False,False
down_proj,2,7,sgd,50,2.5651345314226512,2.5651345314226512,2.5651345314226512,0.0,0.0,2.7384101285242064e-15,4.962128220500979e-17,6.159046434028691e-17,4.962128220500979e-17,6.159046434028691e-17,1.1226335913340335e-16,1.0000000000000164,1.1226335913340335e-16,1.0000000000000164,2.7384101285242044e-15,2.7384101285242044e-15,True,True,True,True,False,False,False
down_proj,3,7,sgd,1,2.5723580878567067,2.5723580878567067,2.5723580878567067,0.0,0.0,2.405482431922107e-15,7.860980291820516e-18,7.535019218940445e-18,7.860980291820516e-18,7.535019218940445e-18,1.8531337546253878e-17,1.000000000000056,1.8531337546253878e-17,1.000000000000056,2.4054824319221075e-15,2.4054824319221075e-15,True,True,True,True,False,False,False
down_proj,3,7,sgd,10,2.564951010683051,2.5649510106830506,2.5649510106830506,4.440892098500626e-16,4.440892098500626e-16,2.4817470625951294e-15,2.2495041037326574e-17,2.7518940123045807e-17,2.2495041037326574e-17,2.7518940123045807e-17,5.655432298045397e-17,0.9999999999999883,5.655432298045397e-17,0.9999999999999883,2.4817470625951302e-15,2.4817470625951302e-15,True,True,True,True,False,False,False
down_proj,3,7,sgd,50,2.540476019868522,2.5404760198685215,2.5404760198685215,4.440892098500626e-16,4.440892098500626e-16,2.9538590070853467e-15,4.899503347078006e-17,5.763081685145333e-17,4.899503347078006e-17,5.763081685145333e-17,1.093523676292719e-16,0.99999999999997,1.093523676292719e-16,0.99999999999997,2.9538590070853444e-15,2.9538590070853444e-15,True,True,True,True,False,False,False
down_proj,4,7,sgd,1,2.6451357523238475,2.6451357523238475,2.6451357523238475,0.0,0.0,2.265842443921471e-15,7.205971061783258e-18,8.046185026626423e-18,7.205971061783258e-18,8.046185026626423e-18,1.8115415410095987e-17,1.0000000000000226,1.8115415410095987e-17,1.0000000000000226,2.2658424439214703e-15,2.2658424439214703e-15,True,True,True,True,False,False,False
down_proj,4,7,sgd,10,2.6375519291197724,2.6375519291197724,2.6375519291197724,0.0,0.0,2.514677831765119e-15,2.3267198525744704e-17,2.6167253123765e-17,2.3267198525744704e-17,2.6167253123765e-17,5.661407056083829e-17,0.9999999999999969,5.661407056083829e-17,0.9999999999999969,2.5146778317651154e-15,2.5146778317651154e-15,True,True,True,True,False,False,False
down_proj,4,7,sgd,50,2.612791746415612,2.612791746415612,2.612791746415612,0.0,0.0,2.0085463091837393e-15,4.867276266346384e-17,5.708405840674116e-17,4.867276266346384e-17,5.708405840674116e-17,1.0894505114909376e-16,1.0000000000000249,1.0894505114909376e-16,1.0000000000000249,2.008546309183741e-15,2.008546309183741e-15,True,True,True,True,False,False,False
down_proj,5,7,sgd,1,2.5204800014997297,2.5204800014997293,2.5204800014997293,4.440892098500626e-16,4.440892098500626e-16,2.274540870369777e-15,6.26176763705423e-18,6.9319438630042106e-18,6.26176763705423e-18,6.9319438630042106e-18,1.6385610369005408e-17,0.9999999999999927,1.6385610369005408e-17,0.9999999999999927,2.2745408703697765e-15,2.2745408703697765e-15,True,True,True,True,False,False,False
down_proj,5,7,sgd,10,2.513683680670318,2.5136836806703178,2.5136836806703178,4.440892098500626e-16,4.440892098500626e-16,2.4830722299391862e-15,1.9236076717055582e-17,2.2828696208161874e-17,1.9236076717055582e-17,2.2828696208161874e-17,4.989229384665678e-17,1.0000000000000178,4.989229384665678e-17,1.0000000000000178,2.4830722299391843e-15,2.4830722299391843e-15,True,True,True,True,False,False,False
down_proj,5,7,sgd,50,2.491225561013713,2.491225561013713,2.491225561013713,0.0,0.0,2.226473309944601e-15,4.574628123068358e-17,5.519967690874381e-17,4.574628123068358e-17,5.519967690874381e-17,1.0480358385022205e-16,1.0000000000000222,1.0480358385022205e-16,1.0000000000000222,2.2264733099446033e-15,2.2264733099446033e-15,True,True,True,True,False,False,False
down_proj,6,7,sgd,1,2.702271975179295,2.7022719751792956,2.7022719751792956,4.440892098500626e-16,4.440892098500626e-16,2.2924241936023877e-15,7.694544941837274e-18,7.911550547461231e-18,7.694544941837274e-18,7.911550547461231e-18,1.8746811174988795e-17,1.000000000000012,1.8746811174988795e-17,1.000000000000012,2.29242419360239e-15,2.29242419360239e-15,True,True,True,True,False,False,False
down_proj,6,7,sgd,10,2.6939434504246984,2.6939434504246984,2.6939434504246984,0.0,0.0,1.9698506705799612e-15,2.3030198666144178e-17,2.5427545539043404e-17,2.3030198666144178e-17,2.5427545539043404e-17,5.576304463143008e-17,0.9999999999999878,5.576304463143008e-17,0.9999999999999878,1.9698506705799647e-15,1.9698506705799647e-15,True,True,True,True,False,False,False
down_proj,6,7,sgd,50,2.666919224211041,2.6669192242110413,2.6669192242110413,4.440892098500626e-16,4.440892098500626e-16,2.5103727549056953e-15,4.945318688100481e-17,5.861802882956117e-17,4.945318688100481e-17,5.861802882956117e-17,1.1056827219438834e-16,0.9999999999999809,1.1056827219438834e-16,0.9999999999999809,2.510372754905696e-15,2.510372754905696e-15,True,True,True,True,False,False,False
down_proj,7,7,sgd,1,2.740151670506481,2.7401516705064815,2.7401516705064815,4.440892098500626e-16,4.440892098500626e-16,1.8502098400108924e-15,6.757288433040566e-18,1.0807351241735427e-17,6.757288433040566e-18,1.0807351241735427e-17,2.0548217856498825e-17,1.0000000000000084,2.0548217856498825e-17,1.0000000000000084,1.8502098400108908e-15,1.8502098400108908e-15,True,True,True,True,False,False,False
down_proj,7,7,sgd,10,2.7336499791587814,2.733649979158782,2.733649979158782,4.440892098500626e-16,4.440892098500626e-16,1.948064636166213e-15,2.097813236803209e-17,2.5783463591835292e-17,2.097813236803209e-17,2.5783463591835292e-17,5.479491679966349e-17,0.9999999999999891,5.479491679966349e-17,0.9999999999999891,1.9480646361662136e-15,1.9480646361662136e-15,True,True,True,True,False,False,False
down_proj,7,7,sgd,50,2.712254969445293,2.7122549694452935,2.7122549694452935,4.440892098500626e-16,4.440892098500626e-16,2.7301617860955896e-15,4.8515179467857485e-17,6.194738599844607e-17,4.8515179467857485e-17,6.194738599844607e-17,1.1219817515062662e-16,0.9999999999999596,1.1219817515062662e-16,0.9999999999999596,2.7301617860955916e-15,2.7301617860955916e-15,True,True,True,True,False,False,False
down_proj,8,7,sgd,1,2.7894064043066145,2.789406404306614,2.789406404306614,4.440892098500626e-16,4.440892098500626e-16,2.227357948874141e-15,7.814633266227794e-18,7.339945040000591e-18,7.814633266227794e-18,7.339945040000591e-18,1.824423773505213e-17,1.0000000000000397,1.824423773505213e-17,1.0000000000000397,2.227357948874137e-15,2.227357948874137e-15,True,True,True,True,False,False,False
down_proj,8,7,sgd,10,2.7824273675784834,2.782427367578483,2.782427367578483,4.440892098500626e-16,4.440892098500626e-16,2.2338339159060812e-15,2.133553572518478e-17,2.3653498099199492e-17,2.133553572518478e-17,2.3653498099199492e-17,5.2124256692678345e-17,0.999999999999985,5.2124256692678345e-17,0.999999999999985,2.2338339159060812e-15,2.2338339159060812e-15,True,True,True,True,False,False,False
down_proj,8,7,sgd,50,2.759552056726117,2.759552056726116,2.759552056726116,8.881784197001252e-16,8.881784197001252e-16,2.939296152442404e-15,4.799980997838607e-17,5.747811177093309e-17,4.799980997838607e-17,5.747811177093309e-17,1.0803007878700422e-16,0.9999999999999387,1.0803007878700422e-16,0.9999999999999387,2.9392961524424023e-15,2.9392961524424023e-15,True,True,True,True,False,False,False
down_proj,9,7,sgd,1,2.6650486074718325,2.6650486074718325,2.6650486074718325,0.0,0.0,3.133279555349552e-15,7.705898348533113e-18,7.989340258912565e-18,7.705898348533113e-18,7.989340258912565e-18,1.8903532999271313e-17,0.9999999999999816,1.8903532999271313e-17,0.9999999999999816,3.1332795553495486e-15,3.1332795553495486e-15,True,True,True,True,False,False,False
down_proj,9,7,sgd,10,2.657625401908536,2.657625401908536,2.657625401908536,0.0,0.0,2.3190464531589043e-15,2.1481639394161657e-17,2.628796736783798e-17,2.1481639394161657e-17,2.628796736783798e-17,5.518953094950929e-17,1.0000000000000269,5.518953094950929e-17,1.0000000000000269,2.3190464531589063e-15,2.3190464531589063e-15,True,True,True,True,False,False,False
down_proj,9,7,sgd,50,2.632943142497485,2.632943142497485,2.632943142497485,0.0,0.0,2.8492208050965353e-15,4.947611990393847e-17,6.00351181163422e-17,4.947611990393847e-17,6.00351181163422e-17,1.1143833318931563e-16,0.9999999999999876,1.1143833318931563e-16,0.9999999999999876,2.8492208050965357e-15,2.8492208050965357e-15,True,True,True,True,False,False,False
down_proj,10,7,sgd,1,2.6180739389392045,2.6180739389392054,2.6180739389392054,8.881784197001252e-16,8.881784197001252e-16,2.299054109325727e-15,7.313394550301192e-18,9.536147090901662e-18,7.313394550301192e-18,9.536147090901662e-18,1.9845772315889853e-17,0.9999999999999514,1.9845772315889853e-17,0.9999999999999514,2.299054109325725e-15,2.299054109325725e-15,True,True,True,True,False,False,False
down_proj,10,7,sgd,10,2.610800283799308,2.6108002837993083,2.6108002837993083,4.440892098500626e-16,4.440892098500626e-16,2.5684507022044087e-15,2.3014807973853524e-17,2.672362497739435e-17,2.3014807973853524e-17,2.672362497739435e-17,5.658827148816148e-17,0.9999999999999717,5.658827148816148e-17,0.9999999999999717,2.5684507022044067e-15,2.5684507022044067e-15,True,True,True,True,False,False,False
down_proj,10,7,sgd,50,2.5869792195023544,2.586979219502355,2.586979219502355,4.440892098500626e-16,4.440892098500626e-16,2.3478038512945453e-15,4.719405788653788e-17,5.871120185219278e-17,4.719405788653788e-17,5.871120185219278e-17,1.0855976936304028e-16,1.0000000000000075,1.0855976936304028e-16,1.0000000000000075,2.3478038512945465e-15,2.3478038512945465e-15,True,True,True,True,False,False,False
down_proj,11,7,sgd,1,2.784237622233276,2.7842376222332756,2.7842376222332756,4.440892098500626e-16,4.440892098500626e-16,2.5275092184706007e-15,7.081601050546132e-18,7.316415560425049e-18,7.081601050546132e-18,7.316415560425049e-18,1.8043835454483416e-17,0.9999999999999822,1.8043835454483416e-17,0.9999999999999822,2.5275092184705976e-15,2.5275092184705976e-15,True,True,True,True,False,False,False
down_proj,11,7,sgd,10,2.777412017031537,2.777412017031537,2.777412017031537,0.0,0.0,2.6008215481651427e-15,2.1845663614559613e-17,2.660951094986913e-17,2.1845663614559613e-17,2.660951094986913e-17,5.570432962685116e-17,0.999999999999998,5.570432962685116e-17,0.999999999999998,2.600821548165147e-15,2.600821548165147e-15,True,True,True,True,False,False,False
down_proj,11,7,sgd,50,2.7547371440867288,2.7547371440867288,2.7547371440867288,0.0,0.0,2.7646643813884104e-15,4.8766841464670417e-17,5.991563414794154e-17,4.8766841464670417e-17,5.991563414794154e-17,1.1106685495226728e-16,1.000000000000007,1.1106685495226728e-16,1.000000000000007,2.764664381388408e-15,2.764664381388408e-15,True,True,True,True,False,False,False
down_proj,12,7,sgd,1,2.667131415426672,2.667131415426672,2.667131415426672,0.0,0.0,2.270693521796026e-15,6.462386697721446e-18,7.259993447002697e-18,6.462386697721446e-18,7.259993447002697e-18,1.7132362687228445e-17,1.0000000000000147,1.7132362687228445e-17,1.0000000000000147,2.2706935217960225e-15,2.2706935217960225e-15,True,True,True,True,False,False,False
down_proj,12,7,sgd,10,2.6606769899202254,2.6606769899202254,2.6606769899202254,0.0,0.0,3.030241420698147e-15,2.2035020092002974e-17,2.732837687103623e-17,2.2035020092002974e-17,2.732837687103623e-17,5.619570215862365e-17,1.0000000000000269,5.619570215862365e-17,1.0000000000000269,3.030241420698147e-15,3.030241420698147e-15,True,True,True,True,False,False,False
down_proj,12,7,sgd,50,2.639162965704103,2.639162965704103,2.639162965704103,0.0,0.0,3.136160998742311e-15,4.8915318541636536e-17,6.027904424399418e-17,4.8915318541636536e-17,6.027904424399418e-17,1.111896520704889e-16,1.0000000000000004,1.111896520704889e-16,1.0000000000000004,3.1361609987423087e-15,3.1361609987423087e-15,True,True,True,True,False,False,False
down_proj,13,7,sgd,1,2.788077495240471,2.788077495240472,2.788077495240472,8.881784197001252e-16,8.881784197001252e-16,3.2383537489454965e-15,7.767223300267144e-18,6.185711687388581e-18,7.767223300267144e-18,6.185711687388581e-18,1.7838097337159678e-17,0.9999999999999787,1.7838097337159678e-17,0.9999999999999787,3.2383537489454913e-15,3.2383537489454913e-15,True,True,True,True,False,False,False
down_proj,13,7,sgd,10,2.783105048887115,2.783105048887116,2.783105048887116,8.881784197001252e-16,8.881784197001252e-16,2.717752597901354e-15,2.1483517048834783e-17,2.367640080831767e-17,2.1483517048834783e-17,2.367640080831767e-17,5.316633618213352e-17,0.9999999999999583,5.316633618213352e-17,0.9999999999999583,2.717752597901354e-15,2.717752597901354e-15,True,True,True,True,False,False,False
down_proj,13,7,sgd,50,2.765885716927797,2.7658857169277975,2.7658857169277975,4.440892098500626e-16,4.440892098500626e-16,2.647356131555912e-15,4.7789864032242484e-17,5.785861374706176e-17,4.7789864032242484e-17,5.785861374706176e-17,1.0911635887745186e-16,0.9999999999999698,1.0911635887745186e-16,0.9999999999999698,2.6473561315559098e-15,2.6473561315559098e-15,True,True,True,True,False,False,False
down_proj,14,7,sgd,1,2.76444783099299,2.7644478309929896,2.7644478309929896,4.440892098500626e-16,4.440892098500626e-16,2.193840655627259e-15,5.699142405801648e-18,8.208094892061277e-18,5.699142405801648e-18,8.208094892061277e-18,1.758573812578679e-17,1.0000000000000109,1.758573812578679e-17,1.0000000000000109,2.193840655627258e-15,2.193840655627258e-15,True,True,True,True,False,False,False
down_proj,14,7,sgd,10,2.757921343712767,2.757921343712767,2.757921343712767,0.0,0.0,2.586781734423978e-15,2.082566599478543e-17,2.6803047475863176e-17,2.082566599478543e-17,2.6803047475863176e-17,5.535205125467622e-17,1.0000000000000198,5.535205125467622e-17,1.0000000000000198,2.586781734423975e-15,2.586781734423975e-15,True,True,True,True,False,False,False
down_proj,14,7,sgd,50,2.736321103413914,2.736321103413913,2.736321103413913,8.881784197001252e-16,8.881784197001252e-16,2.9593778928544143e-15,4.8460991969850167e-17,6.188833768221277e-17,4.8460991969850167e-17,6.188833768221277e-17,1.114703009625091e-16,1.0000000000000342,1.114703009625091e-16,1.0000000000000342,2.9593778928544162e-15,2.9593778928544162e-15,True,True,True,True,False,False,False
down_proj,15,7,sgd,1,2.79441041480447,2.7944104148044704,2.7944104148044704,4.440892098500626e-16,4.440892098500626e-16,2.726971410800797e-15,6.042627117060237e-18,7.99453490797247e-18,6.042627117060237e-18,7.99453490797247e-18,1.7871403408644046e-17,0.9999999999999678,1.7871403408644046e-17,0.9999999999999678,2.7269714108007948e-15,2.7269714108007948e-15,True,True,True,True,False,False,False
down_proj,15,7,sgd,10,2.788993823812585,2.7889938238125853,2.7889938238125853,4.440892098500626e-16,4.440892098500626e-16,2.9844849298077296e-15,2.1230559747014954e-17,2.4342089213567694e-17,2.1230559747014954e-17,2.4342089213567694e-17,5.3647742427802846e-17,1.0000000000000182,5.3647742427802846e-17,1.0000000000000182,2.9844849298077327e-15,2.9844849298077327e-15,True,True,True,True,False,False,False
down_proj,15,7,sgd,50,2.770707941103184,2.770707941103184,2.770707941103184,0.0,0.0,2.2602215529021735e-15,4.7968092502371795e-17,5.938935207124397e-17,4.7968092502371795e-17,5.938935207124397e-17,1.103577699105184e-16,0.9999999999999789,1.103577699105184e-16,0.9999999999999789,2.2602215529021735e-15,2.2602215529021735e-15,True,True,True,True,False,False,False
down_proj,16,7,sgd,1,2.792471099000437,2.7924710990004376,2.7924710990004376,4.440892098500626e-16,4.440892098500626e-16,2.2093170071505835e-15,5.728594244596807e-18,7.292782891198497e-18,5.728594244596807e-18,7.292782891198497e-18,1.6643803591509632e-17,1.00000000000003,1.6643803591509632e-17,1.00000000000003,2.2093170071505842e-15,2.2093170071505842e-15,True,True,True,True,False,False,False
down_proj,16,7,sgd,10,2.78624032797287,2.78624032797287,2.78624032797287,0.0,0.0,2.025536031579478e-15,2.2611409098266224e-17,2.540237711593903e-17,2.2611409098266224e-17,2.540237711593903e-17,5.557347273015891e-17,0.999999999999996,5.557347273015891e-17,0.999999999999996,2.025536031579478e-15,2.025536031579478e-15,True,True,True,True,False,False,False
down_proj,16,7,sgd,50,2.7651776823265157,2.765177682326516,2.765177682326516,4.440892098500626e-16,4.440892098500626e-16,3.2929788969220173e-15,5.052924605284245e-17,5.867388281866479e-17,5.052924605284245e-17,5.867388281866479e-17,1.1163007684180245e-16,0.9999999999999599,1.1163007684180245e-16,0.9999999999999599,3.2929788969220216e-15,3.2929788969220216e-15,True,True,True,True,False,False,False
down_proj,17,7,sgd,1,2.7234124826773636,2.723412482677363,2.723412482677363,4.440892098500626e-16,4.440892098500626e-16,2.1843668703584886e-15,5.724503792941018e-18,6.266108484595017e-18,5.724503792941018e-18,6.266108484595017e-18,1.567307976036924e-17,1.000000000000012,1.567307976036924e-17,1.000000000000012,2.1843668703584862e-15,2.1843668703584862e-15,True,True,True,True,False,False,False
down_proj,17,7,sgd,10,2.7166958914134987,2.7166958914134978,2.7166958914134978,8.881784197001252e-16,8.881784197001252e-16,2.338175142474231e-15,2.0897546576838822e-17,2.5135306064325086e-17,2.0897546576838822e-17,2.5135306064325086e-17,5.3939526079639904e-17,0.9999999999999823,5.3939526079639904e-17,0.9999999999999823,2.3381751424742285e-15,2.3381751424742285e-15,True,True,True,True,False,False,False
down_proj,17,7,sgd,50,2.6941841535251934,2.6941841535251934,2.6941841535251934,0.0,0.0,2.5623381739751305e-15,4.6751313063532827e-17,5.841882264759838e-17,4.6751313063532827e-17,5.841882264759838e-17,1.0802985528845361e-16,0.9999999999999971,1.0802985528845361e-16,0.9999999999999971,2.5623381739751274e-15,2.5623381739751274e-15,True,True,True,True,False,False,False
down_proj,18,7,sgd,1,2.7152432122748413,2.7152432122748413,2.7152432122748413,0.0,0.0,2.484101018300532e-15,7.262853673139948e-18,7.823444061859487e-18,7.262853673139948e-18,7.823444061859487e-18,1.829732456345653e-17,1.0000000000000129,1.829732456345653e-17,1.0000000000000129,2.4841010183005306e-15,2.4841010183005306e-15,True,True,True,True,False,False,False
down_proj,18,7,sgd,10,2.7093206676894193,2.7093206676894193,2.7093206676894193,0.0,0.0,2.74254069915918e-15,2.2644285604502856e-17,2.5141093521172446e-17,2.2644285604502856e-17,2.5141093521172446e-17,5.482673715275097e-17,0.9999999999999655,5.482673715275097e-17,0.9999999999999655,2.7425406991591773e-15,2.7425406991591773e-15,True,True,True,True,False,False,False
down_proj,18,7,sgd,50,2.6895239188704942,2.6895239188704942,2.6895239188704942,0.0,0.0,3.050784238660652e-15,4.890488562720825e-17,6.076426728640385e-17,4.890488562720825e-17,6.076426728640385e-17,1.1087011010073552e-16,1.0000000000000786,1.1087011010073552e-16,1.0000000000000786,3.0507842386606553e-15,3.0507842386606553e-15,True,True,True,True,False,False,False
down_proj,19,7,sgd,1,2.8887405660896333,2.888740566089634,2.888740566089634,8.881784197001252e-16,8.881784197001252e-16,2.2362629771350955e-15,6.873613869421692e-18,5.968699320987116e-18,6.873613869421692e-18,5.968699320987116e-18,1.627675285904925e-17,1.0000000000000138,1.627675285904925e-17,1.0000000000000138,2.2362629771350927e-15,2.2362629771350927e-15,True,True,True,True,False,False,False
down_proj,19,7,sgd,10,2.881841753538284,2.8818417535382843,2.8818417535382843,4.440892098500626e-16,4.440892098500626e-16,2.389384941553224e-15,2.3268298316396762e-17,2.6905989022251118e-17,2.3268298316396762e-17,2.6905989022251118e-17,5.710499545502174e-17,1.0000000000000124,5.710499545502174e-17,1.0000000000000124,2.389384941553224e-15,2.389384941553224e-15,True,True,True,True,False,False,False
down_proj,19,7,sgd,50,2.8589213760969456,2.8589213760969465,2.8589213760969465,8.881784197001252e-16,8.881784197001252e-16,2.6334383590368004e-15,5.0869991208017584e-17,5.876281182515402e-17,5.0869991208017584e-17,5.876281182515402e-17,1.1186565637640458e-16,1.0000000000000637,1.1186565637640458e-16,1.0000000000000637,2.633438359036802e-15,2.633438359036802e-15,True,True,True,True,False,False,False
down_proj,20,7,sgd,1,2.9828901491982562,2.9828901491982562,2.9828901491982562,0.0,0.0,1.9667675072124076e-15,7.513026691035196e-18,8.654531196283184e-18,7.513026691035196e-18,8.654531196283184e-18,1.920347138807413e-17,1.0000000000000266,1.920347138807413e-17,1.0000000000000266,1.966767507212408e-15,1.966767507212408e-15,True,True,True,True,False,False,False
down_proj,20,7,sgd,10,2.9743753918436138,2.974375391843614,2.974375391843614,4.440892098500626e-16,4.440892098500626e-16,2.3570818907630897e-15,2.3240461331030245e-17,2.678489027679676e-17,2.3240461331030245e-17,2.678489027679676e-17,5.783759062562982e-17,1.0000000000000253,5.783759062562982e-17,1.0000000000000253,2.3570818907630917e-15,2.3570818907630917e-15,True,True,True,True,False,False,False
down_proj,20,7,sgd,50,2.946195418664214,2.946195418664214,2.946195418664214,0.0,0.0,2.4727894951308324e-15,4.9631714810526585e-17,6.104699082309028e-17,4.9631714810526585e-17,6.104699082309028e-17,1.1279884937175432e-16,0.9999999999999724,1.1279884937175432e-16,0.9999999999999724,2.4727894951308276e-15,2.4727894951308276e-15,True,True,True,True,False,False,False
down_proj,21,7,sgd,1,3.1653175316716315,3.1653175316716315,3.1653175316716315,0.0,0.0,2.701564954299215e-15,7.078209477161542e-18,6.984536749475751e-18,7.078209477161542e-18,6.984536749475751e-18,1.7923176690286523e-17,0.9999999999999805,1.7923176690286523e-17,0.9999999999999805,2.701564954299215e-15,2.701564954299215e-15,True,True,True,True,False,False,False
down_proj,21,7,sgd,10,3.1590885057456513,3.159088505745651,3.159088505745651,4.440892098500626e-16,4.440892098500626e-16,3.3587329838643404e-15,2.437389392885777e-17,2.8332330173771577e-17,2.437389392885777e-17,2.8332330173771577e-17,5.942739373168648e-17,1.000000000000012,5.942739373168648e-17,1.000000000000012,3.3587329838643372e-15,3.3587329838643372e-15,True,True,True,True,False,False,False
down_proj,21,7,sgd,50,3.137830131207644,3.1378301312076426,3.1378301312076426,1.3322676295501878e-15,1.3322676295501878e-15,3.6001301228248616e-15,5.136360073150165e-17,6.45544044841534e-17,5.136360073150165e-17,6.45544044841534e-17,1.1678547361209222e-16,1.0000000000000595,1.1678547361209222e-16,1.0000000000000595,3.6001301228248616e-15,3.6001301228248616e-15,True,True,True,True,False,False,False
down_proj,22,7,sgd,1,3.1218297629640133,3.121829762964012,3.121829762964012,1.3322676295501878e-15,1.3322676295501878e-15,1.963784281471811e-15,7.670531276684639e-18,7.2511227912787e-18,7.670531276684639e-18,7.2511227912787e-18,1.7667792963598873e-17,1.0000000000001021,1.7667792963598873e-17,1.0000000000001021,1.9637842814718107e-15,1.9637842814718107e-15,True,True,True,True,False,False,False
down_proj,22,7,sgd,10,3.114522870921065,3.1145228709210633,3.1145228709210633,1.7763568394002505e-15,1.7763568394002505e-15,2.4426250871432772e-15,2.2474301028351117e-17,2.7211432620200598e-17,2.2474301028351117e-17,2.7211432620200598e-17,5.715293047028189e-17,1.000000000000015,5.715293047028189e-17,1.000000000000015,2.4426250871432764e-15,2.4426250871432764e-15,True,True,True,True,False,False,False
down_proj,22,7,sgd,50,3.090199088246029,3.090199088246028,3.090199088246028,8.881784197001252e-16,8.881784197001252e-16,2.272256427750352e-15,5.02539097009956e-17,6.584543854892841e-17,5.02539097009956e-17,6.584543854892841e-17,1.1670569693639319e-16,0.9999999999999465,1.1670569693639319e-16,0.9999999999999465,2.272256427750349e-15,2.272256427750349e-15,True,True,True,True,False,False,False
down_proj,23,7,sgd,1,2.5582222050327994,2.5582222050327994,2.5582222050327994,0.0,0.0,2.388118295905464e-15,6.103830817654106e-18,8.847389641113669e-18,6.103830817654106e-18,8.847389641113669e-18,1.749192297458086e-17,1.000000000000009,1.749192297458086e-17,1.000000000000009,2.388118295905464e-15,2.388118295905464e-15,True,True,True,True,False,False,False
down_proj,23,7,sgd,10,2.5531270831925164,2.553127083192517,2.553127083192517,4.440892098500626e-16,4.440892098500626e-16,2.9792046350017236e-15,2.2010479726284832e-17,2.778928909202639e-17,2.2010479726284832e-17,2.778928909202639e-17,5.654966401101265e-17,1.0000000000000058,5.654966401101265e-17,1.0000000000000058,2.9792046350017244e-15,2.9792046350017244e-15,True,True,True,True,False,False,False
down_proj,23,7,sgd,50,2.5355277743383087,2.5355277743383087,2.5355277743383087,0.0,0.0,3.3260772807746353e-15,4.9166972166724623e-17,6.138392878140283e-17,4.9166972166724623e-17,6.138392878140283e-17,1.1196923294355352e-16,1.000000000000043,1.1196923294355352e-16,1.000000000000043,3.3260772807746337e-15,3.3260772807746337e-15,True,True,True,True,False,False,False
