task_name,num_samples,num_train_steps,train_loss_plain,train_loss_masked,loss_diff,accuracy_plain,accuracy_masked,accuracy_diff,logits_max_abs_error,token_match_rate,allclose,runtime_ms
token_parity_classification,128,20,0.6901150550410321,0.6901150550410321,0.0,0.5390625,0.5390625,0.0,9.992007221626409e-16,1.0,True,23.32412500004466
first_last_token_relation,128,20,0.688203308355396,0.6882033083553959,1.1102230246251565e-16,0.53125,0.53125,0.0,7.042977312465837e-16,1.0,True,12.599417000046742
next_token_toy_lm,128,20,4.8663778912838485,4.866377891283849,8.881784197001252e-16,0.015625,0.015625,0.0,3.3931191190106347e-15,1.0,True,13.031958000055965
