{
  "ours": {
    "correct": 1194,
    "n": 1319,
    "acc": 0.9052312357846853
  },
  "plain": {
    "correct": 1190,
    "n": 1319,
    "acc": 0.9021986353297953
  },
  "delta_pt": 0.30326004548900665
}