proj,layer,seed,optimizer,step,loss_plaintext,loss_O1A,loss_O1C,loss_absdiff_O1A,loss_absdiff_O1C,gradA_relation_err,O1A_A_update_relerr,O1A_B_update_relerr,O1C_A_update_relerr,O1C_B_update_relerr,O1A_dW_relerr,O1A_dW_cos,O1C_dW_relerr,O1C_dW_cos,O1A_optstate_relerr,O1C_optstate_relerr,T_in_orthogonal,T_out_orthogonal,A_gpu_adamw_safe,B_gpu_adamw_safe,O1C_A_in_tdx,O1C_B_in_tdx,nan_inf
q_proj,0,1234,momentum,1,5.401263537542576,5.401263537542576,5.401263537542576,0.0,0.0,1.7011374070955545e-15,0.040466353362409106,1.0720765964317061e-16,8.888064292739544e-17,1.0720765964317061e-16,0.04994682448324712,0.9987538209604853,1.7306181770846213e-16,0.9999999999999902,279.7602542183126,1.8372121917141598e-15,False,True,False,False,True,False,False
q_proj,0,1234,momentum,10,5.396964516705252,5.332842533081053,5.396964516705252,0.06412198362419819,0.0,2.4240916412781153,0.10389435718792715,0.018220959024432784,2.321901247218902e-16,2.3011452438459544e-16,0.11145650170737517,0.9938389752813354,3.482770160025727e-16,1.0000000000000047,24.86386864617949,1.5039260990182329e-15,False,True,False,False,True,False,False
q_proj,0,1234,momentum,50,5.358937902568071,3.3404059326332907,5.358937902568071,2.0185319699347803,0.0,10.85070188669232,0.6754087318284169,0.4046207213555389,5.049433606836945e-16,4.812840128337613e-16,0.7821751927133805,0.7758820508205028,7.129432767996145e-16,1.0000000000000049,11.921957211933316,1.5073198762977115e-15,False,True,False,False,True,False,False
q_proj,1,1234,momentum,1,1.7934435942295566,1.7934435942295566,1.7934435942295566,0.0,0.0,1.466452090288868e-15,0.00027181146447053913,1.0611515222994992e-16,9.498671963540767e-17,1.0611515222994992e-16,0.0002763612076207993,0.9999999618191285,1.757129858567593e-16,0.9999999999999936,2.6052185959351952,1.5093180651086472e-15,False,True,False,False,True,False,False
q_proj,1,1234,momentum,10,1.7918101417961494,1.7879219319980426,1.7918101417961494,0.0038882097981067787,0.0,0.1349820609283249,0.010799027696593964,0.00013875688384578304,2.2191125789783802e-16,2.255709461857021e-16,0.010831137085818248,0.9999413415199843,3.375442785461772e-16,0.9999999999999933,2.4495008685497575,9.338109647835799e-16,False,True,False,False,True,False,False
q_proj,1,1234,momentum,50,1.7784860065944639,1.762354077870859,1.7784860065944639,0.016131928723604805,0.0,1.1412958067215953,0.06756673872617809,0.016199627208278285,4.617397507111956e-16,4.910865259693111e-16,0.06439751662630029,0.9979343991045642,6.831108363579841e-16,0.9999999999999973,1.285708836139637,1.2150401735374999e-15,False,True,False,False,True,False,False
q_proj,2,1234,momentum,1,1.6067698337760865,1.6067698337760865,1.6067698337760865,0.0,0.0,1.551251131274181e-15,8.702008998792014e-05,1.0382285601690798e-16,9.335320585200907e-17,1.0382285601690798e-16,8.953440738124641e-05,0.9999999959922093,1.7219013509432964e-16,1.0000000000000027,0.851772978637837,1.5665523778191017e-15,False,True,False,False,True,False,False
q_proj,2,1234,momentum,10,1.6052402932980372,1.6045671105008457,1.6052402932980372,0.0006731827971915294,0.0,0.020760542007076322,0.003550942453000742,2.1319991904753135e-05,2.19819794961324e-16,2.2029294982377213e-16,0.0036420111716175562,0.9999933680790718,3.3170328721188053e-16,1.0000000000000095,0.8447889802476669,8.914569226805066e-16,False,True,False,False,True,False,False
q_proj,2,1234,momentum,50,1.5933644705488237,1.5896687055015017,1.5933644705488237,0.0036957650473219417,0.0,0.21003492352206085,0.02900089183464936,0.0029363838921714204,4.767616917793559e-16,4.7038254789534405e-16,0.028811139748860497,0.9995851155322167,6.774351128340607e-16,1.0000000000000138,0.7637040043644358,1.0379750463106591e-15,False,True,False,False,True,False,False
q_proj,3,1234,momentum,1,1.4743138888317637,1.4743138888317635,1.4743138888317635,2.220446049250313e-16,2.220446049250313e-16,1.774645274701508e-15,8.898900819934383e-05,1.0280379379643962e-16,9.228257335069574e-17,1.0280379379643962e-16,9.263916155390835e-05,0.9999999957092198,1.7168345828987403e-16,0.9999999999999931,0.95432947749813,1.8021399579183887e-15,False,True,False,False,True,False,False
q_proj,3,1234,momentum,10,1.472964740120634,1.47226371559314,1.472964740120634,0.0007010245274940985,0.0,0.02909957779731772,0.003621646293656854,3.084285763600173e-05,2.2084561961613851e-16,2.2368828803100067e-16,0.003763095975765752,0.9999929204118537,3.3693931432094526e-16,0.9999999999999959,0.9414580008856955,9.110666462803732e-16,False,True,False,False,True,False,False
q_proj,3,1234,momentum,50,1.4623181249908337,1.458651454583944,1.462318124990834,0.003666670406889727,2.220446049250313e-16,0.30173580572389685,0.02871745535443527,0.00406032794932318,4.726499742186432e-16,4.821845960970557e-16,0.0294500612353633,0.9995668080842671,6.837721135602253e-16,1.0000000000000036,0.8060483060513687,1.0284545986437713e-15,False,True,False,False,True,False,False
q_proj,4,1234,momentum,1,1.5181219092699745,1.5181219092699745,1.5181219092699745,0.0,0.0,1.7413212537382782e-15,0.00014658459440091085,1.050015568074544e-16,9.448836890511803e-17,1.050015568074544e-16,0.0001599586123107385,0.9999999872066372,1.7376440082659418e-16,1.0000000000000129,1.5494991586928,1.784875426441138e-15,False,True,False,False,True,False,False
q_proj,4,1234,momentum,10,1.5166835771212077,1.5143824031820474,1.5166835771212077,0.0023011739391602948,0.0,0.09096250742721976,0.005905038737990025,7.802941407247376e-05,2.1767091502317348e-16,2.2973618761964077e-16,0.006402454600071935,0.9999795054299496,3.3648398014474125e-16,1.0,1.4985240604678434,9.384358903309377e-16,False,True,False,False,True,False,False
q_proj,4,1234,momentum,50,1.5051789885056779,1.4958896760278295,1.5051789885056779,0.009289312477848366,0.0,0.9830570829311579,0.04199187007849852,0.009608260030241969,4.675157585867862e-16,4.57730798848916e-16,0.043935258015050854,0.9990366315331598,6.64382234016317e-16,0.999999999999998,1.065982905130853,9.28235642825309e-16,False,True,False,False,True,False,False
q_proj,5,1234,momentum,1,1.4096546913689025,1.4096546913689028,1.4096546913689028,2.220446049250313e-16,2.220446049250313e-16,1.6848716711589355e-15,0.00010491182714755034,1.0447823714439484e-16,9.308035087785306e-17,1.0447823714439484e-16,0.00011248119536749476,0.9999999936791261,1.7199349655045836e-16,0.9999999999999973,1.1865256628521423,1.6837176884654215e-15,False,True,False,False,True,False,False
q_proj,5,1234,momentum,10,1.4083832535245988,1.407215581282949,1.4083832535245988,0.0011676722416498198,0.0,0.06807340661106584,0.0042325807609301085,5.724025409865035e-05,2.2114511498077854e-16,2.268980323896097e-16,0.004514260916186987,0.9999898219574485,3.3597859286994307e-16,0.9999999999999827,1.1519662236125494,8.074849034319629e-16,False,True,False,False,True,False,False
q_proj,5,1234,momentum,50,1.3984137373213215,1.3937848496078937,1.398413737321322,0.004628887713427732,4.440892098500626e-16,0.5248048392437199,0.03158535363346698,0.006571739655402179,4.671485500090969e-16,4.878723278411123e-16,0.03325097281103519,0.9994490487733477,6.799678516085295e-16,0.999999999999996,0.9276504806123609,1.0663360505657925e-15,False,True,False,False,True,False,False
q_proj,6,1234,momentum,1,1.4653954247730738,1.465395424773074,1.465395424773074,2.220446049250313e-16,2.220446049250313e-16,1.3303351567243939e-15,0.00010989923127808638,1.0783277465523715e-16,9.67496040933868e-17,1.0783277465523715e-16,0.0001186524709918123,0.9999999929628824,1.773987743625413e-16,1.0000000000000164,1.1718793046289244,1.3738358397005831e-15,False,True,False,False,True,False,False
q_proj,6,1234,momentum,10,1.464018406610578,1.462865400520825,1.464018406610578,0.0011530060897528838,0.0,0.05430075753987714,0.004446095902513266,4.76132475256271e-05,2.2124441949228448e-16,2.256837740178473e-16,0.004776235090206852,0.9999885995241793,3.3662133757412156e-16,0.9999999999999865,1.1444081285011938,7.998168147259481e-16,False,True,False,False,True,False,False
q_proj,6,1234,momentum,50,1.4534932368976279,1.4484007344579954,1.4534932368976279,0.00509250243963244,0.0,0.5000515434598266,0.03334467881683933,0.005880484361795022,4.710325442716558e-16,4.755180389270487e-16,0.03474002739949238,0.9993981568616258,6.742636733002374e-16,1.000000000000012,0.9165162790971569,1.1262715947387785e-15,False,True,False,False,True,False,False
q_proj,7,1234,momentum,1,1.4883763749941805,1.4883763749941805,1.4883763749941805,0.0,0.0,1.495765809289452e-15,7.734104892311938e-05,1.0362251927692501e-16,9.467336870614915e-17,1.0362251927692501e-16,8.718300102277694e-05,0.9999999962015647,1.7284944552393194e-16,1.000000000000011,0.9025430639248706,1.5118153932831797e-15,False,True,False,False,True,False,False
q_proj,7,1234,momentum,10,1.4871289950990207,1.4866469538129599,1.4871289950990207,0.0004820412860608858,0.0,0.045725803153116,0.003132194668051349,3.256976794323143e-05,2.3129205218390317e-16,2.2226729808573174e-16,0.003509772810330825,0.9999938448182855,3.4035758155424666e-16,1.0000000000000036,0.8836422770706623,7.903850762679579e-16,False,True,False,False,True,False,False
q_proj,7,1234,momentum,50,1.4773286698929466,1.4750369223766338,1.4773286698929469,0.002291747516312892,2.220446049250313e-16,0.3309607650259045,0.024099434830067608,0.00398279598344043,4.820529777309722e-16,4.784265898337202e-16,0.025849585017831522,0.9996663100921521,6.884113848175247e-16,1.0000000000000027,0.7674024473228125,1.118086922304435e-15,False,True,False,False,True,False,False
q_proj,8,1234,momentum,1,1.6387558505892228,1.6387558505892228,1.6387558505892228,0.0,0.0,1.7067421944972972e-15,0.00017702005228056202,1.0521994515402771e-16,9.910152778490569e-17,1.0521994515402771e-16,0.00020069617436487168,0.9999999798637539,1.7716495851322221e-16,0.9999999999999797,1.7680890063947543,1.7057261449163402e-15,False,True,False,False,True,False,False
q_proj,8,1234,momentum,10,1.637210293489849,1.6337451565858534,1.637210293489849,0.003465136903995525,0.0,0.16225355099447736,0.007025463746926577,0.00012779578184276524,2.1647149215630427e-16,2.2269470337125734e-16,0.007868070374543852,0.9999690608741226,3.3118024011593193e-16,1.0000000000000122,1.6616610153140623,9.34310732623929e-16,False,True,False,False,True,False,False
q_proj,8,1234,momentum,50,1.6246693997329904,1.6116090929504392,1.6246693997329908,0.013060306782551212,4.440892098500626e-16,1.2560682765033524,0.04563133514967381,0.014025563770060152,4.695408242053659e-16,4.701422650637929e-16,0.04878665376827921,0.9988136555270278,6.74256184205927e-16,1.0000000000000084,1.0777381475767436,1.0219108885327656e-15,False,True,False,False,True,False,False
q_proj,9,1234,momentum,1,1.4661093699273882,1.4661093699273882,1.4661093699273882,0.0,0.0,1.717980801337947e-15,0.00014547985579401587,1.0447309188312226e-16,9.660815655697998e-17,1.0447309188312226e-16,0.00017600169529774113,0.9999999845229128,1.7379702612792876e-16,1.000000000000003,1.3049352685833229,1.706524555758267e-15,False,True,False,False,True,False,False
q_proj,9,1234,momentum,10,1.4643856310396388,1.460899250570297,1.4643856310396386,0.00348638046934191,2.220446049250313e-16,0.14414478241239687,0.005849827443178931,0.00010305003395735938,2.240106316620074e-16,2.293964141934234e-16,0.007034182297231799,0.9999752877084074,3.398724457792565e-16,0.9999999999999958,1.2600186186958093,7.843868593180101e-16,False,True,False,False,True,False,False
q_proj,9,1234,momentum,50,1.4512642403147786,1.4403984557847644,1.4512642403147784,0.010865784530014189,2.220446049250313e-16,1.3597590803194102,0.04237764074267034,0.011506000238222621,4.62126408973182e-16,4.844213426294203e-16,0.04966088720357907,0.9987707368995483,6.687177232926099e-16,0.9999999999999888,1.0180509076982247,1.0073829802376732e-15,False,True,False,False,True,False,False
q_proj,10,1234,momentum,1,1.4339410886192858,1.4339410886192858,1.4339410886192858,0.0,0.0,1.521469290964987e-15,0.00015006963484478868,1.0484251689323611e-16,9.30215517453596e-17,1.0484251689323611e-16,0.00016847709365156108,0.9999999858097804,1.7214566694522103e-16,0.9999999999999972,1.6239437333586229,1.497985386690666e-15,False,True,False,False,True,False,False
q_proj,10,1234,momentum,10,1.432643863364954,1.4284385239837183,1.432643863364954,0.004205339381235795,0.0,0.23206160558728436,0.005950573615446022,0.00014944914424163444,2.2423487847122884e-16,2.2738490863070723e-16,0.006607845047360969,0.9999781765432284,3.3727048330296763e-16,1.0000000000000164,1.524650959010338,8.786070515795299e-16,False,True,False,False,True,False,False
q_proj,10,1234,momentum,50,1.4223745505644243,1.411112316239474,1.4223745505644243,0.011262234324950215,0.0,2.6813123908607635,0.03864901948607943,0.015829383057421688,4.858346770698984e-16,4.823617877008028e-16,0.04348896947972478,0.9990561860860782,6.876827612812182e-16,1.0000000000000018,1.0318926954344667,1.0242417225100173e-15,False,True,False,False,True,False,False
q_proj,11,1234,momentum,1,1.3895513016202612,1.3895513016202612,1.3895513016202612,0.0,0.0,1.3476046226874864e-15,0.00010443472951502594,1.0451368805294618e-16,9.506045332480957e-17,1.0451368805294618e-16,0.00011422287847949763,0.9999999934862925,1.7274076808795345e-16,1.000000000000004,1.1639443869033674,1.3835837062534008e-15,False,True,False,False,True,False,False
q_proj,11,1234,momentum,10,1.3882462613375721,1.386412492072445,1.3882462613375721,0.0018337692651271276,0.0,0.08873859220957649,0.004242434450837988,6.308283873391762e-05,2.2331717060978294e-16,2.2080888027084202e-16,0.004620886756829279,0.9999893430457184,3.3531253449853567e-16,1.0000000000000315,1.1454370638175515,6.581836495938394e-16,False,True,False,False,True,False,False
q_proj,11,1234,momentum,50,1.3781517823747256,1.3713041082870459,1.3781517823747258,0.006847674087679723,2.220446049250313e-16,0.930829334443377,0.033412760152548605,0.007689607749718826,4.716022117779351e-16,4.790499642443892e-16,0.03584732434178871,0.9993599369707284,6.757561581013272e-16,0.9999999999999984,1.0105646500911571,9.322689173676138e-16,False,True,False,False,True,False,False
q_proj,12,1234,momentum,1,1.419871602447854,1.4198716024478537,1.4198716024478537,2.220446049250313e-16,2.220446049250313e-16,1.6406897908303172e-15,0.00013348903678916713,1.0425601386770934e-16,9.218619835554152e-17,1.0425601386770934e-16,0.00013873994617446755,0.9999999903810225,1.7099055577551248e-16,1.0000000000000133,1.558564130046831,1.631361757698618e-15,False,True,False,False,True,False,False
q_proj,12,1234,momentum,10,1.4186462970723805,1.4149452563511449,1.4186462970723805,0.003701040721235671,0.0,0.19112197783028598,0.005325407020096477,0.00014048091636909355,2.1465447611762572e-16,2.2387339249818913e-16,0.00548299701110926,0.999984982876476,3.2730520473106653e-16,0.9999999999999944,1.479082576963285,8.900726655695724e-16,False,True,False,False,True,False,False
q_proj,12,1234,momentum,50,1.4088114935591542,1.3975860223680754,1.4088114935591542,0.011225471191078862,0.0,2.038718651418653,0.036173140562829505,0.015317517676030857,4.798531268709567e-16,4.787862526013003e-16,0.038476844990050496,0.999262673723765,6.790087930410889e-16,1.000000000000002,1.0360602340555094,1.006570002413635e-15,False,True,False,False,True,False,False
q_proj,13,1234,momentum,1,1.4406837032126727,1.4406837032126727,1.4406837032126727,0.0,0.0,1.6346678795970873e-15,9.716933576740275e-05,1.0447531779627696e-16,9.091689807714413e-17,1.0447531779627696e-16,0.00010524333288323021,0.9999999944626017,1.6950234355583053e-16,0.9999999999999816,1.0982126401792125,1.6610565777166648e-15,False,True,False,False,True,False,False
q_proj,13,1234,momentum,10,1.4393967330728028,1.4381108649797485,1.439396733072803,0.0012858680930543098,2.220446049250313e-16,0.0646229575006044,0.003959764351578566,4.5709765046285694e-05,2.1680756046017053e-16,2.2489396665157287e-16,0.004273278780123121,0.9999908712707666,3.2932770195887755e-16,1.000000000000004,1.08635121033911,8.068029126533331e-16,False,True,False,False,True,False,False
q_proj,13,1234,momentum,50,1.429092781103991,1.42364172149755,1.429092781103991,0.005451059606440989,0.0,0.6102980643322299,0.03222209531288188,0.005742131095364963,4.923201084196323e-16,4.761625664268767e-16,0.03396073205183962,0.9994236251690279,6.903473219233531e-16,1.0000000000000064,0.9924993988627221,1.0015471093638937e-15,False,True,False,False,True,False,False
q_proj,14,1234,momentum,1,1.3895810255027694,1.3895810255027694,1.3895810255027694,0.0,0.0,1.866470958239531e-15,0.00010294668372257824,1.0634408588509392e-16,9.360259207465731e-17,1.0634408588509392e-16,0.00010470944688348636,0.9999999945227694,1.7360229849432775e-16,0.9999999999999989,1.2686675553294298,1.8704833253064162e-15,False,True,False,False,True,False,False
q_proj,14,1234,momentum,10,1.3884489794387993,1.3866453785236064,1.3884489794387993,0.0018036009151929377,0.0,0.08616142392421701,0.004174640031217809,6.951262960079752e-05,2.2564410087952356e-16,2.2936550709954846e-16,0.004230607083986476,0.9999910613631667,3.396993538676947e-16,0.9999999999999857,1.2429892013158383,7.828666603569231e-16,False,True,False,False,True,False,False
q_proj,14,1234,momentum,50,1.3794663221938124,1.3727340172074836,1.3794663221938126,0.006732304986328819,2.220446049250313e-16,0.9793825118753448,0.0320593578642969,0.0086246501381908,4.721192655413073e-16,4.865193321653384e-16,0.03255460928872797,0.9994719321019834,6.792650567333156e-16,1.0000000000000007,1.027257952629899,9.526590146153993e-16,False,True,False,False,True,False,False
q_proj,15,1234,momentum,1,1.3835715250340357,1.3835715250340357,1.3835715250340357,0.0,0.0,1.3555245420770672e-15,9.554531584522398e-05,1.0645677836312763e-16,9.405403260428298e-17,1.0645677836312763e-16,0.00010274399503417715,0.9999999947246992,1.74257037866502e-16,1.0000000000000102,1.1235143019768634,1.3696790560206783e-15,False,True,False,False,True,False,False
q_proj,15,1234,momentum,10,1.3823716448825438,1.3811685705504015,1.3823716448825436,0.0012030743321422843,2.220446049250313e-16,0.059392020453357244,0.003889434693928297,4.583556529043101e-05,2.1608252234568297e-16,2.2524943864968836e-16,0.004170217582898981,0.9999913107610375,3.2981603060699324e-16,0.999999999999984,1.1093985535815674,7.757144885466972e-16,False,True,False,False,True,False,False
q_proj,15,1234,momentum,50,1.3729054452301195,1.3680317513919404,1.3729054452301195,0.0048736938381790385,0.0,0.6441427765692765,0.031068893754850762,0.005811484073640911,4.732490843350932e-16,4.8676382848983155e-16,0.032749204284501086,0.9994647585023029,6.801307929830331e-16,0.9999999999999982,0.9839233751852683,9.999352203811037e-16,False,True,False,False,True,False,False
q_proj,16,1234,momentum,1,1.5499759883024709,1.5499759883024709,1.5499759883024709,0.0,0.0,1.5546037515043794e-15,7.669521687395372e-05,1.0631368390835027e-16,9.775333075100442e-17,1.0631368390835027e-16,8.421948401445818e-05,0.9999999964538842,1.7659486884056874e-16,0.9999999999999996,0.8029107274740397,1.5637905543205364e-15,False,True,False,False,True,False,False
q_proj,16,1234,momentum,10,1.548547837282826,1.5487352238703367,1.548547837282826,0.00018738658751060733,0.0,0.013729926886446787,0.0031422996159877663,1.2684418195500602e-05,2.1792411239574192e-16,2.2806429471321294e-16,0.003445016492316616,0.9999940665878505,3.359859254240478e-16,0.9999999999999983,0.8021431139646393,8.817291780670909e-16,False,True,False,False,True,False,False
q_proj,16,1234,momentum,50,1.537042705403417,1.5381834706846154,1.5370427054034173,0.0011407652811983304,2.220446049250313e-16,0.13140044067310763,0.027049153954394237,0.0018135797433844654,4.657486231268069e-16,4.759763008081614e-16,0.029082663955596087,0.9995771804886998,6.76788860124908e-16,1.000000000000003,0.7944818098577769,8.90594883993268e-16,False,True,False,False,True,False,False
q_proj,17,1234,momentum,1,1.4708799450409362,1.470879945040936,1.470879945040936,2.220446049250313e-16,2.220446049250313e-16,1.4987201007408798e-15,6.035665652734395e-05,1.0682958231303748e-16,9.453588703168705e-17,1.0682958231303748e-16,6.101290494692947e-05,0.9999999981417593,1.7450602116466068e-16,0.9999999999999971,0.7002720971358098,1.5147772974361078e-15,False,True,False,False,True,False,False
q_proj,17,1234,momentum,10,1.4696117214117659,1.4698004601366996,1.4696117214117657,0.00018873872493374577,2.220446049250313e-16,0.013367991915906216,0.002471834220945232,1.1972165634433229e-05,2.1845423139918107e-16,2.295018146261567e-16,0.0024937699544961742,0.9999968953463116,3.355818113572045e-16,1.000000000000003,0.6991008762836084,9.372744232600826e-16,False,True,False,False,True,False,False
q_proj,17,1234,momentum,50,1.459496866657677,1.4605978672818067,1.4594968666576766,0.0011010006241296555,4.440892098500626e-16,0.12924233179755945,0.021133912637732025,0.001721783066538836,4.652214236406923e-16,4.766243257664526e-16,0.020843136987706037,0.9997828925305197,6.682978934541087e-16,0.999999999999998,0.6886271611728152,1.0219863254466473e-15,False,True,False,False,True,False,False
q_proj,18,1234,momentum,1,1.3828669482237732,1.3828669482237734,1.3828669482237734,2.220446049250313e-16,2.220446049250313e-16,1.338547376137025e-15,7.887323201343769e-05,1.0644821145947967e-16,9.38009000331246e-17,1.0644821145947967e-16,9.38621913869356e-05,0.9999999955985668,1.739544355803118e-16,0.9999999999999972,0.7855022600134177,1.3573475177395945e-15,False,True,False,False,True,False,False
q_proj,18,1234,momentum,10,1.3813899124002944,1.3813958882245412,1.3813899124002942,5.9758242467733425e-06,2.220446049250313e-16,0.04894393595531489,0.003192984332816104,4.330259747477856e-05,2.167536636659254e-16,2.304731969938309e-16,0.0037835719976280205,0.9999928480302014,3.3490524448732267e-16,0.9999999999999927,0.769259733337174,7.512300641165684e-16,False,True,False,False,True,False,False
q_proj,18,1234,momentum,50,1.370129720963416,1.3706985264207892,1.370129720963416,0.0005688054573731449,0.0,0.26400417821403216,0.02483090117639961,0.00501991440430089,4.619743447956875e-16,4.759478761592766e-16,0.028844696231687856,0.999583996410949,6.704722724384757e-16,1.0000000000000058,0.6868855602189646,9.07290170764477e-16,False,True,False,False,True,False,False
q_proj,19,1234,momentum,1,1.4385125677052168,1.4385125677052168,1.4385125677052168,0.0,0.0,1.9246151892558255e-15,8.154243920531848e-05,1.0346035453231068e-16,9.63316644456092e-17,1.0346035453231068e-16,8.469374599483864e-05,0.9999999964143134,1.7220305686289048e-16,0.9999999999999927,0.8637614320844055,1.9395731773996702e-15,False,True,False,False,True,False,False
q_proj,19,1234,momentum,10,1.4371397552997554,1.4368099948744353,1.4371397552997554,0.0003297604253200692,0.0,0.02558839337287388,0.003334490680499444,2.4633067955914732e-05,2.1720555547223052e-16,2.257091650599119e-16,0.0034559795814267423,0.9999940296271393,3.2901672551512224e-16,1.000000000000006,0.8591651177315651,1.1132205900731158e-15,False,True,False,False,True,False,False
q_proj,19,1234,momentum,50,1.4260759579900995,1.424202320657593,1.4260759579900995,0.0018736373325065614,0.0,0.20675066509104784,0.028189407250192564,0.0032502519566728373,4.761076226642063e-16,4.762912770101945e-16,0.028737272577618083,0.9995871370745221,6.73566792303302e-16,1.0000000000000009,0.8214052767734986,1.0733879026880738e-15,False,True,False,False,True,False,False
q_proj,20,1234,momentum,1,1.4000058391129175,1.4000058391129175,1.4000058391129175,0.0,0.0,1.752208118720232e-15,7.060869297351277e-05,1.0505672792129871e-16,9.525052288040502e-17,1.0505672792129871e-16,6.90337886603684e-05,0.9999999976215479,1.7278450205228275e-16,0.9999999999999829,0.7586516706055928,1.7821003635754417e-15,False,True,False,False,True,False,False
q_proj,20,1234,momentum,10,1.398672327126934,1.398912362550294,1.3986723271269337,0.00024003542336004102,2.220446049250313e-16,0.012750560629470336,0.002895273059169906,1.3572319414063107e-05,2.177136977814586e-16,2.2679224979680375e-16,0.0028258837055662334,0.9999960141862334,3.3020358049702223e-16,1.0000000000000013,0.7577040314038637,9.180567573381121e-16,False,True,False,False,True,False,False
q_proj,20,1234,momentum,50,1.3878616714338283,1.389413446071387,1.3878616714338283,0.0015517746375586228,0.0,0.12486698740544871,0.025166971340381428,0.0019775541427828475,4.568199476882122e-16,4.714204832751434e-16,0.02412613331397879,0.9997091908804001,6.572116257769469e-16,0.9999999999999751,0.7459343413184921,9.097468591914117e-16,False,True,False,False,True,False,False
q_proj,21,1234,momentum,1,1.412836551982321,1.4128365519823207,1.4128365519823207,2.220446049250313e-16,2.220446049250313e-16,1.6753374070386578e-15,7.892866587686389e-05,1.062958181051257e-16,9.606209195181057e-17,1.062958181051257e-16,8.253544908814595e-05,0.9999999965967932,1.7318863397787215e-16,0.9999999999999967,0.9359798370141188,1.69535808678168e-15,False,True,False,False,True,False,False
q_proj,21,1234,momentum,10,1.411661439623564,1.411410884575461,1.411661439623564,0.00025055504810311824,0.0,0.03224524876335828,0.0032261412797068415,3.2840033290556696e-05,2.1573448961435833e-16,2.3165099484322074e-16,0.0033677853167242027,0.9999943339976491,3.296462117345045e-16,0.999999999999996,0.9320831309292318,8.469081652119444e-16,False,True,False,False,True,False,False
q_proj,21,1234,momentum,50,1.4024408919117473,1.4011787332681251,1.402440891911747,0.0012621586436221133,2.220446049250313e-16,0.22948295146568176,0.02703943375256347,0.004123459765354089,4.783446523673324e-16,4.801084033944873e-16,0.027964569835477248,0.9996094291156685,6.693432805006913e-16,1.0,0.9063143072276687,1.054885013278425e-15,False,True,False,False,True,False,False
q_proj,22,1234,momentum,1,1.4253841851626103,1.4253841851626103,1.4253841851626103,0.0,0.0,1.5900774631954407e-15,9.167781291718289e-05,1.0787408073969902e-16,8.983721412022811e-17,1.0787408073969902e-16,9.481035783418478e-05,0.9999999955249413,1.720025901302852e-16,0.9999999999999934,0.9134097706809334,1.5535876164721775e-15,False,True,False,False,True,False,False
q_proj,22,1234,momentum,10,1.4239795585830959,1.4238376294729143,1.4239795585830959,0.00014192911018162668,0.0,0.01124842659274709,0.0037592705843632257,1.588450972748019e-05,2.0279812564145567e-16,2.268170883897188e-16,0.003882287149082544,0.9999924965375028,3.213074971994882e-16,0.9999999999999923,0.9131334711421888,6.319626418043713e-16,False,True,False,False,True,False,False
q_proj,22,1234,momentum,50,1.4128205761720412,1.4116843706706421,1.4128205761720412,0.0011362055013990346,0.0,0.12029035033675516,0.032605440345621683,0.0022657845361654834,4.745216913716426e-16,4.833694555153634e-16,0.03313027647427162,0.9994533695584973,6.731502903231529e-16,1.00000000000004,0.9104919578794143,7.874923039685827e-16,False,True,False,False,True,False,False
q_proj,23,1234,momentum,1,1.4430858912682856,1.4430858912682853,1.4430858912682853,2.220446049250313e-16,2.220446049250313e-16,1.3458850905067922e-15,0.00010117585143404206,1.0599502422362435e-16,9.663681115800468e-17,1.0599502422362435e-16,0.00011289062617126919,0.9999999937005752,1.7527303205681775e-16,0.99999999999999,0.9175642948556962,1.3271393388164188e-15,False,True,False,False,True,False,False
q_proj,23,1234,momentum,10,1.4414945552261933,1.4416354807535139,1.441494555226193,0.00014092552732059005,2.220446049250313e-16,0.004407483135382832,0.004147107176119625,3.9460914810685674e-06,2.2515185544022524e-16,2.2722994215485936e-16,0.004619018448860976,0.9999894526665892,3.350124261160504e-16,0.9999999999999889,0.9174884346596528,8.126307418003509e-16,False,True,False,False,True,False,False
q_proj,23,1234,momentum,50,1.4290455027932893,1.4299402394057208,1.4290455027932893,0.000894736612431446,0.0,0.045143574161709665,0.03574664491515772,0.0005625299985053256,4.799719587500842e-16,4.718089135987826e-16,0.03879703894883855,0.9992542912885249,6.814610538211059e-16,0.9999999999999976,0.9161968877808403,8.734615541448019e-16,False,True,False,False,True,False,False
k_proj,0,1234,momentum,1,5.781481193448726,5.781481193448724,5.781481193448724,1.7763568394002505e-15,1.7763568394002505e-15,1.6768886631225142e-15,0.10235228710433035,1.066362711039365e-16,9.400639387633819e-17,1.066362711039365e-16,0.1305860855995211,0.9915804866245406,1.70823217030077e-16,1.000000000000003,229.14191482743357,1.8279559244337704e-15,False,True,False,False,True,False,False
k_proj,0,1234,momentum,10,5.747058843189644,4.192901832805136,5.7470588431896426,1.5541570103845084,1.7763568394002505e-15,2.4179271579269703,0.6378293293255414,0.287321908454113,2.3180605618611877e-16,2.4199783564546077e-16,0.7018540085681753,0.8128296077435745,3.5205748478411155e-16,0.9999999999999947,23.65293072351569,1.7557480623083957e-15,False,True,False,False,True,False,False
k_proj,0,1234,momentum,50,4.7920512631532235,0.0218278187577773,4.792051263153222,4.770223444395446,1.7763568394002505e-15,15.473833017361834,0.6279811069439355,1.24398410439465,6.092692800985571e-16,8.065912164210924e-16,1.4864144855434982,0.4110172269965351,1.0671640574413482e-15,0.9999999999999933,1.7020044145714903,1.2435026470283926e-15,False,True,False,False,True,False,False
k_proj,1,1234,momentum,1,2.563763529098525,2.5637635290985252,2.5637635290985252,4.440892098500626e-16,4.440892098500626e-16,1.3074165978631256e-15,0.0006895273580437114,1.0452760370073513e-16,9.118192767368515e-17,1.0452760370073513e-16,0.000754919910594864,0.9999997150623499,1.709727491575548e-16,1.0000000000000129,2.477551047441572,1.2609215516871837e-15,False,True,False,False,True,False,False
k_proj,1,1234,momentum,10,2.5498109146897177,2.5234745108406726,2.549810914689718,0.02633640384904501,4.440892098500626e-16,0.1124218548691446,0.02755228329924171,0.002732811903056315,2.1936550772510994e-16,2.300439655481549e-16,0.030104541751915882,0.9995483276977619,3.3905657068087695e-16,0.9999999999999938,2.336915755637152,1.1806636091468888e-15,False,True,False,False,True,False,False
k_proj,1,1234,momentum,50,2.347954603618202,1.6594727698940737,2.3479546036182026,0.6884818337241285,4.440892098500626e-16,0.46016033917065996,0.25519585626114677,0.31581845504130346,4.994900342056002e-16,5.567074833989657e-16,0.4502932454220479,0.9209402858885161,7.567327087874773e-16,1.0000000000000107,2.1182684412544615,1.0243896052173104e-15,False,True,False,False,True,False,False
k_proj,2,1234,momentum,1,2.121228818292922,2.1212288182929218,2.1212288182929218,4.440892098500626e-16,4.440892098500626e-16,1.107374942529231e-15,0.0002008970435314153,1.040887479209932e-16,9.421027143881798e-17,1.040887479209932e-16,0.0002576507584345207,0.9999999668083445,1.714525897940628e-16,0.9999999999999951,0.8363396452116763,1.1048094784416226e-15,False,True,False,False,True,False,False
k_proj,2,1234,momentum,10,2.1100035740634047,2.1063021699927384,2.110003574063404,0.0037014040706662144,4.440892098500626e-16,0.026054494635569594,0.008152132081694366,0.0003659734156737385,2.2002518979542093e-16,2.221286546366452e-16,0.010449664976567586,0.99994542886753,3.315963422622351e-16,1.0000000000000082,0.8259692546371271,9.32407559912774e-16,False,True,False,False,True,False,False
k_proj,2,1234,momentum,50,1.985318971788858,1.935517435231483,1.9853189717888577,0.04980153655737496,2.220446049250313e-16,0.10341566360353195,0.07170524638258007,0.04656728813790403,4.82458179780833e-16,5.555756993575003e-16,0.10255413731475682,0.9949077107078953,7.417841265475828e-16,1.000000000000003,0.7895151154347164,8.918276699845113e-16,False,True,False,False,True,False,False
k_proj,3,1234,momentum,1,1.7747038364174383,1.7747038364174383,1.7747038364174383,0.0,0.0,1.1300764112104012e-15,0.00025211061590466743,1.0852435357621999e-16,8.9899779212757e-17,1.0852435357621999e-16,0.00029371982975451717,0.9999999568735736,1.7378755418390745e-16,1.0000000000000036,0.984406041347752,1.1444298463355135e-15,False,True,False,False,True,False,False
k_proj,3,1234,momentum,10,1.763608155145332,1.7579370282619442,1.7636081551453318,0.005671126883387778,2.220446049250313e-16,0.03370391943444261,0.01023468446019754,0.0006025676486062589,2.1721071787817585e-16,2.3676181641780866e-16,0.011907918081721878,0.9999291882321507,3.4229485338778973e-16,1.000000000000007,0.969267251612419,9.107366357077543e-16,False,True,False,False,True,False,False
k_proj,3,1234,momentum,50,1.6482643666537775,1.5787249386899773,1.6482643666537775,0.0695394279638002,0.0,0.1345269691911438,0.08866029773019597,0.0762254899077565,4.880580716430869e-16,5.353604237367971e-16,0.12873437830250198,0.9920013824682933,7.307972304459831e-16,1.0000000000000016,0.917548796701475,8.457463288832413e-16,False,True,False,False,True,False,False
k_proj,4,1234,momentum,1,1.6154226755826073,1.6154226755826073,1.6154226755826073,0.0,0.0,9.731730882614054e-16,0.000283993681437736,1.153690279183542e-16,9.341978726042521e-17,1.153690279183542e-16,0.0003396211629340343,0.9999999423288074,1.7875407321582807e-16,1.0000000000000053,1.4758787504782185,9.93696894579209e-16,False,True,False,False,True,False,False
k_proj,4,1234,momentum,10,1.607783242421964,1.5992279597092043,1.6077832424219645,0.008555282712759738,4.440892098500626e-16,0.0895451701148059,0.011437497974721834,0.0009919666903025967,2.171861986388452e-16,2.3057710918802036e-16,0.013634902443969888,0.9999070942082708,3.385789763155355e-16,0.9999999999999964,1.4233357188189046,8.632569965561244e-16,False,True,False,False,True,False,False
k_proj,4,1234,momentum,50,1.5185086736090347,1.3881190584078709,1.518508673609035,0.13038961520116388,2.220446049250313e-16,0.29807805826928435,0.09794598777896381,0.12049733252643458,4.7746403273225735e-16,5.393515949313616e-16,0.16505439374976624,0.9869462169831269,7.225864316474581e-16,1.0000000000000018,1.303941288249744,1.091704116797857e-15,False,True,False,False,True,False,False
k_proj,5,1234,momentum,1,1.5352161023218518,1.5352161023218516,1.5352161023218516,2.220446049250313e-16,2.220446049250313e-16,8.724325420685223e-16,0.00027738537894578133,1.0842680519046481e-16,9.438591541705078e-17,1.0842680519046481e-16,0.000327828649870383,0.9999999462642091,1.7704912894799538e-16,0.9999999999999979,1.1611813941466091,8.651864428897973e-16,False,True,False,False,True,False,False
k_proj,5,1234,momentum,10,1.525567443135488,1.5173243956498357,1.5255674431354878,0.0082430474856523,2.220446049250313e-16,0.05868909297522211,0.011244132133438618,0.0008543905434457078,2.145129822213535e-16,2.280004149334375e-16,0.013284832795203604,0.9999117913277853,3.338109836194465e-16,1.0000000000000022,1.134351848746655,6.473612954518782e-16,False,True,False,False,True,False,False
k_proj,5,1234,momentum,50,1.419468387718337,1.319903050813536,1.419468387718337,0.09956533690480085,0.0,0.21797207958999404,0.09645539131629034,0.10027931775851039,4.96862704164105e-16,4.998711013369302e-16,0.15113401803374257,0.9889031579303371,7.113379364321982e-16,0.9999999999999968,1.0333490164724195,7.626949023675466e-16,False,True,False,False,True,False,False
k_proj,6,1234,momentum,1,1.5832708435390799,1.5832708435390799,1.5832708435390799,0.0,0.0,1.1746421732314639e-15,0.00024929441933740264,1.0442220840557973e-16,9.483594000246876e-17,1.0442220840557973e-16,0.0002686809181795361,0.9999999639119208,1.740977224153682e-16,1.0000000000000062,1.0891372959431747,1.1732344899055283e-15,False,True,False,False,True,False,False
k_proj,6,1234,momentum,10,1.5740539004344878,1.5680192267830428,1.5740539004344878,0.006034673651444944,0.0,0.03288083065811879,0.010156233259245877,0.000659913172798379,2.2202728655120549e-16,2.3046703599984606e-16,0.010947026397122236,0.9999400822835145,3.398761365173276e-16,1.0000000000000084,1.075334603750661,9.268439940195111e-16,False,True,False,False,True,False,False
k_proj,6,1234,momentum,50,1.4724989586243442,1.375183473491273,1.472498958624344,0.09731548513307131,2.220446049250313e-16,0.15847919644663858,0.092828350594036,0.0895350579296875,4.762127189733316e-16,5.169871392111281e-16,0.13523797541812796,0.9911749245464967,7.112585360475533e-16,1.0000000000000073,1.0988990617383079,8.738559310167863e-16,False,True,False,False,True,False,False
k_proj,7,1234,momentum,1,1.6866799929728433,1.686679992972844,1.686679992972844,6.661338147750939e-16,6.661338147750939e-16,1.4340331393320338e-15,0.0001373295536361428,1.0583391566886814e-16,9.404346021776258e-17,1.0583391566886814e-16,0.00016240132515106323,0.9999999868128987,1.7370771672127917e-16,0.9999999999999918,0.7155136747458521,1.4422270852716923e-15,False,True,False,False,True,False,False
k_proj,7,1234,momentum,10,1.6787130964798755,1.677626793378808,1.6787130964798755,0.0010863031010674984,0.0,0.01590617079034057,0.005625884401116606,0.00017401250316913006,2.2215869855419628e-16,2.2277056518588266e-16,0.006635587525049355,0.9999779849924609,3.313441392652198e-16,1.0000000000000009,0.7145303616242489,1.15966935456047e-15,False,True,False,False,True,False,False
k_proj,7,1234,momentum,50,1.5862135434539535,1.5659679008297696,1.5862135434539537,0.020245642624183935,2.220446049250313e-16,0.05470665503419948,0.054785872833124874,0.02545433625324775,4.917581554928478e-16,5.033980417815111e-16,0.06776943004504773,0.9977115632725878,7.180630922228474e-16,1.000000000000005,0.7520428275882516,1.0324344331404244e-15,False,True,False,False,True,False,False
k_proj,8,1234,momentum,1,1.9401872555018473,1.9401872555018471,1.9401872555018471,2.220446049250313e-16,2.220446049250313e-16,1.2341610210533665e-15,0.000367960022082332,1.1463011008279922e-16,9.118323225964744e-17,1.1463011008279922e-16,0.0004441947573790139,0.9999999014135865,1.8080986454155203e-16,0.9999999999999996,1.5921724805774224,1.234307378507441e-15,False,True,False,False,True,False,False
k_proj,8,1234,momentum,10,1.9301697599659855,1.9148421149818198,1.9301697599659855,0.015327644984165723,0.0,0.12061918761477551,0.014762785702753923,0.001587748486317292,2.254717680032601e-16,2.2041221715013076e-16,0.01777765127191649,0.9998425267362896,3.325963716842916e-16,1.0000000000000049,1.5193779066385922,1.070630611596178e-15,False,True,False,False,True,False,False
k_proj,8,1234,momentum,50,1.8002790972723701,1.5362680869577747,1.8002790972723701,0.2640110103145954,0.0,0.4151264321623124,0.12749330675309156,0.1808083004022135,4.849935718939417e-16,5.37985970406811e-16,0.23899314638656624,0.9738550483471959,7.297336937334066e-16,1.0000000000000036,1.3571640332935568,1.0177912935114397e-15,False,True,False,False,True,False,False
k_proj,9,1234,momentum,1,1.4195303412651796,1.4195303412651794,1.4195303412651794,2.220446049250313e-16,2.220446049250313e-16,8.304606945860372e-16,0.0002867494221728184,1.0096410654764536e-16,9.196141401071108e-17,1.0096410654764536e-16,0.0003341849793860379,0.9999999444099195,1.6909516796158183e-16,1.0000000000000029,1.2350318733595227,8.352778428409542e-16,False,True,False,False,True,False,False
k_proj,9,1234,momentum,10,1.4108401457536788,1.3979102513454198,1.4108401457536786,0.01292989440825898,2.220446049250313e-16,0.08895858343145562,0.011672316144585604,0.0011489380558588505,2.322492129928054e-16,2.1702212122260199e-16,0.013665133462472058,0.9999074125951295,3.344266823587127e-16,0.9999999999999938,1.2090815223765237,6.305554189665996e-16,False,True,False,False,True,False,False
k_proj,9,1234,momentum,50,1.3040608741242279,1.1413233436761325,1.3040608741242277,0.16273753044809536,2.220446049250313e-16,0.4053162926077775,0.10407761159420705,0.13224868200215914,5.052758486133575e-16,4.872664355368819e-16,0.1816259687040268,0.9844311922977644,7.083137871694068e-16,0.9999999999999944,1.0894072123577458,7.254682159266884e-16,False,True,False,False,True,False,False
k_proj,10,1234,momentum,1,1.515770983291158,1.515770983291158,1.515770983291158,0.0,0.0,1.0166678904969339e-15,0.0003744859808393353,1.0569852859255198e-16,8.898605470268828e-17,1.0569852859255198e-16,0.00047913620613215986,0.9999998852181906,1.6897793314486748e-16,0.9999999999999929,1.7189728074345059,1.042944282566978e-15,False,True,False,False,True,False,False
k_proj,10,1234,momentum,10,1.5068762945797871,1.4802178700661173,1.5068762945797871,0.026658424513669843,0.0,0.3005245794659227,0.014648366098875355,0.002703724903808769,2.1326483474591602e-16,2.2364770485848907e-16,0.018695293845091315,0.9998254805866642,3.2633191625352223e-16,1.0000000000000042,1.5700284751353897,8.049960623301168e-16,False,True,False,False,True,False,False
k_proj,10,1234,momentum,50,1.4061841575660143,1.1005920066188264,1.4061841575660143,0.30559215094718795,0.0,0.7347234967767228,0.10804798071697588,0.24330821183629825,4.720698364994856e-16,5.079069702926738e-16,0.27134694501170853,0.9650876153874413,6.972795454695661e-16,0.9999999999999909,1.2612049268443613,8.481124155767163e-16,False,True,False,False,True,False,False
k_proj,11,1234,momentum,1,1.449036496671253,1.449036496671253,1.449036496671253,0.0,0.0,1.317247944990031e-15,0.00023956389684531956,1.0065042055362177e-16,9.729358782163341e-17,1.0065042055362177e-16,0.0002785057203469397,0.9999999613124255,1.7195091212949804e-16,0.9999999999999932,1.1139161537470803,1.325921949433451e-15,False,True,False,False,True,False,False
k_proj,11,1234,momentum,10,1.4407266270821995,1.432143086739093,1.4407266270821992,0.008583540343106488,2.220446049250313e-16,0.06446299048590537,0.009779788007877566,0.0008456942467893507,2.3506275295764357e-16,2.3421011768981516e-16,0.011399485789608603,0.9999353221765107,3.460621550535033e-16,0.9999999999999972,1.1022793879379116,1.0627397415093083e-15,False,True,False,False,True,False,False
k_proj,11,1234,momentum,50,1.346375931094454,1.2279680695180668,1.3463759310944539,0.11840786157638727,2.220446049250313e-16,0.30598978915575425,0.08903610352405317,0.10501854338201032,4.722448851917663e-16,5.14118890332853e-16,0.14597286895639056,0.9897407967607257,7.044916067869259e-16,0.9999999999999929,1.0752517944353102,1.0472371747210731e-15,False,True,False,False,True,False,False
k_proj,12,1234,momentum,1,1.4039203967516087,1.4039203967516087,1.4039203967516087,0.0,0.0,9.077169648232185e-16,0.00030715572302499473,1.063550791152158e-16,9.187538618954423e-17,1.063550791152158e-16,0.0003456179183368149,0.9999999402766534,1.725924406587354e-16,0.9999999999999983,1.6246633462388838,9.391344902485956e-16,False,True,False,False,True,False,False
k_proj,12,1234,momentum,10,1.396369506088203,1.3760924271250754,1.3963695060882033,0.020277078963127693,2.220446049250313e-16,0.20901593232204044,0.012195599795621436,0.0022407575499613884,2.2391100674232226e-16,2.26368680219292e-16,0.013770272353735768,0.9999053894680643,3.3654407192464617e-16,1.0,1.529569141188465,8.3670185766651545e-16,False,True,False,False,True,False,False
k_proj,12,1234,momentum,50,1.3146859010503484,1.0608788752427103,1.3146859010503484,0.25380702580763814,0.0,0.7002274865908655,0.0951227636443759,0.22658511632840403,4.805784615712771e-16,4.933767972754848e-16,0.240050669943033,0.9726996530880037,6.909889436329879e-16,0.9999999999999959,1.2684190067957346,8.049585661435394e-16,False,True,False,False,True,False,False
k_proj,13,1234,momentum,1,1.470580290455213,1.470580290455213,1.470580290455213,0.0,0.0,8.788487100469821e-16,0.00027841678470897214,1.0663202076568202e-16,9.115284741934203e-17,1.0663202076568202e-16,0.0003264110514411112,0.9999999468017562,1.7205867000119783e-16,1.0000000000000053,1.0998941671266476,8.686271176713453e-16,False,True,False,False,True,False,False
k_proj,13,1234,momentum,10,1.4604910536741027,1.449853646305816,1.4604910536741027,0.010637407368286667,0.0,0.06487411771124278,0.011364986333472212,0.0008525430517164127,2.1934290261284051e-16,2.2725292527691755e-16,0.01333108223617271,0.9999114207666809,3.3083497296289563e-16,1.000000000000007,1.087983986018752,6.924742498696536e-16,False,True,False,False,True,False,False
k_proj,13,1234,momentum,50,1.3471980037784164,1.2200134659976605,1.347198003778417,0.1271845377807559,6.661338147750939e-16,0.3003226182323143,0.10169351200166116,0.10166772588092116,4.760291179362445e-16,5.13093551754576e-16,0.15417969315643965,0.98850654590505,7.035470002926418e-16,0.9999999999999978,1.0364526991726184,8.077340752000936e-16,False,True,False,False,True,False,False
k_proj,14,1234,momentum,1,1.4333714005563658,1.4333714005563654,1.4333714005563654,4.440892098500626e-16,4.440892098500626e-16,8.555566284434411e-16,0.00029496173515912704,1.0830914454406703e-16,9.638987753158512e-17,1.0830914454406703e-16,0.00034900935155760557,0.9999999390991918,1.7556383122068047e-16,0.9999999999999962,1.280125027342419,8.673202439254351e-16,False,True,False,False,True,False,False
k_proj,14,1234,momentum,10,1.4242722514463206,1.4092425202181909,1.4242722514463202,0.015029731228129783,4.440892098500626e-16,0.115705991206755,0.01193536435256978,0.0013264031999698337,2.271889411572226e-16,2.3920527625446526e-16,0.014116595386220067,0.9999003990260349,3.463930842763701e-16,1.000000000000005,1.2447548085502589,7.741640469871806e-16,False,True,False,False,True,False,False
k_proj,14,1234,momentum,50,1.3210130967725522,1.1357687421903326,1.3210130967725517,0.18524435458221955,4.440892098500626e-16,0.4580425691198612,0.10230689823267344,0.15069450637018972,4.721249568157224e-16,4.996444463494071e-16,0.1890869169966331,0.9827731444296217,6.884095049390797e-16,1.0000000000000044,1.1352870307237422,7.656192766231372e-16,False,True,False,False,True,False,False
k_proj,15,1234,momentum,1,1.552250381275187,1.552250381275187,1.552250381275187,0.0,0.0,8.156545399699343e-16,0.00022840473386049974,1.0465245875421481e-16,9.244408994455079e-17,1.0465245875421481e-16,0.00027173973562701347,0.9999999630811162,1.7220172010261012e-16,1.0000000000000067,1.103849015012104,8.259208843433112e-16,False,True,False,False,True,False,False
k_proj,15,1234,momentum,10,1.5436362070846237,1.5368390501381064,1.5436362070846237,0.00679715694651728,0.0,0.05675059938718152,0.00931486933771376,0.0006977061252241679,2.185529884636011e-16,2.366519422764985e-16,0.011091864845937646,0.9999384875828237,3.4126118541055653e-16,1.0,1.0908490316928101,7.576964633155604e-16,False,True,False,False,True,False,False
k_proj,15,1234,momentum,50,1.4433346020928617,1.350045745138048,1.4433346020928617,0.09328885695481359,0.0,0.2397355417322108,0.08489414434232881,0.08633489638191287,4.982839489998839e-16,4.719811715003477e-16,0.13250050015504491,0.9913827408649785,6.850090492961821e-16,0.9999999999999986,1.048959419248319,7.873495183241098e-16,False,True,False,False,True,False,False
k_proj,16,1234,momentum,1,1.4171802908723368,1.4171802908723368,1.4171802908723368,0.0,0.0,6.488043167485025e-16,0.00018862821782978414,1.0470780202315384e-16,9.440174282746014e-17,1.0470780202315384e-16,0.00023488483620196676,0.999999972415218,1.7451535092163862e-16,1.0000000000000082,0.7761664081476665,6.351252123557004e-16,False,True,False,False,True,False,False
k_proj,16,1234,momentum,10,1.407769841831719,1.409859713182777,1.4077698418317184,0.0020898713510579814,6.661338147750939e-16,0.014385939993579868,0.007722916725136472,0.0001772922106026197,2.1357142584964188e-16,2.1568915771714502e-16,0.009605456134665945,0.9999538733144069,3.2350797382990927e-16,0.9999999999999968,0.7752784576659117,6.914781358452128e-16,False,True,False,False,True,False,False
k_proj,16,1234,momentum,50,1.3107865810036372,1.334989047192172,1.3107865810036368,0.02420246618853472,4.440892098500626e-16,0.08926057807979432,0.06977062614731581,0.024444967885885318,4.503709355699411e-16,4.874741952291801e-16,0.0889482812260571,0.9960703875615013,6.751154361566026e-16,0.9999999999999998,0.7717108434075518,8.080310446782368e-16,False,True,False,False,True,False,False
k_proj,17,1234,momentum,1,1.3328393309119029,1.3328393309119027,1.3328393309119027,2.220446049250313e-16,2.220446049250313e-16,1.0825132926143561e-15,0.00014399630333881045,1.0861470706964527e-16,9.318901397584392e-17,1.0861470706964527e-16,0.00017638528401930134,0.999999984456559,1.7402706521189396e-16,0.9999999999999993,0.7060355502772536,1.0739339015036377e-15,False,True,False,False,True,False,False
k_proj,17,1234,momentum,10,1.3248891728537147,1.325888528985492,1.3248891728537147,0.0009993561317773736,0.0,0.01262583768715999,0.0059102141985066135,0.0001418532739792022,2.1527688499500214e-16,2.185747605458875e-16,0.007234801973312209,0.9999738416086292,3.270263095506257e-16,1.0,0.705740922567564,9.10211938055446e-16,False,True,False,False,True,False,False
k_proj,17,1234,momentum,50,1.2350965914114387,1.2472451679800411,1.2350965914114387,0.012148576568602465,0.0,0.06446827004811646,0.0558834147430887,0.01990601283498028,4.883609310176088e-16,4.831170090714346e-16,0.07122382328969191,0.9974653113563798,6.935669868450318e-16,0.9999999999999921,0.7045494791978573,7.938153283755128e-16,False,True,False,False,True,False,False
k_proj,18,1234,momentum,1,1.3590844462673957,1.3590844462673957,1.3590844462673957,0.0,0.0,1.0603050933112562e-15,0.00016280610849635457,1.0447438032339832e-16,9.236684126471155e-17,1.0447438032339832e-16,0.00018274791207141436,0.9999999833065331,1.709957452765949e-16,0.9999999999999992,0.7607332857370633,1.0644299742461764e-15,False,True,False,False,True,False,False
k_proj,18,1234,momentum,10,1.3509703788682437,1.351371681028799,1.3509703788682437,0.00040130216055533907,0.0,0.033249569652111094,0.006641962639355151,0.0004521255462844635,2.235241121275523e-16,2.2928264574094517e-16,0.007446218548020418,0.999972282053647,3.40050535247098e-16,0.9999999999999973,0.7507231486029716,8.4802346326894275e-16,False,True,False,False,True,False,False
k_proj,18,1234,momentum,50,1.2598983391513545,1.269490710291774,1.2598983391513545,0.009592371140419553,0.0,0.09067948624217222,0.06008529728753599,0.055825921085047574,4.74842493438796e-16,4.663436349276331e-16,0.08592474780468763,0.9963043063197028,6.723510272914417e-16,1.0000000000000075,0.7097658959690646,8.077431912438515e-16,False,True,False,False,True,False,False
k_proj,19,1234,momentum,1,1.3616547642234498,1.3616547642234496,1.3616547642234496,2.220446049250313e-16,2.220446049250313e-16,7.238755758695694e-16,0.00018990414072826654,1.082865792585706e-16,9.363511860031725e-17,1.082865792585706e-16,0.00023346284474258972,0.9999999727478084,1.7408064914362482e-16,1.0000000000000002,0.8119266603762201,7.2860280617349295e-16,False,True,False,False,True,False,False
k_proj,19,1234,momentum,10,1.3528032754638641,1.3517789119084593,1.3528032754638641,0.0010243635554048058,0.0,0.012805723357967222,0.007780610984019562,0.00021882780568539188,2.1753875936185643e-16,2.167247291320498e-16,0.009567271837554686,0.9999542342894366,3.2443492405090757e-16,1.0000000000000018,0.8099843692913076,6.011123000491502e-16,False,True,False,False,True,False,False
k_proj,19,1234,momentum,50,1.2587412575402492,1.2492381628285234,1.2587412575402492,0.009503094711725835,0.0,0.06191158626255153,0.07105654180486905,0.028671973551109356,4.866350641838268e-16,5.245075981400158e-16,0.092743931734569,0.9956933567313789,7.148815452518876e-16,0.999999999999996,0.8018005180706426,5.975885744638059e-16,False,True,False,False,True,False,False
k_proj,20,1234,momentum,1,1.2207769555353538,1.220776955535354,1.220776955535354,2.220446049250313e-16,2.220446049250313e-16,1.0299935964963387e-15,0.00016645242511411688,1.0323778330710151e-16,8.776679483157768e-17,1.0323778330710151e-16,0.00020231517073889864,0.9999999795464929,1.6607335050530465e-16,1.0000000000000004,0.7467942162888084,1.0207675899040547e-15,False,True,False,False,True,False,False
k_proj,20,1234,momentum,10,1.212878127739545,1.2147568933139288,1.212878127739545,0.0018787655743837117,0.0,0.016157209360656233,0.006825841755380399,0.00017129197910400863,2.130731928062356e-16,2.224084709035097e-16,0.008288678508978492,0.9999656578158547,3.2384501126032154e-16,1.0000000000000022,0.7452044672375131,7.107200923255432e-16,False,True,False,False,True,False,False
k_proj,20,1234,momentum,50,1.127341952655901,1.150455792028624,1.1273419526559012,0.023113839372723044,2.220446049250313e-16,0.09440083471157175,0.062493262228727024,0.023803566090136688,4.704431907253032e-16,4.867934126535456e-16,0.07919054879075187,0.9968755698123237,6.746659496133273e-16,1.000000000000004,0.7291013214582794,7.889344644465101e-16,False,True,False,False,True,False,False
k_proj,21,1234,momentum,1,1.2684408870310824,1.2684408870310826,1.2684408870310826,2.220446049250313e-16,2.220446049250313e-16,9.202714925875612e-16,0.00019821697845402876,1.0728721043223741e-16,9.377764238297243e-17,1.0728721043223741e-16,0.00024003001125250624,0.9999999712331917,1.7201543971627076e-16,1.0000000000000042,0.9131087369019549,8.928096949750419e-16,False,True,False,False,True,False,False
k_proj,21,1234,momentum,10,1.260883924746014,1.2602385670628369,1.260883924746014,0.0006453576831770835,0.0,0.01519737220485082,0.008116371311828987,0.0002850634989691755,2.3229184456658073e-16,2.2897258083225874e-16,0.009826962617186935,0.9999517806057985,3.3856093355174767e-16,0.999999999999996,0.9114001272276168,6.249781134384863e-16,False,True,False,False,True,False,False
k_proj,21,1234,momentum,50,1.1817002716534695,1.176068625191929,1.1817002716534697,0.005631646461540463,2.220446049250313e-16,0.05311009425018411,0.07319544710472119,0.0365021790844186,4.831347720272549e-16,5.505235137734614e-16,0.09418352452059411,0.9955576627982916,7.284422972319547e-16,1.0000000000000049,0.9004193990077323,8.030673800345336e-16,False,True,False,False,True,False,False
k_proj,22,1234,momentum,1,1.3095932875639305,1.3095932875639305,1.3095932875639305,0.0,0.0,7.577384757678571e-16,0.00020966992806158326,1.132972430171801e-16,8.793470740219399e-17,1.132972430171801e-16,0.0002579389260155154,0.999999966841114,1.7389476348028235e-16,0.9999999999999963,0.8908026080452822,7.5320701236299765e-16,False,True,False,False,True,False,False
k_proj,22,1234,momentum,10,1.3012736006745749,1.3014086407395544,1.3012736006745749,0.00013504006497955245,0.0,0.00541033158878603,0.008582113919950307,9.302751614030372e-05,2.127486698698484e-16,2.2564701901838465e-16,0.010544724267627426,0.9999445790545494,3.293876387891955e-16,0.9999999999999925,0.8908305568383911,5.678435726180473e-16,False,True,False,False,True,False,False
k_proj,22,1234,momentum,50,1.2249873774089306,1.2278409723114367,1.2249873774089306,0.0028535949025061402,0.0,0.024430236264509603,0.07619534747710498,0.012554878206418298,4.755085240207545e-16,4.520161545068511e-16,0.09386246812657224,0.995595203894839,6.642867355049156e-16,0.9999999999999967,0.8923183127403775,6.606911949608502e-16,False,True,False,False,True,False,False
k_proj,23,1234,momentum,1,1.2613600404275658,1.2613600404275658,1.2613600404275658,0.0,0.0,8.180163012820407e-16,0.00019465296782321257,1.0391162942833154e-16,9.299962162143843e-17,1.0391162942833154e-16,0.0002441134876025582,0.999999970212021,1.7259967089557936e-16,0.9999999999999969,0.909214065886705,8.327274511219496e-16,False,True,False,False,True,False,False
k_proj,23,1234,momentum,10,1.2535834869319835,1.2541744207278642,1.2535834869319837,0.0005909337958807104,2.220446049250313e-16,0.005103569063353035,0.00797107797049121,4.873453187319446e-05,2.2697569203198305e-16,2.25941250090657e-16,0.009986801744627887,0.9999501469789569,3.322518395132551e-16,0.9999999999999986,0.9092412645119501,5.453586062825642e-16,False,True,False,False,True,False,False
k_proj,23,1234,momentum,50,1.1762870757453339,1.182448301508659,1.1762870757453339,0.006161225763325229,0.0,0.0324954822912797,0.07167204714205845,0.00653046564240447,4.4058444140868045e-16,4.783680149154306e-16,0.08935384274418037,0.9960065444672698,6.474121525926441e-16,1.000000000000003,0.9109998835289815,7.363464759871798e-16,False,True,False,False,True,False,False
v_proj,0,1234,momentum,1,1.0651346310656737,1.0651346310656737,1.0651346310656737,0.0,0.0,8.146606935404382e-16,0.047066253042506355,5.2773924657541645e-18,9.167905846455661e-17,5.2773924657541645e-18,0.05860321456952871,0.9982860837599867,1.2555390480723188e-16,1.000000000000004,235.65886479454343,8.444209321129978e-16,False,True,False,True,True,False,False
v_proj,0,1234,momentum,10,1.058637220023814,0.9666608319277108,1.058637220023814,0.09197638809610331,0.0,3.2297418156718343,0.16537584866184038,0.04824418088720065,2.323351462536469e-16,3.7997431289273904e-17,0.17463644729628422,0.9850014638619822,2.6123988345946125e-16,0.9999999999999899,25.580532638616816,4.316662165143057e-16,False,True,False,True,True,False,False
v_proj,0,1234,momentum,50,0.9932761887081902,0.39588150498238295,0.9932761887081901,0.5973946837258073,1.1102230246251565e-16,18.584400729681686,0.38717692232191225,0.6120179428315753,4.951292755510718e-16,1.346174989053509e-16,0.7302886261629351,0.7683303483485906,5.342497203715974e-16,0.9999999999999951,3.6533746002982035,4.787244032310667e-16,False,True,False,True,True,False,False
v_proj,1,1234,momentum,1,0.9955878173792528,0.9955878173792531,0.9955878173792531,2.220446049250313e-16,2.220446049250313e-16,6.496231500803932e-16,0.00046905198801699586,2.9089291419478883e-18,9.595460363967546e-17,2.9089291419478883e-18,0.000581397567322376,0.9999998310065057,1.2642444338764185e-16,0.999999999999996,2.2219261068995397,6.251975957760484e-16,False,True,False,True,True,False,False
v_proj,1,1234,momentum,10,0.9891716273883935,0.9772340930963971,0.9891716273883936,0.011937534291996399,1.1102230246251565e-16,0.12976175665964002,0.018632679552069473,0.001086790744296883,2.1662714344351236e-16,3.433693411439223e-17,0.022950543417581275,0.999737199346733,2.444156357837479e-16,0.9999999999999984,2.084201881747971,3.8608798768118236e-16,False,True,False,True,True,False,False
v_proj,1,1234,momentum,50,0.9242773276973368,0.817278509275099,0.924277327697337,0.1069988184222378,1.1102230246251565e-16,0.6157981994630746,0.12930269512430093,0.11946167750325262,4.562199711174363e-16,1.3695655955155773e-16,0.19196056071205148,0.9827032247613838,4.906885583385029e-16,1.0000000000000007,1.5178708435391046,5.162144415219991e-16,False,True,False,True,True,False,False
v_proj,2,1234,momentum,1,1.0284965515273006,1.0284965515273006,1.0284965515273006,0.0,0.0,5.624495000631958e-16,0.00015857326902595385,2.9430155342778273e-18,9.400016861506206e-17,2.9430155342778273e-18,0.00020152649541087267,0.9999999796942816,1.2631441583117005e-16,0.9999999999999968,0.8236298975401268,5.685394027414358e-16,False,True,False,True,True,False,False
v_proj,2,1234,momentum,10,1.0221801403264055,1.0198711482885054,1.0221801403264053,0.002308992037900026,2.220446049250313e-16,0.024402507521386056,0.006467205069768955,0.00020021408523580322,2.1819371000140087e-16,3.5470156727368135e-17,0.008204015295040152,0.9999663611107854,2.439003069906557e-16,1.0000000000000124,0.8144363358777856,4.844041195055294e-16,False,True,False,True,True,False,False
v_proj,2,1234,momentum,50,0.9573393212729592,0.9350459209126768,0.9573393212729592,0.022293400360282378,0.0,0.14913970343007096,0.05593242055017936,0.02538173767893451,4.880041380873155e-16,1.3811635456778602e-16,0.07433974080964943,0.9972854845568985,5.202778406817265e-16,1.0,0.7532090277258102,4.410690046701628e-16,False,True,False,True,True,False,False
v_proj,3,1234,momentum,1,1.1953083543112848,1.1953083543112848,1.1953083543112848,0.0,0.0,6.241860014014964e-16,0.00020903840618641148,9.794862259943216e-18,9.41820147590946e-17,9.794862259943216e-18,0.0002562669983720549,0.999999967182897,1.2508354360172906e-16,1.000000000000007,0.9383446732635344,6.31596900027568e-16,False,True,False,True,True,False,False
v_proj,3,1234,momentum,10,1.1873184274101811,1.1834542960732979,1.1873184274101811,0.0038641313368832364,0.0,0.031100158079686347,0.008501068214565605,0.0003966913045309461,2.1629728889246084e-16,3.885710349519671e-17,0.010429001923713828,0.9999457077943844,2.4640266246902147e-16,0.9999999999999978,0.9235066647969336,4.603697517803118e-16,False,True,False,True,True,False,False
v_proj,3,1234,momentum,50,1.1051597144697431,1.068102256566272,1.1051597144697431,0.03705745790347126,0.0,0.17267888018931885,0.07187790608783494,0.04996898927689738,4.832057439199598e-16,1.51967611161369e-16,0.10188497778343553,0.9949328588869749,5.236880329099396e-16,0.999999999999998,0.8319209213249248,5.270305898776797e-16,False,True,False,True,True,False,False
v_proj,4,1234,momentum,1,1.2333253573295468,1.2333253573295468,1.2333253573295468,0.0,0.0,8.642853348471074e-16,0.0003032013044660731,3.363465657835414e-18,9.20510141992678e-17,3.363465657835414e-18,0.0003633350408710481,0.9999999339943826,1.2392678875506652e-16,1.0000000000000084,1.549692379618129,8.837273376778786e-16,False,True,False,True,True,False,False
v_proj,4,1234,momentum,10,1.2262216524883858,1.2165709188406468,1.2262216524883855,0.00965073364773894,2.220446049250313e-16,0.10796135951539886,0.012145720915327413,0.000985252102927205,2.1646952706307778e-16,3.4635888742765974e-17,0.01446905574840095,0.9998954164556647,2.4483778544831015e-16,0.9999999999999946,1.4811364924878003,6.347764184985715e-16,False,True,False,True,True,False,False
v_proj,4,1234,momentum,50,1.1533934126138599,1.056901509186632,1.1533934126138596,0.0964919034272278,2.220446049250313e-16,0.366626223667607,0.09447921091208292,0.10906933279377404,4.586799401960004e-16,1.6482869336852508e-16,0.15244113043329396,0.9887851260015458,5.042507208919239e-16,0.9999999999999981,1.2323277313661751,6.585097562823316e-16,False,True,False,True,True,False,False
v_proj,5,1234,momentum,1,1.2572939278939694,1.2572939278939694,1.2572939278939694,0.0,0.0,1.0806527216005822e-15,0.0002501474307062456,1.1551269169969343e-17,9.540467997646822e-17,1.1551269169969343e-17,0.00030356875702566084,0.9999999539231074,1.2654602477629439e-16,0.9999999999999951,1.1386178950543073,1.0780982169091239e-15,False,True,False,True,True,False,False
v_proj,5,1234,momentum,10,1.249061215915044,1.2424058511137932,1.249061215915044,0.00665536480125084,0.0,0.05532354030969381,0.010141412470542318,0.0006825534902175864,2.137317527944652e-16,3.783806540319022e-17,0.012301155843381666,0.9999243712353837,2.430030860011173e-16,1.0000000000000049,1.1148580524128917,7.009857239236014e-16,False,True,False,True,True,False,False
v_proj,5,1234,momentum,50,1.1648062222004443,1.0950364893034366,1.1648062222004445,0.06976973289700772,2.220446049250313e-16,0.26041639079253004,0.08536007518282886,0.08024423564709769,4.657082919854291e-16,1.8449035023980297e-16,0.12946337000805108,0.9917997812905581,5.152237557904749e-16,1.0000000000000022,1.0311704121023002,7.006598874133756e-16,False,True,False,True,True,False,False
v_proj,6,1234,momentum,1,1.2145441275426732,1.2145441275426734,1.2145441275426734,2.220446049250313e-16,2.220446049250313e-16,6.82183215330278e-16,0.0002252139864103042,2.7546727061057904e-18,9.119062538293242e-17,2.7546727061057904e-18,0.00027447643933089735,0.9999999623390113,1.2270303446171238e-16,1.0000000000000007,1.0610987696782124,6.803741714386392e-16,False,True,False,True,True,False,False
v_proj,6,1234,momentum,10,1.2070082633195767,1.202290478720351,1.2070082633195767,0.004717784599225672,0.0,0.04381064723809022,0.009136074444092491,0.00047471795536795775,2.211624569149342e-16,3.48055982261639e-17,0.011115671725877272,0.9999382198730818,2.46063142069838e-16,0.999999999999996,1.0388820195000152,4.847948546309158e-16,False,True,False,True,True,False,False
v_proj,6,1234,momentum,50,1.1296651776987658,1.0838886884253147,1.129665177698766,0.045776489273451126,2.220446049250313e-16,0.22662499592320404,0.07618968287756148,0.05713293731217028,4.710411154177726e-16,1.4751853987138323e-16,0.10732392524708148,0.9943269263088077,5.049629160950805e-16,1.0000000000000058,0.9361168458655656,5.158752352928498e-16,False,True,False,True,True,False,False
v_proj,7,1234,momentum,1,1.1939868774874038,1.193986877487404,1.193986877487404,2.220446049250313e-16,2.220446049250313e-16,7.977588467696588e-16,0.0001778210566790301,9.266452855521451e-18,9.779131931728624e-17,9.266452855521451e-18,0.0002206158099868011,0.9999999756650032,1.3060650277959358e-16,1.0000000000000115,0.7223980061608978,7.968329381085822e-16,False,True,False,True,True,False,False
v_proj,7,1234,momentum,10,1.184997190823936,1.183260279745931,1.1849971908239363,0.001736911078004999,2.220446049250313e-16,0.016774291390688326,0.00727388557670556,0.00021396215154683476,2.227228867838527e-16,3.874985033243809e-17,0.009021089332698476,0.9999593093045365,2.4999854004802525e-16,0.9999999999999958,0.7183188098326561,4.906809333649059e-16,False,True,False,True,True,False,False
v_proj,7,1234,momentum,50,1.0918093725640852,1.07512428571083,1.0918093725640854,0.016685086853255093,2.220446049250313e-16,0.08737852624572132,0.0647910685549112,0.02694815343603891,4.882490927500382e-16,1.7908232596554013e-16,0.08457776128502287,0.9964296434653288,5.305097949204432e-16,1.0000000000000009,0.6987184104701175,5.947196909956904e-16,False,True,False,True,True,False,False
v_proj,8,1234,momentum,1,1.1001060273064613,1.1001060273064613,1.1001060273064613,0.0,0.0,1.0019933905750032e-15,0.0002922671527835755,6.994326413124026e-18,9.549499074584741e-17,6.994326413124026e-18,0.0003791606378548747,0.9999999281679756,1.2821536063720712e-16,0.9999999999999993,1.540940183805198,9.933909559667346e-16,False,True,False,True,True,False,False
v_proj,8,1234,momentum,10,1.093764433701603,1.0844855435692147,1.093764433701603,0.009278890132388362,0.0,0.1252011027943554,0.011690648872360286,0.0008859954530918702,2.270319821377432e-16,3.793078784457274e-17,0.015129135656848171,0.9998858620058456,2.5217046401439835e-16,0.9999999999999929,1.470500297340776,6.890373109156033e-16,False,True,False,True,True,False,False
v_proj,8,1234,momentum,50,1.0292145801672223,0.9532963590692723,1.0292145801672223,0.07591822109794999,0.0,0.5797108753787493,0.0864889343474591,0.09508481700229178,4.765956595006538e-16,1.5791285814159193e-16,0.1427245859189396,0.9901291445339742,5.173468071035176e-16,0.9999999999999991,1.1836692620982432,6.618534991454352e-16,False,True,False,True,True,False,False
v_proj,9,1234,momentum,1,1.232673848400184,1.2326738484001842,1.2326738484001842,2.220446049250313e-16,2.220446049250313e-16,6.011800954903284e-16,0.000299142636914527,8.423125060111543e-18,9.351232055308281e-17,8.423125060111543e-18,0.00038254994104546214,0.9999999272477265,1.2432657378956151e-16,0.9999999999999953,1.1963837894643223,5.811658617481791e-16,False,True,False,True,True,False,False
v_proj,9,1234,momentum,10,1.2240304322081519,1.2114770980960312,1.224030432208152,0.012553334112120673,2.220446049250313e-16,0.0995566436034334,0.012109893005364813,0.0010459210851685938,2.1282194193099014e-16,4.1920912092143925e-17,0.015539621673847715,0.9998804866972786,2.4054003527661926e-16,1.0,1.171298619694149,4.1089557840489647e-16,False,True,False,True,True,False,False
v_proj,9,1234,momentum,50,1.1429274416394042,1.0429108805830485,1.1429274416394042,0.1000165610563557,0.0,0.5059396514280651,0.09779194586872438,0.11305773228326585,4.665026159815397e-16,1.7811475703973297e-16,0.16930473883883485,0.986312286556527,5.108387544068882e-16,1.0000000000000018,1.0598676871429238,5.179720421009423e-16,False,True,False,True,True,False,False
v_proj,10,1234,momentum,1,1.3497752382982533,1.3497752382982533,1.3497752382982533,0.0,0.0,8.249391323933171e-16,0.0003957578462337511,1.6825103653041538e-18,9.251135806433707e-17,1.6825103653041538e-18,0.00047611551142207905,0.9999998866579525,1.2237869475081537e-16,0.9999999999999964,1.7262875394991148,8.552731170540178e-16,False,True,False,True,True,False,False
v_proj,10,1234,momentum,10,1.3410211788244928,1.311229228713756,1.3410211788244926,0.029791950110736876,2.220446049250313e-16,0.27180085764684386,0.015510359343880691,0.002736692335740039,2.1600780010328771e-16,4.234075014361314e-17,0.018618401268608354,0.9998271436642835,2.4216475938000587e-16,0.9999999999999999,1.5932920239936026,5.999925041835035e-16,False,True,False,True,True,False,False
v_proj,10,1234,momentum,50,1.2643362431406102,1.0048289801110426,1.2643362431406102,0.2595072630295676,0.0,0.7968092548041772,0.1070824939061195,0.2527920539034494,4.755403445811526e-16,1.7743039079474722e-16,0.2772505868356219,0.9636251582648454,5.190799156261415e-16,0.9999999999999907,1.300431532256537,7.071700428647748e-16,False,True,False,True,True,False,False
v_proj,11,1234,momentum,1,1.2168129365611662,1.2168129365611657,1.2168129365611657,4.440892098500626e-16,4.440892098500626e-16,7.836287307114461e-16,0.00024583313612448076,3.2269444737779507e-18,9.243091008069038e-17,3.2269444737779507e-18,0.0002983583942269853,0.9999999556199792,1.2432098897498008e-16,0.9999999999999952,1.1413798835777718,7.816266817585131e-16,False,True,False,True,True,False,False
v_proj,11,1234,momentum,10,1.2090884695014292,1.1997374747192329,1.2090884695014292,0.009350994782196365,0.0,0.08425818530705771,0.009998713276402855,0.000852166916619205,2.2034207538335834e-16,3.899399005073663e-17,0.012163913858752458,0.9999264245039825,2.463234337074062e-16,0.9999999999999912,1.124227798420073,7.124521180949928e-16,False,True,False,True,True,False,False
v_proj,11,1234,momentum,50,1.1281460772488068,1.0385609469307127,1.1281460772488068,0.08958513031809412,0.0,0.37819815481080793,0.08589757933571686,0.09721379981962668,4.49036858674961e-16,1.6572107184204355e-16,0.14185906065763854,0.9902570836385043,4.942985496744924e-16,0.9999999999999969,1.0495294242724365,6.533010649958289e-16,False,True,False,True,True,False,False
v_proj,12,1234,momentum,1,1.2770031195345555,1.2770031195345555,1.2770031195345555,0.0,0.0,8.983951660263028e-16,0.0003087581564249731,8.082657410822408e-18,9.620576162866764e-17,8.082657410822408e-18,0.0003626407245415499,0.9999999343021269,1.2883938960980647e-16,0.9999999999999911,1.5761657422655302,9.00517607706837e-16,False,True,False,True,True,False,False
v_proj,12,1234,momentum,10,1.2698529260897555,1.25016965106735,1.269852926089756,0.019683275022405633,4.440892098500626e-16,0.22326166362110172,0.012256177036008743,0.0019081710386571328,2.1496422160862302e-16,4.5371970688845534e-17,0.014421536396825188,0.9998964914085735,2.423038296586053e-16,1.0000000000000004,1.4826205322568533,7.85349327682431e-16,False,True,False,True,True,False,False
v_proj,12,1234,momentum,50,1.1960513927291154,1.0092060596304495,1.1960513927291156,0.1868453330986659,2.220446049250313e-16,0.783052230877982,0.09172391692888375,0.19334018148301127,4.769176538575226e-16,1.936558748577194e-16,0.2155858387114613,0.9777479730360512,5.269801610315114e-16,0.9999999999999936,1.2039576869132853,7.758892898380438e-16,False,True,False,True,True,False,False
v_proj,13,1234,momentum,1,1.1910491654562239,1.1910491654562239,1.1910491654562239,0.0,0.0,7.241162907287282e-16,0.0002344132868008702,4.419243539442721e-18,9.664106125767654e-17,4.419243539442721e-18,0.00028676439819309363,0.9999999589917532,1.2763420916774676e-16,0.9999999999999933,1.108212413799317,7.193575758576628e-16,False,True,False,True,True,False,False
v_proj,13,1234,momentum,10,1.1835272913740587,1.1758903106320349,1.1835272913740587,0.007636980742023791,0.0,0.06635910971530389,0.009542991736413152,0.0006813159697305018,2.1712441343301923e-16,4.2068685731765003e-17,0.01169687121342352,0.9999319138252041,2.4410420847449333e-16,0.999999999999994,1.0959771947399233,6.164367170914416e-16,False,True,False,True,True,False,False
v_proj,13,1234,momentum,50,1.1103076494384092,1.039109675225809,1.1103076494384094,0.0711979742126001,2.220446049250313e-16,0.34170320982044905,0.08112931058083737,0.08171264431826891,4.615229506072172e-16,1.579774163594082e-16,0.12685385554188303,0.992167613636396,4.993944816564159e-16,0.9999999999999948,1.037989080737944,6.699245893129771e-16,False,True,False,True,True,False,False
v_proj,14,1234,momentum,1,1.3103062868880655,1.3103062868880653,1.3103062868880653,2.220446049250313e-16,2.220446049250313e-16,8.991284799267404e-16,0.0002432508554539116,6.547101764497659e-18,9.327522771500607e-17,6.547101764497659e-18,0.00030882580552101115,0.9999999523155,1.2331548374563577e-16,1.0000000000000013,1.3370397985923919,9.1365095787556e-16,False,True,False,True,True,False,False
v_proj,14,1234,momentum,10,1.3036066009376612,1.2932586185046995,1.3036066009376612,0.010347982432961755,0.0,0.15201241662979992,0.009747120510438084,0.001128847010344864,2.1317075438579153e-16,4.404733360412883e-17,0.012379003093685743,0.9999234577477595,2.417527591482722e-16,1.000000000000011,1.285637413494801,6.939094288452059e-16,False,True,False,True,True,False,False
v_proj,14,1234,momentum,50,1.2360771195737172,1.144837510443285,1.2360771195737175,0.09123960913043216,2.220446049250313e-16,0.48403023696379904,0.07556787667380746,0.11991958672977937,4.815237842397896e-16,2.0373850911256398e-16,0.151185348116833,0.9887870600475874,5.320201159764524e-16,1.0000000000000084,1.1186499076419252,6.467642552588275e-16,False,True,False,True,True,False,False
v_proj,15,1234,momentum,1,1.2599654328244596,1.2599654328244598,1.2599654328244598,2.220446049250313e-16,2.220446049250313e-16,9.532989461372636e-16,0.0002490382755322025,7.016069792826739e-18,9.393963040014957e-17,7.016069792826739e-18,0.0003161983911712958,0.9999999500104719,1.239615088333112e-16,0.9999999999999978,1.1416626923038211,9.614446103996997e-16,False,True,False,True,True,False,False
v_proj,15,1234,momentum,10,1.251787963535686,1.2434312512742205,1.251787963535686,0.008356712261465615,0.0,0.07985785384094729,0.010100932746787503,0.0007806107623812481,2.1425320872362862e-16,4.5029082650748373e-17,0.012821841707029536,0.9999178455175585,2.4154894286592885e-16,1.0000000000000056,1.1212702844199516,7.73070039616363e-16,False,True,False,True,True,False,False
v_proj,15,1234,momentum,50,1.168814031933321,1.0927214639167484,1.168814031933321,0.07609256801657249,0.0,0.3452126354929114,0.08426105497138087,0.08817002974765016,4.722746176580443e-16,1.900969107048572e-16,0.13674910695265421,0.9908038051249879,5.190367525767349e-16,1.0000000000000024,1.0296794004624772,7.32151558165997e-16,False,True,False,True,True,False,False
v_proj,16,1234,momentum,1,1.2706575497709576,1.270657549770957,1.270657549770957,6.661338147750939e-16,6.661338147750939e-16,7.81801575331258e-16,0.0001740842244615598,5.532619248289892e-18,9.615195693469925e-17,5.532619248289892e-18,0.0002200594098475426,0.9999999757907936,1.263134904869765e-16,1.0000000000000022,0.7777654778011553,7.804809250239391e-16,False,True,False,True,True,False,False
v_proj,16,1234,momentum,10,1.2625741998473228,1.2642076072972421,1.2625741998473226,0.0016334074499193552,2.220446049250313e-16,0.014249201782004508,0.007131719841686466,0.00014377686536083553,2.1596691184502661e-16,4.694132491548987e-17,0.00899342848131714,0.9999595729949418,2.457795002826418e-16,0.9999999999999989,0.776729391661369,5.525875759580768e-16,False,True,False,True,True,False,False
v_proj,16,1234,momentum,50,1.1798865528711535,1.1982743426778224,1.1798865528711533,0.018387789806668886,2.220446049250313e-16,0.08623818699941331,0.06450827266123171,0.019683102916876676,4.633564409684114e-16,1.9546661792707755e-16,0.08224919829932167,0.9966398147489074,5.214696760900114e-16,1.0000000000000022,0.771541448278694,5.097105588703685e-16,False,True,False,True,True,False,False
v_proj,17,1234,momentum,1,1.3013564831655204,1.3013564831655204,1.3013564831655204,0.0,0.0,8.781305294042076e-16,0.00015505133832610372,7.509532039026548e-18,9.221733705724196e-17,7.509532039026548e-18,0.0001909599689281582,0.9999999817764652,1.2450837296671567e-16,1.0,0.7032932427540726,8.725732677795732e-16,False,True,False,True,True,False,False
v_proj,17,1234,momentum,10,1.29340275643212,1.2946491729511993,1.2934027564321202,0.0012464165190793075,2.220446049250313e-16,0.012662921125724216,0.006355300396730079,0.00015119349984421876,2.192116123906117e-16,4.290212422463958e-17,0.007815884922278261,0.9999694638960428,2.476470896386331e-16,1.0000000000000018,0.7024148454949836,6.667355560604258e-16,False,True,False,True,True,False,False
v_proj,17,1234,momentum,50,1.208486180754929,1.2218882532309763,1.2084861807549292,0.0134020724760473,2.220446049250313e-16,0.07388410421476482,0.05833670239811631,0.02139313923369138,4.896500453690654e-16,2.0358749416893248e-16,0.07402373203948007,0.9972626108554699,5.420145102094451e-16,1.0000000000000007,0.703641760091769,7.108429700631526e-16,False,True,False,True,True,False,False
v_proj,18,1234,momentum,1,1.4790496352225053,1.4790496352225053,1.4790496352225053,0.0,0.0,1.1673224802813137e-15,0.0001596134730330662,7.20853281169129e-18,9.23017311320018e-17,7.20853281169129e-18,0.00018867799167132036,0.9999999822023684,1.2382754960538126e-16,0.9999999999999991,0.7613898952801037,1.1729439487507137e-15,False,True,False,True,True,False,False
v_proj,18,1234,momentum,10,1.4708254817455912,1.4711150644312345,1.4708254817455912,0.00028958268564327483,0.0,0.03631722256952513,0.006514603913646259,0.00044863419450448706,2.1398287573231728e-16,4.184201162406905e-17,0.007709756505343986,0.9999702812447827,2.41386062877584e-16,0.9999999999999988,0.754188514721529,8.461345600287284e-16,False,True,False,True,True,False,False
v_proj,18,1234,momentum,50,1.3795238322604373,1.3770712450515514,1.3795238322604373,0.002452587208885859,0.0,0.12324677692715602,0.0597264494945658,0.056886588656255066,4.751591631014604e-16,2.1048020530973855e-16,0.09041413455816616,0.9959043133525673,5.299475665446263e-16,0.9999999999999944,0.7490116544791081,8.269644689154187e-16,False,True,False,True,True,False,False
v_proj,19,1234,momentum,1,1.4008143942551907,1.4008143942551907,1.4008143942551907,0.0,0.0,6.891641276587204e-16,0.00019063226793388893,1.2098513281419036e-17,9.50938678116327e-17,1.2098513281419036e-17,0.00022391839435591775,0.9999999749302815,1.2550913268992657e-16,1.000000000000001,0.8232769818133518,6.872778726610194e-16,False,True,False,True,True,False,False
v_proj,19,1234,momentum,10,1.3919383431854406,1.390773211009175,1.3919383431854404,0.0011651321762655709,2.220446049250313e-16,0.01893066219941188,0.007809083281434608,0.00021387922963250384,2.2238943544567604e-16,5.038023128889386e-17,0.009169648876112978,0.9999579584217864,2.503430570525223e-16,1.0000000000000049,0.8200970689024921,6.520650879092236e-16,False,True,False,True,True,False,False
v_proj,19,1234,momentum,50,1.2945905166094218,1.284579565894656,1.2945905166094216,0.010010950714765876,2.220446049250313e-16,0.06191396251583617,0.0719085396449546,0.026343905300785467,4.718744144271513e-16,1.9946491122596523e-16,0.08937561029711383,0.9960012991683237,5.238902968052691e-16,1.0000000000000098,0.8007282028838268,5.80664099363028e-16,False,True,False,True,True,False,False
v_proj,20,1234,momentum,1,1.6435062727635918,1.6435062727635918,1.6435062727635918,0.0,0.0,8.056554766058747e-16,0.0002082788151166209,9.86649089161413e-18,9.33948937300917e-17,9.86649089161413e-18,0.0002629584513134785,0.9999999654659346,1.2382187941569705e-16,0.999999999999996,0.7377147214928002,7.93408022062137e-16,False,True,False,True,True,False,False
v_proj,20,1234,momentum,10,1.6315798107609742,1.6346517967692158,1.6315798107609745,0.003071986008241545,2.220446049250313e-16,0.01741249223212411,0.008521378950386753,0.00025503631662128284,2.1874960608323986e-16,4.0515716685028314e-17,0.010735297070888416,0.9999424063758693,2.429655335367962e-16,1.0000000000000027,0.736591312093422,5.343587849218749e-16,False,True,False,True,True,False,False
v_proj,20,1234,momentum,50,1.5065655141954633,1.542572986235711,1.5065655141954633,0.03600747204024768,0.0,0.08541520394594566,0.07679828111777383,0.034163246770887765,4.799150579367658e-16,2.1900141904143874e-16,0.10168620873210397,0.9948543801636723,5.319339106951363e-16,0.9999999999999992,0.731418335012262,5.921877906125197e-16,False,True,False,True,True,False,False
v_proj,21,1234,momentum,1,1.6575138907667097,1.6575138907667097,1.6575138907667097,0.0,0.0,1.4546699122628014e-15,0.00016838675311303366,1.0932638149648744e-17,9.688119597699938e-17,1.0932638149648744e-17,0.0001805403994931032,0.9999999837225347,1.2664777330696576e-16,0.9999999999999954,0.9044935085660752,1.3567813990358712e-15,False,True,False,True,True,False,False
v_proj,21,1234,momentum,10,1.6501174566058026,1.6500006809049086,1.6501174566058026,0.00011677570089396738,0.0,0.011407089985723021,0.006898758646404346,0.0002079487317015413,2.263049742941862e-16,5.74471505606279e-17,0.007394353269754153,0.9999726912386371,2.4935169418475065e-16,1.0000000000000053,0.9038707719382123,1.1430705333504202e-15,False,True,False,True,True,False,False
v_proj,21,1234,momentum,50,1.5634673107003316,1.5579643619704664,1.5634673107003316,0.005502948729865231,0.0,0.05204610956940144,0.06614841561383245,0.02931919279736683,4.792605435325255e-16,2.681907801347767e-16,0.07630502478470444,0.9970848135927581,5.513390480453384e-16,1.0000000000000009,0.9082794277927669,1.1054472630186022e-15,False,True,False,True,True,False,False
v_proj,22,1234,momentum,1,1.4955384885124285,1.4955384885124285,1.4955384885124285,0.0,0.0,1.238805735616369e-15,0.00019445125839815278,1.227709331733355e-17,8.833176116324379e-17,1.227709331733355e-17,0.00021489027954924004,0.9999999770879207,1.2317547111774004e-16,1.0000000000000009,0.8946414083446323,1.1861662208822449e-15,False,True,False,True,True,False,False
v_proj,22,1234,momentum,10,1.4874367903522607,1.4874715939324419,1.4874367903522607,3.480358018115304e-05,0.0,0.006838972749609678,0.007972656502469607,0.00011305031164205678,2.201502664312949e-16,4.8901371271638944e-17,0.00879962663412152,0.9999615753776566,2.5223242903988963e-16,0.9999999999999919,0.8944465646768457,8.749788782937192e-16,False,True,False,True,True,False,False
v_proj,22,1234,momentum,50,1.4006606878855947,1.40283012836803,1.4006606878855947,0.002169440482435281,0.0,0.01951556315093178,0.07470759380570471,0.015458511982095042,4.760171575043611e-16,2.320546071728491e-16,0.08399938719861547,0.9964845347383708,5.368686522803081e-16,0.9999999999999941,0.8944178158879308,7.579805144362388e-16,False,True,False,True,True,False,False
v_proj,23,1234,momentum,1,1.5333696873793181,1.5333696873793181,1.5333696873793181,0.0,0.0,9.71141534294751e-16,0.00022238106920104174,5.286362010726467e-18,9.119942626547236e-17,5.286362010726467e-18,0.00025211739033698105,0.9999999682411953,1.2476595230770065e-16,1.0000000000000058,0.9100538740092683,9.613215767852164e-16,False,True,False,True,True,False,False
v_proj,23,1234,momentum,10,1.5233461653483455,1.5240678359894348,1.5233461653483455,0.0007216706410893003,0.0,0.003801970963099282,0.009089420595448101,6.224871142439958e-05,2.1638328556774187e-16,4.2585384838741095e-17,0.01026707899367742,0.9999473362205274,2.4211095451188204e-16,1.000000000000001,0.909992289667719,7.643925342432391e-16,False,True,False,True,True,False,False
v_proj,23,1234,momentum,50,1.4238954676390392,1.4326627261143716,1.4238954676390392,0.00876725847533244,0.0,0.01747151767485432,0.08155775115111748,0.008592117692783095,5.114995090647731e-16,2.0725057776253075e-16,0.09024148711995206,0.9959328419397349,5.494584208771497e-16,1.0000000000000144,0.9108392864636338,8.027025870942067e-16,False,True,False,True,True,False,False
o_proj,0,1234,momentum,1,1.1404782030925036,1.1404782030925036,1.1404782030925036,0.0,0.0,1.5075005556766323e-15,3.0460235616769835e-18,5.344501810733644e-19,3.0460235616769835e-18,5.344501810733644e-19,6.6462286885276746e-18,0.9999999999999949,6.6462286885276746e-18,0.9999999999999949,1.507500555676634e-15,1.507500555676634e-15,True,True,True,True,False,False,False
o_proj,0,1234,momentum,10,1.139320659100103,1.139320659100103,1.139320659100103,0.0,0.0,1.5675899169006482e-15,1.426245921571351e-17,1.0885034579408279e-17,1.426245921571351e-17,1.0885034579408279e-17,3.054302864046258e-17,1.0000000000000107,3.054302864046258e-17,1.0000000000000107,4.82822458548569e-16,4.82822458548569e-16,True,True,True,True,False,False,False
o_proj,0,1234,momentum,50,1.1301268136612688,1.1301268136612688,1.1301268136612688,0.0,0.0,1.3597453369447968e-15,3.7245824340718516e-17,2.8649654636629135e-17,3.7245824340718516e-17,2.8649654636629135e-17,7.396740756464402e-17,1.0000000000000027,7.396740756464402e-17,1.0000000000000027,4.533711962530717e-16,4.533711962530717e-16,True,True,True,True,False,False,False
o_proj,1,1234,momentum,1,1.20672650182374,1.2067265018237399,1.2067265018237399,2.220446049250313e-16,2.220446049250313e-16,1.210528416693341e-15,4.4383617144786504e-18,2.0999717066601143e-18,4.4383617144786504e-18,2.0999717066601143e-18,7.482096505779313e-18,1.0000000000000027,7.482096505779313e-18,1.0000000000000027,1.2105284166933415e-15,1.2105284166933415e-15,True,True,True,True,False,False,False
o_proj,1,1234,momentum,10,1.2054141531381088,1.2054141531381088,1.2054141531381088,0.0,0.0,1.3393490238769308e-15,1.550078537466386e-17,1.2654716287736942e-17,1.550078537466386e-17,1.2654716287736942e-17,3.155603387014871e-17,0.9999999999999875,3.155603387014871e-17,0.9999999999999875,5.544961571654201e-16,5.544961571654201e-16,True,True,True,True,False,False,False
o_proj,1,1234,momentum,50,1.1951388769912166,1.1951388769912168,1.1951388769912168,2.220446049250313e-16,2.220446049250313e-16,1.6931934600690742e-15,3.849668905022415e-17,3.039283744944446e-17,3.849668905022415e-17,3.039283744944446e-17,7.603351359486509e-17,0.999999999999981,7.603351359486509e-17,0.999999999999981,4.692921487843995e-16,4.692921487843995e-16,True,True,True,True,False,False,False
o_proj,2,1234,momentum,1,1.2188011084004051,1.218801108400405,1.218801108400405,2.220446049250313e-16,2.220446049250313e-16,1.5680099990730526e-15,5.8390709354256685e-18,2.1011752689053557e-18,5.8390709354256685e-18,2.1011752689053557e-18,9.119979742519603e-18,1.0000000000000073,9.119979742519603e-18,1.0000000000000073,1.5680099990730516e-15,1.5680099990730516e-15,True,True,True,True,False,False,False
o_proj,2,1234,momentum,10,1.2174891709632134,1.2174891709632134,1.2174891709632134,0.0,0.0,1.0224358388970784e-15,1.6855666662624237e-17,1.1102432068853224e-17,1.6855666662624237e-17,1.1102432068853224e-17,3.272187628149927e-17,0.9999999999999984,3.272187628149927e-17,0.9999999999999984,3.9368291322766407e-16,3.9368291322766407e-16,True,True,True,True,False,False,False
o_proj,2,1234,momentum,50,1.2071282406425938,1.2071282406425938,1.2071282406425938,0.0,0.0,1.514906062760997e-15,4.072874267951396e-17,2.9637760658711424e-17,4.072874267951396e-17,2.9637760658711424e-17,7.671067833930595e-17,0.9999999999999754,7.671067833930595e-17,0.9999999999999754,4.2426574157234337e-16,4.2426574157234337e-16,True,True,True,True,False,False,False
o_proj,3,1234,momentum,1,1.2544841692229336,1.2544841692229334,1.2544841692229334,2.220446049250313e-16,2.220446049250313e-16,1.3708801320760759e-15,2.7929127215886656e-18,2.6634143354620755e-18,2.7929127215886656e-18,2.6634143354620755e-18,6.388892557446251e-18,1.0000000000000013,6.388892557446251e-18,1.0000000000000013,1.3708801320760765e-15,1.3708801320760765e-15,True,True,True,True,False,False,False
o_proj,3,1234,momentum,10,1.2533547438298371,1.253354743829837,1.253354743829837,2.220446049250313e-16,2.220446049250313e-16,1.4327543232860552e-15,1.2806247962901486e-17,1.0031284892722132e-17,1.2806247962901486e-17,1.0031284892722132e-17,2.8175967133082145e-17,0.9999999999999984,2.8175967133082145e-17,0.9999999999999984,5.221622628146335e-16,5.221622628146335e-16,True,True,True,True,False,False,False
o_proj,3,1234,momentum,50,1.2443564709982273,1.2443564709982273,1.2443564709982273,0.0,0.0,1.3345850217057614e-15,3.8804786954396907e-17,3.2006281163971223e-17,3.8804786954396907e-17,3.2006281163971223e-17,7.70923977209479e-17,1.0000000000000024,7.70923977209479e-17,1.0000000000000024,5.22735268589287e-16,5.22735268589287e-16,True,True,True,True,False,False,False
o_proj,4,1234,momentum,1,1.2723091181380055,1.272309118138006,1.272309118138006,4.440892098500626e-16,4.440892098500626e-16,1.2028041313138029e-15,4.657438304051298e-18,1.0669429091211839e-18,4.657438304051298e-18,1.0669429091211839e-18,7.265666944250757e-18,0.9999999999999949,7.265666944250757e-18,0.9999999999999949,1.2028041313138027e-15,1.2028041313138027e-15,True,True,True,True,False,False,False
o_proj,4,1234,momentum,10,1.271084907937121,1.271084907937121,1.271084907937121,0.0,0.0,1.4543366822946158e-15,1.4887246606592465e-17,1.1388000324589164e-17,1.4887246606592465e-17,1.1388000324589164e-17,3.13141387639541e-17,1.0000000000000069,3.13141387639541e-17,1.0000000000000069,5.357290003952582e-16,5.357290003952582e-16,True,True,True,True,False,False,False
o_proj,4,1234,momentum,50,1.2613209543073949,1.2613209543073949,1.2613209543073949,0.0,0.0,1.676313062588749e-15,3.859670350285891e-17,3.4268243982296224e-17,3.859670350285891e-17,3.4268243982296224e-17,7.962364136120827e-17,1.000000000000011,7.962364136120827e-17,1.000000000000011,5.425519788547256e-16,5.425519788547256e-16,True,True,True,True,False,False,False
o_proj,5,1234,momentum,1,1.281341286827038,1.281341286827038,1.281341286827038,0.0,0.0,1.2794480231601011e-15,1.6751603026268906e-18,2.3226370046949263e-19,1.6751603026268906e-18,2.3226370046949263e-19,4.473828285411802e-18,1.000000000000007,4.473828285411802e-18,1.000000000000007,1.2794480231601003e-15,1.2794480231601003e-15,True,True,True,True,False,False,False
o_proj,5,1234,momentum,10,1.2800684521212682,1.2800684521212677,1.2800684521212677,4.440892098500626e-16,4.440892098500626e-16,1.2978563286814961e-15,1.6112250505372556e-17,9.971778148853666e-18,1.6112250505372556e-17,9.971778148853666e-18,3.102618380256983e-17,1.000000000000001,3.102618380256983e-17,1.000000000000001,5.110188708525047e-16,5.110188708525047e-16,True,True,True,True,False,False,False
o_proj,5,1234,momentum,50,1.2697977519539114,1.2697977519539114,1.2697977519539114,0.0,0.0,2.0124299234230125e-15,4.119647128309049e-17,3.484303674869185e-17,4.119647128309049e-17,3.484303674869185e-17,8.24885128011465e-17,1.000000000000005,8.24885128011465e-17,1.000000000000005,4.812181792405292e-16,4.812181792405292e-16,True,True,True,True,False,False,False
o_proj,6,1234,momentum,1,1.2657388226935051,1.2657388226935051,1.2657388226935051,0.0,0.0,1.360748220886413e-15,3.313155890680418e-18,4.826234047577858e-19,3.313155890680418e-18,4.826234047577858e-19,5.731370871828345e-18,0.9999999999999958,5.731370871828345e-18,0.9999999999999958,1.3607482208864128e-15,1.3607482208864128e-15,True,True,True,True,False,False,False
o_proj,6,1234,momentum,10,1.2643543372546575,1.2643543372546575,1.2643543372546575,0.0,0.0,1.1162057056068415e-15,1.6795240438553955e-17,9.706250730590001e-18,1.6795240438553955e-17,9.706250730590001e-18,3.161117405770754e-17,0.9999999999999835,3.161117405770754e-17,0.9999999999999835,4.126792326372147e-16,4.126792326372147e-16,True,True,True,True,False,False,False
o_proj,6,1234,momentum,50,1.2537058348184609,1.2537058348184609,1.2537058348184609,0.0,0.0,1.7872482588987655e-15,4.126060839435285e-17,3.3250207878746484e-17,4.126060839435285e-17,3.3250207878746484e-17,8.076035624793638e-17,1.0000000000000098,8.076035624793638e-17,1.0000000000000098,4.435909437167902e-16,4.435909437167902e-16,True,True,True,True,False,False,False
o_proj,7,1234,momentum,1,1.2967559129129362,1.2967559129129362,1.2967559129129362,0.0,0.0,1.0517106755664725e-15,3.2279783919288183e-18,2.786689507104913e-18,3.2279783919288183e-18,2.786689507104913e-18,7.340991576535977e-18,1.0,7.340991576535977e-18,1.0,1.0517106755664725e-15,1.0517106755664725e-15,True,True,True,True,False,False,False
o_proj,7,1234,momentum,10,1.295473608756483,1.2954736087564833,1.2954736087564833,2.220446049250313e-16,2.220446049250313e-16,1.1754559535963207e-15,1.728060233094905e-17,1.177752961068374e-17,1.728060233094905e-17,1.177752961068374e-17,3.429279076042449e-17,0.9999999999999796,3.429279076042449e-17,0.9999999999999796,4.4166165735560336e-16,4.4166165735560336e-16,True,True,True,True,False,False,False
o_proj,7,1234,momentum,50,1.2853887515468234,1.2853887515468234,1.2853887515468234,0.0,0.0,1.4198777150072793e-15,4.056448923109859e-17,3.39672833089325e-17,4.056448923109859e-17,3.39672833089325e-17,8.094325611434061e-17,1.0000000000000178,8.094325611434061e-17,1.0000000000000178,5.525610951759739e-16,5.525610951759739e-16,True,True,True,True,False,False,False
o_proj,8,1234,momentum,1,1.2694847508694849,1.269484750869485,1.269484750869485,2.220446049250313e-16,2.220446049250313e-16,1.4843750408007248e-15,2.9269006111525137e-18,2.2782808723399275e-18,2.9269006111525137e-18,2.2782808723399275e-18,7.374501185842124e-18,1.000000000000004,7.374501185842124e-18,1.000000000000004,1.4843750408007246e-15,1.4843750408007246e-15,True,True,True,True,False,False,False
o_proj,8,1234,momentum,10,1.268410542923115,1.268410542923115,1.268410542923115,0.0,0.0,1.451168072324084e-15,1.603859405209024e-17,1.0183802562550808e-17,1.603859405209024e-17,1.0183802562550808e-17,3.12654841572227e-17,1.0000000000000169,3.12654841572227e-17,1.0000000000000169,5.644409392228127e-16,5.644409392228127e-16,True,True,True,True,False,False,False
o_proj,8,1234,momentum,50,1.2598101061225506,1.2598101061225504,1.2598101061225504,2.220446049250313e-16,2.220446049250313e-16,1.9128107603987497e-15,4.1191557277951205e-17,3.160513588090048e-17,4.1191557277951205e-17,3.160513588090048e-17,7.867107331371064e-17,1.0,7.867107331371064e-17,1.0,4.979169755560138e-16,4.979169755560138e-16,True,True,True,True,False,False,False
o_proj,9,1234,momentum,1,1.2286088061440406,1.2286088061440406,1.2286088061440406,0.0,0.0,1.2103005562321823e-15,1.7494642335702806e-18,1.0681772332441421e-18,1.7494642335702806e-18,1.0681772332441421e-18,5.182332411263148e-18,1.0000000000000089,5.182332411263148e-18,1.0000000000000089,1.210300556232183e-15,1.210300556232183e-15,True,True,True,True,False,False,False
o_proj,9,1234,momentum,10,1.2274766876809518,1.2274766876809518,1.2274766876809518,0.0,0.0,1.4935037374330472e-15,1.340784482854645e-17,9.186896887398316e-18,1.340784482854645e-17,9.186896887398316e-18,2.849735824071082e-17,0.9999999999999989,2.849735824071082e-17,0.9999999999999989,5.829230136678813e-16,5.829230136678813e-16,True,True,True,True,False,False,False
o_proj,9,1234,momentum,50,1.2184509134825143,1.2184509134825146,1.2184509134825146,2.220446049250313e-16,2.220446049250313e-16,1.7288455042883436e-15,4.2078262433843816e-17,3.256998868427468e-17,4.2078262433843816e-17,3.256998868427468e-17,8.152040269069732e-17,0.9999999999999947,8.152040269069732e-17,0.9999999999999947,4.378542168937054e-16,4.378542168937054e-16,True,True,True,True,False,False,False
o_proj,10,1234,momentum,1,1.3058443828575188,1.3058443828575188,1.3058443828575188,0.0,0.0,1.250009909763065e-15,1.5945623963038964e-18,1.3144379888062156e-18,1.5945623963038964e-18,1.3144379888062156e-18,5.023703516019226e-18,1.000000000000012,5.023703516019226e-18,1.000000000000012,1.2500099097630656e-15,1.2500099097630656e-15,True,True,True,True,False,False,False
o_proj,10,1234,momentum,10,1.304395440805359,1.304395440805359,1.304395440805359,0.0,0.0,1.2067882744259309e-15,1.1880392716821421e-17,1.0979481100982122e-17,1.1880392716821421e-17,1.0979481100982122e-17,2.920972260527308e-17,0.9999999999999964,2.920972260527308e-17,0.9999999999999964,4.83021452774989e-16,4.83021452774989e-16,True,True,True,True,False,False,False
o_proj,10,1234,momentum,50,1.2934673916906563,1.293467391690656,1.293467391690656,2.220446049250313e-16,2.220446049250313e-16,1.2283180237537336e-15,4.1473882704692465e-17,3.4707111866808706e-17,4.1473882704692465e-17,3.4707111866808706e-17,8.134547744987631e-17,0.9999999999999988,8.134547744987631e-17,0.9999999999999988,4.846106368649949e-16,4.846106368649949e-16,True,True,True,True,False,False,False
o_proj,11,1234,momentum,1,1.3073645056554362,1.3073645056554362,1.3073645056554362,0.0,0.0,1.2512934848870056e-15,3.673983862442033e-18,2.1203259253704976e-18,3.673983862442033e-18,2.1203259253704976e-18,7.523076123688203e-18,1.0000000000000009,7.523076123688203e-18,1.0000000000000009,1.2512934848870056e-15,1.2512934848870056e-15,True,True,True,True,False,False,False
o_proj,11,1234,momentum,10,1.3061728127655587,1.3061728127655587,1.3061728127655587,0.0,0.0,1.375782340929293e-15,1.2576075246390692e-17,1.0364132542715142e-17,1.2576075246390692e-17,1.0364132542715142e-17,2.908903675516389e-17,0.9999999999999836,2.908903675516389e-17,0.9999999999999836,4.959803681165104e-16,4.959803681165104e-16,True,True,True,True,False,False,False
o_proj,11,1234,momentum,50,1.296611604535047,1.296611604535047,1.296611604535047,0.0,0.0,1.3887555107023094e-15,3.978222257408097e-17,3.290752569041119e-17,3.978222257408097e-17,3.290752569041119e-17,7.942533053551181e-17,0.9999999999999958,7.942533053551181e-17,0.9999999999999958,5.13885467001954e-16,5.13885467001954e-16,True,True,True,True,False,False,False
o_proj,12,1234,momentum,1,1.2726503895436616,1.2726503895436616,1.2726503895436616,0.0,0.0,1.4860462732981135e-15,4.894218751882883e-18,2.71086958975082e-18,4.894218751882883e-18,2.71086958975082e-18,7.95395635793804e-18,0.9999999999999912,7.95395635793804e-18,0.9999999999999912,1.4860462732981153e-15,1.4860462732981153e-15,True,True,True,True,False,False,False
o_proj,12,1234,momentum,10,1.2715027124002087,1.271502712400209,1.271502712400209,2.220446049250313e-16,2.220446049250313e-16,1.843708726133603e-15,1.4690539661992312e-17,1.2254615195540957e-17,1.4690539661992312e-17,1.2254615195540957e-17,3.161632510377753e-17,0.999999999999996,3.161632510377753e-17,0.999999999999996,5.850259469968e-16,5.850259469968e-16,True,True,True,True,False,False,False
o_proj,12,1234,momentum,50,1.2624465624540435,1.2624465624540435,1.2624465624540435,0.0,0.0,1.9770256989336664e-15,4.2411993272136555e-17,3.5934570618492436e-17,4.2411993272136555e-17,3.5934570618492436e-17,8.307823561276814e-17,0.9999999999999957,8.307823561276814e-17,0.9999999999999957,6.605847043455413e-16,6.605847043455413e-16,True,True,True,True,False,False,False
o_proj,13,1234,momentum,1,1.2895495612775787,1.2895495612775787,1.2895495612775787,0.0,0.0,1.4256405234496875e-15,3.8649515554088285e-18,1.2051838848512599e-18,3.8649515554088285e-18,1.2051838848512599e-18,7.836526185353437e-18,0.9999999999999887,7.836526185353437e-18,0.9999999999999887,1.4256405234496875e-15,1.4256405234496875e-15,True,True,True,True,False,False,False
o_proj,13,1234,momentum,10,1.288237165753488,1.288237165753488,1.288237165753488,0.0,0.0,1.3353814231128867e-15,1.597305193100932e-17,1.0500569951116227e-17,1.597305193100932e-17,1.0500569951116227e-17,3.290082470555729e-17,1.0000000000000018,3.290082470555729e-17,1.0000000000000018,4.862557397804285e-16,4.862557397804285e-16,True,True,True,True,False,False,False
o_proj,13,1234,momentum,50,1.2777954839347985,1.2777954839347987,1.2777954839347987,2.220446049250313e-16,2.220446049250313e-16,1.5269455053289186e-15,4.0887123237373665e-17,3.2564165363196326e-17,4.0887123237373665e-17,3.2564165363196326e-17,8.09115731845345e-17,0.9999999999999863,8.09115731845345e-17,0.9999999999999863,4.431894089750234e-16,4.431894089750234e-16,True,True,True,True,False,False,False
o_proj,14,1234,momentum,1,1.3047493920949647,1.3047493920949647,1.3047493920949647,0.0,0.0,1.4261973139804039e-15,4.450486074422978e-18,1.3304747477500044e-18,4.450486074422978e-18,1.3304747477500044e-18,7.062412564235128e-18,1.0000000000000058,7.062412564235128e-18,1.0000000000000058,1.4261973139804037e-15,1.4261973139804037e-15,True,True,True,True,False,False,False
o_proj,14,1234,momentum,10,1.303697877381771,1.303697877381771,1.303697877381771,0.0,0.0,1.5773909465775431e-15,1.3763252821589997e-17,1.04745093420447e-17,1.3763252821589997e-17,1.04745093420447e-17,2.9751192954407274e-17,0.9999999999999856,2.9751192954407274e-17,0.9999999999999856,5.782100546385264e-16,5.782100546385264e-16,True,True,True,True,False,False,False
o_proj,14,1234,momentum,50,1.2952682886471287,1.2952682886471285,1.2952682886471285,2.220446049250313e-16,2.220446049250313e-16,1.940310550782276e-15,3.7182661870640135e-17,3.4698000682955353e-17,3.7182661870640135e-17,3.4698000682955353e-17,7.87263845110319e-17,0.9999999999999774,7.87263845110319e-17,0.9999999999999774,5.989460420121335e-16,5.989460420121335e-16,True,True,True,True,False,False,False
o_proj,15,1234,momentum,1,1.3067631227508176,1.3067631227508176,1.3067631227508176,0.0,0.0,1.2182515412979175e-15,3.1214859120730387e-18,2.017423343654585e-18,3.1214859120730387e-18,2.017423343654585e-18,6.774866710363087e-18,0.999999999999997,6.774866710363087e-18,0.999999999999997,1.218251541297917e-15,1.218251541297917e-15,True,True,True,True,False,False,False
o_proj,15,1234,momentum,10,1.3055791334303417,1.3055791334303417,1.3055791334303417,0.0,0.0,1.3108921939732988e-15,1.47895543920742e-17,1.2542704593556794e-17,1.47895543920742e-17,1.2542704593556794e-17,3.341622049279896e-17,0.999999999999972,3.341622049279896e-17,0.999999999999972,5.625122840750164e-16,5.625122840750164e-16,True,True,True,True,False,False,False
o_proj,15,1234,momentum,50,1.2962223108900015,1.2962223108900015,1.2962223108900015,0.0,0.0,1.6910253146935244e-15,4.005699376429664e-17,3.40607156424303e-17,4.005699376429664e-17,3.40607156424303e-17,7.945291126925324e-17,0.9999999999999946,7.945291126925324e-17,0.9999999999999946,5.127853110102843e-16,5.127853110102843e-16,True,True,True,True,False,False,False
o_proj,16,1234,momentum,1,1.333471032934625,1.3334710329346249,1.3334710329346249,2.220446049250313e-16,2.220446049250313e-16,1.6241421723630632e-15,4.8226137548946515e-18,3.433966050168237e-18,4.8226137548946515e-18,3.433966050168237e-18,9.930041631409595e-18,1.0000000000000022,9.930041631409595e-18,1.0000000000000022,1.6241421723630638e-15,1.6241421723630638e-15,True,True,True,True,False,False,False
o_proj,16,1234,momentum,10,1.3322053546417831,1.3322053546417831,1.3322053546417831,0.0,0.0,1.2764730469105462e-15,1.438371911561593e-17,1.0966069104713107e-17,1.438371911561593e-17,1.0966069104713107e-17,3.121848930161692e-17,0.9999999999999931,3.121848930161692e-17,0.9999999999999931,5.076217744003652e-16,5.076217744003652e-16,True,True,True,True,False,False,False
o_proj,16,1234,momentum,50,1.3221258418581068,1.3221258418581068,1.3221258418581068,0.0,0.0,1.8421159939587556e-15,4.2020002647347103e-17,3.0978221507927434e-17,4.2020002647347103e-17,3.0978221507927434e-17,8.101277265349647e-17,0.9999999999999991,8.101277265349647e-17,0.9999999999999991,5.403044434918825e-16,5.403044434918825e-16,True,True,True,True,False,False,False
o_proj,17,1234,momentum,1,1.2882339151479938,1.2882339151479938,1.2882339151479938,0.0,0.0,1.82116356781153e-15,2.331704177651273e-18,3.710668282618343e-18,2.331704177651273e-18,3.710668282618343e-18,7.087602662087454e-18,0.9999999999999745,7.087602662087454e-18,0.9999999999999745,1.821163567811529e-15,1.821163567811529e-15,True,True,True,True,False,False,False
o_proj,17,1234,momentum,10,1.287016313865882,1.287016313865882,1.287016313865882,0.0,0.0,1.469741026890376e-15,1.2960111481654077e-17,1.531715752761222e-17,1.2960111481654077e-17,1.531715752761222e-17,3.230912195942311e-17,0.9999999999999838,3.230912195942311e-17,0.9999999999999838,6.446836452167605e-16,6.446836452167605e-16,True,True,True,True,False,False,False
o_proj,17,1234,momentum,50,1.277431136729419,1.2774311367294189,1.2774311367294189,2.220446049250313e-16,2.220446049250313e-16,1.790179074848131e-15,3.988169874992594e-17,3.7247721613139106e-17,3.988169874992594e-17,3.7247721613139106e-17,8.343902127168996e-17,1.0000000000000095,8.343902127168996e-17,1.0000000000000095,5.802425952530759e-16,5.802425952530759e-16,True,True,True,True,False,False,False
o_proj,18,1234,momentum,1,1.3487245987700784,1.3487245987700784,1.3487245987700784,0.0,0.0,1.3563145430733044e-15,5.863146845161851e-18,4.266992036482352e-18,5.863146845161851e-18,4.266992036482352e-18,1.1317053173843342e-17,0.9999999999999886,1.1317053173843342e-17,0.9999999999999886,1.3563145430733038e-15,1.3563145430733038e-15,True,True,True,True,False,False,False
o_proj,18,1234,momentum,10,1.347360323339749,1.347360323339749,1.347360323339749,0.0,0.0,1.5121555569644527e-15,1.8469139819326055e-17,1.1006945303934356e-17,1.8469139819326055e-17,1.1006945303934356e-17,3.551882856065081e-17,0.9999999999999722,3.551882856065081e-17,0.9999999999999722,5.619358564807032e-16,5.619358564807032e-16,True,True,True,True,False,False,False
o_proj,18,1234,momentum,50,1.3367176822646394,1.3367176822646392,1.3367176822646392,2.220446049250313e-16,2.220446049250313e-16,2.081330576448234e-15,4.163950527103162e-17,3.202679819746327e-17,4.163950527103162e-17,3.202679819746327e-17,8.159064350611089e-17,1.0000000000000004,8.159064350611089e-17,1.0000000000000004,5.429960825892873e-16,5.429960825892873e-16,True,True,True,True,False,False,False
o_proj,19,1234,momentum,1,1.3099835290299684,1.3099835290299684,1.3099835290299684,0.0,0.0,1.3958101085907245e-15,2.947079419159893e-18,1.4124292795242835e-18,2.947079419159893e-18,1.4124292795242835e-18,6.966534329174034e-18,0.9999999999999839,6.966534329174034e-18,0.9999999999999839,1.3958101085907245e-15,1.3958101085907245e-15,True,True,True,True,False,False,False
o_proj,19,1234,momentum,10,1.3087577061830713,1.308757706183071,1.308757706183071,2.220446049250313e-16,2.220446049250313e-16,1.4168150928644584e-15,1.4782838952583527e-17,1.1822611152641668e-17,1.4782838952583527e-17,1.1822611152641668e-17,3.206341775665757e-17,1.0000000000000056,3.206341775665757e-17,1.0000000000000056,5.876510721211044e-16,5.876510721211044e-16,True,True,True,True,False,False,False
o_proj,19,1234,momentum,50,1.2988881445705953,1.2988881445705953,1.2988881445705953,0.0,0.0,1.6941400121058917e-15,4.122546741410783e-17,3.288718042256415e-17,4.122546741410783e-17,3.288718042256415e-17,8.182321443827589e-17,1.0000000000000098,8.182321443827589e-17,1.0000000000000098,5.299130953205253e-16,5.299130953205253e-16,True,True,True,True,False,False,False
o_proj,20,1234,momentum,1,1.445111845263343,1.4451118452633427,1.4451118452633427,2.220446049250313e-16,2.220446049250313e-16,1.4886593402229614e-15,4.3288014339774934e-18,3.251429652719068e-18,4.3288014339774934e-18,3.251429652719068e-18,7.795105162272817e-18,1.0000000000000058,7.795105162272817e-18,1.0000000000000058,1.488659340222961e-15,1.488659340222961e-15,True,True,True,True,False,False,False
o_proj,20,1234,momentum,10,1.4438226767727893,1.4438226767727893,1.4438226767727893,0.0,0.0,1.2488794920728641e-15,1.762016932647032e-17,1.3712538267176691e-17,1.762016932647032e-17,1.3712538267176691e-17,3.572436338381069e-17,1.0,3.572436338381069e-17,1.0,5.845629925100522e-16,5.845629925100522e-16,True,True,True,True,False,False,False
o_proj,20,1234,momentum,50,1.4335806757658907,1.433580675765891,1.433580675765891,4.440892098500626e-16,4.440892098500626e-16,1.7790516293724668e-15,4.593862236896892e-17,3.998791522254487e-17,4.593862236896892e-17,3.998791522254487e-17,8.907199593215093e-17,0.9999999999999947,8.907199593215093e-17,0.9999999999999947,5.827084466132203e-16,5.827084466132203e-16,True,True,True,True,False,False,False
o_proj,21,1234,momentum,1,1.4718807527745383,1.4718807527745383,1.4718807527745383,0.0,0.0,1.3542754467760016e-15,2.8267584656664015e-18,3.3521525878808254e-19,2.8267584656664015e-18,3.3521525878808254e-19,5.6878064461847316e-18,0.9999999999999929,5.6878064461847316e-18,0.9999999999999929,1.3542754467760018e-15,1.3542754467760018e-15,True,True,True,True,False,False,False
o_proj,21,1234,momentum,10,1.4706494003281652,1.4706494003281652,1.4706494003281652,0.0,0.0,1.565760254095874e-15,1.4361916555158464e-17,1.2234985009408237e-17,1.4361916555158464e-17,1.2234985009408237e-17,3.1778903935893435e-17,0.9999999999999896,3.1778903935893435e-17,0.9999999999999896,5.925089953893316e-16,5.925089953893316e-16,True,True,True,True,False,False,False
o_proj,21,1234,momentum,50,1.460690981354654,1.4606909813546538,1.4606909813546538,2.220446049250313e-16,2.220446049250313e-16,1.6468133502473022e-15,4.2573130875640404e-17,3.521158992466432e-17,4.2573130875640404e-17,3.521158992466432e-17,8.389687843159401e-17,0.9999999999999825,8.389687843159401e-17,0.9999999999999825,5.836926832844866e-16,5.836926832844866e-16,True,True,True,True,False,False,False
o_proj,22,1234,momentum,1,1.4212848527377342,1.4212848527377342,1.4212848527377342,0.0,0.0,1.3552876684824653e-15,3.739155479079919e-18,2.4483352242225232e-18,3.739155479079919e-18,2.4483352242225232e-18,7.41478989752293e-18,0.99999999999998,7.41478989752293e-18,0.99999999999998,1.3552876684824657e-15,1.3552876684824657e-15,True,True,True,True,False,False,False
o_proj,22,1234,momentum,10,1.4200512782517993,1.4200512782517993,1.4200512782517993,0.0,0.0,1.0413774014568402e-15,1.655369804659984e-17,1.2639940550156381e-17,1.655369804659984e-17,1.2639940550156381e-17,3.2919069180157774e-17,1.0000000000000075,3.2919069180157774e-17,1.0000000000000075,6.817400320721847e-16,6.817400320721847e-16,True,True,True,True,False,False,False
o_proj,22,1234,momentum,50,1.4102753038156866,1.4102753038156863,1.4102753038156863,2.220446049250313e-16,2.220446049250313e-16,1.921086117738988e-15,4.238622154912453e-17,3.6302611193059253e-17,4.238622154912453e-17,3.6302611193059253e-17,8.40925584399636e-17,1.000000000000025,8.40925584399636e-17,1.000000000000025,6.785420546839886e-16,6.785420546839886e-16,True,True,True,True,False,False,False
o_proj,23,1234,momentum,1,1.3956108728328143,1.3956108728328143,1.3956108728328143,0.0,0.0,1.1688307549354465e-15,4.974819622473697e-18,3.7088946304715894e-18,4.974819622473697e-18,3.7088946304715894e-18,9.227194233678169e-18,1.000000000000004,9.227194233678169e-18,1.000000000000004,1.1688307549354469e-15,1.1688307549354469e-15,True,True,True,True,False,False,False
o_proj,23,1234,momentum,10,1.394297142650158,1.394297142650158,1.394297142650158,0.0,0.0,1.5060800231158823e-15,1.417088356144089e-17,1.2794996918938136e-17,1.417088356144089e-17,1.2794996918938136e-17,3.249379420629255e-17,0.9999999999999905,3.249379420629255e-17,0.9999999999999905,5.627115240004346e-16,5.627115240004346e-16,True,True,True,True,False,False,False
o_proj,23,1234,momentum,50,1.383960858643127,1.383960858643127,1.383960858643127,0.0,0.0,2.206287259638365e-15,4.024371973524561e-17,3.457136726851557e-17,4.024371973524561e-17,3.457136726851557e-17,8.222141856096118e-17,1.0000000000000042,8.222141856096118e-17,1.0000000000000042,6.054815836733131e-16,6.054815836733131e-16,True,True,True,True,False,False,False
gate_proj,0,1234,momentum,1,1.505385542061411,1.505385542061411,1.505385542061411,0.0,0.0,2.543803290410396e-15,0.00013748727822772688,1.0003994052251572e-18,9.463313460921525e-17,1.0003994052251572e-18,0.00019889287596559272,0.9999999802922205,1.2567435171069978e-16,1.0000000000000295,1.3768763047775567,2.5658173400706516e-15,False,True,False,True,True,False,False
gate_proj,0,1234,momentum,10,1.5042920490910545,1.502995450725336,1.5042920490910545,0.0012965983657184932,0.0,0.08090015813855114,0.005457159195515024,7.502978601700662e-06,2.196183773869745e-16,6.193055325890744e-18,0.007862388182749744,0.9999691627213619,2.431554719679762e-16,1.000000000000022,1.3005108966588634,8.922174456143487e-16,False,True,False,True,True,False,False
gate_proj,0,1234,momentum,50,1.4970560525612275,1.493818806437688,1.4970560525612273,0.0032372461235394834,2.220446049250313e-16,1.3843256734363043,0.0294637108325061,0.0008538589131490197,4.713977278185522e-16,2.068637322447918e-17,0.03854442949850405,0.9992568877259344,4.828834415391993e-16,0.9999999999999951,0.6112473091177132,6.48635422745995e-16,False,True,False,True,True,False,False
gate_proj,1,1234,momentum,1,1.4997338100302635,1.4997338100302635,1.4997338100302635,0.0,0.0,2.924207325444268e-15,0.05415761858141554,2.278636010832394e-18,9.600624920469945e-17,2.278636010832394e-18,0.05241400428376659,0.9986292167073756,1.2617100398652128e-16,1.0000000000000002,504.92115292165226,2.9125497880232155e-15,False,True,False,True,True,False,False
gate_proj,1,1234,momentum,10,1.4985595278838664,nan,1.498559527883866,nan,4.440892098500626e-16,nan,nan,nan,2.2287687010611876e-16,7.954372149991055e-18,nan,nan,2.4801162471256947e-16,1.0000000000000318,nan,6.942331575403861e-16,False,True,False,True,True,False,True
gate_proj,1,1234,momentum,50,1.4906160904656092,nan,1.4906160904656092,nan,0.0,nan,nan,nan,4.823659631823911e-16,2.0752048469499294e-17,nan,nan,4.938846776768894e-16,0.9999999999999761,nan,7.620059417755346e-16,False,True,False,True,True,False,True
gate_proj,2,1234,momentum,1,1.5465819768349747,1.5465819768349751,1.5465819768349751,4.440892098500626e-16,4.440892098500626e-16,2.5664816102352537e-15,0.1134542053635811,1.0151192447354134e-18,9.460448442966468e-17,1.0151192447354134e-18,0.1596377992223615,0.98749645339542,1.2581549201633983e-16,1.000000000000005,953.8624234499896,2.5440923832781823e-15,False,True,False,True,True,False,False
gate_proj,2,1234,momentum,10,1.5451684126574805,nan,1.5451684126574805,nan,0.0,nan,nan,nan,2.2241325570928846e-16,6.026526429618506e-18,nan,nan,2.4790754475455053e-16,1.0000000000000235,nan,8.83325258531479e-16,False,True,False,True,True,False,True
gate_proj,2,1234,momentum,50,1.535642490878355,nan,1.535642490878355,nan,0.0,nan,nan,nan,4.656925149573781e-16,2.143492195224292e-17,nan,nan,4.797459194456598e-16,1.0000000000000286,nan,6.691279378517482e-16,False,True,False,True,True,False,True
gate_proj,3,1234,momentum,1,1.4864789842463222,1.4864789842463224,1.4864789842463224,2.220446049250313e-16,2.220446049250313e-16,2.1084750687837563e-15,0.03741883324498835,7.536007874844141e-19,9.362804038442375e-17,7.536007874844141e-19,0.0355543458775079,0.9993685456091965,1.2570712795596035e-16,0.9999999999999932,333.3533908349152,1.9437372903123112e-15,False,True,False,True,True,False,False
gate_proj,3,1234,momentum,10,1.485369793081947,nan,1.485369793081947,nan,0.0,nan,nan,nan,2.1596754080993524e-16,6.374505351226497e-18,nan,nan,2.4080695555235574e-16,1.0000000000000333,nan,7.178634076193102e-16,False,True,False,True,True,False,True
gate_proj,3,1234,momentum,50,1.4777808209673677,nan,1.4777808209673677,nan,0.0,nan,nan,nan,4.687277002152697e-16,1.9300610110851143e-17,nan,nan,4.800336978624887e-16,1.0000000000000282,nan,6.090455322800559e-16,False,True,False,True,True,False,True
gate_proj,4,1234,momentum,1,1.5058617578718598,1.5058617578718598,1.5058617578718598,0.0,0.0,2.2676749901585306e-15,0.022987937508667983,1.8987238929449276e-18,9.488039698125342e-17,1.8987238929449276e-18,0.027283991504633055,0.9996280013618061,1.2585756378565341e-16,1.000000000000059,222.72367376151033,2.2627764682068035e-15,False,True,False,True,True,False,False
gate_proj,4,1234,momentum,10,1.5047521232317225,nan,1.5047521232317222,nan,2.220446049250313e-16,nan,nan,nan,2.190393613896239e-16,7.56269465711731e-18,nan,nan,2.4504541479069114e-16,1.0000000000000848,nan,8.257716485295865e-16,False,True,False,True,True,False,True
gate_proj,4,1234,momentum,50,1.497175205849576,nan,1.497175205849576,nan,0.0,nan,nan,nan,4.645270684220182e-16,2.1470129831022307e-17,nan,nan,4.804831531248188e-16,0.9999999999999738,nan,8.281530842635418e-16,False,True,False,True,True,False,True
gate_proj,5,1234,momentum,1,1.5830213969423217,1.5830213969423217,1.5830213969423217,0.0,0.0,2.2824568406360643e-15,0.18900078742728016,1.3221417245993436e-18,9.219371698438646e-17,1.3221417245993436e-18,0.28210350372137344,0.9624367569935516,1.232166889910171e-16,0.9999999999999944,1559.7326572501304,2.254531133019826e-15,False,True,False,True,True,False,False
gate_proj,5,1234,momentum,10,1.5815772707596498,nan,1.58157727075965,nan,2.220446049250313e-16,nan,nan,nan,2.1979833299790716e-16,6.8321811669763865e-18,nan,nan,2.4472866240483806e-16,0.9999999999999795,nan,6.751847153255584e-16,False,True,False,True,True,False,True
gate_proj,5,1234,momentum,50,1.572121454495913,nan,1.5721214544959132,nan,2.220446049250313e-16,nan,nan,nan,4.799042679809378e-16,2.0187783004533898e-17,nan,nan,4.934560469950913e-16,1.0000000000000577,nan,7.620779449598116e-16,False,True,False,True,True,False,True
gate_proj,6,1234,momentum,1,1.456969748382109,1.4569697483821082,1.4569697483821082,6.661338147750939e-16,6.661338147750939e-16,3.221506122766793e-15,0.08427668241979175,6.0853092319435925e-19,9.238144937544366e-17,6.0853092319435925e-19,0.10824446825626484,0.9941925704088035,1.234400455743764e-16,0.9999999999999614,884.2118417385592,3.1922942503280333e-15,False,True,False,True,True,False,False
gate_proj,6,1234,momentum,10,1.456029339626123,nan,1.4560293396261232,nan,2.220446049250313e-16,nan,nan,nan,2.2157624914669338e-16,6.463249119648117e-18,nan,nan,2.4677196348482757e-16,0.999999999999978,nan,9.746679435629075e-16,False,True,False,True,True,False,True
gate_proj,6,1234,momentum,50,1.449621113686277,nan,1.4496211136862773,nan,2.220446049250313e-16,nan,nan,nan,4.795757736013712e-16,1.9229865982682846e-17,nan,nan,4.974620993166679e-16,1.0000000000000278,nan,8.426123364426444e-16,False,True,False,True,True,False,True
gate_proj,7,1234,momentum,1,1.427691571890257,1.427691571890257,1.427691571890257,0.0,0.0,1.9237469301489085e-15,0.02669505661540556,1.64812371831289e-18,9.44398822650373e-17,1.64812371831289e-18,0.026761785021843867,0.999642097778049,1.2562229610365816e-16,1.0000000000000473,258.89896443630806,1.9047457649388905e-15,False,True,False,True,True,False,False
gate_proj,7,1234,momentum,10,1.4266114339787734,nan,1.4266114339787734,nan,0.0,nan,nan,nan,2.236295317408678e-16,7.131815674690212e-18,nan,nan,2.4560537205023407e-16,0.999999999999948,nan,1.4147611346064834e-15,False,True,False,True,True,False,True
gate_proj,7,1234,momentum,50,1.4192135680566833,nan,1.419213568056683,nan,2.220446049250313e-16,nan,nan,nan,4.682489360466822e-16,1.8308940481093188e-17,nan,nan,4.794575519621676e-16,0.9999999999999545,nan,9.851752095380476e-16,False,True,False,True,True,False,True
gate_proj,8,1234,momentum,1,1.4480968898324316,1.4480968898324316,1.4480968898324316,0.0,0.0,1.7947067378120897e-15,0.08044210878998158,9.057048007842933e-19,9.069091396097329e-17,9.057048007842933e-19,0.09645422033748631,0.9953805324564611,1.2156575117048444e-16,1.0000000000000622,767.8322422010252,1.7660784492519885e-15,False,True,False,True,True,False,False
gate_proj,8,1234,momentum,10,1.4469938515194292,nan,1.4469938515194292,nan,0.0,nan,nan,nan,2.3011306875189666e-16,5.84975796287565e-18,nan,nan,2.5629448247116763e-16,1.0000000000000502,nan,8.719301093274296e-16,False,True,False,True,True,False,True
gate_proj,8,1234,momentum,50,1.439551880780547,nan,1.4395518807805472,nan,2.220446049250313e-16,nan,nan,nan,4.786898369005731e-16,1.9846802765512672e-17,nan,nan,4.886990552341923e-16,1.0000000000000253,nan,6.965860726375578e-16,False,True,False,True,True,False,True
gate_proj,9,1234,momentum,1,1.386636340541853,1.386636340541853,1.386636340541853,0.0,0.0,2.2406157956148615e-15,0.10911848492435479,1.3433094006688284e-18,9.565306296226564e-17,1.3433094006688284e-18,0.12810090963343895,0.9918947629432722,1.2583214392979981e-16,1.000000000000024,1055.7738045319004,2.2052384307314166e-15,False,True,False,True,True,False,False
gate_proj,9,1234,momentum,10,1.3855670584502224,nan,1.3855670584502222,nan,2.220446049250313e-16,nan,nan,nan,2.1733139898049033e-16,6.612746369357871e-18,nan,nan,2.4043451726811066e-16,0.9999999999999785,nan,1.2220476026641247e-15,False,True,False,True,True,False,True
gate_proj,9,1234,momentum,50,1.3782819269764026,nan,1.3782819269764026,nan,0.0,nan,nan,nan,4.768446440899954e-16,1.8678236516624283e-17,nan,nan,4.894980461095903e-16,0.9999999999999964,nan,7.552418762871327e-16,False,True,False,True,True,False,True
gate_proj,10,1234,momentum,1,1.43527880058671,1.43527880058671,1.43527880058671,0.0,0.0,2.0445287866581994e-15,0.00010864448937552132,9.920800600764873e-19,9.280823791317477e-17,9.920800600764873e-19,0.0001539077510355599,0.9999999881826005,1.2497559084107641e-16,1.0000000000000222,1.0450875704181077,2.0303220151166787e-15,False,True,False,True,True,False,False
gate_proj,10,1234,momentum,10,1.4341892050493132,1.4330750752869388,1.4341892050493132,0.0011141297623744606,0.0,0.06455818568446078,0.004409185877683413,6.339096044404102e-06,2.1929847428956214e-16,5.820537133464348e-18,0.006235042293181772,0.9999806125708596,2.4423103035585233e-16,1.00000000000001,1.0309231506833305,7.231557582492243e-16,False,True,False,True,True,False,False
gate_proj,10,1234,momentum,50,1.426897943116595,1.4235575806879266,1.4268979431165953,0.0033403624286683087,4.440892098500626e-16,1.047576204580219,0.03361668598431275,0.0007555255199287066,4.653823498104822e-16,1.84977900585255e-17,0.046245392556423306,0.9989356670573734,4.769281754626103e-16,0.9999999999999873,0.9217486825290798,8.292356403618155e-16,False,True,False,True,True,False,False
gate_proj,11,1234,momentum,1,1.3479936464156475,1.3479936464156475,1.3479936464156475,0.0,0.0,2.7257641347733228e-15,0.00010038750528796709,2.4300300181881026e-19,9.67592617302501e-17,2.4300300181881026e-19,0.0001443933080368397,0.999999989587147,1.2736357535570964e-16,1.0000000000000056,0.9805901004184439,2.689113285885544e-15,False,True,False,True,True,False,False
gate_proj,11,1234,momentum,10,1.3469638852298402,1.3461580828141244,1.34696388522984,0.0008058024157158172,2.220446049250313e-16,0.04871625322557588,0.00408506700505269,4.607808747146803e-06,2.2683900228513094e-16,5.34786888876776e-18,0.005868552048564374,0.9999828026361312,2.5063839971898877e-16,0.9999999999999983,0.9727065677700633,7.227565219897223e-16,False,True,False,True,True,False,False
gate_proj,11,1234,momentum,50,1.34008710170048,1.3374807124635426,1.34008710170048,0.0026063892369374564,0.0,0.7808124067295792,0.031981704518671994,0.0005624717180492002,4.789948315421856e-16,1.8908849106977808e-17,0.04502824845713027,0.9989883022603363,4.871625514276001e-16,1.000000000000043,0.9043544115373173,9.615530244244051e-16,False,True,False,True,True,False,False
gate_proj,12,1234,momentum,1,1.3951263329508399,1.3951263329508399,1.3951263329508399,0.0,0.0,2.7538307100516514e-15,8.651532122828599e-05,9.719885912988395e-19,9.156201997367459e-17,9.719885912988395e-19,0.00011854813730647584,0.9999999929815424,1.2121090095824047e-16,0.9999999999999984,0.9688243545488197,2.7248048501389957e-15,False,True,False,True,True,False,False
gate_proj,12,1234,momentum,10,1.39429394339775,1.3936775575129317,1.3942939433977495,0.0006163858848182713,4.440892098500626e-16,0.04034239748802175,0.0035258258001397836,3.95086396855246e-06,2.199634282805937e-16,5.7166836752097304e-18,0.004822514507284083,0.9999883875615895,2.4277755820574526e-16,1.000000000000011,0.9621649759986848,8.649284459044335e-16,False,True,False,True,True,False,False
gate_proj,12,1234,momentum,50,1.3885353322228178,1.3861286099890877,1.3885353322228178,0.002406722233730063,0.0,0.5904318321958372,0.02816998130759768,0.0005071953729294396,4.67414180684789e-16,1.787093407603241e-17,0.03745143986728242,0.999300443858486,4.755885086464476e-16,1.0000000000000524,0.8997084175831696,8.680981001186468e-16,False,True,False,True,True,False,False
gate_proj,13,1234,momentum,1,1.3630891298618506,1.3630891298618506,1.3630891298618506,0.0,0.0,3.098248671007413e-15,7.484201851528995e-05,5.16790436829817e-19,9.64838066077217e-17,5.16790436829817e-19,0.0001018289131181771,0.9999999948214587,1.2816008033914682e-16,0.9999999999999534,0.908418926086897,3.0673398627806817e-15,False,True,False,True,True,False,False
gate_proj,13,1234,momentum,10,1.3623704214786743,1.3619827615879552,1.3623704214786743,0.00038765989071909424,0.0,0.027321188413002923,0.003055858583994338,2.63494652644058e-06,2.3327052752839337e-16,5.323339012632888e-18,0.0041506740300246555,0.9999913969740533,2.576763278555504e-16,0.9999999999999736,0.9051872185439128,1.1985547207534525e-15,False,True,False,True,True,False,False
gate_proj,13,1234,momentum,50,1.357333716989453,1.3556308267140007,1.3573337169894533,0.00170289027545234,2.220446049250313e-16,0.39439885727914453,0.024942217506581172,0.0003516251347689937,4.888166059710196e-16,1.8287536883448097e-17,0.032961782637291236,0.9994578311434333,4.979403882280126e-16,0.9999999999999647,0.8709022715080024,9.155638195919902e-16,False,True,False,True,True,False,False
gate_proj,14,1234,momentum,1,1.3840553977180594,1.3840553977180596,1.3840553977180596,2.220446049250313e-16,2.220446049250313e-16,2.9615388114004137e-15,5.6498891798481856e-05,7.529588594485785e-19,9.411849937414464e-17,7.529588594485785e-19,7.479983957408266e-05,0.9999999972052137,1.256498512769758e-16,0.999999999999978,0.780207629622158,2.948402656391591e-15,False,True,False,True,True,False,False
gate_proj,14,1234,momentum,10,1.3834733572160214,1.3833371720033902,1.3834733572160214,0.0001361852126311458,0.0,0.011441446031106155,0.0023115193199242687,1.0834923622130732e-06,2.1962013367470274e-16,5.801608725541944e-18,0.0030545308933243665,0.999995339727207,2.434225460207936e-16,1.0000000000000004,0.7796196733438375,1.0683189477570154e-15,False,True,False,True,True,False,False
gate_proj,14,1234,momentum,50,1.3792795056764653,1.3785694669313524,1.379279505676465,0.0007100387451128842,2.220446049250313e-16,0.1447977632366714,0.01937353175501643,0.00015045571721007786,4.776673765030516e-16,1.8250835059167783e-17,0.024839785275896992,0.9996919039732441,4.901041754361103e-16,1.0000000000000377,0.7741559610722593,8.633261491104648e-16,False,True,False,True,True,False,False
gate_proj,15,1234,momentum,1,1.3886238892718128,1.3886238892718128,1.3886238892718128,0.0,0.0,2.5190891359534455e-15,5.519159542026157e-05,1.4019391126891313e-18,9.292062341856362e-17,1.4019391126891313e-18,7.408771691635965e-05,0.9999999972626732,1.2384938394793188e-16,0.9999999999999718,0.7282686685681503,2.51715844046444e-15,False,True,False,True,True,False,False
gate_proj,15,1234,momentum,10,1.3879924271653619,1.3879484795981845,1.3879924271653619,4.394756717740478e-05,0.0,0.004942444473282095,0.002258392564378862,4.967085524509764e-07,2.1973254115129707e-16,5.813290831173599e-18,0.0030262140353095835,0.9999954330741225,2.456543955929002e-16,1.0000000000000364,0.7283479399254447,7.721002073549287e-16,False,True,False,True,True,False,False
gate_proj,15,1234,momentum,50,1.3834878652123566,1.3832171638970838,1.3834878652123566,0.00027070131527273666,0.0,0.06109998918364701,0.018955677000061455,6.975657674355319e-05,4.717563902268782e-16,1.8673524618383274e-17,0.024660459980362148,0.9996967327375472,4.864248223014548e-16,1.0000000000000266,0.7311812422800826,7.81043623254336e-16,False,True,False,True,True,False,False
gate_proj,16,1234,momentum,1,1.4401343261240265,1.4401343261240265,1.4401343261240265,0.0,0.0,3.3631929436949756e-15,4.238476376658161e-05,1.8020154784728782e-18,9.372750008230865e-17,1.8020154784728782e-18,5.657336571267074e-05,0.9999999984033963,1.2536668985017267e-16,1.000000000000012,0.6029444381237429,3.370682500659657e-15,False,True,False,True,True,False,False
gate_proj,16,1234,momentum,10,1.439571998900557,1.4397334224311729,1.439571998900557,0.00016142353061576742,0.0,0.015060416757109696,0.0017335721156521958,1.1801701493222179e-06,2.233500413548313e-16,7.090501525632893e-18,0.0023096325604409634,0.9999973386072311,2.473197173012707e-16,0.9999999999999812,0.6010735515278346,1.030776479201101e-15,False,True,False,True,True,False,False
gate_proj,16,1234,momentum,50,1.4353619768799284,1.4363583792473473,1.4353619768799284,0.000996402367418936,0.0,0.1657612634416824,0.01445662389701942,0.0001667895111417375,4.78914284637895e-16,1.842563670111919e-17,0.01869007439702319,0.9998255741500991,4.901749502320745e-16,0.9999999999999962,0.5722816410409155,9.301677171514445e-16,False,True,False,True,True,False,False
gate_proj,17,1234,momentum,1,1.4817518681551016,1.4817518681551016,1.4817518681551016,0.0,0.0,2.5852641596558864e-15,5.395834243576392e-05,1.1218270829272052e-18,9.624943100858755e-17,1.1218270829272052e-18,7.254497040462668e-05,0.9999999973777631,1.2649110846054448e-16,0.99999999999998,0.7038624715191476,2.576715985398637e-15,False,True,False,True,True,False,False
gate_proj,17,1234,momentum,10,1.4811040125194324,1.4813783816651978,1.4811040125194324,0.0002743691457653963,0.0,0.022679357283149047,0.002205040822595746,1.9278196596551413e-06,2.1811825912239937e-16,7.100359201411656e-18,0.002958652911199485,0.9999956378747973,2.415605178366473e-16,1.000000000000003,0.7014038216425386,1.1075645411676847e-15,False,True,False,True,True,False,False
gate_proj,17,1234,momentum,50,1.47640224531818,1.478135564888242,1.4764022453181798,0.001733319570061953,2.220446049250313e-16,0.24010739567413641,0.018152580859104962,0.0002730308741773563,4.728967653240892e-16,1.9855676025976805e-17,0.023557038191977173,0.9997231818291361,4.820465524397509e-16,0.9999999999999478,0.6615023963636717,8.093093487284126e-16,False,True,False,True,True,False,False
gate_proj,18,1234,momentum,1,1.4169104322625794,1.4169104322625794,1.4169104322625794,0.0,0.0,2.9336988445687602e-15,5.36838398091477e-05,9.357511690789536e-19,9.330273546341776e-17,9.357511690789536e-19,7.1908580845431e-05,0.9999999974246695,1.241676410002354e-16,1.0000000000000453,0.7075381435260409,2.910153500495025e-15,False,True,False,True,True,False,False
gate_proj,18,1234,momentum,10,1.4162818803252604,1.4165453644947248,1.4162818803252604,0.000263484169464423,0.0,0.02306042182974882,0.002193497631228633,1.855789198311406e-06,2.1591276036027673e-16,5.562274537874464e-18,0.0029317944021170503,0.9999957184799966,2.3936127608614035e-16,1.0000000000000009,0.7051082269515045,1.084812683687396e-15,False,True,False,True,True,False,False
gate_proj,18,1234,momentum,50,1.4117419706870808,1.4133870541707818,1.4117419706870808,0.0016450834837009598,0.0,0.24303151601901132,0.01802762507560059,0.0002616494558543108,4.560740179198548e-16,1.950435396858192e-17,0.023239492732927157,0.9997307081988196,4.693719532339703e-16,0.9999999999999942,0.666502760632993,1.0284310326841505e-15,False,True,False,True,True,False,False
gate_proj,19,1234,momentum,1,1.4313777073348544,1.4313777073348544,1.4313777073348544,0.0,0.0,2.0983185681918014e-15,5.59054091621449e-05,1.2999666818808837e-18,9.287015348615375e-17,1.2999666818808837e-18,7.568207510876025e-05,0.9999999971489391,1.235948695630718e-16,1.0000000000000273,0.7179672837761776,2.0902133448011908e-15,False,True,False,True,True,False,False
gate_proj,19,1234,momentum,10,1.4307177729989613,1.4310864810107156,1.4307177729989617,0.0003687080117542596,4.440892098500626e-16,0.030344122438097088,0.002281677713594204,2.5253376516098566e-06,2.150758894500005e-16,7.221051986620763e-18,0.0030820360347680186,0.9999952710390007,2.404176258941609e-16,0.9999999999999952,0.7142676369483827,7.634475749538759e-16,False,True,False,True,True,False,False
gate_proj,19,1234,momentum,50,1.4260143749747705,1.4284328980499432,1.4260143749747705,0.0024185230751727627,0.0,0.31063369113448736,0.01839994168156099,0.00035984729404125364,4.685661602661689e-16,1.9479460559447825e-17,0.02392707377724026,0.9997146224875954,4.802094826941566e-16,0.9999999999999801,0.6487030099355294,9.634904360663452e-16,False,True,False,True,True,False,False
gate_proj,20,1234,momentum,1,1.4366124643920053,1.4366124643920053,1.4366124643920053,0.0,0.0,2.537780395878475e-15,7.145313022688084e-05,4.387432682848601e-19,9.420955924976434e-17,4.387432682848601e-19,0.00010279458249342634,0.9999999947322302,1.2514946674499444e-16,0.9999999999999927,0.7355974480814629,2.5438379664468812e-15,False,True,False,True,True,False,False
gate_proj,20,1234,momentum,10,1.4356345288070316,1.4362462914991097,1.435634528807032,0.0006117626920780772,4.440892098500626e-16,0.036080826192155815,0.002910866995720848,3.4356800270185166e-06,2.19971032571075e-16,6.736910956323005e-18,0.004181868845494218,0.9999912804311446,2.440227949367576e-16,1.0000000000000369,0.7312372909186978,1.0211738804994814e-15,False,True,False,True,True,False,False
gate_proj,20,1234,momentum,50,1.4290765276524031,1.4329053177785112,1.4290765276524033,0.0038287901261080393,2.220446049250313e-16,0.3674515590216853,0.022758887190797276,0.00048237997462275106,4.64903475778057e-16,1.9367439828493855e-17,0.03186697924678784,0.9994929719234102,4.79479411762772e-16,1.0000000000000493,0.6457907685831056,8.919815950140923e-16,False,True,False,True,True,False,False
gate_proj,21,1234,momentum,1,1.4083367248113932,1.4083367248113932,1.4083367248113932,0.0,0.0,2.3104530789622197e-15,0.00013786153424182686,8.904096068843677e-19,9.2232975297431e-17,8.904096068843677e-19,0.00018872759047442594,0.9999999822087405,1.2207940692141849e-16,0.9999999999999754,1.1483521512934616,2.285238761282438e-15,False,True,False,True,True,False,False
gate_proj,21,1234,momentum,10,1.4069123037045705,1.40658677140566,1.4069123037045703,0.00032553229891063573,2.220446049250313e-16,0.2946084945131298,0.004677651644881754,6.324536736022027e-05,2.1765376689814213e-16,6.663229592543973e-18,0.0064211188793459025,0.9999794143290195,2.416799755418425e-16,1.0000000000000409,0.8674621113582288,9.200796677533526e-16,False,True,False,True,True,False,False
gate_proj,21,1234,momentum,50,1.3976502125904584,1.402504064686875,1.3976502125904582,0.004853852096416533,2.220446049250313e-16,0.4504949209615734,0.03104722346000966,0.0019736772398882625,4.771281278055669e-16,1.775039241590609e-17,0.045010820760773035,0.9989873859353259,4.88588383725866e-16,0.9999999999999989,0.7351620052450798,7.28443186424957e-16,False,True,False,True,True,False,False
gate_proj,22,1234,momentum,1,1.3947488459307318,1.3947488459307318,1.3947488459307318,0.0,0.0,3.0916452270778448e-15,0.18675253071074066,8.527641901079252e-19,9.13319535173818e-17,8.527641901079252e-19,0.23217462001604677,0.974090691702016,1.2188568982788762e-16,1.0000000000000004,1676.017703595979,3.0843213335093027e-15,False,True,False,True,True,False,False
gate_proj,22,1234,momentum,10,1.3934834631058752,nan,1.3934834631058752,nan,0.0,nan,nan,nan,2.2322349620176453e-16,5.4377409967449164e-18,nan,nan,2.452263507972832e-16,0.9999999999999818,nan,7.949473930518109e-16,False,True,False,True,True,False,True
gate_proj,22,1234,momentum,50,1.385049121098989,nan,1.385049121098989,nan,0.0,nan,nan,nan,4.564168037133846e-16,1.9396917420096074e-17,nan,nan,4.680691769684801e-16,1.000000000000041,nan,6.21383965164717e-16,False,True,False,True,True,False,True
gate_proj,23,1234,momentum,1,1.3994241440702162,1.3994241440702162,1.3994241440702162,0.0,0.0,1.9791111329728954e-15,0.044903022281470986,1.6758988314926045e-18,9.420755167178814e-17,1.6758988314926045e-18,0.05120424647182171,0.9986916511420418,1.2555404673160984e-16,1.0000000000000475,406.03358515303285,1.9712949857392585e-15,False,True,False,True,True,False,False
gate_proj,23,1234,momentum,10,1.398146577295026,nan,1.3981465772950257,nan,2.220446049250313e-16,nan,nan,nan,2.1666360500813079e-16,6.466772277362299e-18,nan,nan,2.4363857966111444e-16,0.9999999999999916,nan,1.1588515896460906e-15,False,True,False,True,True,False,True
gate_proj,23,1234,momentum,50,1.3897838855111648,nan,1.3897838855111648,nan,0.0,nan,nan,nan,4.851695774168169e-16,1.9258237086691774e-17,nan,nan,5.00509964980449e-16,1.0000000000000404,nan,9.690401583880645e-16,False,True,False,True,True,False,True
up_proj,0,1234,momentum,1,1.3348997118747143,1.3348997118747143,1.3348997118747143,0.0,0.0,2.544963417976508e-15,0.00010037901757689759,7.971022258619591e-19,9.416922686007176e-17,7.971022258619591e-19,0.00013503462145413047,0.9999999909337736,1.2623751210401094e-16,0.9999999999999488,1.355215966686587,2.534373884804842e-15,False,True,False,True,True,False,False
up_proj,0,1234,momentum,10,1.334267539012259,1.333556216003836,1.3342675390122587,0.000711323008423026,2.220446049250313e-16,0.06661638993008101,0.004014514390967377,4.985407563975366e-06,2.264458643822842e-16,6.546065803709842e-18,0.0053660243477901045,0.9999856665545095,2.5228384182100733e-16,0.9999999999999938,1.2946133278121208,9.544818843925695e-16,False,True,False,True,True,False,False
up_proj,0,1234,momentum,50,1.3297602997740512,1.3273438990216426,1.3297602997740512,0.002416400752408565,0.0,0.91937458354289,0.02466691220553414,0.000607713113868263,4.734066800274342e-16,1.8029257683692956e-17,0.02913340948450623,0.9995758079966063,4.844372634626144e-16,1.0000000000000118,0.7080340956521858,8.712422507210361e-16,False,True,False,True,True,False,False
up_proj,1,1234,momentum,1,1.2801934620438966,1.2801934620438966,1.2801934620438966,0.0,0.0,3.1731080153513022e-15,0.04320369501370058,2.9178073320756285e-19,9.294855244118231e-17,2.9178073320756285e-19,0.045682719325137365,0.998958176136916,1.2502288246300837e-16,1.0000000000000155,591.1544864226167,3.1771913415273795e-15,False,True,False,True,True,False,False
up_proj,1,1234,momentum,10,1.2796021307150018,nan,1.2796021307150018,nan,0.0,nan,nan,nan,2.1300208403186205e-16,5.481528469507482e-18,nan,nan,2.3697631584789455e-16,0.9999999999999938,nan,1.0460122936123783e-15,False,True,False,True,True,False,True
up_proj,1,1234,momentum,50,1.2754010937292592,nan,1.275401093729259,nan,2.220446049250313e-16,nan,nan,nan,4.72093016582558e-16,1.819073660148792e-17,nan,nan,4.84863805609632e-16,1.0000000000000313,nan,7.766349266504838e-16,False,True,False,True,True,False,True
up_proj,2,1234,momentum,1,1.301068481454304,1.3010684814543043,1.3010684814543043,2.220446049250313e-16,2.220446049250313e-16,3.0780671033987785e-15,0.05169913312429483,1.194740971412864e-18,9.365269201714994e-17,1.194740971412864e-18,0.056054303821246036,0.9984326551991104,1.2517843820713398e-16,1.0000000000000466,677.8174404398554,3.0807384250296524e-15,False,True,False,True,True,False,False
up_proj,2,1234,momentum,10,1.3004331129064601,nan,1.3004331129064601,nan,0.0,nan,nan,nan,2.155239154316139e-16,5.323787589277174e-18,nan,nan,2.412820831278005e-16,1.0000000000000135,nan,7.993166480436738e-16,False,True,False,True,True,False,True
up_proj,2,1234,momentum,50,1.2958987304901617,nan,1.2958987304901617,nan,0.0,nan,nan,nan,4.716247457306971e-16,1.6531238729645502e-17,nan,nan,4.792472689777173e-16,1.0000000000000253,nan,7.622652278083406e-16,False,True,False,True,True,False,True
up_proj,3,1234,momentum,1,1.2973522348465456,1.2973522348465456,1.2973522348465456,0.0,0.0,2.76818788973834e-15,0.0399176816285041,8.709997780095177e-19,9.109869585625701e-17,8.709997780095177e-19,0.04280119764070173,0.9990852899899902,1.240740716152895e-16,1.0000000000000038,514.8093039644269,2.7118291276704546e-15,False,True,False,True,True,False,False
up_proj,3,1234,momentum,10,1.2967264330993498,nan,1.2967264330993498,nan,0.0,nan,nan,nan,2.1913903425204067e-16,7.838502159448595e-18,nan,nan,2.437112065593574e-16,1.0000000000000187,nan,7.814188929769721e-16,False,True,False,True,True,False,True
up_proj,3,1234,momentum,50,1.292223859136326,nan,1.292223859136326,nan,0.0,nan,nan,nan,4.678335073773908e-16,1.8007631565520012e-17,nan,nan,4.848446881665131e-16,0.9999999999999301,nan,9.825570682138784e-16,False,True,False,True,True,False,True
up_proj,4,1234,momentum,1,1.3170102241158426,1.3170102241158426,1.3170102241158426,0.0,0.0,2.5564770131752206e-15,0.01736729010569861,8.051936091249359e-19,9.226243694693081e-17,8.051936091249359e-19,0.015810559342824368,0.9998750371667605,1.225361866542072e-16,1.0000000000000364,237.90237215541154,2.547136771012472e-15,False,True,False,True,True,False,False
up_proj,4,1234,momentum,10,1.3164200129505128,nan,1.3164200129505126,nan,2.220446049250313e-16,nan,nan,nan,2.2001200221908938e-16,6.178438491450483e-18,nan,nan,2.4342413220400294e-16,0.9999999999999685,nan,9.91390448067628e-16,False,True,False,True,True,False,True
up_proj,4,1234,momentum,50,1.312205961506174,nan,1.312205961506174,nan,0.0,nan,nan,nan,4.617532082715104e-16,1.9113288714905745e-17,nan,nan,4.714333501323179e-16,0.9999999999999732,nan,7.524946732501233e-16,False,True,False,True,True,False,True
up_proj,5,1234,momentum,1,1.29135891100552,1.29135891100552,1.29135891100552,0.0,0.0,2.2608407330169012e-15,0.09762782053296147,1.0521179803870613e-18,9.101660472077652e-17,1.0521179803870613e-18,0.09754058821575752,0.9952766267908932,1.2252002623597e-16,0.9999999999999893,1187.6739283587096,2.2735584508014492e-15,False,True,False,True,True,False,False
up_proj,5,1234,momentum,10,1.290626573548617,nan,1.290626573548617,nan,0.0,nan,nan,nan,2.2329833536205915e-16,5.0224361327384195e-18,nan,nan,2.471999613768035e-16,1.0000000000000318,nan,7.135667765991658e-16,False,True,False,True,True,False,True
up_proj,5,1234,momentum,50,1.2854853738942913,nan,1.2854853738942913,nan,0.0,nan,nan,nan,4.691155670200118e-16,1.7216571774059987e-17,nan,nan,4.848279934519364e-16,0.999999999999982,nan,7.561999124601196e-16,False,True,False,True,True,False,True
up_proj,6,1234,momentum,1,1.320204941153644,1.3202049411536438,1.3202049411536438,2.220446049250313e-16,2.220446049250313e-16,2.4026398120476304e-15,0.06678204267308122,9.061437844030127e-19,9.551681632848746e-17,9.061437844030127e-19,0.061732390281263566,0.9980999944041132,1.2661681283608463e-16,1.0000000000000022,912.1963366576653,2.4023537178438868e-15,False,True,False,True,True,False,False
up_proj,6,1234,momentum,10,1.3196155128993148,nan,1.319615512899315,nan,2.220446049250313e-16,nan,nan,nan,2.1880712944538062e-16,6.009144502607757e-18,nan,nan,2.4347114851671493e-16,0.9999999999999476,nan,8.395024425159455e-16,False,True,False,True,True,False,True
up_proj,6,1234,momentum,50,1.3153579427536612,nan,1.3153579427536615,nan,2.220446049250313e-16,nan,nan,nan,4.86557901849706e-16,1.8953437733389068e-17,nan,nan,5.033160714981966e-16,1.000000000000031,nan,8.722950325088758e-16,False,True,False,True,True,False,True
up_proj,7,1234,momentum,1,1.352831158622412,1.352831158622412,1.352831158622412,0.0,0.0,2.0307501436698836e-15,0.024631882818395828,4.759131158804496e-19,9.326698884813294e-17,4.759131158804496e-19,0.028589683645684927,0.9995915673023607,1.2367872376141383e-16,0.9999999999999718,329.74586763295235,2.028191238193117e-15,False,True,False,True,True,False,False
up_proj,7,1234,momentum,10,1.3522192602131182,nan,1.3522192602131182,nan,0.0,nan,nan,nan,2.1726231324885487e-16,6.374663155619778e-18,nan,nan,2.423273546034768e-16,1.0000000000000118,nan,1.1349990610004285e-15,False,True,False,True,True,False,True
up_proj,7,1234,momentum,50,1.347916903529263,nan,1.347916903529263,nan,0.0,nan,nan,nan,4.66722930840238e-16,1.7191671398756413e-17,nan,nan,4.783743214146427e-16,1.0000000000000377,nan,8.45429844143668e-16,False,True,False,True,True,False,True
up_proj,8,1234,momentum,1,1.3385911896549407,1.3385911896549407,1.3385911896549407,0.0,0.0,3.5959329482348885e-15,0.050821888349013446,1.2513426745329998e-18,9.332805880114926e-17,1.2513426745329998e-18,0.051213697164356635,0.9986911590239662,1.2286734216750676e-16,0.999999999999983,668.5461379269547,3.6239379599424e-15,False,True,False,True,True,False,False
up_proj,8,1234,momentum,10,1.3379595726453033,nan,1.3379595726453033,nan,0.0,nan,nan,nan,2.1916243838805624e-16,6.811437700389749e-18,nan,nan,2.418118978288815e-16,1.0000000000000384,nan,8.642429226254307e-16,False,True,False,True,True,False,True
up_proj,8,1234,momentum,50,1.333474235488013,nan,1.3334742354880134,nan,4.440892098500626e-16,nan,nan,nan,4.688513738760376e-16,1.874201204536211e-17,nan,nan,4.786245987391293e-16,1.0000000000000024,nan,8.415242849430386e-16,False,True,False,True,True,False,True
up_proj,9,1234,momentum,1,1.3440712556643128,1.344071255664313,1.344071255664313,2.220446049250313e-16,2.220446049250313e-16,2.6187961798950706e-15,0.11137200275030851,9.047631693595634e-19,9.2452665178955e-17,9.047631693595634e-19,0.11697841158588113,0.9932274984943142,1.2273464377258795e-16,0.9999999999999717,1411.6498890961936,2.6376259776118626e-15,False,True,False,True,True,False,False
up_proj,9,1234,momentum,10,1.3433918314524098,nan,1.3433918314524098,nan,0.0,nan,nan,nan,2.112754635793707e-16,6.114942448952383e-18,nan,nan,2.3534990572473646e-16,1.0000000000000244,nan,8.284464696497215e-16,False,True,False,True,True,False,True
up_proj,9,1234,momentum,50,1.3385601544306431,nan,1.3385601544306431,nan,0.0,nan,nan,nan,4.710712519131266e-16,1.8686764602563203e-17,nan,nan,4.798587219315482e-16,0.9999999999999925,nan,6.643104857102089e-16,False,True,False,True,True,False,True
up_proj,10,1234,momentum,1,1.330333697323301,1.330333697323301,1.330333697323301,0.0,0.0,2.3818542026038483e-15,8.211764385178177e-05,1.0474749916738806e-18,9.588836125024688e-17,1.0474749916738806e-18,0.00011013370690591188,0.9999999939424367,1.2658255675863677e-16,1.0000000000000133,1.0663712731097372,2.391165912859889e-15,False,True,False,True,True,False,False
up_proj,10,1234,momentum,10,1.3296943035702598,1.329018571660496,1.3296943035702598,0.000675731909763666,0.0,0.059308846401485676,0.0033388060104919417,4.759226374771887e-06,2.235134182317494e-16,6.7392266634337785e-18,0.004466103244860184,0.9999900408697717,2.473997105577787e-16,0.9999999999999798,1.0529310077211937,7.148774662028262e-16,False,True,False,True,True,False,False
up_proj,10,1234,momentum,50,1.3251610344227769,1.3227490738418581,1.3251610344227769,0.0024119605809187483,0.0,0.8684175930680476,0.026102038127824467,0.0005945687306897159,4.840228450806182e-16,1.6946685882240764e-17,0.03362601229391328,0.9994363179072195,4.952143484825022e-16,1.0000000000000306,0.9391154143116422,7.324704968916925e-16,False,True,False,True,True,False,False
up_proj,11,1234,momentum,1,1.3393450224986045,1.339345022498604,1.339345022498604,4.440892098500626e-16,4.440892098500626e-16,2.414564728254462e-15,8.377625073577846e-05,1.0136817008967784e-18,9.616218953211885e-17,1.0136817008967784e-18,0.0001153184762286065,0.9999999933603393,1.2714304891870555e-16,1.0000000000000604,0.9766865579754783,2.4276053141423083e-15,False,True,False,True,True,False,False
up_proj,11,1234,momentum,10,1.338570334097761,1.337984999357107,1.338570334097761,0.000585334740654142,0.0,0.04251590388545391,0.0034143433556213937,3.778269654218967e-06,2.1480858741207208e-16,6.3372826919512756e-18,0.004691359577498498,0.999989013220828,2.390908958794465e-16,1.0000000000000022,0.9699860050718055,9.449973602267483e-16,False,True,False,True,True,False,False
up_proj,11,1234,momentum,50,1.3332266560133543,1.3310193578201357,1.3332266560133543,0.002207298193218632,0.0,0.6213465825729906,0.027302457152814832,0.00047981087481856915,4.710659560416874e-16,1.8048416930862224e-17,0.03647085687787887,0.9993367493467256,4.755196079784108e-16,0.9999999999999485,0.9092008579229893,8.304346441531274e-16,False,True,False,True,True,False,False
up_proj,12,1234,momentum,1,1.3473677275099476,1.3473677275099476,1.3473677275099476,0.0,0.0,2.396682209966862e-15,7.396594899535665e-05,4.668905404053305e-19,9.553393185012657e-17,4.668905404053305e-19,9.822684616882312e-05,0.9999999951801677,1.2594769824413422e-16,0.9999999999999676,1.0034307951041823,2.3884656328521423e-15,False,True,False,True,True,False,False
up_proj,12,1234,momentum,10,1.3467683166015239,1.3462731090040794,1.3467683166015239,0.0004952075974444803,0.0,0.047046859049069134,0.003012516549822323,3.6965238068018127e-06,2.2220532713711173e-16,6.252445518855269e-18,0.003990100674681351,0.999992048069636,2.455772051702546e-16,0.9999999999999916,0.9941913977058412,7.728636400861436e-16,False,True,False,True,True,False,False
up_proj,12,1234,momentum,50,1.34250161516378,1.3405783568137977,1.34250161516378,0.0019232583499824152,0.0,0.6332836695299557,0.02400733743472474,0.0004690727533179677,4.573687051695603e-16,1.7742589673261734e-17,0.030597088536639668,0.9995329426149869,4.607692735284477e-16,1.000000000000009,0.9141886478478103,9.901718290878196e-16,False,True,False,True,True,False,False
up_proj,13,1234,momentum,1,1.3647586486632615,1.3647586486632615,1.3647586486632615,0.0,0.0,2.3717478747321745e-15,7.056265283335003e-05,9.487152279935698e-19,9.431129905079826e-17,9.487152279935698e-19,9.326660113973883e-05,0.9999999956548165,1.2476914730544482e-16,0.9999999999999827,0.9212544672309632,2.3508912481100975e-15,False,True,False,True,True,False,False
up_proj,13,1234,momentum,10,1.3641215548071497,1.3637572313297066,1.3641215548071497,0.0003643234774430848,0.0,0.02857786416195866,0.002882008348084544,2.63531347542252e-06,2.1623840561717473e-16,5.37895349178151e-18,0.0038013104666057983,0.9999927827277318,2.411044946561455e-16,0.999999999999936,0.9175566637311179,9.588063560099009e-16,False,True,False,True,True,False,False
up_proj,13,1234,momentum,50,1.359569093675788,1.3579036472854158,1.3595690936757878,0.0016654463903722494,2.220446049250313e-16,0.3854212984194275,0.023669922662738735,0.00035257134418063455,4.668246047538802e-16,1.8853560289774406e-17,0.030213793926195366,0.9995443934432743,4.769255348533564e-16,0.9999999999999931,0.8794647336181888,8.774936511319497e-16,False,True,False,True,True,False,False
up_proj,14,1234,momentum,1,1.3626392295116492,1.3626392295116492,1.3626392295116492,0.0,0.0,2.518280840860471e-15,6.257230293949456e-05,1.5919408922042772e-18,9.326182837719143e-17,1.5919408922042772e-18,8.430526045684236e-05,0.9999999964493844,1.2386389833178923e-16,0.9999999999999971,0.7933653746070343,2.522652992118184e-15,False,True,False,True,True,False,False
up_proj,14,1234,momentum,10,1.3619614192086524,1.3617746121871377,1.3619614192086527,0.00018680702151474549,2.220446049250313e-16,0.015411239080067354,0.0025584061800567365,1.3631803625893082e-06,2.174059302837952e-16,6.983556552285068e-18,0.0034406432383459916,0.9999940864812926,2.4180389659714874e-16,0.999999999999976,0.7920555734810953,1.0361267293867259e-15,False,True,False,True,True,False,False
up_proj,14,1234,momentum,50,1.3571637274843094,1.3562652769072292,1.3571637274843096,0.0008984505770801565,2.220446049250313e-16,0.19203488062717458,0.021268110504553094,0.00018299265801906714,4.729354000360796e-16,1.8722552152558428e-17,0.02775692374797115,0.9996152846125762,4.898016206776321e-16,0.9999999999999881,0.7793340006301586,9.177088097359825e-16,False,True,False,True,True,False,False
up_proj,15,1234,momentum,1,1.378953694277235,1.378953694277235,1.378953694277235,0.0,0.0,2.5170178059117946e-15,5.1712903967865896e-05,1.8103859044545214e-18,9.426520224823841e-17,1.8103859044545214e-18,6.796882835064587e-05,0.999999997694506,1.248285199180616e-16,0.9999999999999976,0.7250837958226629,2.5115267354925074e-15,False,True,False,True,True,False,False
up_proj,15,1234,momentum,10,1.3783804412177065,1.3783413727827714,1.3783804412177068,3.906843493517442e-05,2.220446049250313e-16,0.005069774147081555,0.0021170945855694106,4.951711468282219e-07,2.1667510441626238e-16,6.399378975334254e-18,0.0027772718586375022,0.9999961508009257,2.395959260815785e-16,1.000000000000003,0.7251426641965123,8.567900341663429e-16,False,True,False,True,True,False,False
up_proj,15,1234,momentum,50,1.3742421543696943,1.373998479547004,1.3742421543696945,0.00024367482269038732,2.220446049250313e-16,0.060829721053542375,0.017899119568334617,6.965382832710193e-05,4.829411095857786e-16,1.8247563526576283e-17,0.02275651486218333,0.9997415800841073,4.874836535727987e-16,0.999999999999999,0.7276759154897753,9.532185125112202e-16,False,True,False,True,True,False,False
up_proj,16,1234,momentum,1,1.3499575735478506,1.3499575735478508,1.3499575735478508,2.220446049250313e-16,2.220446049250313e-16,3.1289440575400875e-15,4.7819655968422224e-05,1.2103700572758888e-18,9.455196567475504e-17,1.2103700572758888e-18,6.689956751563865e-05,0.9999999977702128,1.255620301574182e-16,0.9999999999999856,0.5977477676042845,3.0814301064792953e-15,False,True,False,True,True,False,False
up_proj,16,1234,momentum,10,1.3492706347129384,1.3494906844785983,1.3492706347129384,0.0002200497656599243,0.0,0.018856150803300796,0.0019512670028009346,1.4547046625602363e-06,2.227478421388891e-16,7.963911729363885e-18,0.0027252313302177336,0.9999962991711013,2.4565264674713504e-16,1.00000000000001,0.5952057979841386,8.62102761122267e-16,False,True,False,True,True,False,False
up_proj,16,1234,momentum,50,1.3445155002443439,1.345730843186286,1.3445155002443436,0.0012153429419421435,2.220446049250313e-16,0.20924707947641935,0.015703972509634286,0.00019919760920262237,4.751975713584358e-16,1.8790399568682074e-17,0.021297131752032707,0.9997736863966116,4.848249238719021e-16,1.000000000000012,0.5555577325527805,6.4138164967187585e-16,False,True,False,True,True,False,False
up_proj,17,1234,momentum,1,1.3283166386991514,1.3283166386991514,1.3283166386991514,0.0,0.0,2.806349793421319e-15,5.3209241445128585e-05,1.795949704228785e-18,9.473913029027497e-17,1.795949704228785e-18,7.223076840468974e-05,0.9999999974021082,1.2459758656083334e-16,0.9999999999999953,0.6972800449253631,2.8033405837235317e-15,False,True,False,True,True,False,False
up_proj,17,1234,momentum,10,1.3276839154371503,1.3279722992649015,1.3276839154371503,0.0002883838277512041,0.0,0.02488183473671247,0.0021729686237884406,1.9583754781040986e-06,2.164612181379113e-16,6.2421511100817875e-18,0.002943751061758003,0.9999956843966687,2.40885417650342e-16,1.0000000000000298,0.6943959307241416,6.71957080204059e-16,False,True,False,True,True,False,False
up_proj,17,1234,momentum,50,1.323186924658575,1.3249829863408018,1.3231869246585746,0.0017960616822267905,4.440892098500626e-16,0.26332942177277086,0.01769725132489174,0.00027576218118137457,4.681186443255894e-16,1.8009193379832203e-17,0.023151149738225497,0.9997327388364459,4.818693856720863e-16,0.9999999999999751,0.6464211039868435,8.3301546682280295e-16,False,True,False,True,True,False,False
up_proj,18,1234,momentum,1,1.3589682647226153,1.3589682647226153,1.3589682647226153,0.0,0.0,3.339642800875812e-15,5.7992427749270605e-05,1.2546366074831761e-18,9.27139275416763e-17,1.2546366074831761e-18,7.91032637652553e-05,0.9999999968859563,1.2455855189100703e-16,1.0000000000000409,0.7010684744242174,3.340612526653139e-15,False,True,False,True,True,False,False
up_proj,18,1234,momentum,10,1.3582357136374468,1.3585603138873632,1.3582357136374468,0.0003246002499164291,0.0,0.024386795024935005,0.0023681913028263148,2.0521907535179393e-06,2.240141254491736e-16,6.2683085775797134e-18,0.003223790114326973,0.9999948269931642,2.460853639175616e-16,0.9999999999999896,0.6983826533520789,8.0609329979973745e-16,False,True,False,True,True,False,False
up_proj,18,1234,momentum,50,1.3530988093399077,1.3550809099203138,1.3530988093399077,0.0019821005804061542,0.0,0.25909094979717934,0.019277587451306255,0.00028711091842945053,4.633907009510589e-16,1.781774380345477e-17,0.025351830838792912,0.9996796591387241,4.703508142609619e-16,0.9999999999999731,0.654605188410495,6.447868193849806e-16,False,True,False,True,True,False,False
up_proj,19,1234,momentum,1,1.3929398680211131,1.3929398680211131,1.3929398680211131,0.0,0.0,2.439041566420278e-15,5.79091902453862e-05,9.76687606440256e-19,9.357100706790524e-17,9.76687606440256e-19,7.998610614079502e-05,0.9999999968167204,1.2344832925828438e-16,0.9999999999999831,0.7164568936413852,2.4326892764827006e-15,False,True,False,True,True,False,False
up_proj,19,1234,momentum,10,1.392236331850095,1.392636436706529,1.3922363318500945,0.000400104856433936,4.440892098500626e-16,0.030662107388361472,0.0023628450527747214,2.5804279659561448e-06,2.179407707825397e-16,5.709237387118133e-18,0.0032575371188806592,0.9999947191900688,2.392043570893305e-16,0.9999999999999799,0.7126556592192509,9.139059510549195e-16,False,True,False,True,True,False,False
up_proj,19,1234,momentum,50,1.3872940785280186,1.3898866953356448,1.3872940785280186,0.0025926168076262357,0.0,0.3162253494036392,0.018956082165374307,0.00036646199510987466,4.772063805508934e-16,1.7352344008472045e-17,0.025285976580336468,0.9996813362234729,4.857582948083468e-16,1.0000000000000342,0.6432865803540053,9.869034964700935e-16,False,True,False,True,True,False,False
up_proj,20,1234,momentum,1,1.3976515189177905,1.3976515189177905,1.3976515189177905,0.0,0.0,2.5700508397676953e-15,5.362609212069002e-05,1.1158867637296835e-18,9.463637456194892e-17,1.1158867637296835e-18,7.17692701288429e-05,0.9999999974376133,1.2516687698056435e-16,0.9999999999999964,0.7327894227585674,2.559941683704596e-15,False,True,False,True,True,False,False
up_proj,20,1234,momentum,10,1.3970542139064637,1.3974066865089603,1.397054213906464,0.00035247260249660073,2.220446049250313e-16,0.031536143379760365,0.0021892877920587947,2.4970169090449684e-06,2.1245060641579736e-16,6.650066677156212e-18,0.002923077794915563,0.9999957488207346,2.376893418879459e-16,1.000000000000011,0.7290997125258809,8.908747844727693e-16,False,True,False,True,True,False,False
up_proj,20,1234,momentum,50,1.3927626670755386,1.3951351052445915,1.3927626670755389,0.0023724381690528595,2.220446049250313e-16,0.3200892831562082,0.017732471545624164,0.0003581818910302684,4.604072454730751e-16,1.8739343949739253e-17,0.02273334418434174,0.9997425367294525,4.749545420076165e-16,0.9999999999999889,0.6632909676000484,1.1436989068494542e-15,False,True,False,True,True,False,False
up_proj,21,1234,momentum,1,1.433141352254687,1.433141352254687,1.433141352254687,0.0,0.0,2.6681876036983875e-15,8.497154162670366e-05,5.291899452481396e-19,9.280946088921571e-17,5.291899452481396e-19,0.00010186629662624129,0.9999999948232867,1.2258644285952901e-16,0.999999999999995,1.129112133504259,2.6251962911616435e-15,False,True,False,True,True,False,False
up_proj,21,1234,momentum,10,1.4325200314614421,1.43220725556437,1.4325200314614421,0.0003127758970722372,0.0,0.21579092915565043,0.003060670140607381,4.128110169989775e-05,2.1821402292905956e-16,6.136474250039667e-18,0.0037923686288522385,0.9999928286614226,2.439123062434592e-16,0.9999999999999476,0.9047350561394766,9.100154464839304e-16,False,True,False,True,True,False,False
up_proj,21,1234,momentum,50,1.4281495061884844,1.4301819018025028,1.4281495061884844,0.0020323956140184674,0.0,0.4125611772519722,0.019999985444134984,0.0014894004085387461,4.849049747164243e-16,1.847305606982217e-17,0.026672834187623028,0.9996451657782359,5.000535572324392e-16,0.999999999999959,0.744664475907979,8.597500197108216e-16,False,True,False,True,True,False,False
up_proj,22,1234,momentum,1,1.4106004260306033,1.4106004260306033,1.4106004260306033,0.0,0.0,2.4716293090977254e-15,0.12828070760501303,2.9693308053685728e-19,9.200605462100635e-17,2.9693308053685728e-19,0.1179987624597568,0.9931100729814601,1.2219092994946737e-16,1.0000000000000662,1831.023756017734,2.450011060078044e-15,False,True,False,True,True,False,False
up_proj,22,1234,momentum,10,1.4100438854740194,nan,1.4100438854740194,nan,0.0,nan,nan,nan,2.1800623861166402e-16,6.148215261557237e-18,nan,nan,2.4196481427866003e-16,1.0000000000000027,nan,1.0086234871203165e-15,False,True,False,True,True,False,True
up_proj,22,1234,momentum,50,1.406053111276926,nan,1.406053111276926,nan,0.0,nan,nan,nan,4.688160828409566e-16,1.968059428897007e-17,nan,nan,4.775643193605238e-16,0.9999999999999666,nan,9.933071308997535e-16,False,True,False,True,True,False,True
up_proj,23,1234,momentum,1,1.406646360635016,1.4066463606350157,1.4066463606350157,2.220446049250313e-16,2.220446049250313e-16,2.9091610435159297e-15,0.04021326744210125,6.919881916096552e-19,9.53245570213291e-17,6.919881916096552e-19,0.045646426177794124,0.998959838481561,1.262983617402261e-16,0.9999999999999685,540.0934189658063,2.9122654254466463e-15,False,True,False,True,True,False,False
up_proj,23,1234,momentum,10,1.406011668025486,nan,1.406011668025486,nan,0.0,nan,nan,nan,2.2677488830335193e-16,5.022748403046901e-18,nan,nan,2.5047985481035346e-16,1.0000000000000582,nan,8.571829631731148e-16,False,True,False,True,True,False,True
up_proj,23,1234,momentum,50,1.401486498921045,nan,1.401486498921045,nan,0.0,nan,nan,nan,4.659269634746225e-16,1.938499165414288e-17,nan,nan,4.759258735708101e-16,1.0000000000000555,nan,9.10829908936972e-16,False,True,False,True,True,False,True
down_proj,0,1234,momentum,1,2.7735674755530018,2.7735674755530018,2.7735674755530018,0.0,0.0,1.7338439344193766e-15,6.37392356572375e-18,7.530826387886438e-18,6.37392356572375e-18,7.530826387886438e-18,1.6761724657960836e-17,1.0000000000000275,1.6761724657960836e-17,1.0000000000000275,1.733843934419376e-15,1.733843934419376e-15,True,True,True,True,False,False,False
down_proj,0,1234,momentum,10,2.75165180442338,2.7516518044233798,2.7516518044233798,4.440892098500626e-16,4.440892098500626e-16,2.299602282364466e-15,3.2273038674655094e-17,4.607474886244548e-17,3.2273038674655094e-17,4.607474886244548e-17,8.560607511876788e-17,1.0000000000000073,8.560607511876788e-17,1.0000000000000073,1.2257186791176634e-15,1.2257186791176634e-15,True,True,True,True,False,False,False
down_proj,0,1234,momentum,50,2.689662842441038,2.6896628424410376,2.6896628424410376,4.440892098500626e-16,4.440892098500626e-16,8.288876407179285e-15,1.0152228590538058e-16,1.759407988118772e-16,1.0152228590538058e-16,1.759407988118772e-16,2.334064171956193e-16,1.0000000000000546,2.334064171956193e-16,1.0000000000000546,2.860717850305904e-15,2.860717850305904e-15,True,True,True,True,False,False,False
down_proj,1,1234,momentum,1,2.4504445004628717,2.4504445004628717,2.4504445004628717,0.0,0.0,1.9827218880751846e-15,6.495186199222349e-18,8.302101032636691e-18,6.495186199222349e-18,8.302101032636691e-18,1.7245304308639096e-17,0.9999999999999947,1.7245304308639096e-17,0.9999999999999947,1.982721888075184e-15,1.982721888075184e-15,True,True,True,True,False,False,False
down_proj,1,1234,momentum,10,2.42980910443164,2.4298091044316403,2.4298091044316403,4.440892098500626e-16,4.440892098500626e-16,2.577040185898353e-15,3.365721950440162e-17,4.541847002898426e-17,3.365721950440162e-17,4.541847002898426e-17,8.546307872279019e-17,1.0000000000000129,8.546307872279019e-17,1.0000000000000129,1.4581233939391632e-15,1.4581233939391632e-15,True,True,True,True,False,False,False
down_proj,1,1234,momentum,50,2.3732660818418303,2.37326608184183,2.37326608184183,4.440892098500626e-16,4.440892098500626e-16,7.961642580895233e-15,1.0706131924615872e-16,1.7780142905504964e-16,1.0706131924615872e-16,1.7780142905504964e-16,2.3689461776671047e-16,0.9999999999999704,2.3689461776671047e-16,0.9999999999999704,3.3721654354454297e-15,3.3721654354454297e-15,True,True,True,True,False,False,False
down_proj,2,1234,momentum,1,2.4656863454337214,2.465686345433722,2.465686345433722,4.440892098500626e-16,4.440892098500626e-16,2.0902394575938136e-15,7.193636258340416e-18,9.179022377729633e-18,7.193636258340416e-18,9.179022377729633e-18,1.8771527436093796e-17,0.9999999999999777,1.8771527436093796e-17,0.9999999999999777,2.090239457593814e-15,2.090239457593814e-15,True,True,True,True,False,False,False
down_proj,2,1234,momentum,10,2.44495554085969,2.4449555408596906,2.4449555408596906,4.440892098500626e-16,4.440892098500626e-16,3.176604958747376e-15,3.7627898462650306e-17,4.581272974441732e-17,3.7627898462650306e-17,4.581272974441732e-17,8.86603348198338e-17,0.9999999999999958,8.86603348198338e-17,0.9999999999999958,1.6847246975668657e-15,1.6847246975668657e-15,True,True,True,True,False,False,False
down_proj,2,1234,momentum,50,2.392912121967763,2.392912121967763,2.392912121967763,0.0,0.0,7.573722289030585e-15,1.1386816506623675e-16,1.7885881821541968e-16,1.1386816506623675e-16,1.7885881821541968e-16,2.403492260494981e-16,0.9999999999999951,2.403492260494981e-16,0.9999999999999951,3.5451375213327244e-15,3.5451375213327244e-15,True,True,True,True,False,False,False
down_proj,3,1234,momentum,1,2.5776923936752443,2.5776923936752447,2.5776923936752447,4.440892098500626e-16,4.440892098500626e-16,3.4242002607940006e-15,8.394491283093573e-18,8.17824730829927e-18,8.394491283093573e-18,8.17824730829927e-18,1.9819943684660872e-17,0.9999999999999459,1.9819943684660872e-17,0.9999999999999459,3.4242002607939998e-15,3.4242002607939998e-15,True,True,True,True,False,False,False
down_proj,3,1234,momentum,10,2.5601014106633664,2.5601014106633664,2.5601014106633664,0.0,0.0,3.548041967038158e-15,3.189209544718882e-17,4.5970741140028735e-17,3.189209544718882e-17,4.5970741140028735e-17,8.484885253559173e-17,1.0000000000000326,8.484885253559173e-17,1.0000000000000326,1.274516374214398e-15,1.274516374214398e-15,True,True,True,True,False,False,False
down_proj,3,1234,momentum,50,2.5044590499660657,2.5044590499660653,2.5044590499660653,4.440892098500626e-16,4.440892098500626e-16,7.25285517531289e-15,9.474584646429003e-17,1.7497722659655618e-16,9.474584646429003e-17,1.7497722659655618e-16,2.2911228573469e-16,0.9999999999999575,2.2911228573469e-16,0.9999999999999575,2.306908173960523e-15,2.306908173960523e-15,True,True,True,True,False,False,False
down_proj,4,1234,momentum,1,2.595721437606749,2.5957214376067492,2.5957214376067492,4.440892098500626e-16,4.440892098500626e-16,2.785180774453006e-15,7.353804890138258e-18,8.215438474781766e-18,7.353804890138258e-18,8.215438474781766e-18,1.8564671657799503e-17,1.0000000000000289,1.8564671657799503e-17,1.0000000000000289,2.7851807744530037e-15,2.7851807744530037e-15,True,True,True,True,False,False,False
down_proj,4,1234,momentum,10,2.575602700760347,2.5756027007603475,2.5756027007603475,4.440892098500626e-16,4.440892098500626e-16,3.258970714379972e-15,3.273892335701848e-17,4.6172512377906695e-17,3.273892335701848e-17,4.6172512377906695e-17,8.611989193725212e-17,0.9999999999999543,8.611989193725212e-17,0.9999999999999543,1.2123086075558486e-15,1.2123086075558486e-15,True,True,True,True,False,False,False
down_proj,4,1234,momentum,50,2.517357424363946,2.5173574243639463,2.5173574243639463,4.440892098500626e-16,4.440892098500626e-16,7.108028107088328e-15,9.847626889018737e-17,1.819900427147635e-16,9.847626889018737e-17,1.819900427147635e-16,2.3740034799456733e-16,1.0000000000000209,2.3740034799456733e-16,1.0000000000000209,2.7606088286002984e-15,2.7606088286002984e-15,True,True,True,True,False,False,False
down_proj,5,1234,momentum,1,2.396715144299627,2.3967151442996273,2.3967151442996273,4.440892098500626e-16,4.440892098500626e-16,2.655040159239247e-15,5.794936352738071e-18,9.428774930904948e-18,5.794936352738071e-18,9.428774930904948e-18,1.8619222675121795e-17,0.9999999999999949,1.8619222675121795e-17,0.9999999999999949,2.6550401592392484e-15,2.6550401592392484e-15,True,True,True,True,False,False,False
down_proj,5,1234,momentum,10,2.3762318548978425,2.376231854897842,2.376231854897842,4.440892098500626e-16,4.440892098500626e-16,3.281518769949059e-15,3.3900076112031714e-17,4.5767200527821563e-17,3.3900076112031714e-17,4.5767200527821563e-17,8.583368065488085e-17,1.0000000000000293,8.583368065488085e-17,1.0000000000000293,1.2999687265470384e-15,1.2999687265470384e-15,True,True,True,True,False,False,False
down_proj,5,1234,momentum,50,2.319358669311069,2.3193586693110695,2.3193586693110695,4.440892098500626e-16,4.440892098500626e-16,7.817682277170212e-15,9.373820198115684e-17,1.6657959247360258e-16,9.373820198115684e-17,1.6657959247360258e-16,2.2152331666691066e-16,0.9999999999999969,2.2152331666691066e-16,0.9999999999999969,1.8816349633905692e-15,1.8816349633905692e-15,True,True,True,True,False,False,False
down_proj,6,1234,momentum,1,2.582252953877594,2.5822529538775942,2.5822529538775942,4.440892098500626e-16,4.440892098500626e-16,2.607033516758043e-15,8.252301986300154e-18,7.788941367529335e-18,8.252301986300154e-18,7.788941367529335e-18,1.983622344299589e-17,0.9999999999999793,1.983622344299589e-17,0.9999999999999793,2.6070335167580446e-15,2.6070335167580446e-15,True,True,True,True,False,False,False
down_proj,6,1234,momentum,10,2.5625241532657177,2.562524153265718,2.562524153265718,4.440892098500626e-16,4.440892098500626e-16,2.806659845077509e-15,3.5552901209768767e-17,4.359588170499751e-17,3.5552901209768767e-17,4.359588170499751e-17,8.648024464981196e-17,1.0000000000000124,8.648024464981196e-17,1.0000000000000124,1.2915805270765632e-15,1.2915805270765632e-15,True,True,True,True,False,False,False
down_proj,6,1234,momentum,50,2.5092793042956956,2.509279304295696,2.509279304295696,4.440892098500626e-16,4.440892098500626e-16,6.1516871919024076e-15,1.043913115099723e-16,1.6927689665190578e-16,1.043913115099723e-16,1.6927689665190578e-16,2.300487841801668e-16,0.9999999999999988,2.300487841801668e-16,0.9999999999999988,2.7045797313189122e-15,2.7045797313189122e-15,True,True,True,True,False,False,False
down_proj,7,1234,momentum,1,2.638892160907131,2.638892160907131,2.638892160907131,0.0,0.0,2.644006652165889e-15,6.6153026876650005e-18,7.47435203207587e-18,6.6153026876650005e-18,7.47435203207587e-18,1.8349463365296122e-17,0.999999999999991,1.8349463365296122e-17,0.999999999999991,2.644006652165889e-15,2.644006652165889e-15,True,True,True,True,False,False,False
down_proj,7,1234,momentum,10,2.6171442433172225,2.6171442433172225,2.6171442433172225,0.0,0.0,2.43781951629251e-15,3.554770917473252e-17,4.808091529665627e-17,3.554770917473252e-17,4.808091529665627e-17,8.954483210370163e-17,0.9999999999999731,8.954483210370163e-17,0.9999999999999731,1.4158475651202172e-15,1.4158475651202172e-15,True,True,True,True,False,False,False
down_proj,7,1234,momentum,50,2.558562485363102,2.5585624853631024,2.5585624853631024,4.440892098500626e-16,4.440892098500626e-16,9.033445599535779e-15,1.0246667772010156e-16,1.8717359021877717e-16,1.0246667772010156e-16,1.8717359021877717e-16,2.422299518613141e-16,0.9999999999999782,2.422299518613141e-16,0.9999999999999782,2.9277373648795194e-15,2.9277373648795194e-15,True,True,True,True,False,False,False
down_proj,8,1234,momentum,1,2.6654169100282776,2.665416910028277,2.665416910028277,4.440892098500626e-16,4.440892098500626e-16,1.8659381134142492e-15,7.363648119491107e-18,8.349063083472219e-18,7.363648119491107e-18,8.349063083472219e-18,1.837162520058973e-17,1.0000000000000009,1.837162520058973e-17,1.0000000000000009,1.8659381134142516e-15,1.8659381134142516e-15,True,True,True,True,False,False,False
down_proj,8,1234,momentum,10,2.641752759360632,2.641752759360632,2.641752759360632,0.0,0.0,2.5695240813532535e-15,3.420564962121165e-17,4.5005604505359504e-17,3.420564962121165e-17,4.5005604505359504e-17,8.538483385688354e-17,0.9999999999999641,8.538483385688354e-17,0.9999999999999641,1.1608170284793926e-15,1.1608170284793926e-15,True,True,True,True,False,False,False
down_proj,8,1234,momentum,50,2.577802528016391,2.5778025280163908,2.5778025280163908,4.440892098500626e-16,4.440892098500626e-16,6.315877800854642e-15,1.0168601280596585e-16,1.794696013000634e-16,1.0168601280596585e-16,1.794696013000634e-16,2.347285709615429e-16,1.0000000000000149,2.347285709615429e-16,1.0000000000000149,2.36220909501215e-15,2.36220909501215e-15,True,True,True,True,False,False,False
down_proj,9,1234,momentum,1,2.643839613128503,2.6438396131285025,2.6438396131285025,4.440892098500626e-16,4.440892098500626e-16,2.5242821864896783e-15,7.771173411709891e-18,7.958552542824224e-18,7.771173411709891e-18,7.958552542824224e-18,1.8765965898508374e-17,1.0000000000000522,1.8765965898508374e-17,1.0000000000000522,2.5242821864896736e-15,2.5242821864896736e-15,True,True,True,True,False,False,False
down_proj,9,1234,momentum,10,2.621477957874162,2.621477957874162,2.621477957874162,0.0,0.0,3.1772537289801455e-15,3.6566129268591837e-17,4.516012163904827e-17,3.6566129268591837e-17,4.516012163904827e-17,8.75623916881969e-17,0.9999999999999626,8.75623916881969e-17,0.9999999999999626,1.3855726109871354e-15,1.3855726109871354e-15,True,True,True,True,False,False,False
down_proj,9,1234,momentum,50,2.5552289250098914,2.5552289250098905,2.5552289250098905,8.881784197001252e-16,8.881784197001252e-16,7.200890799428889e-15,1.120097388699551e-16,1.7388736790209156e-16,1.120097388699551e-16,1.7388736790209156e-16,2.3555335350071255e-16,1.0000000000000406,2.3555335350071255e-16,1.0000000000000406,2.256477075012952e-15,2.256477075012952e-15,True,True,True,True,False,False,False
down_proj,10,1234,momentum,1,2.5107236082412863,2.5107236082412863,2.5107236082412863,0.0,0.0,2.6587157040504106e-15,7.880038981845213e-18,8.186998807858162e-18,7.880038981845213e-18,8.186998807858162e-18,1.9701792614531183e-17,0.9999999999999596,1.9701792614531183e-17,0.9999999999999596,2.6587157040504098e-15,2.6587157040504098e-15,True,True,True,True,False,False,False
down_proj,10,1234,momentum,10,2.4905211915832677,2.4905211915832672,2.4905211915832672,4.440892098500626e-16,4.440892098500626e-16,2.937381287360865e-15,3.582593812605151e-17,4.4997922817540996e-17,3.582593812605151e-17,4.4997922817540996e-17,8.716478247291149e-17,0.9999999999999888,8.716478247291149e-17,0.9999999999999888,1.44736469072683e-15,1.44736469072683e-15,True,True,True,True,False,False,False
down_proj,10,1234,momentum,50,2.4400763371131147,2.440076337113115,2.440076337113115,4.440892098500626e-16,4.440892098500626e-16,7.929898753903312e-15,1.0296852269473747e-16,1.6878521091192863e-16,1.0296852269473747e-16,1.6878521091192863e-16,2.281526835254819e-16,0.9999999999999977,2.281526835254819e-16,0.9999999999999977,2.651701335044909e-15,2.651701335044909e-15,True,True,True,True,False,False,False
down_proj,11,1234,momentum,1,2.733223967591022,2.7332239675910213,2.7332239675910213,8.881784197001252e-16,8.881784197001252e-16,2.3574092118989147e-15,7.525927017317868e-18,9.593843109729907e-18,7.525927017317868e-18,9.593843109729907e-18,1.9125875870322462e-17,0.9999999999999971,1.9125875870322462e-17,0.9999999999999971,2.357409211898917e-15,2.357409211898917e-15,True,True,True,True,False,False,False
down_proj,11,1234,momentum,10,2.710093218297728,2.7100932182977284,2.7100932182977284,4.440892098500626e-16,4.440892098500626e-16,2.7176508185131953e-15,3.837594537920962e-17,4.7114830765548706e-17,3.837594537920962e-17,4.7114830765548706e-17,9.111913303583618e-17,0.9999999999999984,9.111913303583618e-17,0.9999999999999984,1.4161200597808616e-15,1.4161200597808616e-15,True,True,True,True,False,False,False
down_proj,11,1234,momentum,50,2.6359131104691413,2.635913110469141,2.635913110469141,4.440892098500626e-16,4.440892098500626e-16,6.675907148960211e-15,1.0973357009536664e-16,1.863797732674768e-16,1.0973357009536664e-16,1.863797732674768e-16,2.44465206107355e-16,0.9999999999999711,2.44465206107355e-16,0.9999999999999711,2.2158795071280404e-15,2.2158795071280404e-15,True,True,True,True,False,False,False
down_proj,12,1234,momentum,1,2.8572025415923767,2.8572025415923767,2.8572025415923767,0.0,0.0,2.3823052305472702e-15,7.274591307475948e-18,7.146562702813073e-18,7.274591307475948e-18,7.146562702813073e-18,1.8165067408489487e-17,1.0000000000000406,1.8165067408489487e-17,1.0000000000000406,2.3823052305472686e-15,2.3823052305472686e-15,True,True,True,True,False,False,False
down_proj,12,1234,momentum,10,2.832334793536199,2.832334793536199,2.832334793536199,0.0,0.0,2.556893118241296e-15,3.463448388481289e-17,4.675140996863328e-17,3.463448388481289e-17,4.675140996863328e-17,8.823161938888547e-17,0.9999999999999825,8.823161938888547e-17,0.9999999999999825,1.045186251880338e-15,1.045186251880338e-15,True,True,True,True,False,False,False
down_proj,12,1234,momentum,50,2.7670153010975285,2.7670153010975285,2.7670153010975285,0.0,0.0,8.182024138472503e-15,9.856108014735487e-17,1.7314217550370513e-16,9.856108014735487e-17,1.7314217550370513e-16,2.2892131944074716e-16,0.9999999999999778,2.2892131944074716e-16,0.9999999999999778,2.47272688514612e-15,2.47272688514612e-15,True,True,True,True,False,False,False
down_proj,13,1234,momentum,1,2.7884737686925574,2.788473768692557,2.788473768692557,4.440892098500626e-16,4.440892098500626e-16,2.5543640292895314e-15,7.103596109875058e-18,9.915053236893232e-18,7.103596109875058e-18,9.915053236893232e-18,1.980429107683183e-17,1.0000000000000098,1.980429107683183e-17,1.0000000000000098,2.554364029289533e-15,2.554364029289533e-15,True,True,True,True,False,False,False
down_proj,13,1234,momentum,10,2.766379694617949,2.7663796946179486,2.7663796946179486,4.440892098500626e-16,4.440892098500626e-16,2.345553024672986e-15,3.464953747170763e-17,4.802278476759445e-17,3.464953747170763e-17,4.802278476759445e-17,8.846685279921779e-17,0.9999999999999766,8.846685279921779e-17,0.9999999999999766,1.2757681820816252e-15,1.2757681820816252e-15,True,True,True,True,False,False,False
down_proj,13,1234,momentum,50,2.703604174804943,2.7036041748049424,2.7036041748049424,4.440892098500626e-16,4.440892098500626e-16,6.9576409569869835e-15,1.0555721454935458e-16,1.7740150095989254e-16,1.0555721454935458e-16,1.7740150095989254e-16,2.361147662100214e-16,0.9999999999999756,2.361147662100214e-16,0.9999999999999756,2.8035337553670173e-15,2.8035337553670173e-15,True,True,True,True,False,False,False
down_proj,14,1234,momentum,1,2.7243402616347008,2.7243402616347017,2.7243402616347017,8.881784197001252e-16,8.881784197001252e-16,2.929487593965142e-15,7.845967145943457e-18,7.000571806464213e-18,7.845967145943457e-18,7.000571806464213e-18,1.833981996015038e-17,1.0000000000000053,1.833981996015038e-17,1.0000000000000053,2.9294875939651445e-15,2.9294875939651445e-15,True,True,True,True,False,False,False
down_proj,14,1234,momentum,10,2.704789433669043,2.704789433669043,2.704789433669043,0.0,0.0,3.6695756400073024e-15,3.497187955282563e-17,4.2539108321776204e-17,3.497187955282563e-17,4.2539108321776204e-17,8.488767890457983e-17,1.0000000000000218,8.488767890457983e-17,1.0000000000000218,1.6486415286367888e-15,1.6486415286367888e-15,True,True,True,True,False,False,False
down_proj,14,1234,momentum,50,2.653335858590212,2.653335858590212,2.653335858590212,0.0,0.0,9.436857342667301e-15,1.2019135210947398e-16,1.8863136749822568e-16,1.2019135210947398e-16,1.8863136749822568e-16,2.5217903847454556e-16,1.0000000000000167,2.5217903847454556e-16,1.0000000000000167,4.112669787957168e-15,4.112669787957168e-15,True,True,True,True,False,False,False
down_proj,15,1234,momentum,1,2.8152140557052365,2.8152140557052365,2.8152140557052365,0.0,0.0,3.057729983395578e-15,6.681475962958238e-18,9.15114133962167e-18,6.681475962958238e-18,9.15114133962167e-18,1.9023221641757337e-17,1.000000000000013,1.9023221641757337e-17,1.000000000000013,3.0577299833955777e-15,3.0577299833955777e-15,True,True,True,True,False,False,False
down_proj,15,1234,momentum,10,2.796599310223578,2.796599310223578,2.796599310223578,0.0,0.0,3.1032310599526056e-15,3.762087764094087e-17,4.421602411141101e-17,3.762087764094087e-17,4.421602411141101e-17,8.929942765405319e-17,1.000000000000041,8.929942765405319e-17,1.000000000000041,1.6172482272310879e-15,1.6172482272310879e-15,True,True,True,True,False,False,False
down_proj,15,1234,momentum,50,2.7400617459607908,2.7400617459607908,2.7400617459607908,0.0,0.0,8.38316896099506e-15,1.0557719372226988e-16,1.8821506835842565e-16,1.0557719372226988e-16,1.8821506835842565e-16,2.462325685906995e-16,0.9999999999999791,2.462325685906995e-16,0.9999999999999791,2.4385671140073963e-15,2.4385671140073963e-15,True,True,True,True,False,False,False
down_proj,16,1234,momentum,1,2.6543551827281355,2.6543551827281355,2.6543551827281355,0.0,0.0,2.306318932528668e-15,6.795658140974504e-18,7.558740709832473e-18,6.795658140974504e-18,7.558740709832473e-18,1.7243188671655012e-17,1.0000000000000082,1.7243188671655012e-17,1.0000000000000082,2.3063189325286686e-15,2.3063189325286686e-15,True,True,True,True,False,False,False
down_proj,16,1234,momentum,10,2.6349360619696567,2.6349360619696567,2.6349360619696567,0.0,0.0,3.624506621994434e-15,3.5412998804541474e-17,4.685694151619424e-17,3.5412998804541474e-17,4.685694151619424e-17,8.814616200164535e-17,1.0000000000000144,8.814616200164535e-17,1.0000000000000144,1.4739196072780737e-15,1.4739196072780737e-15,True,True,True,True,False,False,False
down_proj,16,1234,momentum,50,2.578389879232963,2.5783898792329625,2.5783898792329625,4.440892098500626e-16,4.440892098500626e-16,8.069144321947663e-15,9.849220537048422e-17,1.7480223104130115e-16,9.849220537048422e-17,1.7480223104130115e-16,2.296569104783273e-16,1.0000000000000397,2.296569104783273e-16,1.0000000000000397,2.109577493977847e-15,2.109577493977847e-15,True,True,True,True,False,False,False
down_proj,17,1234,momentum,1,2.6364843855885614,2.6364843855885614,2.6364843855885614,0.0,0.0,2.1513403475208617e-15,5.72113201246624e-18,8.638597074229281e-18,5.72113201246624e-18,8.638597074229281e-18,1.785617888374349e-17,1.0000000000000422,1.785617888374349e-17,1.0000000000000422,2.1513403475208605e-15,2.1513403475208605e-15,True,True,True,True,False,False,False
down_proj,17,1234,momentum,10,2.6155755401105965,2.6155755401105965,2.6155755401105965,0.0,0.0,3.904476046062553e-15,3.689115205984154e-17,4.372614745821643e-17,3.689115205984154e-17,4.372614745821643e-17,8.672952264855886e-17,1.0000000000000093,8.672952264855886e-17,1.0000000000000093,1.6512229735378535e-15,1.6512229735378535e-15,True,True,True,True,False,False,False
down_proj,17,1234,momentum,50,2.560096814495246,2.560096814495246,2.560096814495246,0.0,0.0,1.2859536593262519e-14,1.119455881792779e-16,1.7455087890100473e-16,1.119455881792779e-16,1.7455087890100473e-16,2.3777752262352156e-16,0.9999999999999907,2.3777752262352156e-16,0.9999999999999907,3.176767103112059e-15,3.176767103112059e-15,True,True,True,True,False,False,False
down_proj,18,1234,momentum,1,2.7840472861777514,2.7840472861777505,2.7840472861777505,8.881784197001252e-16,8.881784197001252e-16,2.5741387589568153e-15,6.915233539524805e-18,8.52526134776691e-18,6.915233539524805e-18,8.52526134776691e-18,1.8425303623906657e-17,0.9999999999999994,1.8425303623906657e-17,0.9999999999999994,2.5741387589568173e-15,2.5741387589568173e-15,True,True,True,True,False,False,False
down_proj,18,1234,momentum,10,2.7639857309529923,2.763985730952992,2.763985730952992,4.440892098500626e-16,4.440892098500626e-16,2.882390835796555e-15,3.509484433609919e-17,4.4483772451909464e-17,3.509484433609919e-17,4.4483772451909464e-17,8.72250800824334e-17,1.0000000000000193,8.72250800824334e-17,1.0000000000000193,1.202514915811773e-15,1.202514915811773e-15,True,True,True,True,False,False,False
down_proj,18,1234,momentum,50,2.7009110823172593,2.7009110823172593,2.7009110823172593,0.0,0.0,7.078547441710448e-15,1.0076760998044489e-16,1.851320534001713e-16,1.0076760998044489e-16,1.851320534001713e-16,2.389472478985538e-16,0.9999999999999989,2.389472478985538e-16,0.9999999999999989,2.5570197967793096e-15,2.5570197967793096e-15,True,True,True,True,False,False,False
down_proj,19,1234,momentum,1,2.81884291554064,2.8188429155406403,2.8188429155406403,4.440892098500626e-16,4.440892098500626e-16,1.9394901441558998e-15,6.430215970857043e-18,7.47361419435549e-18,6.430215970857043e-18,7.47361419435549e-18,1.7676892153339004e-17,0.9999999999999749,1.7676892153339004e-17,0.9999999999999749,1.9394901441559e-15,1.9394901441559e-15,True,True,True,True,False,False,False
down_proj,19,1234,momentum,10,2.794724485605685,2.7947244856056854,2.7947244856056854,4.440892098500626e-16,4.440892098500626e-16,3.190103093832523e-15,3.725024429991191e-17,4.5932113126531034e-17,3.725024429991191e-17,4.5932113126531034e-17,8.998812671004776e-17,0.9999999999999869,8.998812671004776e-17,0.9999999999999869,1.416078543897098e-15,1.416078543897098e-15,True,True,True,True,False,False,False
down_proj,19,1234,momentum,50,2.7368015155072647,2.736801515507265,2.736801515507265,4.440892098500626e-16,4.440892098500626e-16,8.025815781590347e-15,1.1008861569025573e-16,1.9046912188638255e-16,1.1008861569025573e-16,1.9046912188638255e-16,2.4888416400985093e-16,1.0000000000000333,2.4888416400985093e-16,1.0000000000000333,3.555481049960526e-15,3.555481049960526e-15,True,True,True,True,False,False,False
down_proj,20,1234,momentum,1,3.0021592768846364,3.002159276884637,3.002159276884637,4.440892098500626e-16,4.440892098500626e-16,2.411567282088769e-15,6.185809601758426e-18,9.385535914325143e-18,6.185809601758426e-18,9.385535914325143e-18,1.9118539985647758e-17,1.000000000000024,1.9118539985647758e-17,1.000000000000024,2.4115672820887723e-15,2.4115672820887723e-15,True,True,True,True,False,False,False
down_proj,20,1234,momentum,10,2.9784039344631155,2.978403934463115,2.978403934463115,4.440892098500626e-16,4.440892098500626e-16,2.6320455260142995e-15,3.7258916824547777e-17,4.9157993325768186e-17,3.7258916824547777e-17,4.9157993325768186e-17,9.172949581861665e-17,0.9999999999999702,9.172949581861665e-17,0.9999999999999702,1.3897113812472224e-15,1.3897113812472224e-15,True,True,True,True,False,False,False
down_proj,20,1234,momentum,50,2.912104428591679,2.9121044285916793,2.9121044285916793,4.440892098500626e-16,4.440892098500626e-16,6.8833243300218554e-15,1.0917352322632009e-16,1.928920135337819e-16,1.0917352322632009e-16,1.928920135337819e-16,2.496301209823445e-16,1.0000000000000353,2.496301209823445e-16,1.0000000000000353,2.6187856481676916e-15,2.6187856481676916e-15,True,True,True,True,False,False,False
down_proj,21,1234,momentum,1,2.984683550690133,2.9846835506901335,2.9846835506901335,4.440892098500626e-16,4.440892098500626e-16,2.158891304256692e-15,8.012793884149033e-18,7.946674496240516e-18,8.012793884149033e-18,7.946674496240516e-18,1.799765010844355e-17,0.9999999999999792,1.799765010844355e-17,0.9999999999999792,2.1588913042566923e-15,2.1588913042566923e-15,True,True,True,True,False,False,False
down_proj,21,1234,momentum,10,2.960699699461812,2.9606996994618124,2.9606996994618124,4.440892098500626e-16,4.440892098500626e-16,3.097160703608547e-15,3.912896374114222e-17,4.561395810060567e-17,3.912896374114222e-17,4.561395810060567e-17,9.076830336994472e-17,1.0000000000000169,9.076830336994472e-17,1.0000000000000169,1.5111141806570313e-15,1.5111141806570313e-15,True,True,True,True,False,False,False
down_proj,21,1234,momentum,50,2.888955783707137,2.888955783707137,2.888955783707137,0.0,0.0,8.775106928107036e-15,1.1865003120373206e-16,1.9451075470564887e-16,1.1865003120373206e-16,1.9451075470564887e-16,2.5721561929552696e-16,0.9999999999999909,2.5721561929552696e-16,0.9999999999999909,2.8155729474679777e-15,2.8155729474679777e-15,True,True,True,True,False,False,False
down_proj,22,1234,momentum,1,3.056517440465346,3.056517440465346,3.056517440465346,0.0,0.0,2.948825283199744e-15,7.164926435711711e-18,1.0817553008831493e-17,7.164926435711711e-18,1.0817553008831493e-17,2.1041943987825136e-17,0.9999999999999913,2.1041943987825136e-17,0.9999999999999913,2.9488252831997487e-15,2.9488252831997487e-15,True,True,True,True,False,False,False
down_proj,22,1234,momentum,10,3.0355415676346746,3.035541567634674,3.035541567634674,4.440892098500626e-16,4.440892098500626e-16,3.0540506724534263e-15,3.9944454039796966e-17,4.8978511147193144e-17,3.9944454039796966e-17,4.8978511147193144e-17,9.495881728565151e-17,0.9999999999999653,9.495881728565151e-17,0.9999999999999653,1.7431644834628466e-15,1.7431644834628466e-15,True,True,True,True,False,False,False
down_proj,22,1234,momentum,50,2.971253930228063,2.9712539302280625,2.9712539302280625,4.440892098500626e-16,4.440892098500626e-16,5.6637493862637945e-15,1.1779183327054329e-16,2.0755339521774365e-16,1.1779183327054329e-16,2.0755339521774365e-16,2.6749634781919686e-16,1.0000000000000004,2.6749634781919686e-16,1.0000000000000004,3.1275751814836674e-15,3.1275751814836674e-15,True,True,True,True,False,False,False
down_proj,23,1234,momentum,1,2.6628054827924763,2.6628054827924763,2.6628054827924763,0.0,0.0,2.7092651402198532e-15,7.719545220388942e-18,8.333260191009314e-18,7.719545220388942e-18,8.333260191009314e-18,1.8944374790270454e-17,1.0000000000000524,1.8944374790270454e-17,1.0000000000000524,2.709265140219855e-15,2.709265140219855e-15,True,True,True,True,False,False,False
down_proj,23,1234,momentum,10,2.6447386971882247,2.644738697188225,2.644738697188225,4.440892098500626e-16,4.440892098500626e-16,3.343028703651317e-15,3.678543269177559e-17,4.421062818190312e-17,3.678543269177559e-17,4.421062818190312e-17,8.809956073166025e-17,0.9999999999999538,8.809956073166025e-17,0.9999999999999538,1.8040115801634544e-15,1.8040115801634544e-15,True,True,True,True,False,False,False
down_proj,23,1234,momentum,50,2.590837138945859,2.5908371389458593,2.5908371389458593,4.440892098500626e-16,4.440892098500626e-16,7.865502797655826e-15,1.0577630105937114e-16,1.8246021946791354e-16,1.0577630105937114e-16,1.8246021946791354e-16,2.411851785259887e-16,0.9999999999999822,2.411851785259887e-16,0.9999999999999822,2.616320349077524e-15,2.616320349077524e-15,True,True,True,True,False,False,False
q_proj,0,2025,momentum,1,5.167550527371707,5.167550527371707,5.167550527371707,0.0,0.0,1.5631793620163555e-15,0.04667514126380714,1.0285088626181135e-16,1.034287255415416e-16,1.0285088626181135e-16,0.061143192447788125,0.9981357157624178,1.855731401951693e-16,1.0000000000000022,248.99970974058638,1.5928185086020195e-15,False,True,False,False,True,False,False
q_proj,0,2025,momentum,10,5.162558109608016,5.0853734170055525,5.162558109608016,0.0771846926024633,0.0,2.747775674311691,0.11823937755166142,0.017455924960403282,2.0962678386557266e-16,2.2200986589411162e-16,0.14109018313990035,0.9901876264248105,3.3598064723924545e-16,0.999999999999994,22.588570613235266,1.0824936256139512e-15,False,True,False,False,True,False,False
q_proj,0,2025,momentum,50,5.116743181286687,3.2689846203641184,5.116743181286687,1.8477585609225682,0.0,11.739393709344439,0.6711761259357698,0.37615548558498063,4.744666022003755e-16,4.766288950585273e-16,0.7939606143374374,0.7674493358409644,6.950857667939109e-16,1.0000000000000098,9.119003480845379,1.11273381617107e-15,False,True,False,False,True,False,False
q_proj,1,2025,momentum,1,1.8080477037565457,1.8080477037565457,1.8080477037565457,0.0,0.0,1.7051150190857517e-15,0.00025062691147621747,1.0480061899927786e-16,8.987519697999416e-17,1.0480061899927786e-16,0.00026993312257636055,0.999999963569337,1.7137657194342337e-16,0.9999999999999925,2.731211361499124,1.7276001944617033e-15,False,True,False,False,True,False,False
q_proj,1,2025,momentum,10,1.8067337672965127,1.8034167798864853,1.8067337672965127,0.0033169874100273944,0.0,0.1614307002626484,0.009867100936171717,0.00013184047691194742,2.2627823274375213e-16,2.239061294710378e-16,0.010433117012859934,0.9999455755201136,3.3928248317274695e-16,0.9999999999999891,2.5197700358377997,8.197882719151282e-16,False,True,False,False,True,False,False
q_proj,1,2025,momentum,50,1.7960365010137243,1.7834131070949497,1.7960365010137238,0.01262339391877454,4.440892098500626e-16,1.0175693554320517,0.05868282627714103,0.014456589453837487,4.757371190767348e-16,4.757645128059132e-16,0.05706339302152215,0.9983772633648822,6.827247452529122e-16,1.000000000000008,1.2743802313640247,1.1122223911058253e-15,False,True,False,False,True,False,False
q_proj,2,2025,momentum,1,1.6490906882081415,1.6490906882081415,1.6490906882081415,0.0,0.0,1.9773469880086195e-15,6.610501987570234e-05,1.0411359702886261e-16,9.48561729711014e-17,1.0411359702886261e-16,6.730441712540254e-05,0.9999999977353914,1.740017730294425e-16,1.0000000000000187,0.8215776769246727,1.9633052485037975e-15,False,True,False,False,True,False,False
q_proj,2,2025,momentum,10,1.6480450406279015,1.6476483354969278,1.6480450406279017,0.00039670513097367355,2.220446049250313e-16,0.016446263959494067,0.002702442068811941,1.5167059526490007e-05,2.1838447293465875e-16,2.2257019546690764e-16,0.002746668943081027,0.9999962281858855,3.3349058613776695e-16,0.9999999999999994,0.8155693522822978,1.1654027678704722e-15,False,True,False,False,True,False,False
q_proj,2,2025,momentum,50,1.6391930300705,1.636744453887471,1.6391930300705,0.002448576183029072,0.0,0.16538297934776763,0.022653238462134684,0.002143237161767492,4.843077194948586e-16,4.724910159618593e-16,0.022619321688132108,0.9997442027465182,6.906475722565693e-16,0.9999999999999869,0.7385743649694303,1.282959907945176e-15,False,True,False,False,True,False,False
q_proj,3,2025,momentum,1,1.5064984495132774,1.5064984495132774,1.5064984495132774,0.0,0.0,1.9242184848661573e-15,8.264206944859753e-05,1.0501996643691694e-16,9.319584797515232e-17,1.0501996643691694e-16,8.895391489081405e-05,0.9999999960436398,1.7365166821151143e-16,0.9999999999999984,1.0670484148625017,1.915307198661764e-15,False,True,False,False,True,False,False
q_proj,3,2025,momentum,10,1.5055343392484004,1.5049092983705439,1.5055343392484006,0.0006250408778565308,2.220446049250313e-16,0.054329321889645114,0.0033417047178906003,3.432911957110568e-05,2.2277474804156287e-16,2.296368079971135e-16,0.0035693391532715555,0.9999936302100596,3.431467903519013e-16,1.0000000000000158,1.0359350360553743,9.642164436482586e-16,False,True,False,False,True,False,False
q_proj,3,2025,momentum,50,1.4973492683544942,1.494251226969156,1.4973492683544942,0.0030980413853383126,0.0,0.353649925551334,0.025498095274565712,0.004164174118222893,4.576507417124126e-16,4.728640207981133e-16,0.025950130808528447,0.9996634786001897,6.731347639885756e-16,1.000000000000015,0.8169165302981558,1.2082599263187365e-15,False,True,False,False,True,False,False
q_proj,4,2025,momentum,1,1.5297929202991494,1.5297929202991494,1.5297929202991494,0.0,0.0,2.1193453829040436e-15,0.00012384562102642715,1.0457496970015877e-16,9.237269637722382e-17,1.0457496970015877e-16,0.00012293985078595736,0.9999999924475816,1.72382466293901e-16,1.0000000000000047,1.4789010738582296,2.128573100108437e-15,False,True,False,False,True,False,False
q_proj,4,2025,momentum,10,1.528688497986796,1.5270382645815668,1.528688497986796,0.0016502334052292955,0.0,0.06666950440493122,0.0050170138957160255,6.070147663106563e-05,2.1255362966841027e-16,2.198778485977894e-16,0.004959040860378471,0.9999877155736828,3.2881782522266914e-16,1.0000000000000298,1.4406774622344982,9.657532069511938e-16,False,True,False,False,True,False,False
q_proj,4,2025,momentum,50,1.5195055032046467,1.511409730627531,1.5195055032046465,0.0080957725771158,2.220446049250313e-16,0.6624942029828059,0.038068059973673185,0.007793617865799444,4.595088185093545e-16,4.780164830695393e-16,0.03714271107213591,0.9993133363834454,6.781431754521928e-16,0.9999999999999736,1.07862779289667,9.769496824007675e-16,False,True,False,False,True,False,False
q_proj,5,2025,momentum,1,1.443537986449039,1.4435379864490392,1.4435379864490392,2.220446049250313e-16,2.220446049250313e-16,1.8228532404375206e-15,9.315728788644591e-05,1.0450722742016093e-16,9.70388847333002e-17,1.0450722742016093e-16,9.672462700855317e-05,0.9999999953225183,1.7563111822261437e-16,1.0000000000000087,1.1146663296144934,1.838356459537618e-15,False,True,False,False,True,False,False
q_proj,5,2025,momentum,10,1.4424785358792422,1.441588802163403,1.4424785358792422,0.0008897337158393359,0.0,0.043230312367483606,0.0037842172030792915,4.572553949002769e-05,2.1606738696970337e-16,2.24988652799688e-16,0.003926699418400101,0.9999922916300891,3.34467815263897e-16,0.999999999999994,1.0940126743395677,8.997210802929866e-16,False,True,False,False,True,False,False
q_proj,5,2025,momentum,50,1.4339125437563265,1.4299094619507298,1.4339125437563265,0.00400308180559672,0.0,0.3983822130140681,0.02977681051916288,0.005551126949840017,4.574447125077639e-16,4.861819717997276e-16,0.031004805109721707,0.9995198577782882,6.837792568796641e-16,0.9999999999999692,0.9232374270772263,1.260102174754956e-15,False,True,False,False,True,False,False
q_proj,6,2025,momentum,1,1.461956003041385,1.4619560030413852,1.4619560030413852,2.220446049250313e-16,2.220446049250313e-16,1.5394952558700695e-15,9.021011785932169e-05,1.0661143453325063e-16,9.088272817031849e-17,1.0661143453325063e-16,9.33786737932861e-05,0.9999999956403826,1.7362389018419243e-16,1.0000000000000113,1.130369206557498,1.5608621229874948e-15,False,True,False,False,True,False,False
q_proj,6,2025,momentum,10,1.4609566516297026,1.4601899397232931,1.4609566516297026,0.000766711906409423,0.0,0.047137200864036624,0.0036585248912073347,3.6918219614163526e-05,2.156435771157975e-16,2.225566919360898e-16,0.0037709232211408246,0.9999928907725044,3.3184459949236263e-16,0.9999999999999902,1.1040312661635687,1.1167925355978533e-15,False,True,False,False,True,False,False
q_proj,6,2025,momentum,50,1.4525410201775943,1.4486914038734326,1.4525410201775943,0.003849616304161696,0.0,0.36618576822867765,0.028456308168212114,0.004593879442215803,4.703930075750209e-16,4.638523824408929e-16,0.028724240882366175,0.9995879070895866,6.738169741339368e-16,1.000000000000013,0.8858383233663147,1.0672348476521384e-15,False,True,False,False,True,False,False
q_proj,7,2025,momentum,1,1.4673903074944863,1.4673903074944863,1.4673903074944863,0.0,0.0,1.7043017676755693e-15,5.849850158409883e-05,1.0586517881910436e-16,9.15763227864537e-17,1.0586517881910436e-16,5.660759780262944e-05,0.9999999983979553,1.737275019631364e-16,0.9999999999999694,0.8723749306062166,1.7430672805860754e-15,False,True,False,False,True,False,False
q_proj,7,2025,momentum,10,1.466559980244209,1.4662883440452912,1.466559980244209,0.0002716361989179017,0.0,0.0264742637915167,0.0023852477143442566,2.254593553369926e-05,2.222062517639334e-16,2.2555748754005764e-16,0.0023069484031307485,0.9999973393919235,3.410140248881328e-16,1.000000000000006,0.8613281342396835,1.042748603958618e-15,False,True,False,False,True,False,False
q_proj,7,2025,momentum,50,1.4594275038486937,1.4579010195170117,1.4594275038486937,0.0015264843316820098,0.0,0.23522712858083064,0.019511866837834298,0.0029736665393255823,4.708449536640354e-16,4.773257818723578e-16,0.01903420628576035,0.9998189188410409,6.865325852951694e-16,0.9999999999999968,0.7529543856417512,1.307916805406363e-15,False,True,False,False,True,False,False
q_proj,8,2025,momentum,1,1.6361150750911566,1.6361150750911566,1.6361150750911566,0.0,0.0,2.009194082395893e-15,0.00012191764313604251,1.0762164978583086e-16,9.089698683788127e-17,1.0762164978583086e-16,0.00012242028939856984,0.9999999925072398,1.745036347090042e-16,1.0000000000000064,1.6160753248400868,1.9779164697371364e-15,False,True,False,False,True,False,False
q_proj,8,2025,momentum,10,1.6351241784352908,1.6334432879491352,1.6351241784352908,0.0016808904861556062,0.0,0.09644777854566064,0.0049031285406215515,7.666670083425417e-05,2.270313911044271e-16,2.24335859354993e-16,0.004886253023188729,0.9999880647722197,3.392571609793108e-16,0.9999999999999951,1.5533203944997358,1.1316512636158575e-15,False,True,False,False,True,False,False
q_proj,8,2025,momentum,50,1.626752842890151,1.6194804887790237,1.626752842890151,0.007272354111127255,0.0,0.7804498784617602,0.035264991801961604,0.00909490394704307,4.699161852829772e-16,4.753784735165861e-16,0.03486880990137052,0.9993933198572011,6.810610042249979e-16,0.9999999999999878,1.0955033683712825,1.1572636938944346e-15,False,True,False,False,True,False,False
q_proj,9,2025,momentum,1,1.4929682849355057,1.4929682849355055,1.4929682849355055,2.220446049250313e-16,2.220446049250313e-16,1.6306664637632591e-15,0.00011331985753161224,1.0727538298512219e-16,9.072535811725883e-17,1.0727538298512219e-16,0.0001299966511253459,0.9999999915522626,1.7448208122557677e-16,0.9999999999999888,1.2465034389007237,1.6082112177323696e-15,False,True,False,False,True,False,False
q_proj,9,2025,momentum,10,1.4917402960450403,1.4896855517956376,1.4917402960450403,0.0020547442494027734,0.0,0.1059933484643493,0.004581777752329277,7.685653711880497e-05,2.2004634481976472e-16,2.285851834342387e-16,0.005226510234166909,0.9999863468480471,3.4176625121406434e-16,0.9999999999999913,1.2143009512953098,8.527158255627171e-16,False,True,False,False,True,False,False
q_proj,9,2025,momentum,50,1.4820288913793807,1.4739305134842633,1.4820288913793804,0.008098377895117359,2.220446049250313e-16,0.8891383975205459,0.03516904623406127,0.008926068406760405,4.678634853390892e-16,4.812060962730171e-16,0.039411863524386796,0.999224612178458,6.894704499676835e-16,0.9999999999999912,1.0195874387154045,8.4995307961418615e-16,False,True,False,False,True,False,False
q_proj,10,2025,momentum,1,1.4182455881753857,1.4182455881753857,1.4182455881753857,0.0,0.0,1.8777934222235542e-15,0.00012446486041984957,1.031409715979258e-16,9.140341205485542e-17,1.031409715979258e-16,0.00013176176173747164,0.9999999913200622,1.6980661383809428e-16,0.9999999999999721,1.596953246101139,1.863592201373413e-15,False,True,False,False,True,False,False
q_proj,10,2025,momentum,10,1.417263887195167,1.4142816045813211,1.417263887195167,0.0029822826138459213,0.0,0.18685238621801223,0.004972587083248919,0.00011502801976456799,2.2515819653529127e-16,2.203991630516055e-16,0.005207089592026161,0.9999864459099925,3.349135809699454e-16,0.9999999999999878,1.5160719331119397,1.015116888860228e-15,False,True,False,False,True,False,False
q_proj,10,2025,momentum,50,1.4089672756128133,1.3985716915555133,1.4089672756128135,0.010395584057300011,2.220446049250313e-16,1.9567063285861859,0.03449275075020015,0.012925461888815623,4.738824651781704e-16,4.733371009801879e-16,0.03664542652455037,0.9993293734352604,6.737103419842819e-16,1.0000000000000133,1.0500906716897853,1.0554633683077478e-15,False,True,False,False,True,False,False
q_proj,11,2025,momentum,1,1.3928993774945568,1.392899377494557,1.392899377494557,2.220446049250313e-16,2.220446049250313e-16,2.196245953942667e-15,8.425517685725822e-05,1.0403606670361325e-16,9.148104988162885e-17,1.0403606670361325e-16,8.618532009977019e-05,0.9999999962860648,1.7140934286560679e-16,0.9999999999999941,1.1183315442904607,2.225991607007561e-15,False,True,False,False,True,False,False
q_proj,11,2025,momentum,10,1.3919770291433071,1.3908821412649246,1.391977029143307,0.0010948878783825222,2.220446049250313e-16,0.056957646641850476,0.0034391351153883415,4.4103964507449326e-05,2.26531200944921e-16,2.2390528497153586e-16,0.0035096570137874592,0.9999938412769332,3.364084914184577e-16,1.0,1.1072956061530015,9.54433695311833e-16,False,True,False,False,True,False,False
q_proj,11,2025,momentum,50,1.3843577211432163,1.3791552758648147,1.3843577211432163,0.005202445278401635,0.0,0.5780200187082108,0.028552271957526968,0.005696917279021158,4.6631763903879565e-16,4.787525021136959e-16,0.028951757077659256,0.9995810539025368,6.763518868543963e-16,0.9999999999999952,1.0088872664633561,9.710090621237827e-16,False,True,False,False,True,False,False
q_proj,12,2025,momentum,1,1.446691654372396,1.446691654372396,1.446691654372396,0.0,0.0,2.179842342858396e-15,0.00011713387731995326,1.0592832115053935e-16,9.258672487169815e-17,1.0592832115053935e-16,0.00012070015006074549,0.999999992721462,1.7356815157769436e-16,0.9999999999999982,1.5123449360025474,2.1564015543149853e-15,False,True,False,False,True,False,False
q_proj,12,2025,momentum,10,1.445721758639899,1.4429007601367063,1.4457217586398987,0.0028209985031926177,2.220446049250313e-16,0.16758664654580294,0.004696845073226257,0.00011292244293533335,2.3259671617250464e-16,2.2247433953752374e-16,0.004794181122460844,0.9999885213795755,3.4476884313577795e-16,1.0000000000000049,1.445170024625791,8.795867097248933e-16,False,True,False,False,True,False,False
q_proj,12,2025,momentum,50,1.437507890580163,1.4271084948401989,1.437507890580163,0.010399395739964179,0.0,1.6130146488261043,0.03379698245013895,0.012820245295376977,4.856996630342393e-16,4.77079294419388e-16,0.035575202942658,0.9993696540849721,6.925022806326036e-16,0.9999999999999851,1.0489805347883525,9.44386918519966e-16,False,True,False,False,True,False,False
q_proj,13,2025,momentum,1,1.446425563880924,1.446425563880924,1.446425563880924,0.0,0.0,1.877823896216196e-15,8.109243362726082e-05,1.06878044171306e-16,9.542079523080344e-17,1.06878044171306e-16,8.623911751309568e-05,0.9999999962857078,1.7569311898984592e-16,0.9999999999999973,1.0982851871946724,1.8944425037199797e-15,False,True,False,False,True,False,False
q_proj,13,2025,momentum,10,1.4455086410758182,1.4446125666099705,1.445508641075818,0.0008960744658477182,2.220446049250313e-16,0.049737159589463786,0.0033094364819990204,3.553709131168862e-05,2.1874709917045084e-16,2.2256282341625356e-16,0.0035118421093539272,0.9999938417119187,3.3494608932419905e-16,0.9999999999999974,1.0899893425725606,1.008402070363391e-15,False,True,False,False,True,False,False
q_proj,13,2025,momentum,50,1.4382535087470942,1.4342427416814214,1.438253508747094,0.004010767065672827,2.220446049250313e-16,0.5772029437013866,0.027120224771278092,0.0047120080707273825,4.688228910293531e-16,4.773169419022703e-16,0.028472997164044368,0.999595748672149,6.803177031412729e-16,1.000000000000011,1.0056711970064312,1.2072961158649197e-15,False,True,False,False,True,False,False
q_proj,14,2025,momentum,1,1.3900369024546424,1.3900369024546424,1.3900369024546424,0.0,0.0,2.0214395324502415e-15,8.110811780065348e-05,1.0802176538851437e-16,9.036980236412737e-17,1.0802176538851437e-16,8.740294675673979e-05,0.9999999961832586,1.7405277326932628e-16,1.0000000000000073,1.24951106882448,2.023811114250397e-15,False,True,False,False,True,False,False
q_proj,14,2025,momentum,10,1.3892507152826599,1.38816594971735,1.38925071528266,0.0010847655653098975,2.220446049250313e-16,0.08868351307613555,0.00328819998569544,4.987255390778946e-05,2.2443339321352174e-16,2.2885157249071927e-16,0.0035292064936905754,0.9999937783193288,3.424556902781003e-16,1.000000000000011,1.2240107060478285,1.0983646771952562e-15,False,True,False,False,True,False,False
q_proj,14,2025,momentum,50,1.3828141626426675,1.3788631980384884,1.3828141626426675,0.003950964604179097,0.0,0.9517269941933234,0.025316837748818852,0.0061472923726339146,4.765133508095471e-16,4.80458717966785e-16,0.026980113269365842,0.9996368991359985,6.91250676475727e-16,0.9999999999999839,1.025217987901921,1.3576588576454209e-15,False,True,False,False,True,False,False
q_proj,15,2025,momentum,1,1.398025874669705,1.398025874669705,1.398025874669705,0.0,0.0,1.4608932977378999e-15,8.47171741120748e-05,1.069968831805914e-16,9.346862401013531e-17,1.069968831805914e-16,7.933574042197652e-05,0.9999999968562483,1.7495895473016259e-16,0.9999999999999968,1.1191973879726098,1.461705115483139e-15,False,True,False,False,True,False,False
q_proj,15,2025,momentum,10,1.3971193572607625,1.3961933656532932,1.3971193572607625,0.000925991607469312,0.0,0.04521525870292512,0.003459936361601824,4.189103996696293e-05,2.2333470426086017e-16,2.2088680267381163e-16,0.0032363106112724845,0.9999947695685727,3.335272536347802e-16,1.0000000000000018,1.10693784511898,9.939883625203709e-16,False,True,False,False,True,False,False
q_proj,15,2025,momentum,50,1.3894538969049688,1.3846407494369675,1.3894538969049688,0.004813147468001322,0.0,0.42910103063643457,0.028947558711448697,0.005424817556554686,4.7711015771752e-16,4.685999776060668e-16,0.027332520628943435,0.9996273978992707,6.808016962040691e-16,1.000000000000014,0.992162641323208,1.1089703005175453e-15,False,True,False,False,True,False,False
q_proj,16,2025,momentum,1,1.6084727393978004,1.6084727393978004,1.6084727393978004,0.0,0.0,1.9998478978325943e-15,6.783343314917487e-05,1.033689909258958e-16,9.086416300497235e-17,1.033689909258958e-16,7.696137814456062e-05,0.9999999970714489,1.683958276095371e-16,1.0000000000000147,0.795522703453872,1.9933477844206104e-15,False,True,False,False,True,False,False
q_proj,16,2025,momentum,10,1.6073555713594234,1.6075589180217538,1.607355571359423,0.00020334666233035037,4.440892098500626e-16,0.012054587616507033,0.0027798471194374276,9.653103490360716e-06,2.291463971000243e-16,2.251173593507268e-16,0.003148535874412472,0.9999950976171772,3.383851367753006e-16,1.0000000000000004,0.7948051178438409,8.999598586840277e-16,False,True,False,False,True,False,False
q_proj,16,2025,momentum,50,1.5982250370158284,1.599653497321397,1.5982250370158284,0.0014284603055685352,0.0,0.12048193935609211,0.023975469496426323,0.0014026337259807052,4.773168742072992e-16,4.798217673704526e-16,0.02649761484187053,0.9996520491083043,6.78574006272883e-16,1.000000000000007,0.7841718074507824,1.0392202574359318e-15,False,True,False,False,True,False,False
q_proj,17,2025,momentum,1,1.4217183672769362,1.4217183672769365,1.4217183672769365,2.220446049250313e-16,2.220446049250313e-16,1.6208624705696266e-15,5.084014101505823e-05,1.0837944308902376e-16,9.292211201543323e-17,1.0837944308902376e-16,5.382630619630771e-05,0.9999999985518357,1.7521573906091229e-16,0.9999999999999944,0.7150270637517958,1.6044010161445595e-15,False,True,False,False,True,False,False
q_proj,17,2025,momentum,10,1.4208607047546742,1.4209701837196447,1.4208607047546742,0.00010947896497048859,0.0,0.01433539859975728,0.0020820587250489097,9.96979198651599e-06,2.1955767192322404e-16,2.273041417226763e-16,0.002200310653586309,0.9999975800490656,3.3691847762529733e-16,0.9999999999999873,0.713487950674261,1.0009359785239689e-15,False,True,False,False,True,False,False
q_proj,17,2025,momentum,50,1.4137672637472907,1.4145431345871073,1.413767263747291,0.0007758708398166725,2.220446049250313e-16,0.13851411778347117,0.01780151919779461,0.0014263882994987234,4.87573676378782e-16,4.774271624553133e-16,0.018397964285592257,0.9998307584132249,6.929024380483994e-16,1.0000000000000082,0.6930562142056542,1.446881948351469e-15,False,True,False,False,True,False,False
q_proj,18,2025,momentum,1,1.3989720086229778,1.3989720086229778,1.3989720086229778,0.0,0.0,2.067057278386588e-15,6.31222269564174e-05,1.0646189724614744e-16,9.402687003727863e-17,1.0646189724614744e-16,6.70270122489835e-05,0.9999999977556688,1.7540280637975713e-16,1.0000000000000098,0.8117184321714364,2.079348314516998e-15,False,True,False,False,True,False,False
q_proj,18,2025,momentum,10,1.3980143398641427,1.3979673648719924,1.3980143398641427,4.697499215033929e-05,0.0,0.0537563720836979,0.002556290295162853,3.389173419680405e-05,2.248884340873602e-16,2.2516484665808446e-16,0.0026946709513799277,0.9999963727553165,3.394482479449583e-16,1.000000000000007,0.7916959970778417,8.6437454288456215e-16,False,True,False,False,True,False,False
q_proj,18,2025,momentum,50,1.3901469703411882,1.390999149596312,1.3901469703411884,0.0008521792551239304,2.220446049250313e-16,0.24523124278183414,0.020119954574338707,0.003877651018437728,4.779911667636601e-16,4.77187502700609e-16,0.020506923262704275,0.9997898580042514,6.885019190086567e-16,1.0000000000000049,0.6795676549414604,1.149504024595429e-15,False,True,False,False,True,False,False
q_proj,19,2025,momentum,1,1.437822789700166,1.4378227897001663,1.4378227897001663,2.220446049250313e-16,2.220446049250313e-16,1.4646130736046975e-15,7.645466314640294e-05,1.0434479788628611e-16,9.631440489791922e-17,1.0434479788628611e-16,8.27818081958647e-05,0.9999999965740719,1.7612802567312054e-16,1.0000000000000202,0.8473864271932474,1.4666632414624896e-15,False,True,False,False,True,False,False
q_proj,19,2025,momentum,10,1.4366615673574903,1.4364094219806067,1.4366615673574903,0.0002521453768835613,0.0,0.01957743024034227,0.0031281479113078868,2.188686452317736e-05,2.220047283169015e-16,2.1923119079810724e-16,0.0033818752813204577,0.9999942823577033,3.339360051365899e-16,1.000000000000007,0.8439673642887385,7.417836668782687e-16,False,True,False,False,True,False,False
q_proj,19,2025,momentum,50,1.4273187185327554,1.4259928001131907,1.4273187185327554,0.0013259184195646423,0.0,0.17248794999777256,0.026539039303398283,0.002946162097085193,4.764961218717064e-16,4.809916291468451e-16,0.028240624989400616,0.9996012763299739,6.889327706395567e-16,0.9999999999999962,0.8076923459904026,9.072163089751958e-16,False,True,False,False,True,False,False
q_proj,20,2025,momentum,1,1.433847731111862,1.433847731111862,1.433847731111862,0.0,0.0,1.991242270061663e-15,6.116561563411388e-05,1.0515357738272992e-16,9.446229489252767e-17,1.0515357738272992e-16,6.0281954035073246e-05,0.9999999981868917,1.7633373723952586e-16,1.000000000000001,0.762705944544391,2.0679520459044705e-15,False,True,False,False,True,False,False
q_proj,20,2025,momentum,10,1.432831380197996,1.4329692220053079,1.432831380197996,0.00013784180731191142,0.0,0.011918708594799356,0.0025088514361441563,1.0948778946593409e-05,2.1756665166221092e-16,2.2388903355506123e-16,0.0024697104002734224,0.9999969565224296,3.36201434393805e-16,0.9999999999999888,0.7615186741550913,1.0484794756397006e-15,False,True,False,False,True,False,False
q_proj,20,2025,momentum,50,1.4244521520362536,1.4255371751477104,1.4244521520362536,0.001085023111456751,0.0,0.11726667050628035,0.021905111691736142,0.0015915322056672435,4.735670017076142e-16,4.756336664561434e-16,0.021326374718083137,0.9997728757296352,6.864662794992113e-16,0.999999999999996,0.7445286843331326,1.227697596539649e-15,False,True,False,False,True,False,False
q_proj,21,2025,momentum,1,1.3985859692150429,1.3985859692150429,1.3985859692150429,0.0,0.0,1.951930792678828e-15,6.595626968793975e-05,1.0661128353184978e-16,8.805763202463086e-17,1.0661128353184978e-16,6.372701944845297e-05,0.999999997969756,1.7330972517548729e-16,1.0000000000000129,0.9462516558592465,1.9981565040074098e-15,False,True,False,False,True,False,False
q_proj,21,2025,momentum,10,1.3977648019313005,1.3975704007164604,1.3977648019313005,0.00019440121484004536,0.0,0.02898771054129269,0.0026994709407606034,2.659043152081194e-05,2.1905669457852735e-16,2.212693959032617e-16,0.002606964497547072,0.9999966024251867,3.382223789774229e-16,0.9999999999999972,0.9417409090149087,1.0116183304844836e-15,False,True,False,False,True,False,False
q_proj,21,2025,momentum,50,1.3908822712676987,1.390193626309467,1.3908822712676987,0.0006886449582317322,0.0,0.2292739200210115,0.023077006241126716,0.0033194662319679753,4.720050741588473e-16,4.883374982729123e-16,0.022385036562800047,0.9997494704862314,6.999834610306994e-16,0.999999999999975,0.9050833879102864,1.0509885319121472e-15,False,True,False,False,True,False,False
q_proj,22,2025,momentum,1,1.4397283523728925,1.4397283523728925,1.4397283523728925,0.0,0.0,2.055087305050222e-15,7.25989414375434e-05,1.0381535865129708e-16,9.191638449246302e-17,1.0381535865129708e-16,7.283229678214677e-05,0.9999999973587481,1.7506109972227674e-16,0.9999999999999947,0.8999128325632976,2.0776545057352556e-15,False,True,False,False,True,False,False
q_proj,22,2025,momentum,10,1.4387567877884078,1.438698053878738,1.4387567877884078,5.873390966981695e-05,0.0,0.01080441712916118,0.0029781407071318732,1.0364167058701178e-05,2.0994538436187272e-16,2.269756667732861e-16,0.0029850137754932724,0.999995563356564,3.3847549256286236e-16,1.0000000000000187,0.899247362476621,9.679820796656792e-16,False,True,False,False,True,False,False
q_proj,22,2025,momentum,50,1.4308123059840825,1.4305585907109586,1.4308123059840823,0.0002537152731239001,2.220446049250313e-16,0.09955450315598059,0.02600212863931596,0.0014311833860615841,4.600026548637818e-16,4.880264386191654e-16,0.025836255188304326,0.9996675246682094,7.027536864148568e-16,1.0000000000000273,0.8905388147940051,1.0011141444457689e-15,False,True,False,False,True,False,False
q_proj,23,2025,momentum,1,1.5026165106293012,1.502616510629301,1.502616510629301,2.220446049250313e-16,2.220446049250313e-16,1.9095372647578615e-15,7.912387101959837e-05,1.0739629002691007e-16,9.366863732550543e-17,1.0739629002691007e-16,9.063361771919772e-05,0.999999995895453,1.7838976384463628e-16,1.0000000000000169,0.9158238313498095,1.8410420962500357e-15,False,True,False,False,True,False,False
q_proj,23,2025,momentum,10,1.5016149139853927,1.501695976317825,1.5016149139853923,8.106233243232452e-05,4.440892098500626e-16,0.004901626992271022,0.0032433471333755967,3.0618767748796574e-06,2.1853058917376005e-16,2.308958879778096e-16,0.0037083963307917396,0.9999931282402346,3.4930407585255914e-16,1.0000000000000082,0.9157908576730791,8.444213111245541e-16,False,True,False,False,True,False,False
q_proj,23,2025,momentum,50,1.4935446849271656,1.494052050313568,1.4935446849271656,0.0005073653864022809,0.0,0.04880434691067702,0.028057246023752043,0.00043460995926249395,4.676475423190542e-16,4.800512079048267e-16,0.031243757909791708,0.9995120130007349,6.95615830838049e-16,1.0000000000000084,0.9154434375436994,1.0315127582432168e-15,False,True,False,False,True,False,False
k_proj,0,2025,momentum,1,5.389507325914831,5.389507325914832,5.389507325914832,8.881784197001252e-16,8.881784197001252e-16,1.3665714402068348e-15,0.11293421304617976,1.0195293743298019e-16,9.687936529305865e-17,1.0195293743298019e-16,0.1489547832924801,0.9890561587187569,1.7768582834648295e-16,1.0000000000000047,241.4609400829282,1.3316520409540059e-15,False,True,False,False,True,False,False
k_proj,0,2025,momentum,10,5.358765528786162,3.494857785097183,5.358765528786164,1.8639077436889795,1.7763568394002505e-15,2.3099368302467087,0.721954086662918,0.3143599606103331,2.1929430135893104e-16,2.376880500871443e-16,0.7404072128825628,0.7940824938929687,3.5651514874894476e-16,1.000000000000004,25.465596223414654,1.2969291395157231e-15,False,True,False,False,True,False,False
k_proj,0,2025,momentum,50,4.738209930505076,0.0534977871583223,4.738209930505076,4.684712143346753,0.0,12.421087532935154,0.6078354804105205,1.1895872272915655,5.154691657508426e-16,8.296438717301384e-16,1.4840163396764923,0.46076649152051663,1.0471996861016328e-15,0.9999999999999982,2.4216992309634278,1.4013179050611589e-15,False,True,False,False,True,False,False
k_proj,1,2025,momentum,1,2.189963573532585,2.189963573532585,2.189963573532585,0.0,0.0,1.1375271053187914e-15,0.0005991420108684804,1.0699355274889319e-16,9.333455173831735e-17,1.0699355274889319e-16,0.0006623450370329311,0.9999997806919396,1.730175652928039e-16,1.0000000000000002,2.5147060204431457,1.1430659355785993e-15,False,True,False,False,True,False,False
k_proj,1,2025,momentum,10,2.1799924803324178,2.160655699979783,2.1799924803324178,0.019336780352634975,0.0,0.15792855620938073,0.023691021618115676,0.002505960463035105,2.2816203065029534e-16,2.122189019205288e-16,0.02567736874045044,0.9996705869046445,3.31804536172643e-16,1.0000000000000002,2.3622584795575574,1.2202911834525552e-15,False,True,False,False,True,False,False
k_proj,1,2025,momentum,50,2.0678699427892613,1.5167314597190966,2.0678699427892613,0.5511384830701647,0.0,0.4387089112306546,0.22200086723586282,0.3112637941606428,5.097663396059655e-16,5.594781521782885e-16,0.3966565793461938,0.9336206959568096,7.669189078298264e-16,0.9999999999999972,2.927629909617336,1.1909242722990287e-15,False,True,False,False,True,False,False
k_proj,2,2025,momentum,1,2.180879972733605,2.180879972733605,2.180879972733605,0.0,0.0,1.015725709806184e-15,0.00022147298224547477,1.0364997440494427e-16,9.612853751872935e-17,1.0364997440494427e-16,0.0002442858002663322,0.999999970162373,1.755764089804213e-16,1.000000000000005,0.8519913889843215,9.919319044860532e-16,False,True,False,False,True,False,False
k_proj,2,2025,momentum,10,2.168979792231035,2.164532221586178,2.168979792231035,0.004447570644857013,0.0,0.026109668347033137,0.009037427273260117,0.0004279087517897616,2.222729490796909e-16,2.1162098642751902e-16,0.009902679573131129,0.999950980747968,3.3004035577557025e-16,0.999999999999995,0.8431997648078132,8.336657922530115e-16,False,True,False,False,True,False,False
k_proj,2,2025,momentum,50,2.0161090384904417,1.9312989013264314,2.0161090384904425,0.0848101371640102,8.881784197001252e-16,0.08247996844745965,0.08681176642713936,0.056880889125159616,4.756213911142331e-16,5.281565349902964e-16,0.10799969352465448,0.9944072388725937,7.293545439106143e-16,1.0000000000000064,0.8388478424546245,8.186681918838931e-16,False,True,False,False,True,False,False
k_proj,3,2025,momentum,1,1.9300903020568683,1.9300903020568683,1.9300903020568683,0.0,0.0,9.945969208916587e-16,0.0002577280035422598,9.529603468161082e-17,9.576055604814145e-17,9.529603468161082e-17,0.0003136157025308264,0.9999999508239433,1.686572135735723e-16,1.000000000000003,1.0653407415139553,1.0052859854050749e-15,False,True,False,False,True,False,False
k_proj,3,2025,momentum,10,1.9192485549308993,1.913192127346217,1.9192485549308993,0.006056427584682389,0.0,0.07941050579656242,0.010309670075271381,0.0009594678663152511,2.1674512598239357e-16,2.398826454685306e-16,0.012333252298822385,0.9999239607528754,3.4545111837621125e-16,0.9999999999999929,1.0191058138339955,9.790632896004068e-16,False,True,False,False,True,False,False
k_proj,3,2025,momentum,50,1.7914548732159057,1.6802678994430433,1.7914548732159055,0.11118697377286235,2.220446049250313e-16,0.15230784411142448,0.09075102712980468,0.10781818047901301,4.779935702284647e-16,5.304965570072723e-16,0.14803763495568614,0.9894400927515161,7.28849423367903e-16,1.000000000000003,0.9967804621680881,9.851118871789642e-16,False,True,False,False,True,False,False
k_proj,4,2025,momentum,1,1.5961991649464033,1.5961991649464036,1.5961991649464036,2.220446049250313e-16,2.220446049250313e-16,1.054734891998764e-15,0.00030311671432476907,1.0640170892907504e-16,9.373684828679899e-17,1.0640170892907504e-16,0.0003795077841361238,0.999999928023018,1.7559193750687993e-16,1.000000000000004,1.4216805163509223,1.0746483397256207e-15,False,True,False,False,True,False,False
k_proj,4,2025,momentum,10,1.5878683069483952,1.5783645673467201,1.587868306948395,0.009503739601675054,2.220446049250313e-16,0.106070580312221,0.012161016045725996,0.001037931556565063,2.1379582554443906e-16,2.0614093450504713e-16,0.015045551239811527,0.999887082841481,3.209825379988984e-16,0.9999999999999984,1.3734218958228817,9.240188733165955e-16,False,True,False,False,True,False,False
k_proj,4,2025,momentum,50,1.4981937939272651,1.3402273866174363,1.4981937939272651,0.1579664073098288,0.0,0.2004784040702518,0.10411612847233997,0.12559390471523946,4.766390004839654e-16,4.906834733607193e-16,0.16935429269142205,0.986519938407912,7.061449882791597e-16,0.999999999999997,1.4053155496308123,8.277716537051799e-16,False,True,False,False,True,False,False
k_proj,5,2025,momentum,1,1.6094487226481153,1.609448722648115,1.609448722648115,4.440892098500626e-16,4.440892098500626e-16,1.0168512214169748e-15,0.00028017082276733305,1.0394488691037996e-16,9.42188617510873e-17,1.0394488691037996e-16,0.00031032680583380803,0.9999999518514866,1.7372239222579412e-16,1.0000000000000058,1.401859778996327,1.0156365877687843e-15,False,True,False,False,True,False,False
k_proj,5,2025,momentum,10,1.6016047623230965,1.5925922269139885,1.6016047623230962,0.009012535409107958,2.220446049250313e-16,0.13681927984392675,0.01110737977911435,0.0016091869861279769,2.1602545282001256e-16,2.314117419533733e-16,0.012137154209696204,0.9999264093151891,3.396967487650442e-16,1.000000000000003,1.313939981926572,9.833611127256585e-16,False,True,False,False,True,False,False
k_proj,5,2025,momentum,50,1.508292390017897,1.331775758991175,1.508292390017897,0.1765166310267221,0.0,0.23737815766065481,0.09609706554822209,0.16971935992835815,4.761503988095886e-16,5.094355174397904e-16,0.19272807619738605,0.9821967334824414,7.096684891386966e-16,0.9999999999999998,1.2296519868366742,8.814156991059544e-16,False,True,False,False,True,False,False
k_proj,6,2025,momentum,1,1.7126930242950482,1.7126930242950482,1.7126930242950482,0.0,0.0,1.003811405515773e-15,0.00031914805164255894,1.01861985994214e-16,9.451135347774258e-17,1.01861985994214e-16,0.0003438012824230641,0.9999999409016567,1.7299170801052907e-16,0.9999999999999983,1.3994188799700427,1.002148008622021e-15,False,True,False,False,True,False,False
k_proj,6,2025,momentum,10,1.7034691189218563,1.6934848462362833,1.7034691189218556,0.009984272685573004,6.661338147750939e-16,0.07875520849236213,0.012829988322251127,0.0013278758809019435,2.0928989813142708e-16,2.198906486485072e-16,0.013827160707040171,0.9999044396026273,3.2544669283801846e-16,0.9999999999999952,1.3442790233798891,8.736364753368346e-16,False,True,False,False,True,False,False
k_proj,6,2025,momentum,50,1.5899694255130477,1.4185561965811295,1.5899694255130477,0.17141322893191813,0.0,0.24476582469692618,0.10946051219451182,0.14779812553046184,4.917585508350241e-16,5.232364107823919e-16,0.1885616365720566,0.9831446587730743,7.295450134585014e-16,0.9999999999999942,1.1566903443723993,8.175569533801961e-16,False,True,False,False,True,False,False
k_proj,7,2025,momentum,1,1.6801618169305932,1.6801618169305927,1.6801618169305927,4.440892098500626e-16,4.440892098500626e-16,1.0415067993282187e-15,0.0001453609909932459,1.0543987531318232e-16,9.449673874501844e-17,1.0543987531318232e-16,0.0001500524338972999,0.9999999887421421,1.7493455573281708e-16,1.0000000000000007,0.7675479717195852,1.0359796688070386e-15,False,True,False,False,True,False,False
k_proj,7,2025,momentum,10,1.6729398517178282,1.6715911810577888,1.672939851717828,0.0013486706600394083,2.220446049250313e-16,0.015694959285262596,0.005952512059860525,0.0004510277992560444,2.1773101101280425e-16,2.2362081088323236e-16,0.006121982528128203,0.9999812611306924,3.3777418312415454e-16,0.9999999999999971,0.7708644324892148,9.737858143961985e-16,False,True,False,False,True,False,False
k_proj,7,2025,momentum,50,1.5948901097602406,1.5452529632245309,1.5948901097602406,0.04963714653570972,0.0,0.12478420334358674,0.06103058657636627,0.07111492978169935,4.758911803649316e-16,5.133867172289328e-16,0.09175881412460818,0.9958373316390626,7.151356275553273e-16,0.9999999999999951,0.99257980245273,9.372828970493454e-16,False,True,False,False,True,False,False
k_proj,8,2025,momentum,1,2.060670601127829,2.0606706011278284,2.0606706011278284,4.440892098500626e-16,4.440892098500626e-16,1.1027766805460777e-15,0.00037060741601235365,1.0771496765414967e-16,9.366117594749913e-17,1.0771496765414967e-16,0.0003681304065930616,0.9999999322432134,1.7617761486809035e-16,1.0000000000000009,1.7200557419477636,1.1026567413526251e-15,False,True,False,False,True,False,False
k_proj,8,2025,momentum,10,2.0510525706608838,2.0351894552809067,2.051052570660883,0.01586311537997709,8.881784197001252e-16,0.09964827658343926,0.01487677561746933,0.0021881203272787887,2.1251467598097358e-16,2.1679152608195413e-16,0.014877852072593383,0.999889494101635,3.2559757244370555e-16,1.0000000000000047,1.658107046063463,9.69281296256274e-16,False,True,False,False,True,False,False
k_proj,8,2025,momentum,50,1.9373776937335567,1.5661646147279644,1.9373776937335565,0.3712130790055923,2.220446049250313e-16,0.37870502612627027,0.13494613966551233,0.25449780328221283,4.706252053770664e-16,5.375795450806054e-16,0.2942185483745879,0.9608471639543784,7.338458890428457e-16,1.0000000000000089,1.5782392133838468,9.209403736323279e-16,False,True,False,False,True,False,False
k_proj,9,2025,momentum,1,1.5358632710803992,1.5358632710803992,1.5358632710803992,0.0,0.0,9.458906126733687e-16,0.0002736423353493582,1.013113572179002e-16,9.503714894983825e-17,1.013113572179002e-16,0.000315364543237029,0.9999999502736809,1.7260038626976544e-16,0.9999999999999964,1.2527142544442122,9.502934998376525e-16,False,True,False,False,True,False,False
k_proj,9,2025,momentum,10,1.527380718950895,1.5151317327531857,1.527380718950895,0.01224898619770931,0.0,0.10667927238550642,0.011063479621790608,0.0013255968418734029,2.1953916891210553e-16,2.330875494725148e-16,0.012693505940503022,0.9999194683022083,3.511377420138795e-16,0.999999999999992,1.2243046227877463,9.378378073076752e-16,False,True,False,False,True,False,False
k_proj,9,2025,momentum,50,1.437979380930446,1.2487708470411099,1.437979380930446,0.18920853388933612,0.0,0.29968504520023237,0.09581187708687071,0.15706673811587227,4.637610510574327e-16,5.26204452946464e-16,0.18750782943792224,0.9832344787065678,7.12307910905634e-16,0.999999999999996,1.1996625485554677,7.536914231647292e-16,False,True,False,False,True,False,False
k_proj,10,2025,momentum,1,1.4670077140229514,1.4670077140229514,1.4670077140229514,0.0,0.0,1.1430804536747063e-15,0.00029319696637811313,1.0435043396931137e-16,9.670029076602137e-17,1.0435043396931137e-16,0.00030750349382212337,0.9999999527432224,1.7510711059169042e-16,1.0000000000000009,1.5361679620826407,1.135008752319299e-15,False,True,False,False,True,False,False
k_proj,10,2025,momentum,10,1.4599444178889875,1.4437531148020735,1.4599444178889882,0.016191303086914077,6.661338147750939e-16,0.16268170753355868,0.011746051863913653,0.0019465038147123649,2.24913091556415e-16,2.227537433960854e-16,0.012333831344815345,0.9999241691088468,3.3733089853402846e-16,0.9999999999999947,1.4718688067206744,1.0402348351292776e-15,False,True,False,False,True,False,False
k_proj,10,2025,momentum,50,1.3816187886655849,1.098329614396291,1.381618788665585,0.2832891742692938,2.220446049250313e-16,0.3994690538813095,0.10018057110317063,0.22330335849480978,4.694925819187269e-16,4.717073543724379e-16,0.2406545429406551,0.9730299581822324,6.702087068291014e-16,1.0000000000000056,1.3969849762982143,1.0221465543487875e-15,False,True,False,False,True,False,False
k_proj,11,2025,momentum,1,1.4724524533632712,1.4724524533632717,1.4724524533632717,4.440892098500626e-16,4.440892098500626e-16,1.4198811478140407e-15,0.00018933171435748361,1.0844687041670707e-16,9.830390653872368e-17,1.0844687041670707e-16,0.00020770672802665152,0.9999999784335278,1.7862981585031996e-16,1.0000000000000053,1.1154263892571847,1.361635922861479e-15,False,True,False,False,True,False,False
k_proj,11,2025,momentum,10,1.466328650174173,1.4610995496316133,1.466328650174173,0.005229100542559761,0.0,0.07171455190528853,0.007698994678432528,0.0007585389425602527,2.2105680056448741e-16,2.2232340737444545e-16,0.008421642060019323,0.9999645669938608,3.287953360484378e-16,0.9999999999999981,1.10576858989557,1.1153225206731913e-15,False,True,False,False,True,False,False
k_proj,11,2025,momentum,50,1.4008418056797016,1.3077907370276425,1.4008418056797016,0.09305106865205914,0.0,0.16292911122983253,0.06933958922109267,0.10019837731980796,4.741873736243286e-16,4.988614298980483e-16,0.1205009085198833,0.9929216066590856,6.87813583099584e-16,0.9999999999999941,1.1220540915024977,1.1734428045896338e-15,False,True,False,False,True,False,False
k_proj,12,2025,momentum,1,1.6188995814580627,1.6188995814580627,1.6188995814580627,0.0,0.0,9.867830127510245e-16,0.0003529379955773556,1.0153386887161035e-16,9.506680004116505e-17,1.0153386887161035e-16,0.0004210619856592171,0.9999999113664615,1.718951603890581e-16,1.0000000000000004,1.5764562363713328,1.0045728144955571e-15,False,True,False,False,True,False,False
k_proj,12,2025,momentum,10,1.6099654831105807,1.5843659796330105,1.6099654831105805,0.02559950347757023,2.220446049250313e-16,0.24160883554499105,0.01395991071685507,0.002805694136986553,2.179294411616584e-16,2.317289929107476e-16,0.01666682429980665,0.9998615161021198,3.384728068078152e-16,0.9999999999999973,1.4821755791836915,8.637035138834685e-16,False,True,False,False,True,False,False
k_proj,12,2025,momentum,50,1.5159463172250394,1.1567780628962605,1.5159463172250394,0.35916825432877886,0.0,0.6974213357039698,0.10790046303732403,0.26749457940272425,4.851034601972761e-16,5.140377244882946e-16,0.2888468302603506,0.9614784145787924,7.175791435356407e-16,0.9999999999999989,1.2881527637035068,9.496556329919648e-16,False,True,False,False,True,False,False
k_proj,13,2025,momentum,1,1.6040970147573397,1.6040970147573397,1.6040970147573397,0.0,0.0,1.0455651288820587e-15,0.0002234971497460112,1.090073269606934e-16,9.367929432030467e-17,1.090073269606934e-16,0.0002394728818154985,0.9999999713335855,1.7722330631598885e-16,1.0000000000000044,1.0840454323237996,1.0405358875575714e-15,False,True,False,False,True,False,False
k_proj,13,2025,momentum,10,1.5959775899046769,1.5893796879348072,1.5959775899046769,0.006597901969869646,0.0,0.04930413560064836,0.009130168780551833,0.0007083645195591885,2.1828586638689544e-16,2.2350479298486947e-16,0.009731209795353609,0.9999527007148328,3.3255713716197157e-16,0.9999999999999956,1.0772198888993612,9.089075628946691e-16,False,True,False,False,True,False,False
k_proj,13,2025,momentum,50,1.5010348724624212,1.3807580503804875,1.5010348724624212,0.12027682208193369,0.0,0.13218365269164703,0.08615216086195053,0.09433166405350263,4.647791584055077e-16,4.885732308553023e-16,0.1285363676001924,0.9920678389013967,6.885889871792792e-16,0.9999999999999961,1.0817354085886692,7.998816579987089e-16,False,True,False,False,True,False,False
k_proj,14,2025,momentum,1,1.3910368226841976,1.3910368226841976,1.3910368226841976,0.0,0.0,1.4466927613930492e-15,0.00020568683198650653,1.0550803494428482e-16,9.320705935150623e-17,1.0550803494428482e-16,0.00022367453949209692,0.999999974993214,1.7352222162952217e-16,0.9999999999999976,1.2368188256278865,1.4460761515476555e-15,False,True,False,False,True,False,False
k_proj,14,2025,momentum,10,1.384960403399181,1.3780534504179949,1.3849604033991805,0.006906952981186043,4.440892098500626e-16,0.08866747853861527,0.008345690156107442,0.0009158127854701648,2.249434242356771e-16,2.198295987240514e-16,0.009044379910886994,0.9999591541766644,3.380171745216024e-16,0.9999999999999927,1.2171121210330693,1.235136065342452e-15,False,True,False,False,True,False,False
k_proj,14,2025,momentum,50,1.3179395896885804,1.1899841342940176,1.3179395896885804,0.12795545539456277,0.0,0.2300495221052682,0.07569770133091402,0.11831163646210856,4.631797982441784e-16,4.470614273340599e-16,0.13966231713156363,0.9905993805703753,6.55913524024005e-16,1.0000000000000042,1.2286270070826804,1.0784584074439278e-15,False,True,False,False,True,False,False
k_proj,15,2025,momentum,1,1.5489484594148581,1.5489484594148577,1.5489484594148577,4.440892098500626e-16,4.440892098500626e-16,1.0861699258110688e-15,0.00023377560827950874,9.949535887599689e-17,9.438293447460692e-17,9.949535887599689e-17,0.0002467760593326908,0.9999999695763254,1.7030662573088147e-16,1.0000000000000018,1.1168105273217284,1.0725704445497017e-15,False,True,False,False,True,False,False
k_proj,15,2025,momentum,10,1.5409359660873407,1.5340813667884312,1.540935966087341,0.006854599298909525,2.220446049250313e-16,0.07719069731263077,0.009496887563271071,0.0008641401471696182,2.1575155266243735e-16,2.399028843806525e-16,0.009954682127264648,0.9999505568556684,3.457403339863723e-16,1.0000000000000036,1.1017531052578067,9.442555193038714e-16,False,True,False,False,True,False,False
k_proj,15,2025,momentum,50,1.4558876728022112,1.3391544803338897,1.455887672802211,0.11673319246832148,2.220446049250313e-16,0.14911746937461406,0.08590480058526503,0.10707089145331287,4.781650044666132e-16,4.938438169167252e-16,0.13781149177388602,0.9908607430331995,7.0760365227966635e-16,1.0000000000000053,1.114709376220873,1.0592842864854554e-15,False,True,False,False,True,False,False
k_proj,16,2025,momentum,1,1.4625187241135247,1.4625187241135247,1.4625187241135247,0.0,0.0,1.167872735682491e-15,0.0001555424801501672,1.0568922728436172e-16,9.976395358037789e-17,1.0568922728436172e-16,0.00017438310936895304,0.9999999848238352,1.7657801273655835e-16,0.9999999999999983,0.7953852421358845,1.1463393198344013e-15,False,True,False,False,True,False,False
k_proj,16,2025,momentum,10,1.4550662622142703,1.4559979562592587,1.4550662622142705,0.0009316940449883848,2.220446049250313e-16,0.013572767715023314,0.00636588338488638,0.00019870915384087795,2.1574368335639537e-16,2.1065333663743666e-16,0.007094648761350668,0.9999748683542182,3.24995194131999e-16,1.0000000000000024,0.7949500779844657,9.856538487668915e-16,False,True,False,False,True,False,False
k_proj,16,2025,momentum,50,1.3748147788178915,1.382226504331677,1.3748147788178915,0.00741172551378555,0.0,0.0580065319135632,0.05870151149083039,0.02884244683555069,4.840356533483558e-16,5.052247889395143e-16,0.06754574201283467,0.9977171738881043,7.01670028721032e-16,1.0000000000000029,0.7999751778444123,9.432007853158998e-16,False,True,False,False,True,False,False
k_proj,17,2025,momentum,1,1.4490901215069212,1.4490901215069212,1.4490901215069212,0.0,0.0,1.0710688531032083e-15,0.00014090954413923954,1.0238502202448185e-16,9.359155066148988e-17,1.0238502202448185e-16,0.00015251726318554835,0.9999999883692443,1.7188347017065197e-16,0.9999999999999997,0.7188765431180122,1.0662636550441332e-15,False,True,False,False,True,False,False
k_proj,17,2025,momentum,10,1.4419004553627666,1.4426433178016769,1.441900455362766,0.0007428624389103078,6.661338147750939e-16,0.015962955619994817,0.005780937815261906,0.00023032722973724974,2.2358833966280713e-16,2.1407570929030888e-16,0.006237553162559204,0.9999805468883095,3.347372067214657e-16,1.0000000000000047,0.7193189167262208,8.454615892442788e-16,False,True,False,False,True,False,False
k_proj,17,2025,momentum,50,1.360832279052671,1.3633098136076516,1.3608322790526708,0.002477534554980565,2.220446049250313e-16,0.04399834262050821,0.05542748461743128,0.034039554918048394,4.758863084700486e-16,4.726206998245478e-16,0.06753406340368383,0.9977208561832933,6.833731293514805e-16,1.000000000000004,0.7440790735270525,7.896063467853979e-16,False,True,False,False,True,False,False
k_proj,18,2025,momentum,1,1.4741825966902369,1.4741825966902369,1.4741825966902369,0.0,0.0,7.139393292558463e-16,0.00020790065458844593,1.0340953253165542e-16,9.565709597620753e-17,1.0340953253165542e-16,0.0002729900418408124,0.9999999627583609,1.7437962711816433e-16,1.000000000000003,0.8555453420988992,7.128650146205188e-16,False,True,False,False,True,False,False
k_proj,18,2025,momentum,10,1.4650198456918613,1.4641433434015367,1.4650198456918613,0.0008765022903245434,0.0,0.10387327443753595,0.008232365609815712,0.0010393786002917424,2.2192455435677799e-16,2.1312227432140044e-16,0.010678713242352122,0.9999430200742925,3.2974652027183897e-16,1.0000000000000013,0.8100459251556085,6.218418445413604e-16,False,True,False,False,True,False,False
k_proj,18,2025,momentum,50,1.3801994346253188,1.3516005367993589,1.3801994346253188,0.028598897825959924,0.0,0.13285380848704068,0.06595173458853774,0.10251917815221702,4.703407558815955e-16,4.648131149103282e-16,0.12591302961762785,0.9920619659804558,6.793479135110195e-16,1.0000000000000022,0.830786650867304,8.242225949513102e-16,False,True,False,False,True,False,False
k_proj,19,2025,momentum,1,1.468955335335444,1.4689553353354439,1.4689553353354439,2.220446049250313e-16,2.220446049250313e-16,1.2025847041877879e-15,0.00015851050113256318,1.115296903871247e-16,9.458274412091049e-17,1.115296903871247e-16,0.00017679142764675433,0.9999999843749836,1.7932597192240456e-16,0.9999999999999933,0.8587472683299087,1.1790374973318815e-15,False,True,False,False,True,False,False
k_proj,19,2025,momentum,10,1.4622774665438971,1.4611417846623986,1.4622774665438973,0.0011356818814984848,2.220446049250313e-16,0.03218150988957586,0.006468131003299246,0.00041888720169547033,2.226816781897615e-16,2.2993787732002985e-16,0.007174586645624543,0.9999742689700593,3.4245614187228913e-16,1.0000000000000027,0.8547433329033021,9.589092248017224e-16,False,True,False,False,True,False,False
k_proj,19,2025,momentum,50,1.3906944038419822,1.3610222486339911,1.3906944038419826,0.029672155207991047,4.440892098500626e-16,0.07506154127573776,0.06042573608022001,0.057024268083116385,4.794071430056633e-16,4.932481221473812e-16,0.0846005721279596,0.9964361202728165,6.990188775283175e-16,0.9999999999999941,0.905508815426257,1.0336069170005444e-15,False,True,False,False,True,False,False
k_proj,20,2025,momentum,1,1.4448357687735982,1.444835768773598,1.444835768773598,2.220446049250313e-16,2.220446049250313e-16,9.364150511895952e-16,0.00016294759047561988,1.0546093404510983e-16,9.564182282993606e-17,1.0546093404510983e-16,0.0002005538097434556,0.9999999799049246,1.8000648220787895e-16,0.9999999999999983,0.7731452839688414,9.233417961263973e-16,False,True,False,False,True,False,False
k_proj,20,2025,momentum,10,1.4371096355104622,1.4380154768521158,1.4371096355104622,0.0009058413416536126,0.0,0.02681294975748292,0.006658082500370987,0.00025572085048098406,2.2227620419634004e-16,2.263085332951786e-16,0.0081464969087857,0.9999668344089218,3.419187661456379e-16,1.0000000000000069,0.7713517742046995,6.973340353187725e-16,False,True,False,False,True,False,False
k_proj,20,2025,momentum,50,1.3564868661546754,1.3638672892427763,1.3564868661546752,0.00738042308810094,2.220446049250313e-16,0.08896165398899822,0.06051515393624217,0.03471242918553573,4.778429208584078e-16,5.204492033170047e-16,0.07678008266670402,0.9970503605606377,7.290360869089357e-16,0.9999999999999981,0.7752088309953552,7.514776015665461e-16,False,True,False,False,True,False,False
k_proj,21,2025,momentum,1,1.3959644397109825,1.3959644397109825,1.3959644397109825,0.0,0.0,1.0959486559324644e-15,0.00019467912283596336,1.0552693626370542e-16,9.290089824442441e-17,1.0552693626370542e-16,0.0002215067743148531,0.9999999754826343,1.752598090661959e-16,1.000000000000004,0.9554370114408197,1.0984857064043925e-15,False,True,False,False,True,False,False
k_proj,21,2025,momentum,10,1.3890626111161175,1.3871361173826866,1.3890626111161175,0.0019264937334309007,0.0,0.050107946931881295,0.007946846172277944,0.0007937173605938687,2.1758551905528966e-16,2.2043983900973008e-16,0.009047637258602765,0.9999591025945638,3.371501870162719e-16,1.0000000000000007,0.9459248819721183,8.332518249620603e-16,False,True,False,False,True,False,False
k_proj,21,2025,momentum,50,1.3125674469093138,1.2712265212680811,1.312567446909314,0.041340925641232706,2.220446049250313e-16,0.09936823955816645,0.07344589978080168,0.09519414015666951,4.597955074316198e-16,4.6951517621036e-16,0.1237413808643176,0.992366174503703,6.704433573344308e-16,0.9999999999999982,0.9505359195943314,8.857498421555179e-16,False,True,False,False,True,False,False
k_proj,22,2025,momentum,1,1.2441225997479026,1.2441225997479026,1.2441225997479026,0.0,0.0,1.1270207578678235e-15,0.00015068960090243333,1.064083904556347e-16,8.933372867964627e-17,1.064083904556347e-16,0.00016982601028819546,0.9999999855795847,1.7700717636014893e-16,1.0000000000000036,0.8963389277364623,1.148409634941661e-15,False,True,False,False,True,False,False
k_proj,22,2025,momentum,10,1.2385902777039794,1.2383869199532773,1.2385902777039794,0.0002033577507021267,0.0,0.01303694227877086,0.006165094699260713,0.0001548173231463208,2.2317891659545743e-16,2.364208318133899e-16,0.006897385386138128,0.9999762127684388,3.530776178360908e-16,0.9999999999999962,0.8967325503143316,1.0397812538325997e-15,False,True,False,False,True,False,False
k_proj,22,2025,momentum,50,1.1830341224513974,1.1787714250124919,1.1830341224513974,0.004262697438905505,0.0,0.036280943724039165,0.05690262508512295,0.022086252973493658,4.686842419847424e-16,5.008214591093938e-16,0.06277996624344093,0.9980275002686039,7.21913046061813e-16,0.9999999999999999,0.9071219290811836,9.652733691747164e-16,False,True,False,False,True,False,False
k_proj,23,2025,momentum,1,1.358564708135088,1.3585647081350885,1.3585647081350885,4.440892098500626e-16,4.440892098500626e-16,8.659695871769776e-16,0.0001790933050623091,1.041805814691273e-16,8.794556125320429e-17,1.041805814691273e-16,0.00021035095685074273,0.9999999778762765,1.7222002810176567e-16,1.000000000000003,0.9087575277917853,8.826411450814645e-16,False,True,False,False,True,False,False
k_proj,23,2025,momentum,10,1.3516220876823482,1.3520205985532605,1.3516220876823482,0.0003985108709123608,0.0,0.003975453847273044,0.007322297304283137,4.2584192565250276e-05,2.2134632419218753e-16,2.24764913122615e-16,0.008550855328200463,0.999963440988795,3.433835263875764e-16,0.9999999999999936,0.9088545360466865,7.424703313214399e-16,False,True,False,False,True,False,False
k_proj,23,2025,momentum,50,1.281469745234509,1.286489375808847,1.2814697452345092,0.005019630574337963,2.220446049250313e-16,0.015141648039523769,0.06627907148490568,0.005980727281141966,4.782335372285479e-16,4.917049772055834e-16,0.07305156684276069,0.9973291926487459,7.229581774368816e-16,1.0000000000000013,0.9091948423541155,8.818369164937038e-16,False,True,False,False,True,False,False
v_proj,0,2025,momentum,1,1.0530327774870938,1.053032777487094,1.053032777487094,2.220446049250313e-16,2.220446049250313e-16,9.521759970268984e-16,0.04282326101352479,6.907283066161767e-18,9.68363336734512e-17,6.907283066161767e-18,0.05121989312060264,0.9986892567700284,1.3230106455894898e-16,1.0000000000000027,259.03087195092087,9.550368291023116e-16,False,True,False,True,True,False,False
v_proj,0,2025,momentum,10,1.0473866039334399,0.9629283051681835,1.0473866039334399,0.08445829876525635,0.0,2.1942021749466933,0.15321666598769054,0.05001119938130603,2.2574656709175427e-16,3.433538330688255e-17,0.14064471066053733,0.9901818008526013,2.5709590941082136e-16,1.0000000000000004,28.360203993488234,6.897320904275048e-16,False,True,False,True,True,False,False
v_proj,0,2025,momentum,50,0.9906176504108067,0.32337090834683885,0.9906176504108067,0.6672467420639678,0.0,16.687221589577675,0.3963320042712894,0.6408095753016851,4.4309071265355477e-16,1.3562747660236223e-16,0.7754373207011123,0.7437286558152331,4.880527520409439e-16,0.9999999999999994,4.976895150348882,6.199909098045392e-16,False,True,False,True,True,False,False
v_proj,1,2025,momentum,1,1.1270329767293876,1.1270329767293876,1.1270329767293876,0.0,0.0,7.813394197823917e-16,0.00046097899107880037,9.911512558017539e-18,8.909713472777375e-17,9.911512558017539e-18,0.0004970929327752796,0.9999998764598853,1.220036636582064e-16,0.9999999999999996,2.512255228706859,7.920285429272298e-16,False,True,False,True,True,False,False
v_proj,1,2025,momentum,10,1.1211283901704863,1.1097525900465828,1.1211283901704865,0.01137580012390349,2.220446049250313e-16,0.14117151517076862,0.018234965321639544,0.0013193856611935933,2.1942425718751925e-16,3.7512711223588404e-17,0.019399767702491928,0.9998119266121355,2.4700834820089167e-16,0.9999999999999987,2.354245906592642,6.195069830508828e-16,False,True,False,True,True,False,False
v_proj,1,2025,momentum,50,1.0628917182885764,0.9201330003055087,1.0628917182885764,0.14275871798306772,0.0,0.3815194906118431,0.133961509208135,0.15033987029031373,4.525953770449815e-16,1.3523784482894093e-16,0.20012293099456888,0.9811931618776324,4.895192266957885e-16,1.000000000000001,2.0145426510349713,5.4347900958617125e-16,False,True,False,True,True,False,False
v_proj,2,2025,momentum,1,1.0916683629170698,1.0916683629170696,1.0916683629170696,2.220446049250313e-16,2.220446049250313e-16,7.797225159999699e-16,0.0001534793926090267,5.3748205089717075e-18,9.686055173305626e-17,5.3748205089717075e-18,0.00016488850717379824,0.9999999864068349,1.2759611030436142e-16,1.0000000000000053,0.8399741765402245,7.599221320785013e-16,False,True,False,True,True,False,False
v_proj,2,2025,momentum,10,1.085840220488222,1.083743886421155,1.0858402204882218,0.002096334067066996,2.220446049250313e-16,0.02053594374185624,0.0062712038402595194,0.0002059502076688533,2.266053816166612e-16,3.103631199636225e-17,0.006705777390347859,0.9999775165205598,2.5224333588574375e-16,0.9999999999999916,0.8343155040367488,5.041557020349495e-16,False,True,False,True,True,False,False
v_proj,2,2025,momentum,50,1.024597955548311,0.9983190710965033,1.024597955548311,0.026278884451807594,0.0,0.08126410691414909,0.056542843046681855,0.028361170121732754,4.715526824036936e-16,1.182865401189306e-16,0.06457412891473466,0.9979491771529592,4.959780478741069e-16,0.9999999999999993,0.8179809788417391,4.985771305411031e-16,False,True,False,True,True,False,False
v_proj,3,2025,momentum,1,1.2307920391874119,1.2307920391874119,1.2307920391874119,0.0,0.0,9.6901390994507e-16,0.00022258703613379775,5.422327794166093e-18,9.738221043156782e-17,5.422327794166093e-18,0.0002740545841080553,0.9999999624551374,1.3010073739621958e-16,1.0000000000000042,1.25974922054124,9.711680791513698e-16,False,True,False,True,True,False,False
v_proj,3,2025,momentum,10,1.2248638308115618,1.2204307487266244,1.2248638308115618,0.004433082084937423,0.0,0.10490617655358858,0.008834959388021446,0.000804072418899815,2.2446321382249333e-16,3.577433509357126e-17,0.0107013436899404,0.9999428035208775,2.527657386028495e-16,0.999999999999994,1.189827588999154,7.173995181777414e-16,False,True,False,True,True,False,False
v_proj,3,2025,momentum,50,1.1639686328037373,1.100985929463973,1.1639686328037373,0.0629827033397643,0.0,0.17587076428723786,0.07061935882970248,0.08907185253382059,4.747786737290826e-16,1.526502802694023e-16,0.11865386555841734,0.993137548170423,5.1631000255950585e-16,0.9999999999999966,1.1232167027794437,6.405089705691672e-16,False,True,False,True,True,False,False
v_proj,4,2025,momentum,1,1.3286253004176065,1.3286253004176063,1.3286253004176063,2.220446049250313e-16,2.220446049250313e-16,8.952714931938067e-16,0.0003017516667706419,1.9012881416790528e-18,9.379180137029244e-17,1.9012881416790528e-18,0.0003358766041936356,0.9999999436041623,1.2642552873975364e-16,0.9999999999999991,1.501164141464494,8.811594355413869e-16,False,True,False,True,True,False,False
v_proj,4,2025,momentum,10,1.3215988038561306,1.31193603070534,1.3215988038561306,0.00966277315079056,0.0,0.09846097139046175,0.012157718942146952,0.0010261257531869205,2.1476906400426324e-16,4.6673799133390833e-17,0.013394408235430694,0.9999104369696027,2.479215006040645e-16,0.9999999999999982,1.451228137237778,5.682895018670964e-16,False,True,False,True,True,False,False
v_proj,4,2025,momentum,50,1.2440304581226334,1.0938449110485255,1.2440304581226336,0.1501855470741078,2.220446049250313e-16,0.24434525080947772,0.10460295348457685,0.12593329929873787,4.685540872402695e-16,1.625114983250123e-16,0.1662070788236286,0.9870008277316209,5.145820010670518e-16,0.9999999999999936,1.3980626445011184,5.024836030793337e-16,False,True,False,True,True,False,False
v_proj,5,2025,momentum,1,1.1832392284948543,1.1832392284948539,1.1832392284948539,4.440892098500626e-16,4.440892098500626e-16,7.774143058113454e-16,0.00021807434303601977,3.4264309992870177e-18,9.282927399048596e-17,3.4264309992870177e-18,0.000228653194391422,0.999999973858902,1.2450796806527738e-16,0.9999999999999996,1.2231890365540568,7.781424452264038e-16,False,True,False,True,True,False,False
v_proj,5,2025,momentum,10,1.177281320527043,1.1719685928229133,1.1772813205270427,0.005312727704129605,2.220446049250313e-16,0.06936964059220505,0.008801574704854053,0.0008578912479421142,2.112613477562445e-16,4.1225059630564533e-17,0.00922294520162749,0.9999574782708677,2.4240237454148995e-16,1.0000000000000044,1.1864628562639468,5.928036204142046e-16,False,True,False,True,True,False,False
v_proj,5,2025,momentum,50,1.1130335336972712,1.0302559770429138,1.1130335336972712,0.08277755665435738,0.0,0.20201594128619332,0.07609704566186405,0.10040946791518052,4.674719870402948e-16,1.5639075596748672e-16,0.12473166859725004,0.9924081419103973,5.136297300015507e-16,0.9999999999999991,1.1380434944471098,6.28802993744597e-16,False,True,False,True,True,False,False
v_proj,6,2025,momentum,1,1.2966978917221335,1.2966978917221335,1.2966978917221335,0.0,0.0,8.40305798247073e-16,0.0001974139245065293,3.2906712302349147e-18,9.272549565306648e-17,3.2906712302349147e-18,0.00020767288120272602,0.9999999784420106,1.2625681101750241e-16,0.9999999999999956,1.0751350284513037,8.540611801492182e-16,False,True,False,True,True,False,False
v_proj,6,2025,momentum,10,1.290169550658993,1.2865112507832297,1.2901695506589927,0.003658299875763271,2.220446049250313e-16,0.03859569316660816,0.008023932090166773,0.0005012365695378367,2.142198946667938e-16,3.350178826779312e-17,0.008421646576477211,0.9999645743522425,2.4504136911648405e-16,0.9999999999999998,1.062416133851477,7.213348985882737e-16,False,True,False,True,True,False,False
v_proj,6,2025,momentum,50,1.2254772448815319,1.1714316750838643,1.2254772448815319,0.054045569797667614,0.0,0.14412154941613,0.07091958431905089,0.06695654917329624,4.692472501916219e-16,1.5334695277956005e-16,0.10104261385414806,0.9950299134118985,5.133957611722517e-16,1.0000000000000056,1.0896429349065446,7.116889241874025e-16,False,True,False,True,True,False,False
v_proj,7,2025,momentum,1,1.1923315223080164,1.1923315223080164,1.1923315223080164,0.0,0.0,1.044120066278998e-15,0.00016233171765670326,6.059041397295591e-18,9.655313751419813e-17,6.059041397295591e-18,0.0001752044324737087,0.9999999846528076,1.2854990586385313e-16,1.0000000000000009,0.9376429656118758,1.0317123739468272e-15,False,True,False,True,True,False,False
v_proj,7,2025,momentum,10,1.1866442853298083,1.1843524568806976,1.1866442853298083,0.002291828449110689,0.0,0.04878499313595201,0.0065918261900318395,0.0005657544558461056,2.1939572886183465e-16,4.052798958771753e-17,0.007070308680148079,0.9999750130366121,2.5389495756512383e-16,0.9999999999999977,0.9225935534342564,8.370922824554085e-16,False,True,False,True,True,False,False
v_proj,7,2025,momentum,50,1.1264271883974786,1.077622548390926,1.1264271883974786,0.04880464000655249,0.0,0.10407375702381795,0.06086925884432231,0.07422354589263314,4.777729698905141e-16,1.706533835305573e-16,0.09635808928715237,0.9954239795083065,5.341014848676809e-16,0.999999999999998,0.9846723175539854,6.789773769981121e-16,False,True,False,True,True,False,False
v_proj,8,2025,momentum,1,1.2113064172086527,1.2113064172086527,1.2113064172086527,0.0,0.0,9.338582176662547e-16,0.0002687913886055889,8.039553049902236e-18,9.372594471833967e-17,8.039553049902236e-18,0.0002862717187634298,0.9999999590292046,1.2582222114647503e-16,0.9999999999999983,1.5620597989270748,9.198725879614884e-16,False,True,False,True,True,False,False
v_proj,8,2025,momentum,10,1.2054869692336223,1.197458247422617,1.2054869692336223,0.008028721811005335,0.0,0.0983776518638218,0.010790642337798981,0.0010533833145859454,2.1374240095788235e-16,3.5557227112279615e-17,0.01144201953337917,0.9999345497281102,2.424184879957899e-16,0.9999999999999976,1.5058636346570953,6.70315938413913e-16,False,True,False,True,True,False,False
v_proj,8,2025,momentum,50,1.1450631658771588,1.0267909956818366,1.1450631658771588,0.11827217019532221,0.0,0.2514696112294645,0.08948189845999376,0.12614139034843058,4.739001197457876e-16,1.4114039857467637e-16,0.15579786402006293,0.9883151573136295,5.116809971992343e-16,1.0,1.423802598516352,6.177308879878401e-16,False,True,False,True,True,False,False
v_proj,9,2025,momentum,1,1.338508879786673,1.338508879786673,1.338508879786673,0.0,0.0,7.715176512136522e-16,0.00025785476049843367,8.138407029145156e-18,9.027120992481135e-17,8.138407029145156e-18,0.0002941212117381501,0.9999999567463531,1.221514783194007e-16,0.9999999999999968,1.1987626348428155,7.627142407339186e-16,False,True,False,True,True,False,False
v_proj,9,2025,momentum,10,1.3310961026403085,1.3212785423518894,1.3310961026403083,0.00981756028841918,2.220446049250313e-16,0.09535890033579511,0.010428977881471556,0.001163502173399447,2.1704971583227838e-16,3.2133991245331577e-17,0.011851732917569895,0.9999298051241892,2.4821970718805247e-16,0.9999999999999984,1.1755189045540533,6.72747800205865e-16,False,True,False,True,True,False,False
v_proj,9,2025,momentum,50,1.2586284134236623,1.1125290514644637,1.2586284134236625,0.1460993619591986,2.220446049250313e-16,0.22521166820829644,0.08899211334243058,0.13912940852899172,4.659794165970613e-16,1.7359829150572806e-16,0.17143049776382716,0.9859378857870934,5.233421550862706e-16,0.9999999999999959,1.191033404431549,7.375278719942285e-16,False,True,False,True,True,False,False
v_proj,10,2025,momentum,1,1.3613945530035805,1.3613945530035807,1.3613945530035807,2.220446049250313e-16,2.220446049250313e-16,8.333026934638878e-16,0.00029491153507582867,3.0344987270214288e-18,9.16781158004224e-17,3.0344987270214288e-18,0.0003124019664821988,0.99999995122778,1.226547944789866e-16,0.9999999999999937,1.532113900220861,8.187571034636099e-16,False,True,False,True,True,False,False
v_proj,10,2025,momentum,10,1.354731128234797,1.3383247501901279,1.354731128234797,0.016406378044669045,0.0,0.155997192750713,0.011819900602005776,0.0017821923033140255,2.235739637702554e-16,4.20611800151171e-17,0.012553245444956986,0.9999214635830809,2.5300357394026143e-16,0.9999999999999983,1.4702864725977227,7.512405177352939e-16,False,True,False,True,True,False,False
v_proj,10,2025,momentum,50,1.2856108560753572,1.0522203110834782,1.2856108560753574,0.23339054499187895,2.220446049250313e-16,0.5138235657508411,0.0960307967922055,0.20244157436676688,4.754662129033723e-16,1.8739710503705546e-16,0.22148016272246357,0.976951043122184,5.277842619301498e-16,1.0000000000000018,1.343785659570171,7.772317284666382e-16,False,True,False,True,True,False,False
v_proj,11,2025,momentum,1,1.2612645858707394,1.2612645858707394,1.2612645858707394,0.0,0.0,9.433934839009912e-16,0.00020443481040207566,4.875505675503854e-18,9.396420978065593e-17,4.875505675503854e-18,0.0002433998445819301,0.9999999703900624,1.2578856125556872e-16,1.000000000000007,1.1351215353092197,9.325056655720717e-16,False,True,False,True,True,False,False
v_proj,11,2025,momentum,10,1.2552905313925704,1.248789816987143,1.2552905313925704,0.006500714405427432,0.0,0.09537370414011506,0.008306208464590065,0.0007842536643733946,2.0794492009626328e-16,3.725685170634163e-17,0.009864068523914847,0.9999514123711097,2.3672602212914143e-16,0.9999999999999936,1.1195115113459682,8.134473686894449e-16,False,True,False,True,True,False,False
v_proj,11,2025,momentum,50,1.1920680842514926,1.1012372732099194,1.1920680842514928,0.0908308110415732,2.220446049250313e-16,0.2724423872647407,0.07302384561419066,0.09662820801102916,4.934763084944058e-16,1.728995810029746e-16,0.1250338522526839,0.9923758077741558,5.236470448527627e-16,1.0000000000000115,1.1000221770848893,7.299233024774682e-16,False,True,False,True,True,False,False
v_proj,12,2025,momentum,1,1.31700528696214,1.31700528696214,1.31700528696214,0.0,0.0,6.372416742699414e-16,0.0003202547936011909,3.28946762151619e-18,9.337631209414381e-17,3.28946762151619e-18,0.00038306911014769206,0.9999999266324907,1.265191398550951e-16,1.0000000000000004,1.4532343824733192,6.1755923141216245e-16,False,True,False,True,True,False,False
v_proj,12,2025,momentum,10,1.309226518253565,1.289401453148619,1.309226518253565,0.01982506510494586,0.0,0.20006599150483925,0.01277811320171387,0.0019423450736488746,2.2139092794686805e-16,3.7589999533624716e-17,0.015217245927044093,0.9998844325728898,2.487373453846687e-16,0.9999999999999931,1.389852871638476,5.293928299076319e-16,False,True,False,True,True,False,False
v_proj,12,2025,momentum,50,1.2352920715926012,0.9884025831377813,1.2352920715926012,0.24688948845481995,0.0,0.541956407713319,0.09979364217657599,0.20952812148756225,4.893514495157621e-16,1.6644942290289242e-16,0.23489335620154644,0.9740564770221368,5.272129037627116e-16,0.9999999999999977,1.2875740126403514,5.961256497159474e-16,False,True,False,True,True,False,False
v_proj,13,2025,momentum,1,1.280844996143081,1.2808449961430812,1.2808449961430812,2.220446049250313e-16,2.220446049250313e-16,7.984634438719211e-16,0.00024254272093207754,1.236738361398466e-17,9.79097378899332e-17,1.236738361398466e-17,0.0002806694705453319,0.9999999606385663,1.3029568181176916e-16,0.9999999999999989,1.0824268435751958,7.916505553586537e-16,False,True,False,True,True,False,False
v_proj,13,2025,momentum,10,1.2729479267431245,1.2653998175696517,1.272947926743125,0.007548109173472817,4.440892098500626e-16,0.06254673171504978,0.00988694200958039,0.0007137905509116359,2.304827806131667e-16,3.6753362349900494e-17,0.011388400219167908,0.9999352653925296,2.600808863883659e-16,1.0000000000000113,1.0738628943541997,7.33020283380663e-16,False,True,False,True,True,False,False
v_proj,13,2025,momentum,50,1.1922561866628898,1.0913733889335981,1.1922561866628898,0.10088279772929165,0.0,0.1990914022887419,0.08752499500303607,0.0894442508505489,4.663901864200213e-16,1.6781378937175324e-16,0.12981104374467123,0.9918586861679488,5.134959063625704e-16,1.0000000000000056,1.0660807608055736,6.145380220105486e-16,False,True,False,True,True,False,False
v_proj,14,2025,momentum,1,1.4372182976541321,1.4372182976541321,1.4372182976541321,0.0,0.0,7.567122412227951e-16,0.00026358948116296554,7.572121644732213e-18,9.695788832024951e-17,7.572121644732213e-18,0.0003137957600908774,0.9999999507851215,1.2857252213193257e-16,0.9999999999999911,1.2315697627214734,7.520095037872796e-16,False,True,False,True,True,False,False
v_proj,14,2025,momentum,10,1.4293892693519819,1.4184301027915829,1.4293892693519819,0.01095916656039897,0.0,0.10810109264761293,0.010650658879775976,0.00118746316800509,2.2090544353473833e-16,4.642643138478348e-17,0.012628089031221432,0.9999204106378786,2.536188353587181e-16,0.9999999999999984,1.206048780741747,6.275496397748714e-16,False,True,False,True,True,False,False
v_proj,14,2025,momentum,50,1.3491989102342397,1.1912422084931065,1.3491989102342397,0.1579567017411332,0.0,0.26603720903279426,0.09064556221305468,0.1403871941902741,4.91352515723742e-16,1.8973484235712787e-16,0.17055933527484254,0.9860956040397352,5.440868108591171e-16,0.9999999999999964,1.1751365907135516,6.259859707706524e-16,False,True,False,True,True,False,False
v_proj,15,2025,momentum,1,1.392380420754489,1.392380420754489,1.392380420754489,0.0,0.0,7.683247986776925e-16,0.00023073132057453626,5.136428291563016e-18,9.3702616381579e-17,5.136428291563016e-18,0.00025402348991807326,0.9999999677431609,1.2566692626701498e-16,0.9999999999999983,1.1279790185610867,7.745563932014508e-16,False,True,False,True,True,False,False
v_proj,15,2025,momentum,10,1.3849996420933477,1.3781063126886597,1.3849996420933472,0.006893329404688009,4.440892098500626e-16,0.0716950972062013,0.00938213065024736,0.0008947002835957423,2.2316116447087036e-16,3.9039703594141324e-17,0.010279414665926573,0.999947219350933,2.521343391645679e-16,0.9999999999999969,1.1120895963998971,8.028379181661145e-16,False,True,False,True,True,False,False
v_proj,15,2025,momentum,50,1.3050523954353976,1.187671388022937,1.3050523954353974,0.1173810074124606,2.220446049250313e-16,0.1783126584449029,0.08509770513662049,0.112115381980046,4.707756179153517e-16,1.7220899250475533e-16,0.14091115315162803,0.9904001313988268,5.222812984651645e-16,0.9999999999999998,1.1348159821936041,6.394332322413448e-16,False,True,False,True,True,False,False
v_proj,16,2025,momentum,1,1.2932496785986711,1.2932496785986711,1.2932496785986711,0.0,0.0,8.384243736788578e-16,0.00015356153609182645,6.7543589623857585e-18,8.782472140684442e-17,6.7543589623857585e-18,0.0001590618817989588,0.9999999873549448,1.176968541336295e-16,1.0000000000000098,0.7833175352356666,8.559954257940636e-16,False,True,False,True,True,False,False
v_proj,16,2025,momentum,10,1.2861966405187149,1.2873413953702595,1.286196640518715,0.0011447548515446382,2.220446049250313e-16,0.01290000954892145,0.00629341781599097,0.00017264727075414686,2.2080073921991197e-16,4.381153479241223e-17,0.00648335560969942,0.9999789870928737,2.4829556675723443e-16,0.999999999999999,0.7827058831876277,6.535650406881322e-16,False,True,False,True,True,False,False
v_proj,16,2025,momentum,50,1.2117678318051341,1.2243553793229773,1.2117678318051341,0.01258754751784319,0.0,0.03905250637286657,0.05831603005621375,0.024605563637149663,4.695033642776581e-16,1.6703935158289244e-16,0.0622798013913589,0.9980649876031814,5.064067924843446e-16,1.000000000000003,0.7837363289618892,6.592786015159435e-16,False,True,False,True,True,False,False
v_proj,17,2025,momentum,1,1.3706362753671417,1.3706362753671415,1.3706362753671415,2.220446049250313e-16,2.220446049250313e-16,8.801202331870303e-16,0.0001359231488833616,1.6223030281871293e-17,9.752569294501124e-17,1.6223030281871293e-17,0.00014884468170636513,0.9999999889309219,1.3021576453918796e-16,1.0000000000000022,0.7062166011902503,8.812528545483672e-16,False,True,False,True,True,False,False
v_proj,17,2025,momentum,10,1.3639809552479765,1.3648020623004935,1.3639809552479762,0.0008211070525170339,2.220446049250313e-16,0.016007611712790748,0.00556545127858588,0.00021278619930618665,2.2149514938248137e-16,4.480491474507843e-17,0.006050767846098943,0.9999817014569827,2.5289974058561876e-16,0.999999999999999,0.7071991634104375,6.653771379659288e-16,False,True,False,True,True,False,False
v_proj,17,2025,momentum,50,1.29592829307658,1.2970730584064476,1.29592829307658,0.0011447653298675142,0.0,0.05297993097723598,0.05207457359985768,0.031568217371573906,4.62695027048957e-16,1.9334872461558762e-16,0.06101551719531524,0.9981381784032912,5.149795418074983e-16,1.0000000000000004,0.7571167840498666,6.468119485237928e-16,False,True,False,True,True,False,False
v_proj,18,2025,momentum,1,1.5737434451461276,1.5737434451461276,1.5737434451461276,0.0,0.0,9.7966268736709e-16,0.0002227394061537998,6.600917023495131e-18,9.468277545563662e-17,6.600917023495131e-18,0.00024391449372136666,0.9999999702611058,1.2749623276190573e-16,1.0000000000000064,0.983925967115668,9.769934340448929e-16,False,True,False,True,True,False,False
v_proj,18,2025,momentum,10,1.5651555835715285,1.5616591695470643,1.5651555835715285,0.0034964140244642117,0.0,0.08968116508297919,0.008875818592161272,0.0013135475552296834,2.2719969711591233e-16,4.445283456263633e-17,0.009711673305558863,0.9999528747305331,2.5674401934932507e-16,0.9999999999999993,0.9357427601604885,8.860556615818696e-16,False,True,False,True,True,False,False
v_proj,18,2025,momentum,50,1.475955919144315,1.424922516279457,1.4759559191443152,0.051033402864858024,2.220446049250313e-16,0.16172289504921342,0.0710982105068049,0.13782860833011815,4.800083855167203e-16,2.2222263116312167e-16,0.15777285946806766,0.9876085072587308,5.445737753078589e-16,0.9999999999999949,0.8242887440154472,8.069960576864457e-16,False,True,False,True,True,False,False
v_proj,19,2025,momentum,1,1.4537890826928976,1.4537890826928976,1.4537890826928976,0.0,0.0,8.61327651077677e-16,0.00017755052973379273,7.951065638024031e-18,9.231180285958716e-17,7.951065638024031e-18,0.000204320198757222,0.9999999791742555,1.2589025589546001e-16,0.9999999999999999,0.8828613882676299,8.708666949763138e-16,False,True,False,True,True,False,False
v_proj,19,2025,momentum,10,1.4464220518194872,1.4445938939562701,1.4464220518194872,0.0018281578632171058,0.0,0.03706787556366551,0.007245934672431563,0.0005078005587031372,2.1159900752325753e-16,4.492181270578539e-17,0.008309894538980653,0.9999655657220939,2.4712783422953536e-16,0.9999999999999993,0.8800362578458696,8.103407672871157e-16,False,True,False,True,True,False,False
v_proj,19,2025,momentum,50,1.371584724630792,1.3298949312304345,1.371584724630792,0.0416897934003575,0.0,0.0916922285820187,0.066708420286496,0.0678963900150899,4.557412833518375e-16,1.879963256379712e-16,0.09883643279359994,0.9951702885642832,5.089204640971415e-16,0.9999999999999982,0.9240593002581464,7.607120935122647e-16,False,True,False,True,True,False,False
v_proj,20,2025,momentum,1,1.5234586431781683,1.5234586431781683,1.5234586431781683,0.0,0.0,1.0795596781870164e-15,0.00016798314874488983,7.604765910812627e-18,9.271684755693435e-17,7.604765910812627e-18,0.00019490582233236162,0.9999999810105591,1.274750595369043e-16,1.0000000000000084,0.8110881426541927,1.0246453536445536e-15,False,True,False,True,True,False,False
v_proj,20,2025,momentum,10,1.5158199162303576,1.5160323436663956,1.5158199162303572,0.00021242743603799852,4.440892098500626e-16,0.027362570541892416,0.006869174993647428,0.00029866589448110603,2.2219129119592603e-16,4.4187287134863865e-17,0.007936555843366293,0.9999685104338989,2.5485673680176226e-16,1.000000000000003,0.8097677755201873,7.745663624146682e-16,False,True,False,True,True,False,False
v_proj,20,2025,momentum,50,1.4341657789943643,1.4317840733658806,1.4341657789943636,0.0023817056284836102,6.661338147750939e-16,0.09446880645901667,0.06305508904491042,0.04097115388180005,4.750618021951164e-16,2.070576467850867e-16,0.08050645787913531,0.996754119839923,5.330629858733192e-16,0.9999999999999998,0.8064218250927904,7.894338622739749e-16,False,True,False,True,True,False,False
v_proj,21,2025,momentum,1,1.8705682379586088,1.870568237958609,1.870568237958609,2.220446049250313e-16,2.220446049250313e-16,9.83700940467961e-16,0.00022057059316435104,3.6839918719823256e-18,8.783572063386052e-17,3.6839918719823256e-18,0.00026358648424903216,0.999999965482242,1.2210713606753226e-16,0.9999999999999938,0.9324051285633058,9.749910442156684e-16,False,True,False,True,True,False,False
v_proj,21,2025,momentum,10,1.8607609254326711,1.8589407961830613,1.8607609254326711,0.0018201292496098365,0.0,0.048534383407873256,0.009013427410534236,0.0007982286167821939,2.132743203817692e-16,4.8381141743076154e-17,0.010748759211885603,0.9999426095954327,2.5122509583667247e-16,1.0000000000000058,0.9266564940246529,9.975342721946452e-16,False,True,False,True,True,False,False
v_proj,21,2025,momentum,50,1.741872208996588,1.6880487595665359,1.741872208996588,0.05382344943005202,0.0,0.10655385870474497,0.08652478402986678,0.09946971073336122,4.918864945773548e-16,2.6108731714517407e-16,0.13613957625574208,0.990802773119628,5.828072166842069e-16,1.0000000000000093,0.9395977904553048,8.347373645855739e-16,False,True,False,True,True,False,False
v_proj,22,2025,momentum,1,1.6865535893633377,1.6865535893633379,1.6865535893633379,2.220446049250313e-16,2.220446049250313e-16,7.892957239458981e-16,0.0002318903260068837,5.705905903689099e-18,8.664848790528306e-17,5.705905903689099e-18,0.0002754746333367034,0.9999999620725775,1.2061951927922833e-16,0.999999999999994,0.8991031123064863,7.496995873056538e-16,False,True,False,True,True,False,False
v_proj,22,2025,momentum,10,1.6769681414472715,1.6766577186420797,1.676968141447272,0.000310422805191779,4.440892098500626e-16,0.012333860324596406,0.009511040499811605,0.0002829880961474042,2.1563736274826986e-16,4.1246731102270636e-17,0.011258482336120102,0.9999366474302087,2.5246760496264776e-16,1.0000000000000027,0.899287905078449,6.117148588170706e-16,False,True,False,True,True,False,False
v_proj,22,2025,momentum,50,1.5628883052956282,1.542170337196426,1.5628883052956282,0.020717968099202233,0.0,0.04637076104874889,0.0904826290391281,0.043530702877933716,4.697156784250019e-16,2.3772654802851487e-16,0.11213612349514052,0.9936936139137625,5.617341844501844e-16,1.0000000000000018,0.9163390217241983,6.187097397549658e-16,False,True,False,True,True,False,False
v_proj,23,2025,momentum,1,1.6726011657984765,1.6726011657984767,1.6726011657984767,2.220446049250313e-16,2.220446049250313e-16,9.182503263546846e-16,0.00019980009172362105,5.624695382047316e-18,8.62118950344074e-17,5.624695382047316e-18,0.00023067307612564418,0.999999973395165,1.21994837807194e-16,1.0,0.9099101776808239,9.095781648251395e-16,False,True,False,True,True,False,False
v_proj,23,2025,momentum,10,1.6641326910000374,1.6646817560559413,1.6641326910000378,0.0005490650559039079,4.440892098500626e-16,0.004160041962564236,0.0081977002486039,5.653093107057043e-05,2.248800153893318e-16,5.212172930522623e-17,0.009408148217637765,0.9999557424246643,2.5887895915042355e-16,0.9999999999999956,0.909701598864011,7.603001027198366e-16,False,True,False,True,True,False,False
v_proj,23,2025,momentum,50,1.5584730718314403,1.5677305372890658,1.5584730718314403,0.009257465457625402,0.0,0.01333960758223432,0.07928866251845416,0.008078115435102678,5.066207642301763e-16,2.0788393905945393e-16,0.08564805723338599,0.996328734726141,5.727874726530569e-16,0.9999999999999934,0.9048405104117808,6.960915745944365e-16,False,True,False,True,True,False,False
o_proj,0,2025,momentum,1,1.2010532829845202,1.20105328298452,1.20105328298452,2.220446049250313e-16,2.220446049250313e-16,1.473320515412719e-15,2.587982933348301e-18,2.209582346923331e-18,2.587982933348301e-18,2.209582346923331e-18,6.55605746242342e-18,1.0000000000000022,6.55605746242342e-18,1.0000000000000022,1.4733205154127198e-15,1.4733205154127198e-15,True,True,True,True,False,False,False
o_proj,0,2025,momentum,10,1.2002429085957966,1.2002429085957966,1.2002429085957966,0.0,0.0,1.4838479282554535e-15,1.4617399667827825e-17,1.0054151773337781e-17,1.4617399667827825e-17,1.0054151773337781e-17,2.916853308884724e-17,1.0000000000000167,2.916853308884724e-17,1.0000000000000167,6.649423451311296e-16,6.649423451311296e-16,True,True,True,True,False,False,False
o_proj,0,2025,momentum,50,1.1936589795014398,1.19365897950144,1.19365897950144,2.220446049250313e-16,2.220446049250313e-16,1.6013679659211974e-15,3.9444835040429964e-17,2.7717763062810024e-17,3.9444835040429964e-17,2.7717763062810024e-17,7.505838373512973e-17,0.999999999999993,7.505838373512973e-17,0.999999999999993,5.077557558874247e-16,5.077557558874247e-16,True,True,True,True,False,False,False
o_proj,1,2025,momentum,1,1.2232419238854715,1.2232419238854715,1.2232419238854715,0.0,0.0,1.5742088993924233e-15,2.994962701223516e-18,1.6209611154481119e-19,2.994962701223516e-18,1.6209611154481119e-19,5.577096309291769e-18,1.0000000000000109,5.577096309291769e-18,1.0000000000000109,1.5742088993924237e-15,1.5742088993924237e-15,True,True,True,True,False,False,False
o_proj,1,2025,momentum,10,1.2224603757939194,1.2224603757939196,1.2224603757939196,2.220446049250313e-16,2.220446049250313e-16,1.5457804157184142e-15,1.3674399534126354e-17,1.2411316801959598e-17,1.3674399534126354e-17,1.2411316801959598e-17,2.9494249597001635e-17,0.9999999999999787,2.9494249597001635e-17,0.9999999999999787,5.625171246636314e-16,5.625171246636314e-16,True,True,True,True,False,False,False
o_proj,1,2025,momentum,50,1.2158566782130937,1.2158566782130937,1.2158566782130937,0.0,0.0,1.8980373151624313e-15,3.561119832556532e-17,3.0665254102276744e-17,3.561119832556532e-17,3.0665254102276744e-17,7.369708830278163e-17,1.0000000000000226,7.369708830278163e-17,1.0000000000000226,6.258031179473162e-16,6.258031179473162e-16,True,True,True,True,False,False,False
o_proj,2,2025,momentum,1,1.2054145409823338,1.2054145409823338,1.2054145409823338,0.0,0.0,1.5535432112923764e-15,2.6232741957367547e-18,3.783956031562349e-18,2.6232741957367547e-18,3.783956031562349e-18,6.951153372905399e-18,1.000000000000004,6.951153372905399e-18,1.000000000000004,1.553543211292376e-15,1.553543211292376e-15,True,True,True,True,False,False,False
o_proj,2,2025,momentum,10,1.2046299881783675,1.204629988178367,1.204629988178367,4.440892098500626e-16,4.440892098500626e-16,1.7397814859329587e-15,1.4931398567988682e-17,9.690824256282296e-18,1.4931398567988682e-17,9.690824256282296e-18,2.939092857147071e-17,1.0000000000000189,2.939092857147071e-17,1.0000000000000189,5.077012867092587e-16,5.077012867092587e-16,True,True,True,True,False,False,False
o_proj,2,2025,momentum,50,1.19803660971818,1.19803660971818,1.19803660971818,0.0,0.0,1.6854882315693171e-15,4.016182355734298e-17,2.622320624827131e-17,4.016182355734298e-17,2.622320624827131e-17,7.459607029227438e-17,0.9999999999999987,7.459607029227438e-17,0.9999999999999987,4.592862621904966e-16,4.592862621904966e-16,True,True,True,True,False,False,False
o_proj,3,2025,momentum,1,1.2676036038021348,1.2676036038021348,1.2676036038021348,0.0,0.0,1.5043401837840485e-15,4.31261988269159e-18,3.4394529760303952e-19,4.31261988269159e-18,3.4394529760303952e-19,7.084701510337055e-18,1.0000000000000135,7.084701510337055e-18,1.0000000000000135,1.504340183784048e-15,1.504340183784048e-15,True,True,True,True,False,False,False
o_proj,3,2025,momentum,10,1.266715452809774,1.2667154528097742,1.2667154528097742,2.220446049250313e-16,2.220446049250313e-16,1.6131078060012265e-15,1.555090813334884e-17,1.0693815687231338e-17,1.555090813334884e-17,1.0693815687231338e-17,3.063879388196006e-17,0.9999999999999993,3.063879388196006e-17,0.9999999999999993,5.949897280770132e-16,5.949897280770132e-16,True,True,True,True,False,False,False
o_proj,3,2025,momentum,50,1.2593207054707982,1.2593207054707984,1.2593207054707984,2.220446049250313e-16,2.220446049250313e-16,1.3108444818956921e-15,3.716896389901895e-17,3.059050907763259e-17,3.716896389901895e-17,3.059050907763259e-17,7.488879846684062e-17,1.0000000000000182,7.488879846684062e-17,1.0000000000000182,4.096828771461941e-16,4.096828771461941e-16,True,True,True,True,False,False,False
o_proj,4,2025,momentum,1,1.3182090271946225,1.3182090271946225,1.3182090271946225,0.0,0.0,1.308952116369724e-15,1.3115051779748212e-18,3.085950409588658e-19,1.3115051779748212e-18,3.085950409588658e-19,3.1925100700463447e-18,1.000000000000003,3.1925100700463447e-18,1.000000000000003,1.308952116369723e-15,1.308952116369723e-15,True,True,True,True,False,False,False
o_proj,4,2025,momentum,10,1.31731702922382,1.31731702922382,1.31731702922382,0.0,0.0,1.4973870423354014e-15,1.4380426368468622e-17,1.0961864962455121e-17,1.4380426368468622e-17,1.0961864962455121e-17,2.929953833600194e-17,1.0000000000000155,2.929953833600194e-17,1.0000000000000155,4.587337854895257e-16,4.587337854895257e-16,True,True,True,True,False,False,False
o_proj,4,2025,momentum,50,1.3099859600821648,1.3099859600821646,1.3099859600821646,2.220446049250313e-16,2.220446049250313e-16,1.68541081361502e-15,3.8776961385086807e-17,2.907618138988521e-17,3.8776961385086807e-17,2.907618138988521e-17,7.454358187117547e-17,1.0000000000000069,7.454358187117547e-17,1.0000000000000069,5.623628856724682e-16,5.623628856724682e-16,True,True,True,True,False,False,False
o_proj,5,2025,momentum,1,1.3121078910742838,1.3121078910742838,1.3121078910742838,0.0,0.0,1.441339390817697e-15,1.1277825268068736e-18,3.2497802329785206e-19,1.1277825268068736e-18,3.2497802329785206e-19,3.0759039013880808e-18,1.0000000000000049,3.0759039013880808e-18,1.0000000000000049,1.4413393908176965e-15,1.4413393908176965e-15,True,True,True,True,False,False,False
o_proj,5,2025,momentum,10,1.311202032052192,1.311202032052192,1.311202032052192,0.0,0.0,1.377811899327552e-15,1.1156128364509913e-17,1.2786064753625498e-17,1.1156128364509913e-17,1.2786064753625498e-17,2.82460212312875e-17,1.0000000000000109,2.82460212312875e-17,1.0000000000000109,5.078071251162451e-16,5.078071251162451e-16,True,True,True,True,False,False,False
o_proj,5,2025,momentum,50,1.303790355073678,1.303790355073678,1.303790355073678,0.0,0.0,1.7880555800039038e-15,3.6628544462071965e-17,3.260302044220961e-17,3.6628544462071965e-17,3.260302044220961e-17,7.617987882892684e-17,1.0000000000000009,7.617987882892684e-17,1.0000000000000009,5.390090098488356e-16,5.390090098488356e-16,True,True,True,True,False,False,False
o_proj,6,2025,momentum,1,1.266670215128848,1.2666702151288476,1.2666702151288476,4.440892098500626e-16,4.440892098500626e-16,1.301094406959488e-15,2.642782364083507e-18,4.231651140974518e-18,2.642782364083507e-18,4.231651140974518e-18,7.447179466303161e-18,0.9999999999999944,7.447179466303161e-18,0.9999999999999944,1.3010944069594875e-15,1.3010944069594875e-15,True,True,True,True,False,False,False
o_proj,6,2025,momentum,10,1.2657507987400725,1.2657507987400725,1.2657507987400725,0.0,0.0,1.3238415700983565e-15,1.682326718369535e-17,1.0611539100757172e-17,1.682326718369535e-17,1.0611539100757172e-17,3.1834380540541024e-17,0.9999999999999838,3.1834380540541024e-17,0.9999999999999838,5.616971041451073e-16,5.616971041451073e-16,True,True,True,True,False,False,False
o_proj,6,2025,momentum,50,1.2583275006795263,1.2583275006795265,1.2583275006795265,2.220446049250313e-16,2.220446049250313e-16,1.868435338925426e-15,3.9456862100062136e-17,3.0674978230855764e-17,3.9456862100062136e-17,3.0674978230855764e-17,7.639623380985356e-17,0.9999999999999714,7.639623380985356e-17,0.9999999999999714,5.591129982806165e-16,5.591129982806165e-16,True,True,True,True,False,False,False
o_proj,7,2025,momentum,1,1.3116665780635965,1.3116665780635965,1.3116665780635965,0.0,0.0,1.4002937752826166e-15,1.4947550990300042e-18,2.396436208803746e-19,1.4947550990300042e-18,2.396436208803746e-19,3.638676119091915e-18,0.9999999999999887,3.638676119091915e-18,0.9999999999999887,1.4002937752826166e-15,1.4002937752826166e-15,True,True,True,True,False,False,False
o_proj,7,2025,momentum,10,1.310754081444483,1.310754081444483,1.310754081444483,0.0,0.0,1.3855842890973644e-15,1.3147790275870238e-17,8.831831979971054e-18,1.3147790275870238e-17,8.831831979971054e-18,2.808557531237043e-17,1.0000000000000353,2.808557531237043e-17,1.0000000000000353,5.892915078473191e-16,5.892915078473191e-16,True,True,True,True,False,False,False
o_proj,7,2025,momentum,50,1.3031524487230204,1.3031524487230204,1.3031524487230204,0.0,0.0,1.7347129180871703e-15,3.921526123378726e-17,3.097152037951324e-17,3.921526123378726e-17,3.097152037951324e-17,7.776114724250391e-17,0.9999999999999826,7.776114724250391e-17,0.9999999999999826,5.543427860875131e-16,5.543427860875131e-16,True,True,True,True,False,False,False
o_proj,8,2025,momentum,1,1.3022360207578896,1.3022360207578894,1.3022360207578894,2.220446049250313e-16,2.220446049250313e-16,1.3081151983158817e-15,2.030957991395845e-18,1.0364172629916955e-18,2.030957991395845e-18,1.0364172629916955e-18,5.6896901914606964e-18,0.9999999999999987,5.6896901914606964e-18,0.9999999999999987,1.3081151983158813e-15,1.3081151983158813e-15,True,True,True,True,False,False,False
o_proj,8,2025,momentum,10,1.3013989039502154,1.3013989039502154,1.3013989039502154,0.0,0.0,1.2871807580285435e-15,1.1270867620849853e-17,8.93801447101653e-18,1.1270867620849853e-17,8.93801447101653e-18,2.418264150476254e-17,0.9999999999999825,2.418264150476254e-17,0.9999999999999825,4.976333235605208e-16,4.976333235605208e-16,True,True,True,True,False,False,False
o_proj,8,2025,momentum,50,1.294354585057857,1.294354585057857,1.294354585057857,0.0,0.0,1.4649637373772755e-15,3.5075442636926213e-17,3.153174140325382e-17,3.5075442636926213e-17,3.153174140325382e-17,7.353752284650116e-17,0.9999999999999816,7.353752284650116e-17,0.9999999999999816,5.058913527440752e-16,5.058913527440752e-16,True,True,True,True,False,False,False
o_proj,9,2025,momentum,1,1.2714889794880588,1.2714889794880588,1.2714889794880588,0.0,0.0,1.5607722895678088e-15,3.1009310408470063e-18,1.4690654254436044e-18,3.1009310408470063e-18,1.4690654254436044e-18,6.825266785915777e-18,0.9999999999999862,6.825266785915777e-18,0.9999999999999862,1.5607722895678077e-15,1.5607722895678077e-15,True,True,True,True,False,False,False
o_proj,9,2025,momentum,10,1.270620149100235,1.2706201491002347,1.2706201491002347,2.220446049250313e-16,2.220446049250313e-16,1.3842979886810394e-15,1.658594669987007e-17,8.671239780496356e-18,1.658594669987007e-17,8.671239780496356e-18,3.0366126608325745e-17,1.0000000000000058,3.0366126608325745e-17,1.0000000000000058,6.126373100599775e-16,6.126373100599775e-16,True,True,True,True,False,False,False
o_proj,9,2025,momentum,50,1.2635171977059367,1.2635171977059367,1.2635171977059367,0.0,0.0,1.6103336279315383e-15,4.0692831771372696e-17,2.8596253547894614e-17,4.0692831771372696e-17,2.8596253547894614e-17,7.711335319412358e-17,1.000000000000007,7.711335319412358e-17,1.000000000000007,4.886317514566442e-16,4.886317514566442e-16,True,True,True,True,False,False,False
o_proj,10,2025,momentum,1,1.3257879582133962,1.3257879582133962,1.3257879582133962,0.0,0.0,1.5573795882570193e-15,2.599696911437532e-18,1.8311242892128503e-18,2.599696911437532e-18,1.8311242892128503e-18,5.704797993378555e-18,0.9999999999999986,5.704797993378555e-18,0.9999999999999986,1.5573795882570193e-15,1.5573795882570193e-15,True,True,True,True,False,False,False
o_proj,10,2025,momentum,10,1.3249776275333727,1.3249776275333727,1.3249776275333727,0.0,0.0,1.5918608818561132e-15,1.2276117889272859e-17,1.3415945756180459e-17,1.2276117889272859e-17,1.3415945756180459e-17,3.022198742350518e-17,0.9999999999999933,3.022198742350518e-17,0.9999999999999933,5.889582242369287e-16,5.889582242369287e-16,True,True,True,True,False,False,False
o_proj,10,2025,momentum,50,1.318165106613785,1.318165106613785,1.318165106613785,0.0,0.0,1.690126204676077e-15,4.0127436896701894e-17,3.168599958835206e-17,4.0127436896701894e-17,3.168599958835206e-17,7.878813514751775e-17,1.0000000000000053,7.878813514751775e-17,1.0000000000000053,5.78324491138285e-16,5.78324491138285e-16,True,True,True,True,False,False,False
o_proj,11,2025,momentum,1,1.2904365050932063,1.2904365050932063,1.2904365050932063,0.0,0.0,1.3956037275211793e-15,2.474391479689001e-18,9.288571658169074e-19,2.474391479689001e-18,9.288571658169074e-19,5.245832302423107e-18,1.0000000000000249,5.245832302423107e-18,1.0000000000000249,1.395603727521179e-15,1.395603727521179e-15,True,True,True,True,False,False,False
o_proj,11,2025,momentum,10,1.28963544017021,1.28963544017021,1.28963544017021,0.0,0.0,9.865625328187033e-16,1.2625609535368214e-17,1.1516739134531071e-17,1.2625609535368214e-17,1.1516739134531071e-17,2.835369503800851e-17,1.0000000000000113,2.835369503800851e-17,1.0000000000000113,5.114815224502228e-16,5.114815224502228e-16,True,True,True,True,False,False,False
o_proj,11,2025,momentum,50,1.282968171867721,1.282968171867721,1.282968171867721,0.0,0.0,2.024784245573169e-15,3.709797833420672e-17,3.1427521157317074e-17,3.709797833420672e-17,3.1427521157317074e-17,7.53466249744446e-17,1.0000000000000075,7.53466249744446e-17,1.0000000000000075,4.897491670265426e-16,4.897491670265426e-16,True,True,True,True,False,False,False
o_proj,12,2025,momentum,1,1.3129590396980064,1.3129590396980064,1.3129590396980064,0.0,0.0,1.357000443169187e-15,1.6029178736749493e-18,5.156621931817842e-19,1.6029178736749493e-18,5.156621931817842e-19,4.5435481713615745e-18,0.9999999999999902,4.5435481713615745e-18,0.9999999999999902,1.357000443169187e-15,1.357000443169187e-15,True,True,True,True,False,False,False
o_proj,12,2025,momentum,10,1.3121029267849724,1.3121029267849724,1.3121029267849724,0.0,0.0,1.262523492544103e-15,1.5051882615580605e-17,1.2099429384063614e-17,1.5051882615580605e-17,1.2099429384063614e-17,3.09981023825005e-17,0.9999999999999938,3.09981023825005e-17,0.9999999999999938,5.672395102008109e-16,5.672395102008109e-16,True,True,True,True,False,False,False
o_proj,12,2025,momentum,50,1.3049330931755274,1.3049330931755274,1.3049330931755274,0.0,0.0,1.7438127443981762e-15,3.7375730162410044e-17,3.2873297490766306e-17,3.7375730162410044e-17,3.2873297490766306e-17,7.695365266911084e-17,1.0000000000000102,7.695365266911084e-17,1.0000000000000102,4.828209495315747e-16,4.828209495315747e-16,True,True,True,True,False,False,False
o_proj,13,2025,momentum,1,1.327896454344722,1.327896454344722,1.327896454344722,0.0,0.0,1.6359062275413054e-15,1.5812541038537642e-18,1.8735553748019757e-18,1.5812541038537642e-18,1.8735553748019757e-18,5.364210312537484e-18,0.9999999999999869,5.364210312537484e-18,0.9999999999999869,1.635906227541305e-15,1.635906227541305e-15,True,True,True,True,False,False,False
o_proj,13,2025,momentum,10,1.3269729630959008,1.3269729630959008,1.3269729630959008,0.0,0.0,1.4936260209881068e-15,1.6478734212076537e-17,8.165499813169122e-18,1.6478734212076537e-17,8.165499813169122e-18,3.100896354083585e-17,1.000000000000009,3.100896354083585e-17,1.000000000000009,6.181536143147171e-16,6.181536143147171e-16,True,True,True,True,False,False,False
o_proj,13,2025,momentum,50,1.3192641244301857,1.3192641244301857,1.3192641244301857,0.0,0.0,1.76195757455646e-15,4.1077463192329655e-17,2.871997402763344e-17,4.1077463192329655e-17,2.871997402763344e-17,7.802053832165119e-17,0.9999999999999801,7.802053832165119e-17,0.9999999999999801,5.231977735511847e-16,5.231977735511847e-16,True,True,True,True,False,False,False
o_proj,14,2025,momentum,1,1.324246244535858,1.324246244535858,1.324246244535858,0.0,0.0,1.4850424953958024e-15,1.0871147896429696e-18,3.72641627994629e-18,1.0871147896429696e-18,3.72641627994629e-18,5.648337003898391e-18,0.9999999999999926,5.648337003898391e-18,0.9999999999999926,1.4850424953958014e-15,1.4850424953958014e-15,True,True,True,True,False,False,False
o_proj,14,2025,momentum,10,1.3233912123117535,1.3233912123117537,1.3233912123117537,2.220446049250313e-16,2.220446049250313e-16,1.852775216525703e-15,1.296264204639836e-17,1.0471267705740562e-17,1.296264204639836e-17,1.0471267705740562e-17,2.865592842733972e-17,1.0000000000000024,2.865592842733972e-17,1.0000000000000024,6.945454170016161e-16,6.945454170016161e-16,True,True,True,True,False,False,False
o_proj,14,2025,momentum,50,1.3162784226366058,1.3162784226366058,1.3162784226366058,0.0,0.0,1.7051970952676298e-15,3.977990643829964e-17,3.215360586039936e-17,3.977990643829964e-17,3.215360586039936e-17,7.929542835631366e-17,0.9999999999999991,7.929542835631366e-17,0.9999999999999991,5.713422702332825e-16,5.713422702332825e-16,True,True,True,True,False,False,False
o_proj,15,2025,momentum,1,1.3195554780921508,1.3195554780921508,1.3195554780921508,0.0,0.0,1.4058603709375248e-15,3.843083106969371e-18,1.8912247753615213e-18,3.843083106969371e-18,1.8912247753615213e-18,8.338460472421356e-18,0.9999999999999931,8.338460472421356e-18,0.9999999999999931,1.4058603709375244e-15,1.4058603709375244e-15,True,True,True,True,False,False,False
o_proj,15,2025,momentum,10,1.3186728345003966,1.3186728345003966,1.3186728345003966,0.0,0.0,1.097587224471908e-15,1.4910981141199115e-17,1.355383123246402e-17,1.4910981141199115e-17,1.355383123246402e-17,3.228430686782943e-17,0.9999999999999927,3.228430686782943e-17,0.9999999999999927,6.477259341097692e-16,6.477259341097692e-16,True,True,True,True,False,False,False
o_proj,15,2025,momentum,50,1.311454674127709,1.311454674127709,1.311454674127709,0.0,0.0,1.856154137769301e-15,4.378642112111646e-17,3.425895911734917e-17,4.378642112111646e-17,3.425895911734917e-17,8.316514432534143e-17,0.9999999999999882,8.316514432534143e-17,0.9999999999999882,5.930799002698093e-16,5.930799002698093e-16,True,True,True,True,False,False,False
o_proj,16,2025,momentum,1,1.3936946202447915,1.3936946202447915,1.3936946202447915,0.0,0.0,1.3170700697471043e-15,2.699505467869914e-18,6.613076136199227e-19,2.699505467869914e-18,6.613076136199227e-19,5.060384616781667e-18,0.9999999999999908,5.060384616781667e-18,0.9999999999999908,1.3170700697471037e-15,1.3170700697471037e-15,True,True,True,True,False,False,False
o_proj,16,2025,momentum,10,1.3928065988594382,1.3928065988594382,1.3928065988594382,0.0,0.0,1.4665319986059755e-15,1.5296841004867854e-17,8.584200777291745e-18,1.5296841004867854e-17,8.584200777291745e-18,2.956832504784514e-17,1.0000000000000047,2.956832504784514e-17,1.0000000000000047,5.916298970915924e-16,5.916298970915924e-16,True,True,True,True,False,False,False
o_proj,16,2025,momentum,50,1.3855449381223781,1.3855449381223781,1.3855449381223781,0.0,0.0,1.4648767519810075e-15,4.347703564450505e-17,3.138973996073058e-17,4.347703564450505e-17,3.138973996073058e-17,8.130292303308304e-17,0.999999999999991,8.130292303308304e-17,0.999999999999991,5.302855801098714e-16,5.302855801098714e-16,True,True,True,True,False,False,False
o_proj,17,2025,momentum,1,1.34988356913958,1.34988356913958,1.34988356913958,0.0,0.0,1.5686921368526995e-15,4.377840693443599e-18,3.803079522665129e-18,4.377840693443599e-18,3.803079522665129e-18,8.675188415830526e-18,0.999999999999987,8.675188415830526e-18,0.999999999999987,1.5686921368527e-15,1.5686921368527e-15,True,True,True,True,False,False,False
o_proj,17,2025,momentum,10,1.3490692194768983,1.3490692194768983,1.3490692194768983,0.0,0.0,1.548313664512774e-15,1.7185001919362066e-17,1.0190446711509975e-17,1.7185001919362066e-17,1.0190446711509975e-17,3.267816496061989e-17,0.9999999999999887,3.267816496061989e-17,0.9999999999999887,6.276920277632314e-16,6.276920277632314e-16,True,True,True,True,False,False,False
o_proj,17,2025,momentum,50,1.3419926662934902,1.3419926662934902,1.3419926662934902,0.0,0.0,1.8596772012638826e-15,3.921898729938666e-17,3.2429889305379856e-17,3.921898729938666e-17,3.2429889305379856e-17,7.811168535802644e-17,1.0000000000000009,7.811168535802644e-17,1.0000000000000009,4.951853028001325e-16,4.951853028001325e-16,True,True,True,True,False,False,False
o_proj,18,2025,momentum,1,1.3510321787735056,1.3510321787735053,1.3510321787735053,2.220446049250313e-16,2.220446049250313e-16,1.375467928100601e-15,1.7183962011459899e-18,1.0240036583616673e-18,1.7183962011459899e-18,1.0240036583616673e-18,4.455854862652611e-18,1.0000000000000082,4.455854862652611e-18,1.0000000000000082,1.3754679281006005e-15,1.3754679281006005e-15,True,True,True,True,False,False,False
o_proj,18,2025,momentum,10,1.350110339765648,1.3501103397656478,1.3501103397656478,2.220446049250313e-16,2.220446049250313e-16,1.2972073687513242e-15,1.1578546925025041e-17,9.689877273848025e-18,1.1578546925025041e-17,9.689877273848025e-18,2.7099475887751375e-17,0.9999999999999891,2.7099475887751375e-17,0.9999999999999891,5.7226800442042645e-16,5.7226800442042645e-16,True,True,True,True,False,False,False
o_proj,18,2025,momentum,50,1.3424004265286915,1.3424004265286917,1.3424004265286917,2.220446049250313e-16,2.220446049250313e-16,1.5339693464614787e-15,3.76546724101751e-17,3.2188637037875154e-17,3.76546724101751e-17,3.2188637037875154e-17,7.729048663993103e-17,1.0000000000000053,7.729048663993103e-17,1.0000000000000053,6.460886294009164e-16,6.460886294009164e-16,True,True,True,True,False,False,False
o_proj,19,2025,momentum,1,1.310478276059005,1.3104782760590052,1.3104782760590052,2.220446049250313e-16,2.220446049250313e-16,1.3453002474848773e-15,5.23353725897178e-18,2.7663796372717755e-18,5.23353725897178e-18,2.7663796372717755e-18,8.98667137769064e-18,1.0000000000000147,8.98667137769064e-18,1.0000000000000147,1.3453002474848779e-15,1.3453002474848779e-15,True,True,True,True,False,False,False
o_proj,19,2025,momentum,10,1.309662089287179,1.309662089287179,1.309662089287179,0.0,0.0,1.2070828057856518e-15,1.5469100595031282e-17,1.031977854865068e-17,1.5469100595031282e-17,1.031977854865068e-17,2.977693461308402e-17,1.0000000000000129,2.977693461308402e-17,1.0000000000000129,5.487137884659277e-16,5.487137884659277e-16,True,True,True,True,False,False,False
o_proj,19,2025,momentum,50,1.3026839907312857,1.3026839907312857,1.3026839907312857,0.0,0.0,1.6112378135727847e-15,3.685143348960411e-17,3.038714903681384e-17,3.685143348960411e-17,3.038714903681384e-17,7.470429848079142e-17,1.0000000000000182,7.470429848079142e-17,1.0000000000000182,6.272085848313709e-16,6.272085848313709e-16,True,True,True,True,False,False,False
o_proj,20,2025,momentum,1,1.3929625280152418,1.3929625280152418,1.3929625280152418,0.0,0.0,1.1944000280770108e-15,1.6738429869597235e-18,3.663157811213585e-18,1.6738429869597235e-18,3.663157811213585e-18,6.572084766418766e-18,1.0000000000000089,6.572084766418766e-18,1.0000000000000089,1.1944000280770102e-15,1.1944000280770102e-15,True,True,True,True,False,False,False
o_proj,20,2025,momentum,10,1.3919724565524265,1.3919724565524265,1.3919724565524265,0.0,0.0,1.3130874811473762e-15,1.7094192174500618e-17,1.0343132896514972e-17,1.7094192174500618e-17,1.0343132896514972e-17,3.31833838092186e-17,1.0000000000000053,3.31833838092186e-17,1.0000000000000053,6.330071056206021e-16,6.330071056206021e-16,True,True,True,True,False,False,False
o_proj,20,2025,momentum,50,1.3838949688341888,1.3838949688341888,1.3838949688341888,0.0,0.0,1.6534822958047233e-15,4.288701268002762e-17,3.4111342916601203e-17,4.288701268002762e-17,3.4111342916601203e-17,8.320130818429282e-17,1.0000000000000069,8.320130818429282e-17,1.0000000000000069,5.687788227204996e-16,5.687788227204996e-16,True,True,True,True,False,False,False
o_proj,21,2025,momentum,1,1.4899360793278051,1.4899360793278051,1.4899360793278051,0.0,0.0,1.9206737979560297e-15,2.4997600043979603e-18,1.9064696947842136e-18,2.4997600043979603e-18,1.9064696947842136e-18,6.23324386897811e-18,0.9999999999999953,6.23324386897811e-18,0.9999999999999953,1.920673797956028e-15,1.920673797956028e-15,True,True,True,True,False,False,False
o_proj,21,2025,momentum,10,1.4891013668539026,1.4891013668539026,1.4891013668539026,0.0,0.0,1.4676147560230316e-15,1.3404220179515338e-17,9.20805687424932e-18,1.3404220179515338e-17,9.20805687424932e-18,2.9548346572081014e-17,1.0000000000000122,2.9548346572081014e-17,1.0000000000000122,7.72420989029128e-16,7.72420989029128e-16,True,True,True,True,False,False,False
o_proj,21,2025,momentum,50,1.482112116461656,1.482112116461656,1.482112116461656,0.0,0.0,2.2161370658143256e-15,4.191471522415557e-17,3.170484608970403e-17,4.191471522415557e-17,3.170484608970403e-17,8.276008741216103e-17,1.000000000000015,8.276008741216103e-17,1.000000000000015,7.59455756954294e-16,7.59455756954294e-16,True,True,True,True,False,False,False
o_proj,22,2025,momentum,1,1.4504625955264576,1.4504625955264576,1.4504625955264576,0.0,0.0,1.5772386123529347e-15,2.477480691049537e-18,5.167716140760875e-19,2.477480691049537e-18,5.167716140760875e-19,5.248637126296004e-18,0.9999999999999953,5.248637126296004e-18,0.9999999999999953,1.577238612352935e-15,1.577238612352935e-15,True,True,True,True,False,False,False
o_proj,22,2025,momentum,10,1.4494776627329604,1.4494776627329604,1.4494776627329604,0.0,0.0,1.1130971570559468e-15,1.6502644145462115e-17,1.0988420000570444e-17,1.6502644145462115e-17,1.0988420000570444e-17,3.243645959191282e-17,1.0000000000000138,3.243645959191282e-17,1.0000000000000138,5.94480831756071e-16,5.94480831756071e-16,True,True,True,True,False,False,False
o_proj,22,2025,momentum,50,1.4411182829661604,1.4411182829661604,1.4411182829661604,0.0,0.0,1.6930620067351974e-15,4.3457908108754577e-17,3.399270070397529e-17,4.3457908108754577e-17,3.399270070397529e-17,8.348434259737995e-17,1.0000000000000036,8.348434259737995e-17,1.0000000000000036,6.067424831505584e-16,6.067424831505584e-16,True,True,True,True,False,False,False
o_proj,23,2025,momentum,1,1.4462717851380988,1.4462717851380988,1.4462717851380988,0.0,0.0,1.3744465129414313e-15,5.96622654861617e-19,1.0813038748763451e-18,5.96622654861617e-19,1.0813038748763451e-18,3.413371770932171e-18,0.9999999999999727,3.413371770932171e-18,0.9999999999999727,1.3744465129414315e-15,1.3744465129414315e-15,True,True,True,True,False,False,False
o_proj,23,2025,momentum,10,1.4453606649873296,1.4453606649873296,1.4453606649873296,0.0,0.0,1.2913282056381135e-15,1.7310789610417835e-17,9.720539716767652e-18,1.7310789610417835e-17,9.720539716767652e-18,3.2698051600775845e-17,0.9999999999999821,3.2698051600775845e-17,0.9999999999999821,6.578754887514574e-16,6.578754887514574e-16,True,True,True,True,False,False,False
o_proj,23,2025,momentum,50,1.43777314364769,1.43777314364769,1.43777314364769,0.0,0.0,1.8898634150739822e-15,4.381476135597503e-17,3.138416307667284e-17,4.381476135597503e-17,3.138416307667284e-17,8.309159345376989e-17,1.0000000000000053,8.309159345376989e-17,1.0000000000000053,7.270475717034562e-16,7.270475717034562e-16,True,True,True,True,False,False,False
gate_proj,0,2025,momentum,1,1.492261508413037,1.492261508413037,1.492261508413037,0.0,0.0,2.340944090598803e-15,0.00012085039674336899,1.2253092685515414e-18,9.402656322030951e-17,1.2253092685515414e-18,0.00017697392086415403,0.9999999843630275,1.2683184219775043e-16,1.000000000000029,1.3040934042803962,2.3273303782892433e-15,False,True,False,True,True,False,False
gate_proj,0,2025,momentum,10,1.4913772546935808,1.4903753836652567,1.4913772546935808,0.0010018710283241639,0.0,0.06451178178960171,0.004830388187114741,5.843120016209565e-06,2.1843899765253162e-16,6.742519200267685e-18,0.0070548607015279,0.9999751325072973,2.4603069522572495e-16,0.9999999999999939,1.2446818395645562,1.0907995296756965e-15,False,True,False,True,True,False,False
gate_proj,0,2025,momentum,50,1.4851287660885424,1.4820889348292707,1.4851287660885422,0.0030398312592716525,2.220446049250313e-16,1.1988940702639956,0.028500735898835044,0.0007034060980326956,4.862331059264704e-16,1.8514321714736047e-17,0.03926978702880965,0.9992293447921946,5.052637088562889e-16,1.0000000000000302,0.5564042753682785,6.899868895413265e-16,False,True,False,True,True,False,False
gate_proj,1,2025,momentum,1,1.4929229909471071,1.4929229909471076,1.4929229909471076,4.440892098500626e-16,4.440892098500626e-16,2.60299634353996e-15,0.04761874350065643,1.1996189203771592e-18,9.413018124930158e-17,1.1996189203771592e-18,0.04666560593016521,0.9989129379730013,1.2536561007904429e-16,1.0000000000000409,522.8945423986846,2.593580128483219e-15,False,True,False,True,True,False,False
gate_proj,1,2025,momentum,10,1.4920423252549955,nan,1.4920423252549955,nan,0.0,nan,nan,nan,2.1950925955556257e-16,5.744757539899676e-18,nan,nan,2.453469615472649e-16,1.0000000000000018,nan,7.719650669813628e-16,False,True,False,True,True,False,True
gate_proj,1,2025,momentum,50,1.4858910611211815,nan,1.4858910611211813,nan,2.220446049250313e-16,nan,nan,nan,4.709672271837165e-16,1.7821040276147527e-17,nan,nan,4.8610385835732e-16,1.0000000000000109,nan,8.475917800018365e-16,False,True,False,True,True,False,True
gate_proj,2,2025,momentum,1,1.5099313498084406,1.5099313498084406,1.5099313498084406,0.0,0.0,2.66614377982821e-15,0.06835585630915739,1.880019337858623e-18,9.434755990116888e-17,1.880019337858623e-18,0.09140035726707714,0.9958490055048466,1.255020139427535e-16,1.0000000000000027,658.2099984969492,2.673033522788362e-15,False,True,False,True,True,False,False
gate_proj,2,2025,momentum,10,1.5088271984672912,nan,1.5088271984672912,nan,0.0,nan,nan,nan,2.2081524950020292e-16,6.692246401714411e-18,nan,nan,2.4632882850819433e-16,1.0000000000000406,nan,1.0494748524597708e-15,False,True,False,True,True,False,True
gate_proj,2,2025,momentum,50,1.5013487599255684,nan,1.5013487599255686,nan,2.220446049250313e-16,nan,nan,nan,4.722285982310854e-16,1.9956983169711532e-17,nan,nan,4.910919606024305e-16,1.0000000000000688,nan,7.281978597777722e-16,False,True,False,True,True,False,True
gate_proj,3,2025,momentum,1,1.4551945349845483,1.4551945349845483,1.4551945349845483,0.0,0.0,2.0821766949112457e-15,0.040953577204183314,2.3278613012039135e-18,9.26573095411729e-17,2.3278613012039135e-18,0.05344131221757659,0.9985750874393439,1.2487580630870452e-16,0.9999999999999545,335.4142489269829,2.052021686554455e-15,False,True,False,True,True,False,False
gate_proj,3,2025,momentum,10,1.4539085477493687,nan,1.4539085477493687,nan,0.0,nan,nan,nan,2.246336518566832e-16,6.318836453512693e-18,nan,nan,2.498604659166842e-16,0.9999999999999871,nan,7.387994612396492e-16,False,True,False,True,True,False,True
gate_proj,3,2025,momentum,50,1.445235010652011,nan,1.445235010652011,nan,0.0,nan,nan,nan,4.745638527234262e-16,1.8828343869028084e-17,nan,nan,4.909046967377846e-16,0.9999999999999895,nan,8.286864866134206e-16,False,True,False,True,True,False,True
gate_proj,4,2025,momentum,1,1.4518880312725817,1.4518880312725817,1.4518880312725817,0.0,0.0,3.0249864746975654e-15,0.02338327979735812,1.5351773961707493e-18,9.409301294804372e-17,1.5351773961707493e-18,0.029739867988025182,0.999558067042442,1.2519899163286432e-16,1.0000000000000058,249.62845342401204,3.011389290748189e-15,False,True,False,True,True,False,False
gate_proj,4,2025,momentum,10,1.4509691073005277,nan,1.4509691073005277,nan,0.0,nan,nan,nan,2.2212847265180963e-16,5.300594647002086e-18,nan,nan,2.4762334826143207e-16,1.000000000000001,nan,8.711071974196419e-16,False,True,False,True,True,False,True
gate_proj,4,2025,momentum,50,1.4446555736194329,nan,1.4446555736194326,nan,2.220446049250313e-16,nan,nan,nan,4.765262517139316e-16,1.8691339743907977e-17,nan,nan,4.912095068142238e-16,1.0000000000000306,nan,8.312417773686547e-16,False,True,False,True,True,False,True
gate_proj,5,2025,momentum,1,1.5276741419524795,1.5276741419524795,1.5276741419524795,0.0,0.0,2.9458164927140535e-15,0.15410894540029557,8.979690766125802e-19,9.352709130635182e-17,8.979690766125802e-19,0.2070071233153462,0.9792391498037195,1.2463808114289425e-16,1.0000000000000044,1380.2181898661895,2.9402575996130004e-15,False,True,False,True,True,False,False
gate_proj,5,2025,momentum,10,1.5263924704435425,nan,1.5263924704435425,nan,0.0,nan,nan,nan,2.176197619062718e-16,6.415077320678522e-18,nan,nan,2.4213871811921214e-16,0.9999999999999742,nan,8.067830041319701e-16,False,True,False,True,True,False,True
gate_proj,5,2025,momentum,50,1.517727932211104,nan,1.5177279322111044,nan,4.440892098500626e-16,nan,nan,nan,4.809198464220227e-16,1.897829907002362e-17,nan,nan,4.977419336106706e-16,1.0000000000000777,nan,6.488946003174434e-16,False,True,False,True,True,False,True
gate_proj,6,2025,momentum,1,1.4232295367738015,1.4232295367738015,1.4232295367738015,0.0,0.0,2.358679754357164e-15,0.05480787489086264,8.507449205374725e-19,9.62769822838188e-17,8.507449205374725e-19,0.053105014102344354,0.9985929150616855,1.2851320555595587e-16,0.999999999999941,668.2844048254298,2.3832641705640202e-15,False,True,False,True,True,False,False
gate_proj,6,2025,momentum,10,1.4225009274000608,nan,1.4225009274000608,nan,0.0,nan,nan,nan,2.1698202868802308e-16,6.897439771432486e-18,nan,nan,2.4318789796375634e-16,1.0000000000000204,nan,9.39094273383167e-16,False,True,False,True,True,False,True
gate_proj,6,2025,momentum,50,1.4173533296660348,nan,1.4173533296660348,nan,0.0,nan,nan,nan,4.661243423521704e-16,1.9273594391809763e-17,nan,nan,4.803299760523101e-16,1.0000000000000622,nan,8.015924210942618e-16,False,True,False,True,True,False,True
gate_proj,7,2025,momentum,1,1.404283898251057,1.404283898251057,1.404283898251057,0.0,0.0,3.701904179407907e-15,0.023640554353727344,4.711969534048898e-19,9.280472159029601e-17,4.711969534048898e-19,0.0218112877411488,0.9997622199500023,1.2491100167201634e-16,0.999999999999925,392.8396185361157,3.663047668283441e-15,False,True,False,True,True,False,False
gate_proj,7,2025,momentum,10,1.403863049511329,nan,1.4038630495113291,nan,2.220446049250313e-16,nan,nan,nan,2.221184951330983e-16,5.990596254532236e-18,nan,nan,2.4714699197290945e-16,1.0000000000000158,nan,1.1152610826396277e-15,False,True,False,True,True,False,True
gate_proj,7,2025,momentum,50,1.400667080122552,nan,1.400667080122552,nan,0.0,nan,nan,nan,4.7367899812414e-16,1.9275027976096514e-17,nan,nan,4.891404217359859e-16,1.0000000000000009,nan,7.990113071315409e-16,False,True,False,True,True,False,True
gate_proj,8,2025,momentum,1,1.4097663822487045,1.4097663822487045,1.4097663822487045,0.0,0.0,3.0109652607443614e-15,0.03134662784242969,1.0828683762149481e-18,9.585489194150175e-17,1.0828683762149481e-18,0.029138056264212436,0.999575759632913,1.274286870456302e-16,0.9999999999999767,578.9543170340321,3.043746534249462e-15,False,True,False,True,True,False,False
gate_proj,8,2025,momentum,10,1.409405597520548,nan,1.4094055975205477,nan,2.220446049250313e-16,nan,nan,nan,2.2184198409858384e-16,7.487602174479146e-18,nan,nan,2.476641539980202e-16,1.000000000000016,nan,1.019193435028727e-15,False,True,False,True,True,False,True
gate_proj,8,2025,momentum,50,1.4066590093137183,nan,1.4066590093137183,nan,0.0,nan,nan,nan,4.656059249270843e-16,1.8689155557818765e-17,nan,nan,4.82178898250402e-16,1.000000000000038,nan,1.0685615709922374e-15,False,True,False,True,True,False,True
gate_proj,9,2025,momentum,1,1.3682196050971402,1.3682196050971405,1.3682196050971405,2.220446049250313e-16,2.220446049250313e-16,2.329904570829319e-15,0.15693057913060027,1.94231427033799e-18,9.293661644198097e-17,1.94231427033799e-18,0.2231369132254516,0.975997845495693,1.243853127417895e-16,1.0000000000000515,2441.041015104662,2.3393494185508485e-15,False,True,False,True,True,False,False
gate_proj,9,2025,momentum,10,1.367740939852428,nan,1.3677409398524276,nan,4.440892098500626e-16,nan,nan,nan,2.200498523218521e-16,5.8984515980041365e-18,nan,nan,2.4572304377425503e-16,1.0000000000000067,nan,7.825044951100337e-16,False,True,False,True,True,False,True
gate_proj,9,2025,momentum,50,1.3641862207198256,nan,1.3641862207198256,nan,0.0,nan,nan,nan,4.754951108313443e-16,1.8365315248548753e-17,nan,nan,4.932899628244539e-16,0.9999999999999933,nan,9.03121811294241e-16,False,True,False,True,True,False,True
gate_proj,10,2025,momentum,1,1.4007571553292335,1.4007571553292335,1.4007571553292335,0.0,0.0,4.113804960592011e-15,7.820874085256822e-05,6.480810066849234e-19,9.39471348586083e-17,6.480810066849234e-19,0.00010463515810010609,0.9999999945347245,1.2399858416512607e-16,0.9999999999999792,1.1158093798942619,4.103015892574041e-15,False,True,False,True,True,False,False
gate_proj,10,2025,momentum,10,1.4002171268548453,1.3995609763618972,1.4002171268548453,0.0006561504929480932,0.0,0.07075204039700807,0.0031745411014580827,5.140288619964372e-06,2.1325544380321904e-16,5.489931398652887e-18,0.004234041352594148,0.999991053433553,2.3946119439991246e-16,0.999999999999989,1.0972733746300787,9.037711558834557e-16,False,True,False,True,True,False,False
gate_proj,10,2025,momentum,50,1.3962747452854039,1.394020650170547,1.396274745285404,0.0022540951148568578,2.220446049250313e-16,1.0085543272300839,0.024464631354415834,0.0006316452699409602,4.767601783702435e-16,1.856587339489696e-17,0.031261645620405176,0.9995130436041049,4.905356482649126e-16,1.0000000000000009,0.9515836362012059,9.1673006595685e-16,False,True,False,True,True,False,False
gate_proj,11,2025,momentum,1,1.3378893828960583,1.3378893828960587,1.3378893828960587,4.440892098500626e-16,4.440892098500626e-16,2.6608962046772023e-15,5.8439535657894845e-05,9.671847710182854e-19,9.143510358643172e-17,9.671847710182854e-19,7.465993211247431e-05,0.9999999972240539,1.2224998531087509e-16,0.9999999999999536,1.0285273413075644,2.628510900082197e-15,False,True,False,True,True,False,False
gate_proj,11,2025,momentum,10,1.33750849647947,1.3371782928127438,1.33750849647947,0.00033020366672609214,0.0,0.049351336163864744,0.002382218477075085,3.116836215704734e-06,2.2765962456670306e-16,5.955621170737886e-18,0.0030339466396609844,0.9999954172773898,2.514280146096993e-16,1.0000000000000207,1.018510054224593,9.746820161287804e-16,False,True,False,True,True,False,False
gate_proj,11,2025,momentum,50,1.3346551872789665,1.3333204121129851,1.334655187278967,0.00133477516598135,4.440892098500626e-16,0.6198422584293861,0.019259660183208245,0.0003985977503257699,4.84836662072434e-16,1.8788368982860227e-17,0.023480686997795052,0.9997261099242463,5.019405456028462e-16,1.0000000000000107,0.9313375796274745,1.0131957523545924e-15,False,True,False,True,True,False,False
gate_proj,12,2025,momentum,1,1.349976020015425,1.349976020015425,1.349976020015425,0.0,0.0,3.0347693128254524e-15,6.330999709894436e-05,6.936360789387238e-19,9.555001530630398e-17,6.936360789387238e-19,8.220120283054143e-05,0.9999999966257997,1.29069536649538e-16,0.9999999999999849,1.0594437818657698,2.927699058040235e-15,False,True,False,True,True,False,False
gate_proj,12,2025,momentum,10,1.3495612840209488,1.349158271103524,1.349561284020949,0.0004030129174248387,2.220446049250313e-16,0.05504275315790196,0.002576933598857665,3.5672009292550736e-06,2.199951566965776e-16,5.888539429814401e-18,0.00333495559313387,0.9999944471434509,2.4417881952715926e-16,1.000000000000016,1.0464261394674912,1.070234184979502e-15,False,True,False,True,True,False,False
gate_proj,12,2025,momentum,50,1.346477927450449,1.3449322339497298,1.3464779274504493,0.001545693500719203,2.220446049250313e-16,0.7294537855377413,0.020460675471339576,0.00045242417608257657,4.717250117667632e-16,1.781038693868247e-17,0.02529360674850466,0.9996810309741866,4.863642066122722e-16,1.0000000000000018,0.9327984230943835,7.504358525575374e-16,False,True,False,True,True,False,False
gate_proj,13,2025,momentum,1,1.3328935025237532,1.3328935025237525,1.3328935025237525,6.661338147750939e-16,6.661338147750939e-16,3.2645094571960317e-15,6.019903764388903e-05,1.3351749014814884e-18,9.203849530787562e-17,1.3351749014814884e-18,7.8911089524961e-05,0.9999999968943599,1.229478795757272e-16,1.0000000000000133,0.9769576397275386,3.256288279802534e-15,False,True,False,True,True,False,False
gate_proj,13,2025,momentum,10,1.3324512311467236,1.3321313009273934,1.3324512311467236,0.00031993021933018895,0.0,0.03992264215406289,0.0024562235085028245,2.7291162412180227e-06,2.2600844559363517e-16,5.151768603451627e-18,0.003211587598771716,0.9999948569518586,2.503893862052689e-16,1.0000000000000104,0.9686555299335171,8.225355496739859e-16,False,True,False,True,True,False,False
gate_proj,13,2025,momentum,50,1.3291388851347825,1.3277772174465363,1.3291388851347823,0.0013616676882461931,2.220446049250313e-16,0.5034441605359137,0.020043688063084743,0.0003521038152515167,4.815259479360385e-16,1.7119643407443152e-17,0.025268332815563732,0.9996821602396828,4.918201839970043e-16,1.0000000000000104,0.8923862150950235,9.612597306043953e-16,False,True,False,True,True,False,False
gate_proj,14,2025,momentum,1,1.3608416835356436,1.3608416835356434,1.3608416835356434,2.220446049250313e-16,2.220446049250313e-16,2.756075749737252e-15,4.545735709592203e-05,1.2072677713592343e-18,9.414624422207453e-17,1.2072677713592343e-18,5.488734774292269e-05,0.9999999984974486,1.2653856306432192e-16,0.9999999999999971,0.8263433200862083,2.7551031650790217e-15,False,True,False,True,True,False,False
gate_proj,14,2025,momentum,10,1.3604771391587924,1.3603560628739941,1.3604771391587924,0.0001210762847982938,0.0,0.016488145580166622,0.0018620324377722087,1.1962106363334977e-06,2.1606026063979637e-16,6.0182658739841075e-18,0.0022425258091809323,0.9999974920919907,2.4180546981614493e-16,1.0000000000000504,0.8243226648786246,1.5841596760571377e-15,False,True,False,True,True,False,False
gate_proj,14,2025,momentum,50,1.3576454338519084,1.3569899680591309,1.3576454338519086,0.000655465792777532,2.220446049250313e-16,0.18797767021727166,0.015930359439849523,0.00016481253500609454,4.807303872879688e-16,1.8524592975648646e-17,0.018458981122792165,0.9998302227787261,4.970087608631546e-16,1.000000000000023,0.801248908240562,8.855921541561142e-16,False,True,False,True,True,False,False
gate_proj,15,2025,momentum,1,1.3463418706761399,1.3463418706761399,1.3463418706761399,0.0,0.0,2.53806216319416e-15,4.820053035862563e-05,7.28450175488331e-19,9.854539537671733e-17,7.28450175488331e-19,6.197983140941939e-05,0.9999999980847384,1.3035018920502328e-16,0.9999999999999813,0.750475046777446,2.5039957178161025e-15,False,True,False,True,True,False,False
gate_proj,15,2025,momentum,10,1.3458718140323116,1.345809309584808,1.3458718140323116,6.2504447503553e-05,0.0,0.008391498613407065,0.001974464089920865,6.33839831337002e-07,2.184792414632947e-16,6.09163791429028e-18,0.002533804708708967,0.999996799224107,2.4374238684705934e-16,0.9999999999999576,0.7500078694853322,1.0564431256863813e-15,False,True,False,True,True,False,False
gate_proj,15,2025,momentum,50,1.3423553632894356,1.3420223387676784,1.3423553632894356,0.0003330245217572081,0.0,0.09450085521498314,0.0168550513125716,8.652287434191519e-05,4.690939702546981e-16,1.8116088439886632e-17,0.020947560100912036,0.9997813097620754,4.839382449394191e-16,1.00000000000003,0.7450236344517502,9.452004397135604e-16,False,True,False,True,True,False,False
gate_proj,16,2025,momentum,1,1.383201594067507,1.3832015940675069,1.3832015940675069,2.220446049250313e-16,2.220446049250313e-16,2.802362595351229e-15,5.0350206173985833e-05,1.6929311037153987e-18,9.369164004318168e-17,1.6929311037153987e-18,7.126331790174657e-05,0.999999997466429,1.242923452526504e-16,1.0000000000000018,0.606525443226729,2.7809015052048175e-15,False,True,False,True,True,False,False
gate_proj,16,2025,momentum,10,1.3824731456514827,1.3826738614642555,1.3824731456514827,0.00020071581277281147,0.0,0.015486635544828384,0.0020559256137140207,1.3001667424390237e-06,2.2181629413973422e-16,6.700479183517217e-18,0.002905862498489958,0.9999957869124696,2.4668902004996463e-16,0.9999999999999973,0.604735175840739,7.491473352682296e-16,False,True,False,True,True,False,False
gate_proj,16,2025,momentum,50,1.3774372475387893,1.3785415480550054,1.3774372475387893,0.001104300516216128,0.0,0.17572826553018267,0.01671232798705257,0.0001785063400372,4.71696103096217e-16,1.9358918563615208e-17,0.023068678994940497,0.9997342615715118,4.819940304782096e-16,1.0000000000000273,0.5766598593835486,8.585456626053143e-16,False,True,False,True,True,False,False
gate_proj,17,2025,momentum,1,1.4262890488411504,1.4262890488411508,1.4262890488411508,4.440892098500626e-16,4.440892098500626e-16,2.6324748440257176e-15,7.05012366204384e-05,6.43904024171898e-19,9.466606723931512e-17,6.43904024171898e-19,0.0001024281992447112,0.9999999947681869,1.258821350493948e-16,1.0000000000000127,0.7115400938456626,2.6300326718444516e-15,False,True,False,True,True,False,False
gate_proj,17,2025,momentum,10,1.4252746555777918,1.4256746366949384,1.4252746555777918,0.00039998111714667495,0.0,0.02114416193722408,0.0028784890767487863,2.190353213194975e-06,2.2041999842488978e-16,7.001819915115103e-18,0.004178132838748697,0.9999912936214634,2.4641345146857286e-16,0.9999999999999809,0.7094354118261558,1.024916862941586e-15,False,True,False,True,True,False,False
gate_proj,17,2025,momentum,50,1.418378955558839,1.4206879347158223,1.4183789555588395,0.0023089791569832485,4.440892098500626e-16,0.23496543696302186,0.02332276745116229,0.000302787290241238,4.633246418143724e-16,2.012481430787804e-17,0.03328903873143155,0.9994467030946387,4.767083350420313e-16,1.0000000000000369,0.6730033681183843,6.973221878228096e-16,False,True,False,True,True,False,False
gate_proj,18,2025,momentum,1,1.3920106473725,1.3920106473725005,1.3920106473725005,4.440892098500626e-16,4.440892098500626e-16,2.9664962490538425e-15,5.7904498965762384e-05,1.6406199486416472e-18,9.402458310909388e-17,1.6406199486416472e-18,8.109780909454718e-05,0.9999999967226374,1.2517519823482765e-16,0.9999999999999779,0.7109424798816837,2.9589291212830814e-15,False,True,False,True,True,False,False
gate_proj,18,2025,momentum,10,1.3913004214503386,1.391572788190263,1.3913004214503386,0.0002723667399244789,0.0,0.019916426906059985,0.0023659823180378005,1.7451554969345454e-06,2.1432355513835415e-16,6.448123605188134e-18,0.003308917442053192,0.999994543338929,2.393905567426132e-16,0.9999999999999604,0.7089626506073488,1.0214849347097269e-15,False,True,False,True,True,False,False
gate_proj,18,2025,momentum,50,1.386306484486225,1.3879534914515197,1.3863064844862256,0.0016470069652947394,6.661338147750939e-16,0.21828232926883973,0.01941517120144659,0.0002446238633230926,4.601928419345409e-16,1.8698077684172282e-17,0.026495389768651678,0.9996498090498808,4.801378898531864e-16,0.999999999999926,0.6756623649206384,7.375640392023081e-16,False,True,False,True,True,False,False
gate_proj,19,2025,momentum,1,1.38612352576536,1.3861235257653597,1.3861235257653597,2.220446049250313e-16,2.220446049250313e-16,2.6042484354387648e-15,5.7504159624400554e-05,2.539441384161166e-18,9.177884656571971e-17,2.539441384161166e-18,8.218207618854331e-05,0.9999999966306782,1.227335616575441e-16,1.0000000000000093,0.7126816408114812,2.579468054846494e-15,False,True,False,True,True,False,False
gate_proj,19,2025,momentum,10,1.3854263317117004,1.3858154522653212,1.3854263317117004,0.0003891205536208364,0.0,0.029287095683715555,0.0023464490748963075,2.4426749228878923e-06,2.1539389592831714e-16,7.273943275590451e-18,0.0033491720694974396,0.999994403472113,2.410681655223786e-16,1.0000000000000435,0.7090218942227222,7.485198070974329e-16,False,True,False,True,True,False,False
gate_proj,19,2025,momentum,50,1.3805284655233454,1.3830351495020043,1.3805284655233454,0.002506683978658941,0.0,0.30766882608546947,0.018817959165418195,0.00034639435985626526,4.593401439996012e-16,1.9020675623520732e-17,0.026262502266494032,0.9996555167050126,4.745248230769441e-16,1.0000000000000335,0.6397075406454013,6.006151839569446e-16,False,True,False,True,True,False,False
gate_proj,20,2025,momentum,1,1.3718040151454374,1.3718040151454376,1.3718040151454376,2.220446049250313e-16,2.220446049250313e-16,2.4342201544122524e-15,4.2998970253742134e-05,7.16195483304444e-19,9.369781160582928e-17,7.16195483304444e-19,5.5807607742781606e-05,0.9999999984469112,1.2476700140159925e-16,0.9999999999999837,0.729332945113342,2.43511429873909e-15,False,True,False,True,True,False,False
gate_proj,20,2025,momentum,10,1.371397017304508,1.3716227879651715,1.3713970173045076,0.00022577066066342688,4.440892098500626e-16,0.0282443098016694,0.0017575485826991791,1.939990392217073e-06,2.2168325607521398e-16,5.306244014206424e-18,0.0022754495871093105,0.9999974178375619,2.480789338541083e-16,0.9999999999999599,0.7260907460986249,1.0983528724231914e-15,False,True,False,True,True,False,False
gate_proj,20,2025,momentum,50,1.3683354960414211,1.369918266936747,1.3683354960414211,0.001582770895325769,0.0,0.28877107954813713,0.01450429839017501,0.0002814606169884263,4.667073979242383e-16,1.866244957706764e-17,0.01802954168793064,0.9998377710780683,4.854974076772694e-16,1.0000000000000198,0.6691431984665924,9.989927332643e-16,False,True,False,True,True,False,False
gate_proj,21,2025,momentum,1,1.3727104674557629,1.3727104674557629,1.3727104674557629,0.0,0.0,2.219651225290307e-15,0.00012411241420950687,1.434201316607258e-18,9.091616380564666e-17,1.434201316607258e-18,0.00016332283009731793,0.9999999866860037,1.229655600992128e-16,0.9999999999999654,1.4304998710749983,2.2027453283136984e-15,False,True,False,True,True,False,False
gate_proj,21,2025,momentum,10,1.3719457123055367,1.3710411825235824,1.3719457123055367,0.0009045297819543219,0.0,0.4130659926222328,0.003923820565417808,6.386939039019763e-05,2.166246489619868e-16,5.396295767614182e-18,0.005045684928141618,0.9999873117353519,2.436903583368004e-16,1.000000000000011,0.9502612774678925,8.632670103800465e-16,False,True,False,True,True,False,False
gate_proj,21,2025,momentum,50,1.3667118298755436,1.3685733643805011,1.3667118298755438,0.0018615345049575183,2.220446049250313e-16,0.4578142463247089,0.02344046969308693,0.0019984313970095448,4.604123354993657e-16,1.8660207248920732e-17,0.032829307819270834,0.9994629960338896,4.790798603093734e-16,0.9999999999999974,0.7661009344041869,8.417016081069993e-16,False,True,False,True,True,False,False
gate_proj,22,2025,momentum,1,1.367414944906782,1.367414944906782,1.367414944906782,0.0,0.0,2.68103016203047e-15,0.1845753958121984,9.395094649100418e-19,9.374356714387268e-17,9.395094649100418e-19,0.22534677805503212,0.9755374040267301,1.250038001174176e-16,1.0000000000000269,2828.0481705215593,2.6859381800172125e-15,False,True,False,True,True,False,False
gate_proj,22,2025,momentum,10,1.3669306542084827,nan,1.3669306542084827,nan,0.0,nan,nan,nan,2.191339774483156e-16,5.770983006455721e-18,nan,nan,2.439605299951112e-16,1.000000000000023,nan,9.390691468505433e-16,False,True,False,True,True,False,True
gate_proj,22,2025,momentum,50,1.363238448615666,nan,1.3632384486156663,nan,4.440892098500626e-16,nan,nan,nan,4.663716650137379e-16,1.7934219195249286e-17,nan,nan,4.817612122098716e-16,1.0000000000000258,nan,8.397794734516726e-16,False,True,False,True,True,False,True
gate_proj,23,2025,momentum,1,1.3536554652552273,1.3536554652552273,1.3536554652552273,0.0,0.0,2.8760673579736773e-15,0.03173574501795577,1.0890053591725856e-18,9.189180428297468e-17,1.0890053591725856e-18,0.029197800769184854,0.9995740191800055,1.241583181137326e-16,0.9999999999999667,406.6633387906952,2.9179151488463966e-15,False,True,False,True,True,False,False
gate_proj,23,2025,momentum,10,1.3529906706559667,nan,1.3529906706559665,nan,2.220446049250313e-16,nan,nan,nan,2.23098244211911e-16,6.4239031313625464e-18,nan,nan,2.500348787423138e-16,1.0000000000000089,nan,6.766165164651729e-16,False,True,False,True,True,False,True
gate_proj,23,2025,momentum,50,1.348188409618668,nan,1.348188409618668,nan,0.0,nan,nan,nan,4.795043695104439e-16,1.8680570625962886e-17,nan,nan,4.95292556467102e-16,1.000000000000032,nan,8.98617754109265e-16,False,True,False,True,True,False,True
up_proj,0,2025,momentum,1,1.2934404431486526,1.2934404431486526,1.2934404431486526,0.0,0.0,2.7976772142037457e-15,7.739014129524951e-05,2.4216029202757336e-18,9.406111801755691e-17,2.4216029202757336e-18,0.00010133650878118882,0.9999999948770943,1.270176225834176e-16,0.9999999999999648,1.3343254782746397,2.808414295112744e-15,False,True,False,True,True,False,False
up_proj,0,2025,momentum,10,1.2930478322359484,1.292632303556251,1.2930478322359482,0.0004155286796974078,2.220446049250313e-16,0.06013074456896919,0.0031051356835538804,3.6416886876335454e-06,2.2306084023984943e-16,6.0034028888752674e-18,0.004038363680278909,0.9999918594490448,2.5093996414437385e-16,1.0000000000000386,1.2807543015349676,1.2867785990295013e-15,False,True,False,True,True,False,False
up_proj,0,2025,momentum,50,1.2901197491718654,1.2885481153180893,1.2901197491718657,0.001571633853776122,2.220446049250313e-16,0.7935438180830608,0.02001184374084975,0.00045692099895058776,4.782251692693111e-16,1.7360118165108283e-17,0.02299480579277795,0.9997355846660391,4.959854892850464e-16,0.9999999999999929,0.739757269974037,8.188939408708365e-16,False,True,False,True,True,False,False
up_proj,1,2025,momentum,1,1.2566989176205343,1.256698917620534,1.256698917620534,2.220446049250313e-16,2.220446049250313e-16,2.396864767445109e-15,0.06407930802784391,2.306637137236765e-18,8.95039391547418e-17,2.306637137236765e-18,0.08608489529219765,0.9963151707289833,1.2105314674722035e-16,1.0000000000000622,1087.5837279658251,2.3750660685861657e-15,False,True,False,True,True,False,False
up_proj,1,2025,momentum,10,1.25629602054001,nan,1.2562960205400098,nan,2.220446049250313e-16,nan,nan,nan,2.197381439882311e-16,6.4309181678817585e-18,nan,nan,2.451516107710977e-16,0.999999999999985,nan,1.035094363250003e-15,False,True,False,True,True,False,True
up_proj,1,2025,momentum,50,1.2532625019887884,nan,1.2532625019887886,nan,2.220446049250313e-16,nan,nan,nan,4.756387296601155e-16,1.6974089852641894e-17,nan,nan,4.91854258751479e-16,1.0000000000000306,nan,9.93862358258755e-16,False,True,False,True,True,False,True
up_proj,2,2025,momentum,1,1.2607160101917374,1.2607160101917374,1.2607160101917374,0.0,0.0,2.891765001663465e-15,0.07010287858345664,1.3983887802299261e-18,9.301139546777255e-17,1.3983887802299261e-18,0.09802219632498396,0.9952301910594594,1.2482572932318688e-16,1.000000000000023,1178.096992922034,2.819044366732974e-15,False,True,False,True,True,False,False
up_proj,2,2025,momentum,10,1.260319175077333,nan,1.260319175077333,nan,0.0,nan,nan,nan,2.2207985901699355e-16,5.851095469429102e-18,nan,nan,2.474493571432316e-16,1.0000000000000198,nan,9.743147796349595e-16,False,True,False,True,True,False,True
up_proj,2,2025,momentum,50,1.2573774001871991,nan,1.2573774001871991,nan,0.0,nan,nan,nan,4.851319524231874e-16,1.7232098872125205e-17,nan,nan,4.977950269559865e-16,0.9999999999999716,nan,8.461477669172614e-16,False,True,False,True,True,False,True
up_proj,3,2025,momentum,1,1.2676399847552213,1.2676399847552213,1.2676399847552213,0.0,0.0,3.0892948090961686e-15,0.050749400166698114,9.219518970044737e-19,9.223608288938359e-17,9.219518970044737e-19,0.07045232228738228,0.9975274558889252,1.2431913724723977e-16,1.0000000000000275,843.3062454379719,3.0066007815363214e-15,False,True,False,True,True,False,False
up_proj,3,2025,momentum,10,1.2672867121793927,nan,1.267286712179393,nan,2.220446049250313e-16,nan,nan,nan,2.272657326964102e-16,5.778987843838183e-18,nan,nan,2.523972481669831e-16,1.000000000000031,nan,9.664126856125702e-16,False,True,False,True,True,False,True
up_proj,3,2025,momentum,50,1.2645786731808721,nan,1.2645786731808721,nan,0.0,nan,nan,nan,4.719876253407293e-16,1.669829974806564e-17,nan,nan,4.89276348497537e-16,1.000000000000036,nan,8.094577305480789e-16,False,True,False,True,True,False,True
up_proj,4,2025,momentum,1,1.2811921209524975,1.281192120952497,1.281192120952497,4.440892098500626e-16,4.440892098500626e-16,3.236957703223607e-15,0.029732168963865532,1.321381624006514e-18,9.173813119482418e-17,1.321381624006514e-18,0.040754004541810135,0.9991705933716054,1.236769443654367e-16,0.9999999999999974,491.986446110768,3.2238890825889103e-15,False,True,False,True,True,False,False
up_proj,4,2025,momentum,10,1.2807696189480477,nan,1.2807696189480477,nan,0.0,nan,nan,nan,2.22742545999738e-16,6.0929642044092446e-18,nan,nan,2.486757492624556e-16,0.9999999999999778,nan,1.2207753417571988e-15,False,True,False,True,True,False,True
up_proj,4,2025,momentum,50,1.2776251128124447,nan,1.2776251128124447,nan,0.0,nan,nan,nan,4.752689964040931e-16,1.73748915733375e-17,nan,nan,4.891953572455484e-16,0.9999999999999762,nan,9.470352821649928e-16,False,True,False,True,True,False,True
up_proj,5,2025,momentum,1,1.2634628598627766,1.2634628598627766,1.2634628598627766,0.0,0.0,3.1294751005777596e-15,0.13411790786052533,2.9780264202901656e-19,9.354022694863126e-17,2.9780264202901656e-19,0.18681446554876624,0.9829941510364402,1.2489380414331343e-16,1.0000000000000566,2244.2243354190937,3.141057997584536e-15,False,True,False,True,True,False,False
up_proj,5,2025,momentum,10,1.2630468323991544,nan,1.2630468323991546,nan,2.220446049250313e-16,nan,nan,nan,2.182974693412657e-16,5.064251381519209e-18,nan,nan,2.4288590305801914e-16,1.0000000000000684,nan,8.32665528411554e-16,False,True,False,True,True,False,True
up_proj,5,2025,momentum,50,1.2599419114114427,nan,1.2599419114114427,nan,0.0,nan,nan,nan,4.6865816178983235e-16,1.7029452486868226e-17,nan,nan,4.828044098111628e-16,1.0000000000000195,nan,1.0952558588895561e-15,False,True,False,True,True,False,True
up_proj,6,2025,momentum,1,1.2919138093638256,1.2919138093638256,1.2919138093638256,0.0,0.0,2.4499487865898605e-15,0.08838999812855688,1.4146820093035524e-18,9.540018115945165e-17,1.4146820093035524e-18,0.11792944650038725,0.9931180638931245,1.274670883659835e-16,1.0000000000000446,1389.0507489288698,2.417220167106944e-15,False,True,False,True,True,False,False
up_proj,6,2025,momentum,10,1.2914554466735204,nan,1.2914554466735204,nan,0.0,nan,nan,nan,2.245382529634562e-16,6.9115728490504184e-18,nan,nan,2.5010820670572303e-16,0.9999999999999437,nan,7.903386494724822e-16,False,True,False,True,True,False,True
up_proj,6,2025,momentum,50,1.2880456837130259,nan,1.2880456837130254,nan,4.440892098500626e-16,nan,nan,nan,4.557180722925623e-16,1.6505963106107726e-17,nan,nan,4.725226503465335e-16,0.999999999999994,nan,7.193626460178064e-16,False,True,False,True,True,False,True
up_proj,7,2025,momentum,1,1.307556375495392,1.307556375495392,1.307556375495392,0.0,0.0,2.6783789023637438e-15,0.03904566508545051,1.2024332323530785e-18,9.231015480611579e-17,1.2024332323530785e-18,0.05507520954471616,0.9984868114173895,1.2501714448577023e-16,0.9999999999999708,603.4171235232402,2.6707063550817424e-15,False,True,False,True,True,False,False
up_proj,7,2025,momentum,10,1.3070820834889387,nan,1.3070820834889387,nan,0.0,nan,nan,nan,2.2001684439963507e-16,5.596865415996619e-18,nan,nan,2.461829035970957e-16,1.0000000000000289,nan,9.929207190593972e-16,False,True,False,True,True,False,True
up_proj,7,2025,momentum,50,1.3036263893645055,nan,1.3036263893645053,nan,2.220446049250313e-16,nan,nan,nan,4.659171198658033e-16,1.742127843304676e-17,nan,nan,4.814398197769677e-16,0.9999999999999695,nan,7.591732249192832e-16,False,True,False,True,True,False,True
up_proj,8,2025,momentum,1,1.3131059978891464,1.3131059978891464,1.3131059978891464,0.0,0.0,2.6790581997062114e-15,0.0763112847500751,1.2230642817635876e-18,9.340236047812602e-17,1.2230642817635876e-18,0.103472702105903,0.9946893404470099,1.2600445250243545e-16,1.0000000000000309,1314.8488730840802,2.695115208291748e-15,False,True,False,True,True,False,False
up_proj,8,2025,momentum,10,1.3127083448869497,nan,1.3127083448869497,nan,0.0,nan,nan,nan,2.240763419592772e-16,6.071863338412319e-18,nan,nan,2.490321775191257e-16,1.0000000000000144,nan,9.17161933301002e-16,False,True,False,True,True,False,True
up_proj,8,2025,momentum,50,1.3097030166044261,nan,1.309703016604426,nan,2.220446049250313e-16,nan,nan,nan,4.708893529865575e-16,1.815508582207958e-17,nan,nan,4.884651445738367e-16,1.0000000000000087,nan,7.291274831787991e-16,False,True,False,True,True,False,True
up_proj,9,2025,momentum,1,1.3006652432207366,1.3006652432207364,1.3006652432207364,2.220446049250313e-16,2.220446049250313e-16,2.469824635227327e-15,0.12944836186217937,1.7443573613852152e-18,9.230054917516882e-17,1.7443573613852152e-18,0.17845799835457787,0.984447027861255,1.2258855105582482e-16,1.0000000000000595,2190.697595612211,2.4585864857663727e-15,False,True,False,True,True,False,False
up_proj,9,2025,momentum,10,1.300250074498044,nan,1.3002500744980443,nan,2.220446049250313e-16,nan,nan,nan,2.2478555638114513e-16,5.391999062968179e-18,nan,nan,2.4783524507315987e-16,0.9999999999999868,nan,8.91980512339253e-16,False,True,False,True,True,False,True
up_proj,9,2025,momentum,50,1.297154786570996,nan,1.297154786570996,nan,0.0,nan,nan,nan,4.936210501833841e-16,1.8587262921982153e-17,nan,nan,5.037906001826997e-16,1.0000000000000193,nan,1.1100663606184723e-15,False,True,False,True,True,False,True
up_proj,10,2025,momentum,1,1.3124536178010644,1.3124536178010644,1.3124536178010644,0.0,0.0,2.764116693214688e-15,6.769500213262624e-05,4.805360641198898e-19,9.333385975080752e-17,4.805360641198898e-19,8.727324958676948e-05,0.9999999962041536,1.2533129552302666e-16,0.999999999999997,1.1819404895456105,2.8251628332671304e-15,False,True,False,True,True,False,False
up_proj,10,2025,momentum,10,1.3120548780117338,1.3115109662296727,1.3120548780117336,0.0005439117820611461,2.220446049250313e-16,0.08178230738070139,0.002742208545259292,4.929723035692991e-06,2.1208829848710872e-16,5.815126763915924e-18,0.0035181187669179525,0.9999938343962513,2.368715398719784e-16,1.000000000000032,1.1552359128861618,9.75554518541243e-16,False,True,False,True,True,False,False
up_proj,10,2025,momentum,50,1.309056298326179,1.3072170003205708,1.309056298326179,0.0018392980056083363,0.0,0.9999778805005899,0.020871099736207845,0.0005911824889116304,4.493088076320856e-16,1.6950214227013048e-17,0.025148427712277058,0.99968611626812,4.569297078544608e-16,0.9999999999999892,0.9672576711849951,9.612926452369442e-16,False,True,False,True,True,False,False
up_proj,11,2025,momentum,1,1.323292126703848,1.3232921267038478,1.3232921267038478,2.220446049250313e-16,2.220446049250313e-16,2.5205885042460684e-15,6.076161239582751e-05,9.046892272724439e-19,9.399754226747048e-17,9.046892272724439e-19,7.582063642282524e-05,0.9999999971357811,1.2523172347772094e-16,0.9999999999999846,1.0511000177458127,2.509061374214796e-15,False,True,False,True,True,False,False
up_proj,11,2025,momentum,10,1.3228934739767384,1.3225137476604225,1.3228934739767386,0.00037972631631588705,2.220446049250313e-16,0.05314524768486958,0.0024764961518875827,3.4402227959894436e-06,2.158936929721885e-16,5.651482398063831e-18,0.0030783576579857287,0.99999528000775,2.443470989958429e-16,0.9999999999999839,1.038651191803033,8.445548227247623e-16,False,True,False,True,True,False,False
up_proj,11,2025,momentum,50,1.3198356688744035,1.3182607711987642,1.3198356688744035,0.0015748976756393418,0.0,0.6128671440460801,0.020087509243818018,0.00043631580149746546,4.588521299326607e-16,1.726641554151527e-17,0.02370261557516464,0.9997208279648869,4.712409520601834e-16,0.999999999999978,0.9352165012275512,8.992801677796852e-16,False,True,False,True,True,False,False
up_proj,12,2025,momentum,1,1.3184841258756412,1.3184841258756412,1.3184841258756412,0.0,0.0,2.608546673505541e-15,7.087751244376439e-05,1.1358932823911564e-18,9.548531740169337e-17,1.1358932823911564e-18,9.369860909057009e-05,0.9999999956179065,1.2719177641905563e-16,1.000000000000029,1.101896222475549,2.6183338655830808e-15,False,True,False,True,True,False,False
up_proj,12,2025,momentum,10,1.318004153670677,1.3174624202524123,1.318004153670677,0.0005417334182646893,0.0,0.06820251797895509,0.002877254253117227,4.433721109713466e-06,2.0543984848796905e-16,5.904197469602818e-18,0.0037889175184934298,0.9999928364722427,2.316307642655817e-16,1.000000000000007,1.0823376848341977,9.20341317180989e-16,False,True,False,True,True,False,False
up_proj,12,2025,momentum,50,1.314460780891438,1.3125875468275812,1.314460780891438,0.0018732340638567546,0.0,0.844156600849814,0.022297145943550156,0.0005355532239137503,4.657740359513016e-16,1.906488955286841e-17,0.027828624754550665,0.9996144056237752,4.795278915532257e-16,1.0000000000000004,0.9354277152751338,8.0456600531776e-16,False,True,False,True,True,False,False
up_proj,13,2025,momentum,1,1.3388993834833496,1.3388993834833498,1.3388993834833498,2.220446049250313e-16,2.220446049250313e-16,2.9561727393111998e-15,6.167440101362062e-05,9.323141857659446e-19,9.563295139658937e-17,9.323141857659446e-19,8.205897410617472e-05,0.999999996641187,1.266388289319535e-16,1.0000000000000129,0.9994791042866581,2.9406171863151658e-15,False,True,False,True,True,False,False
up_proj,13,2025,momentum,10,1.3384549931918415,1.3381047256345606,1.3384549931918415,0.0003502675572808478,0.0,0.04688472199183556,0.002512580161666886,3.052902516204553e-06,2.2162258782666244e-16,6.5936762096096655e-18,0.0033337180302131027,0.9999944576996461,2.4817184694867493e-16,1.000000000000008,0.9886460759560947,1.26070946708434e-15,False,True,False,True,True,False,False
up_proj,13,2025,momentum,50,1.3351541177603032,1.3337939143398483,1.3351541177603032,0.001360203420454953,0.0,0.5858949950613317,0.020150291041158716,0.00038330977928560824,4.811840671674291e-16,1.795078187546131e-17,0.025667503022306366,0.999672057646809,4.999774217561459e-16,0.9999999999999838,0.8942924453564151,7.532347275659766e-16,False,True,False,True,True,False,False
up_proj,14,2025,momentum,1,1.327841512009715,1.3278415120097147,1.3278415120097147,2.220446049250313e-16,2.220446049250313e-16,2.8063961526808238e-15,4.9926450378312094e-05,7.049590626385001e-19,9.215755374716345e-17,7.049590626385001e-19,6.589647396831563e-05,0.9999999978338061,1.2462269197640388e-16,1.0000000000000115,0.8428408735131371,2.8209675097198757e-15,False,True,False,True,True,False,False
up_proj,14,2025,momentum,10,1.3274295116794776,1.3272714395604803,1.3274295116794776,0.0001580721189973211,0.0,0.02349232306049895,0.002040337625210436,1.4431702539221885e-06,2.1749630894498448e-16,5.899904900969757e-18,0.002686837209712362,0.99999639921127,2.42438833299973e-16,1.0000000000000502,0.8391300410346639,1.0035490604504404e-15,False,True,False,True,True,False,False
up_proj,14,2025,momentum,50,1.324379571406293,1.3236891376493898,1.324379571406293,0.0006904337569031416,0.0,0.2830622367915095,0.01690812279975921,0.000187636272674603,4.644459883676404e-16,1.8696148370484985e-17,0.021485359745486814,0.9997699989062606,4.777930823371606e-16,1.0000000000000262,0.8003058881474799,8.693945511114399e-16,False,True,False,True,True,False,False
up_proj,15,2025,momentum,1,1.3516634657585116,1.3516634657585116,1.3516634657585116,0.0,0.0,2.760000363615324e-15,4.8693242130898986e-05,1.1456756835197769e-18,9.50100846810143e-17,1.1456756835197769e-18,6.473939111461891e-05,0.9999999979101513,1.266132941308045e-16,0.9999999999999796,0.770682562402888,2.735019185298532e-15,False,True,False,True,True,False,False
up_proj,15,2025,momentum,10,1.3512007088924778,1.3511126096840202,1.351200708892478,8.809920845753716e-05,2.220446049250313e-16,0.012703333430625867,0.0019926267290351412,8.343516291089274e-07,2.1992196395464486e-16,6.643350134944353e-18,0.0026441645078097934,0.9999965141068295,2.4349007696935563e-16,1.0000000000000138,0.7695423722073549,1.1617547471290917e-15,False,True,False,True,True,False,False
up_proj,15,2025,momentum,50,1.3478010138314025,1.3473911229369824,1.3478010138314025,0.0004098908944201174,0.0,0.15031593276907018,0.016770258487224885,0.00011026694309480789,4.880447431190635e-16,1.9387573029922837e-17,0.021565756428945527,0.9997682440386919,5.022410621904464e-16,1.000000000000035,0.756507839284385,9.636238064254002e-16,False,True,False,True,True,False,False
up_proj,16,2025,momentum,1,1.3228987801098093,1.3228987801098093,1.3228987801098093,0.0,0.0,2.995067087034244e-15,3.563287879341515e-05,3.235993709008885e-18,9.477996127366775e-17,3.235993709008885e-18,4.567147703527533e-05,0.9999999989622557,1.2630616860496965e-16,1.0000000000000082,0.6054289213584813,2.975516308423441e-15,False,True,False,True,True,False,False
up_proj,16,2025,momentum,10,1.3224925880041412,1.3225904567685793,1.322492588004141,9.786876443818038e-05,2.220446049250313e-16,0.011263229318762363,0.0014587057885911247,8.209434717590524e-07,2.2080116693976165e-16,6.785235565486509e-18,0.001865586047162855,0.9999982682609079,2.4524276939586326e-16,0.9999999999999867,0.6041450285418043,1.0350534344316546e-15,False,True,False,True,True,False,False
up_proj,16,2025,momentum,50,1.3194314030216432,1.3200574734591488,1.319431403021643,0.0006260704375056214,2.220446049250313e-16,0.12341190530208422,0.012331511615281116,0.0001177033839262208,4.723982490348558e-16,1.791129102153877e-17,0.015230248196270182,0.9998844827203011,4.844674867750442e-16,0.9999999999999873,0.5839305733988559,8.5852487935474e-16,False,True,False,True,True,False,False
up_proj,17,2025,momentum,1,1.3019063204863466,1.3019063204863468,1.3019063204863468,2.220446049250313e-16,2.220446049250313e-16,2.6955128849603473e-15,4.080705690513237e-05,1.1893279638538703e-19,9.3476678780831e-17,1.1893279638538703e-19,5.103809174992203e-05,0.9999999987049534,1.2411089335024525e-16,0.999999999999959,0.7043132951922159,2.6886899986118118e-15,False,True,False,True,True,False,False
up_proj,17,2025,momentum,10,1.3015099388871911,1.3016539731657417,1.3015099388871911,0.0001440342785505866,0.0,0.015855200104688452,0.001671355589105926,1.2030799412973587e-06,2.1876186398271992e-16,6.084166245006981e-18,0.002085685297071757,0.9999978370980234,2.431501778257164e-16,0.9999999999999623,0.7027343536830057,9.817164035744997e-16,False,True,False,True,True,False,False
up_proj,17,2025,momentum,50,1.298480791184356,1.2994675562764373,1.2984807911843566,0.0009867650920811766,4.440892098500626e-16,0.17026023469439894,0.014225553618467357,0.0001749443445408666,4.697941833286611e-16,1.6824229444649076e-17,0.0171317378431333,0.9998539471417837,4.851643621647037e-16,0.9999999999999813,0.6768648092603621,1.0773245541134616e-15,False,True,False,True,True,False,False
up_proj,18,2025,momentum,1,1.3242115709955666,1.3242115709955664,1.3242115709955664,2.220446049250313e-16,2.220446049250313e-16,3.411952401996553e-15,4.146722224547902e-05,1.5604429442995852e-18,9.464319330733168e-17,1.5604429442995852e-18,5.2485203064725845e-05,0.9999999986305339,1.2611149018672276e-16,0.9999999999999367,0.7062608295022063,3.4001846389022408e-15,False,True,False,True,True,False,False
up_proj,18,2025,momentum,10,1.3238049522157018,1.3239499756877795,1.3238049522157018,0.00014502347207767663,0.0,0.016410353705623163,0.0016977299906120894,1.207579412665381e-06,2.202195056119917e-16,6.242894911864973e-18,0.002143864075830761,0.9999977148580699,2.46609671733188e-16,1.0000000000000089,0.7046729835062915,9.362800096385208e-16,False,True,False,True,True,False,False
up_proj,18,2025,momentum,50,1.3207307335356964,1.3217031802348205,1.320730733535696,0.0009724466991241076,4.440892098500626e-16,0.17573997004613565,0.014372285651356518,0.00017467999982291314,4.785309905834809e-16,1.861847705483292e-17,0.01749247912523722,0.9998477330728981,4.931912874736618e-16,0.9999999999999785,0.679087716073599,9.84810473422464e-16,False,True,False,True,True,False,False
up_proj,19,2025,momentum,1,1.341555641391512,1.3415556413915117,1.3415556413915117,2.220446049250313e-16,2.220446049250313e-16,3.076099046540405e-15,4.412395738638269e-05,4.289773164629479e-19,9.02759034173532e-17,4.289773164629479e-19,5.8401754284863206e-05,0.9999999983043202,1.2099208602499973e-16,1.0000000000000728,0.7081058861088376,3.0775930942459226e-15,False,True,False,True,True,False,False
up_proj,19,2025,momentum,10,1.3411044804234773,1.341338731643316,1.341104480423477,0.00023425121983877695,2.220446049250313e-16,0.025947208954724327,0.0018032406234536013,1.8437599853479514e-06,2.1388130208255833e-16,6.291771235055926e-18,0.0023814807176772016,0.999997179970896,2.3855258863574245e-16,1.0000000000000082,0.7050089343177053,1.0552371315032e-15,False,True,False,True,True,False,False
up_proj,19,2025,momentum,50,1.337779411855436,1.3393627275385807,1.3377794118554356,0.001583315683144626,4.440892098500626e-16,0.2704996393442493,0.014837919363088635,0.00026572934253241734,4.701007778235161e-16,1.893431349194553e-17,0.018884296615326906,0.9998224704770577,4.832300895194755e-16,0.9999999999999751,0.6511483172597919,9.92231423175164e-16,False,True,False,True,True,False,False
up_proj,20,2025,momentum,1,1.3734257965736552,1.3734257965736552,1.3734257965736552,0.0,0.0,2.6003241984807514e-15,4.341467216472249e-05,1.4409809832297126e-18,9.451620559756307e-17,1.4409809832297126e-18,5.5930409577366585e-05,0.9999999984453624,1.2558990491335677e-16,1.0000000000000078,0.7275021486089377,2.6002413058195807e-15,False,True,False,True,True,False,False
up_proj,20,2025,momentum,10,1.3730068751513,1.3732382231351075,1.3730068751513,0.00023134798380741728,0.0,0.026858704470412473,0.0017751351530934793,1.9143612593553494e-06,2.2121429251628728e-16,6.0361948657290735e-18,0.0022813097647524402,0.9999974132178433,2.4715376149257394e-16,1.0000000000000322,0.7244440107617524,1.0814090092641814e-15,False,True,False,True,True,False,False
up_proj,20,2025,momentum,50,1.369874851780049,1.371491272798027,1.369874851780049,0.001616421017978098,0.0,0.27737641096422283,0.01471420257418058,0.0002784537768533636,4.711763496777065e-16,1.8301365231688797e-17,0.01816352398175488,0.9998358347460105,4.868228814427671e-16,0.9999999999999845,0.6708662616232063,8.275145064104196e-16,False,True,False,True,True,False,False
up_proj,21,2025,momentum,1,1.379971115497453,1.379971115497453,1.379971115497453,0.0,0.0,2.6769882257057312e-15,0.00012359932780902478,1.8273365537895934e-18,9.076734743413166e-17,1.8273365537895934e-18,0.0001716917944336853,0.9999999852749644,1.2208036832051364e-16,0.9999999999999718,1.9922601421517308,2.636474242466307e-15,False,True,False,True,True,False,False
up_proj,21,2025,momentum,10,1.379540752700823,1.3786127492237876,1.3795407527008232,0.0009280034770353662,2.220446049250313e-16,0.7606422795504464,0.0033146421144086063,6.671803915650902e-05,2.1631183318264214e-16,6.4546384299984385e-18,0.004229630845601839,0.9999910815761591,2.425211069871257e-16,0.9999999999999605,1.0074119668017167,1.0512671054340172e-15,False,True,False,True,True,False,False
up_proj,21,2025,momentum,50,1.3763168209261174,1.3769850951361633,1.3763168209261176,0.0006682742100458938,2.220446049250313e-16,0.5059019142294848,0.018193623399285895,0.001704141398807668,4.663198269922883e-16,1.9110914890764507e-17,0.023378932301581282,0.9997281784864418,4.84985630634313e-16,1.000000000000012,0.8130133373694662,8.388555497539549e-16,False,True,False,True,True,False,False
up_proj,22,2025,momentum,1,1.3925403420691176,1.3925403420691174,1.3925403420691174,2.220446049250313e-16,2.220446049250313e-16,2.6301027959921012e-15,0.21559579093711853,1.6366448533379106e-18,9.01709281352863e-17,1.6366448533379106e-18,0.29908482258596486,0.9580676796261707,1.217246943368434e-16,0.9999999999999991,3278.3916700560885,2.636471090120253e-15,False,True,False,True,True,False,False
up_proj,22,2025,momentum,10,1.3920487442223286,nan,1.3920487442223293,nan,6.661338147750939e-16,nan,nan,nan,2.1660838885473083e-16,5.958082190319565e-18,nan,nan,2.423132478846153e-16,1.0000000000000173,nan,9.095420327846153e-16,False,True,False,True,True,False,True
up_proj,22,2025,momentum,50,1.3884340244537152,nan,1.3884340244537152,nan,0.0,nan,nan,nan,4.59800706569889e-16,1.761490551825484e-17,nan,nan,4.751281048351414e-16,1.0000000000000493,nan,9.738454571631432e-16,False,True,False,True,True,False,True
up_proj,23,2025,momentum,1,1.3542162253419427,1.3542162253419427,1.3542162253419427,0.0,0.0,2.5868590638305707e-15,0.0486704253158962,6.219485209132691e-19,9.433391596451261e-17,6.219485209132691e-19,0.06791351700818529,0.9977018437505129,1.2667460782513494e-16,0.9999999999999857,819.791046237427,2.6177471898774084e-15,False,True,False,True,True,False,False
up_proj,23,2025,momentum,10,1.3538062567438434,nan,1.3538062567438434,nan,0.0,nan,nan,nan,2.179141908862336e-16,5.004639327701541e-18,nan,nan,2.451947600516864e-16,1.000000000000006,nan,9.084636798811785e-16,False,True,False,True,True,False,True
up_proj,23,2025,momentum,50,1.3507063460459299,nan,1.3507063460459303,nan,4.440892098500626e-16,nan,nan,nan,4.750178620972857e-16,1.7441394973214926e-17,nan,nan,4.961933381385518e-16,1.000000000000005,nan,7.905755319857956e-16,False,True,False,True,True,False,True
down_proj,0,2025,momentum,1,2.5884760991573654,2.588476099157365,2.588476099157365,4.440892098500626e-16,4.440892098500626e-16,3.0603059777323978e-15,7.347763446842625e-18,6.668271619966646e-18,7.347763446842625e-18,6.668271619966646e-18,1.7998726711256032e-17,1.0000000000000318,1.7998726711256032e-17,1.0000000000000318,3.0603059777323994e-15,3.0603059777323994e-15,True,True,True,True,False,False,False
down_proj,0,2025,momentum,10,2.571212806078461,2.5712128060784614,2.5712128060784614,4.440892098500626e-16,4.440892098500626e-16,3.6923469202506754e-15,3.465496180534469e-17,4.9469104117655744e-17,3.465496180534469e-17,4.9469104117655744e-17,9.015145359583992e-17,1.0000000000000564,9.015145359583992e-17,1.0000000000000564,1.7178259485971723e-15,1.7178259485971723e-15,True,True,True,True,False,False,False
down_proj,0,2025,momentum,50,2.502147632427144,2.502147632427144,2.502147632427144,0.0,0.0,1.1739700920574897e-14,9.848599880669621e-17,2.0009027734440008e-16,9.848599880669621e-17,2.0009027734440008e-16,2.5236458398385193e-16,0.9999999999999775,2.5236458398385193e-16,0.9999999999999775,2.6722877719901954e-15,2.6722877719901954e-15,True,True,True,True,False,False,False
down_proj,1,2025,momentum,1,2.485883135225211,2.4858831352252118,2.4858831352252118,8.881784197001252e-16,8.881784197001252e-16,3.6441783543146955e-15,6.195761464205023e-18,9.083906353986623e-18,6.195761464205023e-18,9.083906353986623e-18,1.826120304678895e-17,1.0000000000000322,1.826120304678895e-17,1.0000000000000322,3.644178354314696e-15,3.644178354314696e-15,True,True,True,True,False,False,False
down_proj,1,2025,momentum,10,2.4716823481865746,2.471682348186575,2.471682348186575,4.440892098500626e-16,4.440892098500626e-16,3.4697013783040174e-15,3.9114758364929963e-17,4.6617863037204086e-17,3.9114758364929963e-17,4.6617863037204086e-17,9.270400186229177e-17,1.0000000000000095,9.270400186229177e-17,1.0000000000000095,2.190605411595034e-15,2.190605411595034e-15,True,True,True,True,False,False,False
down_proj,1,2025,momentum,50,2.4130303445462764,2.413030344546277,2.413030344546277,4.440892098500626e-16,4.440892098500626e-16,1.0676975379241315e-14,1.085171532918911e-16,1.9444662478509696e-16,1.085171532918911e-16,1.9444662478509696e-16,2.5276511895253886e-16,0.9999999999999623,2.5276511895253886e-16,0.9999999999999623,2.938298026232114e-15,2.938298026232114e-15,True,True,True,True,False,False,False
down_proj,2,2025,momentum,1,2.5015118815340665,2.5015118815340665,2.5015118815340665,0.0,0.0,3.5434606050477703e-15,7.568202125229427e-18,5.175850936167684e-18,7.568202125229427e-18,5.175850936167684e-18,1.6609110786470084e-17,1.0000000000000315,1.6609110786470084e-17,1.0000000000000315,3.5434606050477782e-15,3.5434606050477782e-15,True,True,True,True,False,False,False
down_proj,2,2025,momentum,10,2.485963036571024,2.4859630365710244,2.4859630365710244,4.440892098500626e-16,4.440892098500626e-16,3.7451112638131915e-15,3.601380029411631e-17,4.492311365407542e-17,3.601380029411631e-17,4.492311365407542e-17,8.853177502606353e-17,0.9999999999999836,8.853177502606353e-17,0.9999999999999836,1.7477154505485868e-15,1.7477154505485868e-15,True,True,True,True,False,False,False
down_proj,2,2025,momentum,50,2.4281478150950884,2.428147815095089,2.428147815095089,4.440892098500626e-16,4.440892098500626e-16,1.0622073644422757e-14,1.0240148458426417e-16,1.790652359611509e-16,1.0240148458426417e-16,1.790652359611509e-16,2.3714017881161256e-16,0.9999999999999665,2.3714017881161256e-16,0.9999999999999665,3.03582756095268e-15,3.03582756095268e-15,True,True,True,True,False,False,False
down_proj,3,2025,momentum,1,2.4938608969625116,2.4938608969625116,2.4938608969625116,0.0,0.0,2.916042945419961e-15,7.177772325489997e-18,7.980970528630365e-18,7.177772325489997e-18,7.980970528630365e-18,1.7647788210812898e-17,0.9999999999999843,1.7647788210812898e-17,0.9999999999999843,2.916042945419962e-15,2.916042945419962e-15,True,True,True,True,False,False,False
down_proj,3,2025,momentum,10,2.4799475830151216,2.479947583015122,2.479947583015122,4.440892098500626e-16,4.440892098500626e-16,3.5372216557768257e-15,3.259032239108873e-17,4.5730428060367383e-17,3.259032239108873e-17,4.5730428060367383e-17,8.568247915780393e-17,0.9999999999999791,8.568247915780393e-17,0.9999999999999791,1.7351710915387526e-15,1.7351710915387526e-15,True,True,True,True,False,False,False
down_proj,3,2025,momentum,50,2.4281014401929397,2.42810144019294,2.42810144019294,4.440892098500626e-16,4.440892098500626e-16,8.875316557217579e-15,9.972763935739767e-17,1.8464975662399452e-16,9.972763935739767e-17,1.8464975662399452e-16,2.4132708518239564e-16,1.0000000000000706,2.4132708518239564e-16,1.0000000000000706,3.4770488051062672e-15,3.4770488051062672e-15,True,True,True,True,False,False,False
down_proj,4,2025,momentum,1,2.529543656679442,2.529543656679442,2.529543656679442,0.0,0.0,3.108833823314834e-15,7.179235265930676e-18,8.638199474355456e-18,7.179235265930676e-18,8.638199474355456e-18,1.8350967906686587e-17,1.0000000000000122,1.8350967906686587e-17,1.0000000000000122,3.1088338233148375e-15,3.1088338233148375e-15,True,True,True,True,False,False,False
down_proj,4,2025,momentum,10,2.513325330401454,2.5133253304014533,2.5133253304014533,4.440892098500626e-16,4.440892098500626e-16,3.392903636468771e-15,3.6596191112310407e-17,4.551885555627138e-17,3.6596191112310407e-17,4.551885555627138e-17,8.896690863157247e-17,0.9999999999999978,8.896690863157247e-17,0.9999999999999978,1.7151670149723255e-15,1.7151670149723255e-15,True,True,True,True,False,False,False
down_proj,4,2025,momentum,50,2.450086404504315,2.450086404504315,2.450086404504315,0.0,0.0,9.305972109491301e-15,1.121075055993932e-16,1.876227305892988e-16,1.121075055993932e-16,1.876227305892988e-16,2.4994867298097465e-16,0.9999999999999967,2.4994867298097465e-16,0.9999999999999967,3.0472764035164622e-15,3.0472764035164622e-15,True,True,True,True,False,False,False
down_proj,5,2025,momentum,1,2.3817467617190364,2.3817467617190373,2.3817467617190373,8.881784197001252e-16,8.881784197001252e-16,3.752006863966766e-15,6.0744173217385395e-18,7.183465569014542e-18,6.0744173217385395e-18,7.183465569014542e-18,1.6508517045501125e-17,1.000000000000007,1.6508517045501125e-17,1.000000000000007,3.752006863966773e-15,3.752006863966773e-15,True,True,True,True,False,False,False
down_proj,5,2025,momentum,10,2.368037743410929,2.3680377434109294,2.3680377434109294,4.440892098500626e-16,4.440892098500626e-16,3.393236214087845e-15,3.153806058420032e-17,4.4188348029943276e-17,3.153806058420032e-17,4.4188348029943276e-17,8.388251312308365e-17,0.9999999999999838,8.388251312308365e-17,0.9999999999999838,1.5250383778504234e-15,1.5250383778504234e-15,True,True,True,True,False,False,False
down_proj,5,2025,momentum,50,2.31456230392241,2.31456230392241,2.31456230392241,0.0,0.0,1.0278493628308688e-14,8.727368244392517e-17,1.771200167120724e-16,8.727368244392517e-17,1.771200167120724e-16,2.282828784553025e-16,1.0000000000000133,2.282828784553025e-16,1.0000000000000133,2.496533670364952e-15,2.496533670364952e-15,True,True,True,True,False,False,False
down_proj,6,2025,momentum,1,2.6490285920580883,2.6490285920580883,2.6490285920580883,0.0,0.0,4.19931091970569e-15,7.417435360863562e-18,9.525779192463432e-18,7.417435360863562e-18,9.525779192463432e-18,2.0717592132933415e-17,0.9999999999999961,2.0717592132933415e-17,0.9999999999999961,4.1993109197056916e-15,4.1993109197056916e-15,True,True,True,True,False,False,False
down_proj,6,2025,momentum,10,2.634691883465802,2.634691883465802,2.634691883465802,0.0,0.0,3.4050176328065114e-15,3.3009982409534734e-17,4.8782429245409186e-17,3.3009982409534734e-17,4.8782429245409186e-17,8.973115515742564e-17,0.999999999999996,8.973115515742564e-17,0.999999999999996,1.5088053654882974e-15,1.5088053654882974e-15,True,True,True,True,False,False,False
down_proj,6,2025,momentum,50,2.568762324198544,2.568762324198544,2.568762324198544,0.0,0.0,7.960429262253217e-15,9.685635426143069e-17,2.0161158769600873e-16,9.685635426143069e-17,2.0161158769600873e-16,2.5424583843355673e-16,0.9999999999999988,2.5424583843355673e-16,0.9999999999999988,2.223312331536068e-15,2.223312331536068e-15,True,True,True,True,False,False,False
down_proj,7,2025,momentum,1,2.709616142349584,2.7096161423495846,2.7096161423495846,4.440892098500626e-16,4.440892098500626e-16,3.610532220946958e-15,7.066610504158245e-18,7.278908568507653e-18,7.066610504158245e-18,7.278908568507653e-18,1.8070697409768522e-17,0.9999999999999927,1.8070697409768522e-17,0.9999999999999927,3.61053222094696e-15,3.61053222094696e-15,True,True,True,True,False,False,False
down_proj,7,2025,momentum,10,2.693804742882114,2.693804742882114,2.693804742882114,0.0,0.0,4.549197047935329e-15,3.6192519473351503e-17,4.867135174562014e-17,3.6192519473351503e-17,4.867135174562014e-17,9.128385247647556e-17,1.000000000000019,9.128385247647556e-17,1.000000000000019,1.822705091408248e-15,1.822705091408248e-15,True,True,True,True,False,False,False
down_proj,7,2025,momentum,50,2.628112911924535,2.6281129119245357,2.6281129119245357,8.881784197001252e-16,8.881784197001252e-16,5.1324551773253086e-15,1.0897892903907579e-16,2.030283330141497e-16,1.0897892903907579e-16,2.030283330141497e-16,2.5959750377316956e-16,0.9999999999999805,2.5959750377316956e-16,0.9999999999999805,2.2110044054847217e-15,2.2110044054847217e-15,True,True,True,True,False,False,False
down_proj,8,2025,momentum,1,2.710726098700746,2.710726098700746,2.710726098700746,0.0,0.0,3.4104923688225268e-15,7.077641003066205e-18,9.248085844968613e-18,7.077641003066205e-18,9.248085844968613e-18,1.9806040084833165e-17,1.0000000000000144,1.9806040084833165e-17,1.0000000000000144,3.410492368822529e-15,3.410492368822529e-15,True,True,True,True,False,False,False
down_proj,8,2025,momentum,10,2.6969826538740707,2.6969826538740707,2.6969826538740707,0.0,0.0,3.584107432811335e-15,3.7538854425939897e-17,4.9885553820804514e-17,3.7538854425939897e-17,4.9885553820804514e-17,9.306279437495683e-17,1.0000000000000215,9.306279437495683e-17,1.0000000000000215,2.0067272513406986e-15,2.0067272513406986e-15,True,True,True,True,False,False,False
down_proj,8,2025,momentum,50,2.634661821431311,2.634661821431311,2.634661821431311,0.0,0.0,8.937798650817272e-15,9.99435960555753e-17,2.0978334445517792e-16,9.99435960555753e-17,2.0978334445517792e-16,2.613938030650394e-16,1.0000000000000528,2.613938030650394e-16,1.0000000000000528,2.7845932234060327e-15,2.7845932234060327e-15,True,True,True,True,False,False,False
down_proj,9,2025,momentum,1,2.6497786769656506,2.6497786769656515,2.6497786769656515,8.881784197001252e-16,8.881784197001252e-16,2.8170109982776494e-15,6.1603259109995686e-18,1.1332471053156676e-17,6.1603259109995686e-18,1.1332471053156676e-17,1.940479206064368e-17,1.0000000000000244,1.940479206064368e-17,1.0000000000000244,2.81701099827765e-15,2.81701099827765e-15,True,True,True,True,False,False,False
down_proj,9,2025,momentum,10,2.6340975377704576,2.6340975377704576,2.6340975377704576,0.0,0.0,3.1219209827277282e-15,3.6959005837879626e-17,4.61995598244611e-17,3.6959005837879626e-17,4.61995598244611e-17,8.907076999900125e-17,1.0000000000000053,8.907076999900125e-17,1.0000000000000053,1.80297888238795e-15,1.80297888238795e-15,True,True,True,True,False,False,False
down_proj,9,2025,momentum,50,2.570583387829599,2.570583387829599,2.570583387829599,0.0,0.0,7.680181320796059e-15,1.1073050525036081e-16,1.911535282711034e-16,1.1073050525036081e-16,1.911535282711034e-16,2.5033783904830754e-16,0.9999999999999916,2.5033783904830754e-16,0.9999999999999916,3.044250263669582e-15,3.044250263669582e-15,True,True,True,True,False,False,False
down_proj,10,2025,momentum,1,2.5748065263565416,2.5748065263565407,2.5748065263565407,8.881784197001252e-16,8.881784197001252e-16,2.794339854856083e-15,6.322698539187713e-18,8.037680200084185e-18,6.322698539187713e-18,8.037680200084185e-18,1.6745664044624506e-17,1.0000000000000515,1.6745664044624506e-17,1.0000000000000515,2.7943398548560857e-15,2.7943398548560857e-15,True,True,True,True,False,False,False
down_proj,10,2025,momentum,10,2.5598986599361147,2.5598986599361147,2.5598986599361147,0.0,0.0,3.535774970077026e-15,3.4847970429527155e-17,4.5717369535980324e-17,3.4847970429527155e-17,4.5717369535980324e-17,8.659047892146869e-17,1.0000000000000009,8.659047892146869e-17,1.0000000000000009,1.6618771286539158e-15,1.6618771286539158e-15,True,True,True,True,False,False,False
down_proj,10,2025,momentum,50,2.506564276826049,2.5065642768260483,2.5065642768260483,8.881784197001252e-16,8.881784197001252e-16,1.1944090193951325e-14,1.0527926137260082e-16,1.8778980964302597e-16,1.0527926137260082e-16,1.8778980964302597e-16,2.45756885736571e-16,0.9999999999999852,2.45756885736571e-16,0.9999999999999852,3.782101779069087e-15,3.782101779069087e-15,True,True,True,True,False,False,False
down_proj,11,2025,momentum,1,2.6349228008972125,2.6349228008972125,2.6349228008972125,0.0,0.0,2.8068489169170725e-15,6.366228620187241e-18,7.227664619934637e-18,6.366228620187241e-18,7.227664619934637e-18,1.6423076155222382e-17,0.9999999999999996,1.6423076155222382e-17,0.9999999999999996,2.8068489169170705e-15,2.8068489169170705e-15,True,True,True,True,False,False,False
down_proj,11,2025,momentum,10,2.6214582915387745,2.6214582915387745,2.6214582915387745,0.0,0.0,3.1893029765620233e-15,3.545335870023755e-17,4.8984842877056876e-17,3.545335870023755e-17,4.8984842877056876e-17,9.001973446424473e-17,1.000000000000031,9.001973446424473e-17,1.000000000000031,1.7759232446545618e-15,1.7759232446545618e-15,True,True,True,True,False,False,False
down_proj,11,2025,momentum,50,2.5623440884834543,2.5623440884834543,2.5623440884834543,0.0,0.0,7.24927194913239e-15,1.0430642028271357e-16,1.9861412795390813e-16,1.0430642028271357e-16,1.9861412795390813e-16,2.539790832877503e-16,0.9999999999999859,2.539790832877503e-16,0.9999999999999859,2.6183331759159783e-15,2.6183331759159783e-15,True,True,True,True,False,False,False
down_proj,12,2025,momentum,1,2.7776907082296853,2.777690708229686,2.777690708229686,4.440892098500626e-16,4.440892098500626e-16,3.3375702403572908e-15,6.504433777935557e-18,9.408349619984632e-18,6.504433777935557e-18,9.408349619984632e-18,1.86298579911199e-17,1.000000000000046,1.86298579911199e-17,1.000000000000046,3.3375702403572963e-15,3.3375702403572963e-15,True,True,True,True,False,False,False
down_proj,12,2025,momentum,10,2.761546841130768,2.7615468411307686,2.7615468411307686,4.440892098500626e-16,4.440892098500626e-16,3.777833511200826e-15,3.739756681870212e-17,5.0536578496473994e-17,3.739756681870212e-17,5.0536578496473994e-17,9.344856832714368e-17,0.9999999999999789,9.344856832714368e-17,0.9999999999999789,1.9453261922233992e-15,1.9453261922233992e-15,True,True,True,True,False,False,False
down_proj,12,2025,momentum,50,2.6956247078327205,2.6956247078327205,2.6956247078327205,0.0,0.0,9.330516444171996e-15,1.0929032487838194e-16,1.9946128570743102e-16,1.0929032487838194e-16,1.9946128570743102e-16,2.57783638347805e-16,0.9999999999999724,2.57783638347805e-16,0.9999999999999724,3.4525073377970533e-15,3.4525073377970533e-15,True,True,True,True,False,False,False
down_proj,13,2025,momentum,1,2.743409202776788,2.743409202776788,2.743409202776788,0.0,0.0,3.2850954793735605e-15,8.070291455335475e-18,5.197377221026113e-18,8.070291455335475e-18,5.197377221026113e-18,1.7063029983154535e-17,0.9999999999999913,1.7063029983154535e-17,0.9999999999999913,3.2850954793735593e-15,3.2850954793735593e-15,True,True,True,True,False,False,False
down_proj,13,2025,momentum,10,2.728097996949172,2.7280979969491717,2.7280979969491717,4.440892098500626e-16,4.440892098500626e-16,4.45855142460689e-15,3.3637869647674663e-17,4.7419295647177683e-17,3.3637869647674663e-17,4.7419295647177683e-17,8.771804015724917e-17,1.0000000000000049,8.771804015724917e-17,1.0000000000000049,1.805632397586597e-15,1.805632397586597e-15,True,True,True,True,False,False,False
down_proj,13,2025,momentum,50,2.663787668733482,2.663787668733482,2.663787668733482,0.0,0.0,9.659044955425792e-15,1.0610068221017893e-16,1.9692609168970667e-16,1.0610068221017893e-16,1.9692609168970667e-16,2.5202337167030823e-16,1.0000000000000049,2.5202337167030823e-16,1.0000000000000049,2.745114248564006e-15,2.745114248564006e-15,True,True,True,True,False,False,False
down_proj,14,2025,momentum,1,2.7535029343780355,2.753502934378035,2.753502934378035,4.440892098500626e-16,4.440892098500626e-16,2.830156271894597e-15,6.821748557819898e-18,9.767675454785451e-18,6.821748557819898e-18,9.767675454785451e-18,1.9995769756554716e-17,0.9999999999999926,1.9995769756554716e-17,0.9999999999999926,2.830156271894598e-15,2.830156271894598e-15,True,True,True,True,False,False,False
down_proj,14,2025,momentum,10,2.7363565179200084,2.7363565179200084,2.7363565179200084,0.0,0.0,2.9476353095676793e-15,3.5958343534528226e-17,5.2184180116558227e-17,3.5958343534528226e-17,5.2184180116558227e-17,9.344941861696117e-17,0.9999999999999781,9.344941861696117e-17,0.9999999999999781,1.7771094698370283e-15,1.7771094698370283e-15,True,True,True,True,False,False,False
down_proj,14,2025,momentum,50,2.6653414889660354,2.6653414889660345,2.6653414889660345,8.881784197001252e-16,8.881784197001252e-16,6.082049654575891e-15,1.0739527010144521e-16,2.104232195383968e-16,1.0739527010144521e-16,2.104232195383968e-16,2.648177416465254e-16,0.9999999999999789,2.648177416465254e-16,0.9999999999999789,2.5203702740267803e-15,2.5203702740267803e-15,True,True,True,True,False,False,False
down_proj,15,2025,momentum,1,2.831722142464955,2.831722142464956,2.831722142464956,8.881784197001252e-16,8.881784197001252e-16,3.2256332170890876e-15,5.7983101995023774e-18,9.670744242308687e-18,5.7983101995023774e-18,9.670744242308687e-18,1.8915364701763844e-17,0.9999999999999994,1.8915364701763844e-17,0.9999999999999994,3.225633217089096e-15,3.225633217089096e-15,True,True,True,True,False,False,False
down_proj,15,2025,momentum,10,2.8187747055300085,2.8187747055300085,2.8187747055300085,0.0,0.0,4.15197867510095e-15,3.7793226279269123e-17,5.018569741233435e-17,3.7793226279269123e-17,5.018569741233435e-17,9.430160241169086e-17,0.9999999999999525,9.430160241169086e-17,0.9999999999999525,2.2443437476294188e-15,2.2443437476294188e-15,True,True,True,True,False,False,False
down_proj,15,2025,momentum,50,2.761223135003018,2.761223135003019,2.761223135003019,1.3322676295501878e-15,1.3322676295501878e-15,9.735110189893119e-15,1.1568867705158514e-16,2.214940405048136e-16,1.1568867705158514e-16,2.214940405048136e-16,2.79285055585515e-16,0.9999999999999731,2.79285055585515e-16,0.9999999999999731,3.4298415658888583e-15,3.4298415658888583e-15,True,True,True,True,False,False,False
down_proj,16,2025,momentum,1,2.691446009920676,2.6914460099206754,2.6914460099206754,4.440892098500626e-16,4.440892098500626e-16,3.5002373517371505e-15,7.99757482092326e-18,8.583356982876664e-18,7.99757482092326e-18,8.583356982876664e-18,1.9898539207087e-17,1.0000000000000155,1.9898539207087e-17,1.0000000000000155,3.5002373517371498e-15,3.5002373517371498e-15,True,True,True,True,False,False,False
down_proj,16,2025,momentum,10,2.6780136065357425,2.678013606535743,2.678013606535743,4.440892098500626e-16,4.440892098500626e-16,3.781790848860573e-15,3.832912473228895e-17,5.092764677314086e-17,3.832912473228895e-17,5.092764677314086e-17,9.486387394407999e-17,1.0000000000000355,9.486387394407999e-17,1.0000000000000355,2.308794562043297e-15,2.308794562043297e-15,True,True,True,True,False,False,False
down_proj,16,2025,momentum,50,2.625314049908487,2.6253140499084875,2.6253140499084875,4.440892098500626e-16,4.440892098500626e-16,9.154624298484386e-15,1.1466489809565926e-16,2.0070650262683279e-16,1.1466489809565926e-16,2.0070650262683279e-16,2.6011962396555905e-16,1.0000000000000295,2.6011962396555905e-16,1.0000000000000295,3.7391366376740894e-15,3.7391366376740894e-15,True,True,True,True,False,False,False
down_proj,17,2025,momentum,1,2.6007911766781,2.6007911766781,2.6007911766781,0.0,0.0,3.3710310727994473e-15,6.728194227487396e-18,1.0819897751351468e-17,6.728194227487396e-18,1.0819897751351468e-17,1.9867062152129053e-17,0.9999999999999989,1.9867062152129053e-17,0.9999999999999989,3.3710310727994485e-15,3.3710310727994485e-15,True,True,True,True,False,False,False
down_proj,17,2025,momentum,10,2.5866204687103274,2.5866204687103274,2.5866204687103274,0.0,0.0,2.9756673740092993e-15,3.768731041815374e-17,4.731734794777165e-17,3.768731041815374e-17,4.731734794777165e-17,9.199680668422877e-17,0.9999999999999851,9.199680668422877e-17,0.9999999999999851,2.2253069796368826e-15,2.2253069796368826e-15,True,True,True,True,False,False,False
down_proj,17,2025,momentum,50,2.5230768285991934,2.5230768285991934,2.5230768285991934,0.0,0.0,8.240851250700891e-15,1.1080783780738629e-16,2.0615400313857151e-16,1.1080783780738629e-16,2.0615400313857151e-16,2.65371476303941e-16,1.00000000000001,2.65371476303941e-16,1.00000000000001,2.7899855722348617e-15,2.7899855722348617e-15,True,True,True,True,False,False,False
down_proj,18,2025,momentum,1,2.8071014243953774,2.8071014243953765,2.8071014243953765,8.881784197001252e-16,8.881784197001252e-16,3.647156682731262e-15,6.653361205790136e-18,9.771998807388687e-18,6.653361205790136e-18,9.771998807388687e-18,1.925152978255578e-17,0.9999999999999527,1.925152978255578e-17,0.9999999999999527,3.647156682731262e-15,3.647156682731262e-15,True,True,True,True,False,False,False
down_proj,18,2025,momentum,10,2.7915619439774213,2.791561943977421,2.791561943977421,4.440892098500626e-16,4.440892098500626e-16,3.283155955298546e-15,3.7847549575405113e-17,5.0281686257296217e-17,3.7847549575405113e-17,5.0281686257296217e-17,9.315886946142866e-17,0.9999999999999364,9.315886946142866e-17,0.9999999999999364,1.7403080550931653e-15,1.7403080550931653e-15,True,True,True,True,False,False,False
down_proj,18,2025,momentum,50,2.72267640578042,2.722676405780419,2.722676405780419,8.881784197001252e-16,8.881784197001252e-16,7.475125691980062e-15,1.1095165696868058e-16,1.9819200184204586e-16,1.1095165696868058e-16,1.9819200184204586e-16,2.565152815408735e-16,0.9999999999999734,2.565152815408735e-16,0.9999999999999734,2.7039217349467586e-15,2.7039217349467586e-15,True,True,True,True,False,False,False
down_proj,19,2025,momentum,1,2.869434676338033,2.869434676338033,2.869434676338033,0.0,0.0,3.4772887373943723e-15,6.6949990377928814e-18,9.690641992689021e-18,6.6949990377928814e-18,9.690641992689021e-18,1.9924668739480937e-17,0.999999999999989,1.9924668739480937e-17,0.999999999999989,3.4772887373943743e-15,3.4772887373943743e-15,True,True,True,True,False,False,False
down_proj,19,2025,momentum,10,2.853750540935315,2.8537505409353154,2.8537505409353154,4.440892098500626e-16,4.440892098500626e-16,5.0206983953610506e-15,3.635119886100034e-17,4.9936110535922186e-17,3.635119886100034e-17,4.9936110535922186e-17,9.266035950897929e-17,0.9999999999999859,9.266035950897929e-17,0.9999999999999859,1.9560680008334377e-15,1.9560680008334377e-15,True,True,True,True,False,False,False
down_proj,19,2025,momentum,50,2.7886492146709725,2.7886492146709725,2.7886492146709725,0.0,0.0,8.757495952818119e-15,1.1067597709205615e-16,2.0796781823304244e-16,1.1067597709205615e-16,2.0796781823304244e-16,2.649866061823321e-16,0.9999999999999993,2.649866061823321e-16,0.9999999999999993,2.67879321075821e-15,2.67879321075821e-15,True,True,True,True,False,False,False
down_proj,20,2025,momentum,1,2.8479125691909437,2.8479125691909437,2.8479125691909437,0.0,0.0,3.748789553554578e-15,8.022514675622335e-18,9.260863590800383e-18,8.022514675622335e-18,9.260863590800383e-18,1.9072426582931675e-17,1.0000000000000098,1.9072426582931675e-17,1.0000000000000098,3.7487895535545875e-15,3.7487895535545875e-15,True,True,True,True,False,False,False
down_proj,20,2025,momentum,10,2.8320357057979244,2.8320357057979244,2.8320357057979244,0.0,0.0,4.415381555127758e-15,4.391078614147061e-17,5.088787277491781e-17,4.391078614147061e-17,5.088787277491781e-17,9.949834591842588e-17,0.9999999999999629,9.949834591842588e-17,0.9999999999999629,2.450163548388714e-15,2.450163548388714e-15,True,True,True,True,False,False,False
down_proj,20,2025,momentum,50,2.766261887679884,2.766261887679884,2.766261887679884,0.0,0.0,7.458434788943231e-15,1.1965865147602307e-16,2.1678452330118187e-16,1.1965865147602307e-16,2.1678452330118187e-16,2.772080583847709e-16,1.0000000000000444,2.772080583847709e-16,1.0000000000000444,2.9867388709811354e-15,2.9867388709811354e-15,True,True,True,True,False,False,False
down_proj,21,2025,momentum,1,2.987018985750807,2.9870189857508067,2.9870189857508067,4.440892098500626e-16,4.440892098500626e-16,4.155234680085036e-15,8.020797683406846e-18,9.87016234320954e-18,8.020797683406846e-18,9.87016234320954e-18,2.0634508506222672e-17,0.9999999999999927,2.0634508506222672e-17,0.9999999999999927,4.155234680085042e-15,4.155234680085042e-15,True,True,True,True,False,False,False
down_proj,21,2025,momentum,10,2.9731165830170534,2.9731165830170534,2.9731165830170534,0.0,0.0,3.636722597886472e-15,3.5540439184348036e-17,5.0035960850328696e-17,3.5540439184348036e-17,5.0035960850328696e-17,9.266282213413508e-17,1.000000000000035,9.266282213413508e-17,1.000000000000035,1.9346766517233778e-15,1.9346766517233778e-15,True,True,True,True,False,False,False
down_proj,21,2025,momentum,50,2.90165804096857,2.90165804096857,2.90165804096857,0.0,0.0,6.8940674933814815e-15,1.0606914296257359e-16,2.2537082153625204e-16,1.0606914296257359e-16,2.2537082153625204e-16,2.767610768490695e-16,1.0000000000000189,2.767610768490695e-16,1.0000000000000189,2.5449334263216437e-15,2.5449334263216437e-15,True,True,True,True,False,False,False
down_proj,22,2025,momentum,1,3.170511669245678,3.170511669245678,3.170511669245678,0.0,0.0,2.9203574952429183e-15,7.4954155739991e-18,9.346558029159453e-18,7.4954155739991e-18,9.346558029159453e-18,2.0153031982707097e-17,0.9999999999999971,2.0153031982707097e-17,0.9999999999999971,2.9203574952429175e-15,2.9203574952429175e-15,True,True,True,True,False,False,False
down_proj,22,2025,momentum,10,3.150764862950834,3.150764862950834,3.150764862950834,0.0,0.0,3.0974576190839886e-15,3.520653657434629e-17,5.14486300001849e-17,3.520653657434629e-17,5.14486300001849e-17,9.337712724621334e-17,1.0000000000000024,9.337712724621334e-17,1.0000000000000024,1.726258383508146e-15,1.726258383508146e-15,True,True,True,True,False,False,False
down_proj,22,2025,momentum,50,3.068634341737769,3.0686343417377695,3.0686343417377695,4.440892098500626e-16,4.440892098500626e-16,6.8938740439932275e-15,1.1235553608987857e-16,2.119242380457943e-16,1.1235553608987857e-16,2.119242380457943e-16,2.6877976992630663e-16,1.000000000000039,2.6877976992630663e-16,1.000000000000039,2.4222331312301325e-15,2.4222331312301325e-15,True,True,True,True,False,False,False
down_proj,23,2025,momentum,1,2.630136707558924,2.6301367075589237,2.6301367075589237,4.440892098500626e-16,4.440892098500626e-16,2.955827883879532e-15,6.717789408657063e-18,7.65829476386737e-18,6.717789408657063e-18,7.65829476386737e-18,1.7876241300630078e-17,1.0000000000000364,1.7876241300630078e-17,1.0000000000000364,2.9558278838795372e-15,2.9558278838795372e-15,True,True,True,True,False,False,False
down_proj,23,2025,momentum,10,2.615164203812643,2.6151642038126424,2.6151642038126424,4.440892098500626e-16,4.440892098500626e-16,3.5099470633873994e-15,3.47768473779316e-17,4.5323230252054784e-17,3.47768473779316e-17,4.5323230252054784e-17,8.725664434868302e-17,0.9999999999999756,8.725664434868302e-17,0.9999999999999756,1.8880528038268154e-15,1.8880528038268154e-15,True,True,True,True,False,False,False
down_proj,23,2025,momentum,50,2.55789754433772,2.5578975443377203,2.5578975443377203,4.440892098500626e-16,4.440892098500626e-16,8.356326036202195e-15,1.098188185532547e-16,1.9099425232900256e-16,1.098188185532547e-16,1.9099425232900256e-16,2.4998377790396806e-16,1.0000000000000349,2.4998377790396806e-16,1.0000000000000349,3.6177913370932855e-15,3.6177913370932855e-15,True,True,True,True,False,False,False
q_proj,0,7,momentum,1,4.455726459083048,4.455726459083048,4.455726459083048,0.0,0.0,1.870838587971008e-15,0.04328616511082874,1.0446211427877729e-16,9.401364971822573e-17,1.0446211427877729e-16,0.05812873422708749,0.9983123776992768,1.725122678110703e-16,0.9999999999999994,233.94895442628498,1.7585561558196634e-15,False,True,False,False,True,False,False
q_proj,0,7,momentum,10,4.451636695360672,4.395986830732487,4.451636695360672,0.055649864628184886,0.0,2.725963469763721,0.11597943539185038,0.014413418652014875,2.146153442180524e-16,2.228029262632398e-16,0.1285876428368155,0.9918090464982727,3.2918860657517195e-16,1.0000000000000133,25.008610785684116,8.356309072578066e-16,False,True,False,False,True,False,False
q_proj,0,7,momentum,50,4.417648309679821,2.946572798555946,4.417648309679821,1.4710755111238751,0.0,11.420268842868483,0.6110635349221639,0.3301967147453809,4.682388820141831e-16,4.71636166981627e-16,0.6913395482049848,0.8139725625891285,6.643182099120539e-16,0.9999999999999931,6.722951077724919,1.1303979383322748e-15,False,True,False,False,True,False,False
q_proj,1,7,momentum,1,1.7876155473687576,1.7876155473687578,1.7876155473687578,2.220446049250313e-16,2.220446049250313e-16,2.1917933555201057e-15,0.00019593696962447716,1.0483774183045774e-16,9.091607219174029e-17,1.0483774183045774e-16,0.00018309547638361984,0.9999999832380277,1.703640093213223e-16,0.999999999999996,3.016446812056296,2.2169446839125095e-15,False,True,False,False,True,False,False
q_proj,1,7,momentum,10,1.786709799438859,1.7845856296239138,1.786709799438859,0.0021241698149452315,0.0,0.12978141582566877,0.007799530176776291,0.00012139182621163447,2.2790191656033193e-16,2.303203326289456e-16,0.007255426699117212,0.999973680736266,3.428435422639015e-16,0.9999999999999933,2.8218673362855102,1.3785014968754647e-15,False,True,False,False,True,False,False
q_proj,1,7,momentum,50,1.7774400840386053,1.764133186200042,1.7774400840386055,0.013306897838563314,2.220446049250313e-16,1.0079501114950444,0.05004382182272361,0.0143845978176774,4.848553739132261e-16,4.881642279908791e-16,0.04758717386741321,0.9988705400865274,6.942574183228788e-16,0.9999999999999826,1.4116183986999895,1.33120125428584e-15,False,True,False,False,True,False,False
q_proj,2,7,momentum,1,1.632018507976704,1.632018507976704,1.632018507976704,0.0,0.0,1.6725446650326325e-15,7.010693082004932e-05,1.026885495413356e-16,9.272804137144299e-17,1.026885495413356e-16,8.441437306096307e-05,0.9999999964371897,1.7160895791211014e-16,1.0000000000000009,0.8289643785861771,1.6835426437656548e-15,False,True,False,False,True,False,False
q_proj,2,7,momentum,10,1.6308840128390865,1.6304299516322682,1.6308840128390865,0.0004540612068182348,0.0,0.02521534179454384,0.0028555956237343075,1.6520039610748124e-05,2.19974152278744e-16,2.2328640114351264e-16,0.0034263987945163743,0.999994130307968,3.3348846354512365e-16,0.9999999999999905,0.8202610760892798,7.97516541586582e-16,False,True,False,False,True,False,False
q_proj,2,7,momentum,50,1.6216701434882896,1.619297920127512,1.6216701434882896,0.002372223360777692,0.0,0.2583425467222099,0.022915657000292286,0.0022175490375775267,4.884649156809447e-16,4.727920515070027e-16,0.026244461603016685,0.9996559854297417,6.885496009440301e-16,1.0000000000000013,0.7316652820756199,8.967672438392074e-16,False,True,False,False,True,False,False
q_proj,3,7,momentum,1,1.517066350679853,1.5170663506798532,1.5170663506798532,2.220446049250313e-16,2.220446049250313e-16,2.278007546073552e-15,6.939436812806925e-05,1.0611738719539815e-16,9.312442737683702e-17,1.0611738719539815e-16,7.66672061864051e-05,0.9999999970610849,1.7334255563120837e-16,0.9999999999999889,0.8976923270232737,2.2957635896692927e-15,False,True,False,False,True,False,False
q_proj,3,7,momentum,10,1.5160652208567438,1.5156224877934417,1.5160652208567436,0.00044273306330211426,2.220446049250313e-16,0.02543925373236689,0.0028324569082656356,1.9619117115010516e-05,2.251896637131697e-16,2.2155212186783136e-16,0.003118844417981603,0.9999951365699669,3.3400866823774284e-16,1.0000000000000058,0.8892512737835984,9.412640654322097e-16,False,True,False,False,True,False,False
q_proj,3,7,momentum,50,1.5072877537242761,1.5044263021440865,1.5072877537242761,0.002861451580189689,0.0,0.2364843447782749,0.023555071934300755,0.0026987778964770535,4.802762873771926e-16,4.708129157875084e-16,0.02487606819479553,0.9996907668702082,6.82134541478693e-16,1.0000000000000009,0.8070538768645339,1.0196891182812354e-15,False,True,False,False,True,False,False
q_proj,4,7,momentum,1,1.5212313201411152,1.5212313201411152,1.5212313201411152,0.0,0.0,2.0101725292225934e-15,0.00012134959951828492,1.0524142583692901e-16,9.469348023387414e-17,1.0524142583692901e-16,0.00014564439487298712,0.9999999893987579,1.7438870504473095e-16,1.0000000000000047,1.5292399866092539,2.022424176850183e-15,False,True,False,False,True,False,False
q_proj,4,7,momentum,10,1.5201792734344686,1.5186154497460622,1.5201792734344686,0.0015638236884063517,0.0,0.11262880459840766,0.00486349350972607,6.393349715271095e-05,2.1683847465313872e-16,2.276496640176299e-16,0.005784305763441273,0.9999832845249254,3.348016707735197e-16,1.0000000000000122,1.464450627121501,8.565064894445006e-16,False,True,False,False,True,False,False
q_proj,4,7,momentum,50,1.5114354807432688,1.50481863186655,1.5114354807432688,0.006616848876718873,0.0,0.890838074226964,0.03403962293632021,0.007503181708516405,4.650557062580378e-16,4.7833087022245e-16,0.03745168993281358,0.9993014475998376,6.77486566027037e-16,1.0000000000000084,1.0828036929545133,1.0286246512930498e-15,False,True,False,False,True,False,False
q_proj,5,7,momentum,1,1.4884023248142977,1.4884023248142977,1.4884023248142977,0.0,0.0,2.346796907190565e-15,9.394549416528295e-05,1.0524709616340126e-16,9.312725732945203e-17,1.0524709616340126e-16,0.00010972626744544501,0.9999999939832809,1.728538238211296e-16,1.000000000000014,1.1572709545495978,2.361681544708259e-15,False,True,False,False,True,False,False
q_proj,5,7,momentum,10,1.4873340440721183,1.486362846716285,1.4873340440721186,0.0009711973558332865,2.220446049250313e-16,0.051356065683225725,0.0038146987688851873,4.3800496589921555e-05,2.2140143543498584e-16,2.273985364062746e-16,0.004448008575016058,0.9999901147534369,3.3841739006069305e-16,1.0000000000000002,1.1385354938933836,1.1561510906950088e-15,False,True,False,False,True,False,False
q_proj,5,7,momentum,50,1.478736772212821,1.474159981625532,1.478736772212821,0.0045767905872891035,0.0,0.5718956113142979,0.02958590959447733,0.0056667694363995895,4.825166223432966e-16,4.763344332283804e-16,0.034159427153780356,0.999417800607409,6.902709165571863e-16,0.9999999999999829,0.9631071739785123,1.1692992652233544e-15,False,True,False,False,True,False,False
q_proj,6,7,momentum,1,1.514370280353511,1.514370280353511,1.514370280353511,0.0,0.0,2.321345885076322e-15,8.005562564036026e-05,1.0572234479601834e-16,9.26500788124099e-17,1.0572234479601834e-16,8.806969101604297e-05,0.999999996122791,1.7373316351819375e-16,0.9999999999999807,1.1305329728278766,2.340655854329389e-15,False,True,False,False,True,False,False
q_proj,6,7,momentum,10,1.5134443047900692,1.5128094974273358,1.5134443047900692,0.0006348073627333584,0.0,0.042980488021766045,0.0032517268883542182,3.0405597635145966e-05,2.1601704773949363e-16,2.2054701496325318e-16,0.003564137988124761,0.9999936508904622,3.280816484728357e-16,1.0000000000000102,1.1106014595292224,9.203115789836946e-16,False,True,False,False,True,False,False
q_proj,6,7,momentum,50,1.5055857132779722,1.502289195051382,1.5055857132779722,0.0032965182265902726,0.0,0.40521460942960635,0.02544227251812518,0.004004250363571667,4.751331492521943e-16,4.88275379509197e-16,0.026949274393812825,0.9996375773257475,6.895757408034451e-16,0.9999999999999946,0.9256468628167798,1.3093409740210628e-15,False,True,False,False,True,False,False
q_proj,7,7,momentum,1,1.4978566510602016,1.4978566510602016,1.4978566510602016,0.0,0.0,1.7856700966511897e-15,6.364898383291422e-05,1.0479818796057415e-16,9.222916030398875e-17,1.0479818796057415e-16,7.859860311231794e-05,0.9999999969144938,1.72241543876448e-16,0.9999999999999958,0.7595342108515312,1.799573930550424e-15,False,True,False,False,True,False,False
q_proj,7,7,momentum,10,1.496756668318221,1.496487834205394,1.496756668318221,0.00026883411282696557,0.0,0.017733246720116648,0.0025987046964557896,1.5696956958436867e-05,2.2159478538453106e-16,2.253653694609685e-16,0.0032028510737221356,0.9999948770099159,3.368730373937849e-16,1.0000000000000033,0.75758502191906,1.012373889327065e-15,False,True,False,False,True,False,False
q_proj,7,7,momentum,50,1.4881075790160991,1.486421488066061,1.4881075790160994,0.0016860909500382437,2.220446049250313e-16,0.20321247213229549,0.021456891335883427,0.0021942671692729496,4.679212885255196e-16,4.816705344485248e-16,0.025671326280744974,0.9996710365384304,6.79809443404106e-16,0.9999999999999936,0.7513134081502016,1.1493957006745249e-15,False,True,False,False,True,False,False
q_proj,8,7,momentum,1,1.654176379069742,1.6541763790697415,1.6541763790697415,4.440892098500626e-16,4.440892098500626e-16,1.6488373968762186e-15,0.00014678509791392816,1.0604854341026036e-16,9.919337263816257e-17,1.0604854341026036e-16,0.00018008260680984448,0.999999983794303,1.7603737341103786e-16,0.9999999999999885,1.5548162586216505,1.6775928388321695e-15,False,True,False,False,True,False,False
q_proj,8,7,momentum,10,1.6528573489922436,1.6504866713211863,1.6528573489922436,0.002370677671057253,0.0,0.14123622319264123,0.005853125306158215,9.036781512869274e-05,2.148941097881415e-16,2.287577020822097e-16,0.007110308990290066,0.9999747484532748,3.329004359914138e-16,1.0000000000000018,1.4768405158294802,9.594710492235725e-16,False,True,False,False,True,False,False
q_proj,8,7,momentum,50,1.642544771512573,1.6340855310217142,1.642544771512573,0.008459240490858777,0.0,1.0692879989382613,0.03943539554589199,0.009979300407282989,4.587356800079071e-16,4.764668151061633e-16,0.04433415888998073,0.9990225504818194,6.67891858749661e-16,0.9999999999999978,1.0788308378464742,1.00604033767299e-15,False,True,False,False,True,False,False
q_proj,9,7,momentum,1,1.45272689213822,1.45272689213822,1.45272689213822,0.0,0.0,2.0569489038628833e-15,8.489633459055252e-05,1.0663263178611368e-16,8.925794561307157e-17,1.0663263178611368e-16,0.000109509912939941,0.9999999940111042,1.7157624292359923e-16,0.9999999999999967,1.2462499616279246,2.049027486054893e-15,False,True,False,False,True,False,False
q_proj,9,7,momentum,10,1.4518548643786109,1.450728092946047,1.4518548643786109,0.001126771432563789,0.0,0.1465846108968656,0.0034071961362176343,5.6657971272789345e-05,2.201426839835394e-16,2.279848084208648e-16,0.004361388196962475,0.9999905041467145,3.3916213031601944e-16,1.0000000000000133,1.201807629884521,1.281375691256548e-15,False,True,False,False,True,False,False
q_proj,9,7,momentum,50,1.4447994772590689,1.4415226291728185,1.4447994772590687,0.0032768480862503946,2.220446049250313e-16,0.915966231368134,0.02474273657787032,0.005847350573937588,4.684064319543493e-16,4.693191174524116e-16,0.029616270860887656,0.9995630260676938,6.752888189414009e-16,1.0000000000000195,1.0301855683795766,1.2907236418927192e-15,False,True,False,False,True,False,False
q_proj,10,7,momentum,1,1.3849178351872145,1.3849178351872145,1.3849178351872145,0.0,0.0,1.6496922103205552e-15,0.00013125309191037968,1.047321481573302e-16,9.159912340779354e-17,1.047321481573302e-16,0.00017470699889526574,0.9999999847733854,1.726041457504164e-16,0.9999999999999977,1.7317827438303688,1.6857003933436208e-15,False,True,False,False,True,False,False
q_proj,10,7,momentum,10,1.3839488980030623,1.3808306280505807,1.3839488980030623,0.003118269952481656,0.0,0.39598661204096564,0.005060208582989478,0.00014759862867729407,2.2274472291156223e-16,2.2615342310178147e-16,0.006637747780804867,0.9999780464949113,3.4044863654985327e-16,1.0000000000000107,1.5479914779173471,8.770978338135974e-16,False,True,False,False,True,False,False
q_proj,10,7,momentum,50,1.3765717258837937,1.370540858954459,1.3765717258837937,0.006030866929334744,0.0,2.294922878023479,0.02929864577710914,0.012312673262567082,4.780185572192252e-16,4.779996128094471e-16,0.03713252901329135,0.9993173691203245,6.932825155656196e-16,1.000000000000012,1.0493040161966354,9.986644363097674e-16,False,True,False,False,True,False,False
q_proj,11,7,momentum,1,1.3678516368194895,1.3678516368194895,1.3678516368194895,0.0,0.0,1.858518163989248e-15,0.00010692792685570604,1.0792241056896897e-16,9.414094169859436e-17,1.0792241056896897e-16,0.0001442351011293998,0.999999989621701,1.7666500345777304e-16,0.9999999999999893,1.1285686997168878,1.7857674674023014e-15,False,True,False,False,True,False,False
q_proj,11,7,momentum,10,1.3666633019057144,1.364975133907713,1.3666633019057144,0.001688167998001422,0.0,0.11618782048699275,0.004330006805411934,6.10234243770166e-05,2.2191577083100142e-16,2.2858646488412637e-16,0.005823247507117185,0.9999830895765641,3.4294234934904335e-16,0.999999999999988,1.1083383869289114,8.314019247909965e-16,False,True,False,False,True,False,False
q_proj,11,7,momentum,50,1.3577335733930542,1.352468684653879,1.3577335733930542,0.0052648887391753,0.0,1.152888911835336,0.03318594650727968,0.006820506703809038,4.659519326890657e-16,4.794110269797753e-16,0.043470070162187395,0.999059025618557,6.768228295590909e-16,1.0000000000000004,1.0048989830618502,9.46450733322742e-16,False,True,False,False,True,False,False
q_proj,12,7,momentum,1,1.4540987437798567,1.4540987437798567,1.4540987437798567,0.0,0.0,1.526279328065847e-15,0.00010431851089072823,1.0514507536340181e-16,9.368441789251418e-17,1.0514507536340181e-16,0.00012103418752256877,0.9999999926817681,1.746193695482367e-16,1.000000000000036,1.5298177863086124,1.5571948490744331e-15,False,True,False,False,True,False,False
q_proj,12,7,momentum,10,1.4532521032128134,1.4510168748975236,1.4532521032128136,0.0022352283152897723,2.220446049250313e-16,0.2185799145032383,0.004151373716771454,0.00010652924369979442,2.164841525104814e-16,2.2971387199521676e-16,0.00475957018199621,0.9999886878666115,3.3852161017707786e-16,0.9999999999999989,1.4452443986325687,9.224196522399117e-16,False,True,False,False,True,False,False
q_proj,12,7,momentum,50,1.4460671569401933,1.438566576992955,1.446067156940193,0.007500579947238295,2.220446049250313e-16,1.7193075788478336,0.028667578656235416,0.011318928033943888,4.713593276227337e-16,4.730194145593437e-16,0.032563060775433895,0.99947166439656,6.819712522716317e-16,0.9999999999999964,1.0623658922486656,1.2737200347697139e-15,False,True,False,False,True,False,False
q_proj,13,7,momentum,1,1.4741229993091303,1.4741229993091303,1.4741229993091303,0.0,0.0,2.3174000526950866e-15,8.814516516973918e-05,1.061896687239792e-16,8.948128639996118e-17,1.061896687239792e-16,0.0001175616477035483,0.9999999931003085,1.7265149797984696e-16,1.000000000000002,1.111017673728411,2.3243412932051166e-15,False,True,False,False,True,False,False
q_proj,13,7,momentum,10,1.4730877861971312,1.4719939370027515,1.4730877861971314,0.0010938491943797146,2.220446049250313e-16,0.08743593105446824,0.003577581739919985,4.3007499590587754e-05,2.1905436366957756e-16,2.2609890769401345e-16,0.004757274928249575,0.9999887044404636,3.3786067352318485e-16,1.0000000000000027,1.0946346117830728,9.044294167699868e-16,False,True,False,False,True,False,False
q_proj,13,7,momentum,50,1.464896261824498,1.4609742471133937,1.464896261824498,0.003922014711104316,0.0,0.8829363454953956,0.02795331310282591,0.0050877239996538004,4.670020571677112e-16,4.753951511688595e-16,0.036035497330350615,0.9993524832289731,6.822220358418622e-16,0.9999999999999918,0.9961728334806568,1.361980543470034e-15,False,True,False,False,True,False,False
q_proj,14,7,momentum,1,1.4170630639962343,1.4170630639962345,1.4170630639962345,2.220446049250313e-16,2.220446049250313e-16,1.7030582292786356e-15,9.014591186155063e-05,1.0557769860956661e-16,9.397461397433229e-17,1.0557769860956661e-16,0.00011146997529545304,0.9999999937959105,1.7523252367979368e-16,1.0000000000000124,1.2668214575233527,1.7311254256025911e-15,False,True,False,False,True,False,False
q_proj,14,7,momentum,10,1.416167413255975,1.4148224727286685,1.416167413255975,0.001344940527306493,0.0,0.12694354077156467,0.003633542410569391,5.9312728614159326e-05,2.1768962894927128e-16,2.215835758992597e-16,0.004464307419177183,0.9999900525340346,3.3278975326126623e-16,1.0000000000000173,1.2282194579896613,9.322142234174254e-16,False,True,False,False,True,False,False
q_proj,14,7,momentum,50,1.4087548775274337,1.4039857419306603,1.4087548775274337,0.004769135596773388,0.0,1.0195505553160487,0.02721707440304395,0.00670103664706152,4.561711791732218e-16,4.715409271704886e-16,0.032043589234165865,0.9994884812589484,6.671824812605847e-16,0.999999999999984,1.032942069972102,1.1163875939854673e-15,False,True,False,False,True,False,False
q_proj,15,7,momentum,1,1.422859714148287,1.4228597141482873,1.4228597141482873,2.220446049250313e-16,2.220446049250313e-16,2.3655413072441696e-15,9.064714949048137e-05,1.0617426070153556e-16,9.536483206549507e-17,1.0617426070153556e-16,0.0001166886255910104,0.9999999932003365,1.763407160041225e-16,1.000000000000011,1.0969453378912415,2.377863097616403e-15,False,True,False,False,True,False,False
q_proj,15,7,momentum,10,1.4218065594098086,1.4208091623421413,1.4218065594098088,0.0009973970676673272,2.220446049250313e-16,0.07803768611249252,0.003680118114001781,4.0643628186120645e-05,2.1572254092813385e-16,2.2011172766109e-16,0.004719689796992851,0.9999888785122183,3.3216365754754636e-16,0.9999999999999899,1.080687008635694,9.624403139253339e-16,False,True,False,False,True,False,False
q_proj,15,7,momentum,50,1.4133568860338057,1.409337145875906,1.4133568860338057,0.004019740157899632,0.0,0.7092512321211248,0.028981522952168378,0.004856413872634608,4.760568578876192e-16,4.779731099611108e-16,0.03566776535346074,0.9993653369783291,6.907466696652525e-16,1.0000000000000007,0.9854640958250003,1.0615913724747353e-15,False,True,False,False,True,False,False
q_proj,16,7,momentum,1,1.6062011910191265,1.6062011910191265,1.6062011910191265,0.0,0.0,1.817556189683687e-15,7.102627210748263e-05,1.0155893570574105e-16,9.102114350232636e-17,1.0155893570574105e-16,8.230406695422194e-05,0.9999999966228509,1.6934746212542068e-16,1.000000000000009,0.7923624080560379,1.8401726253842455e-15,False,True,False,False,True,False,False
q_proj,16,7,momentum,10,1.6049745030980038,1.6051758909182061,1.6049745030980038,0.0002013878202022923,0.0,0.013794960148464671,0.0029116485309215114,9.879588161721946e-06,2.144695053649085e-16,2.230127728418128e-16,0.0033643019021435245,0.9999943563820343,3.323592370049005e-16,1.0000000000000027,0.7922778622192315,8.93239033954247e-16,False,True,False,False,True,False,False
q_proj,16,7,momentum,50,1.594694693553196,1.5959026523222086,1.594694693553196,0.0012079587690125848,0.0,0.12908961538219138,0.025421728408798847,0.0014120954894431654,4.583264079867018e-16,4.650008901713882e-16,0.028133115708642336,0.9996047420212135,6.618562526811144e-16,1.000000000000003,0.7963536093725864,9.343263711452698e-16,False,True,False,False,True,False,False
q_proj,17,7,momentum,1,1.5318836258055388,1.5318836258055388,1.5318836258055388,0.0,0.0,1.856042169735016e-15,5.0590153132729e-05,1.0331857634097029e-16,9.36150490675097e-17,1.0331857634097029e-16,6.287544233404297e-05,0.9999999980277201,1.7292189312590129e-16,0.9999999999999584,0.685922048890326,1.8582772406659903e-15,False,True,False,False,True,False,False
q_proj,17,7,momentum,10,1.5309281092328726,1.5310847039208932,1.5309281092328726,0.00015659468802065035,0.0,0.01439349697435275,0.0020667656466258556,8.036997307649974e-06,2.224784075814384e-16,2.2883387373763397e-16,0.0025625317548124884,0.9999967236548915,3.3929675244103926e-16,1.0000000000000078,0.6847236223903117,1.013842579975345e-15,False,True,False,False,True,False,False
q_proj,17,7,momentum,50,1.5233900301589396,1.5242096780793868,1.5233900301589394,0.0008196479204471974,2.220446049250313e-16,0.14969552300974467,0.017085422012870263,0.0011381895354282685,4.593140807626525e-16,4.766269942971162e-16,0.020388402047347178,0.9997923690649403,6.690104958121341e-16,1.000000000000014,0.6767751338256903,1.396111425154245e-15,False,True,False,False,True,False,False
q_proj,18,7,momentum,1,1.4284382537357143,1.4284382537357143,1.4284382537357143,0.0,0.0,1.7206411926718901e-15,5.5264389864186735e-05,1.0605671191048416e-16,9.360257462008348e-17,1.0605671191048416e-16,5.615242830986347e-05,0.999999998426752,1.7398550264458047e-16,0.9999999999999741,0.7650082008304485,1.7433805607439598e-15,False,True,False,False,True,False,False
q_proj,18,7,momentum,10,1.427541045034015,1.4275644025661447,1.4275410450340151,2.3357532129786307e-05,2.220446049250313e-16,0.02194617535514875,0.0022602453124405597,2.106883867012993e-05,2.2435294780282117e-16,2.2887310156499477e-16,0.0022931019938909085,0.9999973761733605,3.404552126008882e-16,1.000000000000009,0.7605146048842588,1.0221665669508826e-15,False,True,False,False,True,False,False
q_proj,18,7,momentum,50,1.4199346257623842,1.420283048818531,1.4199346257623842,0.00034842305614679603,0.0,0.19235400673138453,0.019151684286264365,0.0028983860443577885,4.758488448196097e-16,4.793402225392869e-16,0.019215236364715563,0.9998155569341194,6.853554079764681e-16,0.9999999999999809,0.7145040177471399,1.1126791877795235e-15,False,True,False,False,True,False,False
q_proj,19,7,momentum,1,1.4298440810354927,1.4298440810354924,1.4298440810354924,2.220446049250313e-16,2.220446049250313e-16,1.6896964795056152e-15,6.252993394442747e-05,1.0479145491928765e-16,9.428416189496429e-17,1.0479145491928765e-16,7.608438945826959e-05,0.9999999971074016,1.7258790103254447e-16,0.9999999999999958,0.8109160198438171,1.6796279628898505e-15,False,True,False,False,True,False,False
q_proj,19,7,momentum,10,1.4288714299514165,1.4287418090504889,1.4288714299514165,0.00012962090092760725,0.0,0.013178019433608041,0.002556714509845523,1.0708972392996152e-05,2.1599901340191016e-16,2.1998422061774744e-16,0.003105244294732045,0.9999951818258646,3.2927833136265743e-16,1.0000000000000326,0.8105332118360504,9.19610067209046e-16,False,True,False,False,True,False,False
q_proj,19,7,momentum,50,1.4213855484232518,1.42048994799763,1.4213855484232518,0.0008956004256217565,0.0,0.15199047440400096,0.021367579409977903,0.001525462908264986,4.782995398061496e-16,4.666145806640392e-16,0.025271024610113515,0.9996808337511346,6.780409008293587e-16,1.0000000000000115,0.817455088255348,1.2350265683271785e-15,False,True,False,False,True,False,False
q_proj,20,7,momentum,1,1.456021118051688,1.4560211180516878,1.4560211180516878,2.220446049250313e-16,2.220446049250313e-16,2.047834958519683e-15,5.738594934601567e-05,1.0683150469853703e-16,9.441213665572883e-17,1.0683150469853703e-16,7.271349756734706e-05,0.9999999973565421,1.7597068425179004e-16,1.0000000000000155,0.7505566754672205,2.078774831360653e-15,False,True,False,False,True,False,False
q_proj,20,7,momentum,10,1.4550229612486156,1.4551602115896785,1.4550229612486156,0.0001372503410628223,0.0,0.016943206311174994,0.00234587543580314,9.303165388660136e-06,2.2507152477798826e-16,2.2251202399686186e-16,0.002964567156705364,0.9999956059887671,3.373355733295159e-16,1.0000000000000173,0.7499313781296105,8.480592036249184e-16,False,True,False,False,True,False,False
q_proj,20,7,momentum,50,1.4470055072291728,1.4477002449613845,1.4470055072291728,0.0006947377322117365,0.0,0.17063330929451653,0.019658638091220825,0.0013030987895656587,4.659497189446595e-16,4.799907817262369e-16,0.0238215604719441,0.9997163285066891,6.793658668260871e-16,1.0000000000000113,0.7504150086246233,1.2550349701064839e-15,False,True,False,False,True,False,False
q_proj,21,7,momentum,1,1.4947375978206199,1.4947375978206199,1.4947375978206199,0.0,0.0,1.9933758054094378e-15,6.77711031258082e-05,1.0146830064938545e-16,9.390776871800894e-17,1.0146830064938545e-16,7.794649082071563e-05,0.9999999969628365,1.7227696958041254e-16,0.9999999999999812,0.9416366089107367,2.028394298883089e-15,False,True,False,False,True,False,False
q_proj,21,7,momentum,10,1.4937601005842844,1.4934786860922296,1.4937601005842844,0.0002814144920548767,0.0,0.030656881066078338,0.002772289666553894,2.6355941171757514e-05,2.2314753039849717e-16,2.212339622408073e-16,0.0031809076461692455,0.9999949419300453,3.3800923470606375e-16,0.9999999999999841,0.9384057583483248,1.1560104324205715e-15,False,True,False,False,True,False,False
q_proj,21,7,momentum,50,1.4854622314018566,1.4837874711175845,1.4854622314018564,0.0016747602842721587,2.220446049250313e-16,0.2288382139303584,0.023641148573421193,0.0034937093060980282,4.858893080790383e-16,4.858308049614958e-16,0.026435919400975522,0.9996505349667878,6.973978805347151e-16,0.999999999999998,0.9160705703169809,1.1403401680893855e-15,False,True,False,False,True,False,False
q_proj,22,7,momentum,1,1.410724079507969,1.4107240795079687,1.4107240795079687,2.220446049250313e-16,2.220446049250313e-16,1.780761115642502e-15,7.126216204084707e-05,1.0401051705416576e-16,9.195890423405383e-17,1.0401051705416576e-16,9.035467206649932e-05,0.9999999959200017,1.7136054087896774e-16,0.9999999999999677,0.8904205813175224,1.7597976036123222e-15,False,True,False,False,True,False,False
q_proj,22,7,momentum,10,1.4097130970896852,1.4096822816759318,1.409713097089685,3.081541375338226e-05,2.220446049250313e-16,0.010933348480943768,0.00291634318383272,6.853644286987642e-06,2.0502588466895425e-16,2.235727107958585e-16,0.003692023484922644,0.9999931878544837,3.229290808566373e-16,1.0000000000000084,0.8902293839834435,9.664108558432788e-16,False,True,False,False,True,False,False
q_proj,22,7,momentum,50,1.4016366850804534,1.4013285464941747,1.4016366850804534,0.0003081385862786501,0.0,0.11314423456139075,0.02467063840671078,0.0009642805729133456,4.869108630217154e-16,4.72350722109416e-16,0.030512193424748774,0.9995346895704854,6.838810618909591e-16,1.0000000000000016,0.8894242323009712,1.0462079222815306e-15,False,True,False,False,True,False,False
q_proj,23,7,momentum,1,1.4273494057121432,1.4273494057121434,1.4273494057121434,2.220446049250313e-16,2.220446049250313e-16,2.163331520539187e-15,6.805678267302828e-05,1.0508359809454327e-16,8.998970170332722e-17,1.0508359809454327e-16,8.791642678700315e-05,0.9999999961380924,1.7029065982322382e-16,1.0000000000000215,0.9046804485697741,2.169530886538797e-15,False,True,False,False,True,False,False
q_proj,23,7,momentum,10,1.4263704333392053,1.4264376474850646,1.4263704333392053,6.721414585930674e-05,0.0,0.0049223976073410215,0.00278253102705625,2.628203456339508e-06,2.0045579022243311e-16,2.2393985412080956e-16,0.003587379880673304,0.999993569998683,3.179868640783924e-16,1.0000000000000113,0.9046262480203524,1.115355774933118e-15,False,True,False,False,True,False,False
q_proj,23,7,momentum,50,1.418589639856585,1.4189724380109798,1.418589639856585,0.0003827981543949033,0.0,0.05135955886513483,0.023260348068213144,0.0003655372708127628,4.908275774204839e-16,4.712551509936221e-16,0.02903642169134516,0.9995787656888617,6.798979487336321e-16,1.0000000000000069,0.9038024026929428,1.2002338849654835e-15,False,True,False,False,True,False,False
k_proj,0,7,momentum,1,6.85426728183473,6.8542672818347326,6.8542672818347326,2.6645352591003757e-15,2.6645352591003757e-15,1.3740576410213263e-15,0.0952636470847172,1.002612270282192e-16,9.336546888923271e-17,1.002612270282192e-16,0.09869539888873623,0.9951643830728774,1.7036350607354402e-16,0.9999999999999963,239.84152807622843,1.4064507781930848e-15,False,True,False,False,True,False,False
k_proj,0,7,momentum,10,6.822261887491234,4.890090935327016,6.822261887491237,1.9321709521642187,2.6645352591003757e-15,1.6984937270115246,0.7252949760665275,0.33754028957057675,2.2301338673335936e-16,2.3817377339633797e-16,0.7931720961663875,0.7748818852441246,3.4855965959663057e-16,0.9999999999999991,28.53917881587359,1.5041634437567824e-15,False,True,False,False,True,False,False
k_proj,0,7,momentum,50,5.90587195392996,0.04241298296225141,5.905871953929961,5.8634589709677085,8.881784197001252e-16,14.436494228884902,0.6601666681393609,1.2638569163378988,5.466050847323271e-16,8.574964995000604e-16,1.6201638241274527,0.4561717341194754,1.0738658355327138e-15,0.9999999999999991,1.9812363620566418,1.2680524624866532e-15,False,True,False,False,True,False,False
k_proj,1,7,momentum,1,2.457556268534732,2.457556268534732,2.457556268534732,0.0,0.0,1.1536268118722538e-15,0.0006017846463308064,1.022960887085926e-16,9.598381988570859e-17,1.022960887085926e-16,0.0006232885978845596,0.9999998057626911,1.727517071070617e-16,0.999999999999992,2.7601065598095156,1.1658471961833964e-15,False,True,False,False,True,False,False
k_proj,1,7,momentum,10,2.447045760982864,2.426145951819983,2.447045760982865,0.020899809162881144,8.881784197001252e-16,0.10955067976039881,0.024024364924636516,0.0027369825823794335,2.1624111801254074e-16,2.392490381847586e-16,0.02477577974802305,0.999693514921577,3.39791709502359e-16,0.9999999999999964,2.616427935625294,1.0347420824771593e-15,False,True,False,False,True,False,False
k_proj,1,7,momentum,50,2.302902761074673,1.6569887513599941,2.3029027610746735,0.6459140097146789,4.440892098500626e-16,0.423395726125474,0.23623659975548392,0.3330452358348211,4.9113505188914135e-16,5.555012812709008e-16,0.4323241636429022,0.9250534533293364,7.504001392389709e-16,1.000000000000004,2.8224176546347355,9.891567176224532e-16,False,True,False,False,True,False,False
k_proj,2,7,momentum,1,2.3284478159070123,2.3284478159070123,2.3284478159070123,0.0,0.0,1.1511709872462356e-15,0.00020197157258041817,1.0667430469824192e-16,9.390489171866601e-17,1.0667430469824192e-16,0.00023149412048200833,0.9999999732092079,1.746729895799532e-16,0.9999999999999999,0.8206252237833229,1.1498201718804513e-15,False,True,False,False,True,False,False
k_proj,2,7,momentum,10,2.3170171038878866,2.3130608838696056,2.3170171038878866,0.003956220018280998,0.0,0.019486400461117315,0.008202518189550864,0.0004141064462563835,2.1760034183396736e-16,2.2667595438915197e-16,0.009384042087144957,0.9999559711928856,3.3580042654345027e-16,0.9999999999999952,0.8127650157123932,1.0494448143727513e-15,False,True,False,False,True,False,False
k_proj,2,7,momentum,50,2.1943226566450673,2.1346826371772036,2.1943226566450673,0.05964001946786368,0.0,0.10744526135010844,0.0725745615976752,0.054266508714025996,4.782495346829678e-16,5.175755335387559e-16,0.0979022625772704,0.995361637962197,7.123593337383937e-16,1.0,0.8123692682791814,1.2273102642890223e-15,False,True,False,False,True,False,False
k_proj,3,7,momentum,1,1.7784961183367312,1.7784961183367312,1.7784961183367312,0.0,0.0,1.0188340266791065e-15,0.00026117967267292696,1.1045770553036894e-16,9.330724250394629e-17,1.1045770553036894e-16,0.00035292190044729633,0.9999999377245576,1.7709814196161323e-16,0.9999999999999946,1.1107893785900786,1.0108547898688412e-15,False,True,False,False,True,False,False
k_proj,3,7,momentum,10,1.7687671098889943,1.762291779404367,1.7687671098889945,0.006475330484627229,2.220446049250313e-16,0.06165341176386542,0.010522346996929778,0.0007428681614809092,2.191180522043967e-16,2.1514487238844882e-16,0.014169198233851314,0.9998996447849594,3.2636337505800344e-16,0.9999999999999997,1.0761443234723498,8.243395873780353e-16,False,True,False,False,True,False,False
k_proj,3,7,momentum,50,1.6613977921389387,1.586306694794305,1.6613977921389385,0.0750910973446337,2.220446049250313e-16,0.18553804007209845,0.08469736828190284,0.08348261910639833,4.834183944097498e-16,4.785246672842734e-16,0.13708416267369616,0.9908682288495649,6.892203261799431e-16,1.0000000000000033,0.8997158496834207,9.119964558778478e-16,False,True,False,False,True,False,False
k_proj,4,7,momentum,1,1.6356277637249284,1.6356277637249288,1.6356277637249288,4.440892098500626e-16,4.440892098500626e-16,1.1828904522686688e-15,0.0002866763404293764,1.0015157526765906e-16,9.19245433069401e-17,1.0015157526765906e-16,0.00029308711749876526,0.9999999570499933,1.6958769705100017e-16,1.0000000000000027,1.5463901617846987,1.180690619203501e-15,False,True,False,False,True,False,False
k_proj,4,7,momentum,10,1.6282607715661943,1.6190157735698503,1.6282607715661943,0.00924499799634404,0.0,0.06262037391389258,0.011638315806242795,0.0010512429411455853,2.2446178752124923e-16,2.311499313774152e-16,0.011903687160051897,0.9999292058226037,3.4437607765692367e-16,1.0000000000000062,1.5066305167478447,1.0409626024977864e-15,False,True,False,False,True,False,False
k_proj,4,7,momentum,50,1.5351809482917087,1.3635112363655884,1.5351809482917087,0.17166971192612035,0.0,0.21434435842213645,0.10771242300407395,0.13589145601101085,4.786327422699505e-16,5.019722298688497e-16,0.1793701436711852,0.9850275217669888,6.96750148239919e-16,1.0,1.4197082201977775,9.765104549414047e-16,False,True,False,False,True,False,False
k_proj,5,7,momentum,1,1.601455764151665,1.601455764151665,1.601455764151665,0.0,0.0,1.3280932418849475e-15,0.0001899239310788127,1.1121988876807434e-16,9.502673410844234e-17,1.1121988876807434e-16,0.00018850022308282668,0.9999999822339671,1.7927238959781255e-16,0.9999999999999979,1.1966588049535303,1.3326445615364601e-15,False,True,False,False,True,False,False
k_proj,5,7,momentum,10,1.5953947110934852,1.5912432596016253,1.5953947110934852,0.004151451491859914,0.0,0.041536939116041734,0.007734222659620376,0.0006265171427700624,2.2866457032307366e-16,2.433425042978364e-16,0.007662922771269859,0.9999706511358103,3.581546795362125e-16,1.000000000000003,1.1800415482888822,1.1857264330427541e-15,False,True,False,False,True,False,False
k_proj,5,7,momentum,50,1.524439200990675,1.4492500523107463,1.524439200990675,0.07518914867992876,0.0,0.11883549748723264,0.07266671380869952,0.08393460848297914,4.744559440975277e-16,5.170512847850457e-16,0.10961549715823068,0.9941715633616699,7.135107415951705e-16,0.9999999999999919,1.1574431024160488,9.919520871666718e-16,False,True,False,False,True,False,False
k_proj,6,7,momentum,1,1.531006646788225,1.531006646788225,1.531006646788225,0.0,0.0,1.1589896651549293e-15,0.00022075709083057332,9.840644937609033e-17,9.447905676824786e-17,9.840644937609033e-17,0.00022085405401700903,0.9999999756136991,1.7202468238219874e-16,0.9999999999999988,1.1776759744762129,1.1556567005079161e-15,False,True,False,False,True,False,False
k_proj,6,7,momentum,10,1.5238135543088485,1.5187657072311191,1.523813554308849,0.005047847077729317,4.440892098500626e-16,0.03238528109510572,0.009009307728701553,0.0006018426891515483,2.2081395624705026e-16,2.1470661505874096e-16,0.009025948997001551,0.9999593000041962,3.2967427887538886e-16,1.0000000000000044,1.1620902249746627,1.0385603889424312e-15,False,True,False,False,True,False,False
k_proj,6,7,momentum,50,1.4381700603083936,1.3542676067994242,1.4381700603083936,0.08390245350896941,0.0,0.1272775955038188,0.0841772355596801,0.0798484838190066,4.83933090469488e-16,5.197238256874272e-16,0.12027943147111028,0.993082669929426,7.199470272570195e-16,1.0000000000000062,1.1085493048164363,9.35146443400796e-16,False,True,False,False,True,False,False
k_proj,7,7,momentum,1,1.6424945235908794,1.6424945235908794,1.6424945235908794,0.0,0.0,8.828975578667769e-16,0.00014993933003089788,9.792647918026447e-17,9.395760854031772e-17,9.792647918026447e-17,0.00015309292125339292,0.9999999882813788,1.6921240504755394e-16,1.000000000000004,0.8005825615139571,8.849641655901981e-16,False,True,False,False,True,False,False
k_proj,7,7,momentum,10,1.6349847350552238,1.63325679667159,1.6349847350552238,0.0017279383836337203,0.0,0.0184673724030774,0.00616018572814449,0.00024932291537711667,2.27133585427601e-16,2.2466262796066726e-16,0.0062804373840197126,0.9999802784755264,3.4063588582091716e-16,1.000000000000004,0.7980680475161381,6.902397571266027e-16,False,True,False,False,True,False,False
k_proj,7,7,momentum,50,1.5384102927245127,1.5065404473594544,1.5384102927245127,0.031869845365058325,0.0,0.06954935085359806,0.061079425799369626,0.034751845463157315,4.770254277058037e-16,4.582776214938085e-16,0.07292445043306205,0.9973694167582737,6.7256291018632835e-16,0.9999999999999958,0.7744013407808349,7.635779728659593e-16,False,True,False,False,True,False,False
k_proj,8,7,momentum,1,1.790073706658782,1.790073706658782,1.790073706658782,0.0,0.0,1.2734832223549373e-15,0.00035633207656576247,1.0705723654613027e-16,9.600485455809986e-17,1.0705723654613027e-16,0.0003826414655170181,0.9999999267988953,1.7399112150120424e-16,0.9999999999999987,1.6273290301561694,1.2505305632712077e-15,False,True,False,False,True,False,False
k_proj,8,7,momentum,10,1.7810590930216608,1.7660074802090238,1.7810590930216612,0.015051612812637005,4.440892098500626e-16,0.0833047937897225,0.014375773949494351,0.0017298108615145641,2.22757973459952e-16,2.282455149085094e-16,0.015465139990908178,0.9998804875370946,3.409274504117753e-16,0.9999999999999994,1.5731419486491187,1.0649660499301418e-15,False,True,False,False,True,False,False
k_proj,8,7,momentum,50,1.6712628510466292,1.395911156528286,1.6712628510466292,0.2753516945183432,0.0,0.3001363513744524,0.12763235229579753,0.20366445192406432,4.872425214420761e-16,5.339329529820104e-16,0.25209638312945737,0.9710551907357191,7.351800980869824e-16,0.9999999999999991,1.4535640027116887,1.0577190767269886e-15,False,True,False,False,True,False,False
k_proj,9,7,momentum,1,1.4508248832105182,1.4508248832105182,1.4508248832105182,0.0,0.0,1.2829492874199267e-15,0.00020130945689998578,9.829356941279217e-17,8.963475401359199e-17,9.829356941279217e-17,0.00023263758500409196,0.9999999729416932,1.6765850168355738e-16,0.9999999999999926,1.2275006675434643,1.2553585211448595e-15,False,True,False,False,True,False,False
k_proj,9,7,momentum,10,1.4451944528283693,1.4390206315599359,1.4451944528283693,0.006173821268433466,0.0,0.09188938738359421,0.00813287570498566,0.0009032244181205219,2.101249324758198e-16,2.258606160539358e-16,0.00938935025881997,0.9999559527717177,3.2933318020634786e-16,0.9999999999999967,1.2025602465873393,9.843310602120103e-16,False,True,False,False,True,False,False
k_proj,9,7,momentum,50,1.3888761275249164,1.3111202597340978,1.388876127524916,0.07775586779081856,4.440892098500626e-16,0.26437800881642187,0.06850489745103007,0.10768140441282267,4.86982882160146e-16,5.097405580416573e-16,0.12967461010690037,0.9917692606854891,7.1594473187301285e-16,1.000000000000001,1.1631585108715978,8.461459855113482e-16,False,True,False,False,True,False,False
k_proj,10,7,momentum,1,1.4305191706567737,1.4305191706567737,1.4305191706567737,0.0,0.0,8.342081412420519e-16,0.0003153831532990853,1.0183865965597512e-16,9.40636938624737e-17,1.0183865965597512e-16,0.000345593534608887,0.9999999402981523,1.7236479618527789e-16,1.0000000000000033,1.6781270029416906,8.385054615019064e-16,False,True,False,False,True,False,False
k_proj,10,7,momentum,10,1.4237812621216006,1.403539712809562,1.4237812621216002,0.020241549312038698,4.440892098500626e-16,0.17873785343047424,0.012572885362763,0.00239832388208394,2.2121154165332318e-16,2.2603194006998936e-16,0.013902044580571964,0.9999037207790888,3.3812826041841434e-16,1.0000000000000029,1.5908645283438285,7.268992832732475e-16,False,True,False,False,True,False,False
k_proj,10,7,momentum,50,1.3525850567021773,1.0802569261916046,1.3525850567021773,0.2723281305105727,0.0,0.7278781957274398,0.09954345970725782,0.2504183663946913,4.617969715687833e-16,4.747008579470643e-16,0.27419639852116606,0.9652999954012996,6.754412180468369e-16,0.9999999999999966,1.3534372171134212,9.293575256504545e-16,False,True,False,False,True,False,False
k_proj,11,7,momentum,1,1.4266125996001329,1.4266125996001329,1.4266125996001329,0.0,0.0,1.1333558593733893e-15,0.00018117202274463938,9.804507368521122e-17,9.782037830150334e-17,9.804507368521122e-17,0.0001757618367074441,0.9999999845677627,1.7179540890742132e-16,1.000000000000003,1.1378076106583412,1.1674898500967222e-15,False,True,False,False,True,False,False
k_proj,11,7,momentum,10,1.4210152511571768,1.4155527339375924,1.4210152511571768,0.005462517219584351,0.0,0.0475790936108383,0.007405575491516911,0.000718133637166981,2.1806393441479014e-16,2.4434100755638606e-16,0.0072164000358950755,0.9999740241192503,3.501961663766954e-16,0.9999999999999944,1.1291461759283508,9.436757615689021e-16,False,True,False,False,True,False,False
k_proj,11,7,momentum,50,1.3586972868461995,1.267921355504005,1.3586972868461995,0.09077593134219453,0.0,0.18545811556241412,0.06963776562225261,0.09627538068448682,4.813267782030701e-16,5.39976938520081e-16,0.11863564664999571,0.9932125461576194,7.497825650879615e-16,0.9999999999999974,1.1173762930748194,9.426649305150563e-16,False,True,False,False,True,False,False
k_proj,12,7,momentum,1,1.495044473930868,1.495044473930868,1.495044473930868,0.0,0.0,9.511731376086205e-16,0.0002974240849697613,1.0241793552114969e-16,9.396879766268884e-17,1.0241793552114969e-16,0.0003102880725975278,0.9999999518661052,1.7334253503789992e-16,0.9999999999999992,1.5894435652065757,9.50278205062284e-16,False,True,False,False,True,False,False
k_proj,12,7,momentum,10,1.4879664635907044,1.46829260351098,1.4879664635907044,0.01967386007972438,0.0,0.1527567398909119,0.011920717297335204,0.0022923771478684453,2.2064642591058988e-16,2.2455699656506492e-16,0.01258912788653847,0.9999210191651303,3.374419179875819e-16,1.000000000000011,1.521171953595005,7.202467793217413e-16,False,True,False,False,True,False,False
k_proj,12,7,momentum,50,1.4117383921827973,1.12374668375479,1.4117383921827977,0.28799170842800725,4.440892098500626e-16,0.6163657318551948,0.09844836571784187,0.25001132344186616,4.87312827077836e-16,4.709181132321159e-16,0.27693588139728925,0.9647794770479043,6.931264139989053e-16,0.9999999999999993,1.3320043229578282,7.611968416036634e-16,False,True,False,False,True,False,False
k_proj,13,7,momentum,1,1.4902012205548356,1.4902012205548358,1.4902012205548358,2.220446049250313e-16,2.220446049250313e-16,1.1791792279848675e-15,0.000194298404156637,1.0774720949075307e-16,9.233199835726138e-17,1.0774720949075307e-16,0.0002083319481340878,0.9999999783019298,1.763599483426187e-16,0.9999999999999936,1.0897213006629947,1.1629744182325824e-15,False,True,False,False,True,False,False
k_proj,13,7,momentum,10,1.483637156522386,1.4785097889502357,1.483637156522386,0.005127367572150376,0.0,0.04495447529761061,0.007934296865716546,0.0006257882535757722,2.1968019149150426e-16,2.2665648396224205e-16,0.008510133521245888,0.9999638180105772,3.4183376299451027e-16,1.000000000000008,1.081840933620135,1.1203580962003482e-15,False,True,False,False,True,False,False
k_proj,13,7,momentum,50,1.4117020243716267,1.3362735454861168,1.4117020243716272,0.07542847888550996,4.440892098500626e-16,0.16415323793478076,0.0730624356080349,0.08127397722158719,4.83489368621723e-16,4.94237117867569e-16,0.11322912586877551,0.9937690926199866,7.022853127812895e-16,1.000000000000005,1.0650284664316145,8.63965692505263e-16,False,True,False,False,True,False,False
k_proj,14,7,momentum,1,1.4284005803588802,1.4284005803588802,1.4284005803588802,0.0,0.0,1.1807059160191639e-15,0.0002368553838014866,1.0806187640811104e-16,9.529521863680343e-17,1.0806187640811104e-16,0.00024654992076194525,0.9999999696236475,1.7845410970627101e-16,0.9999999999999987,1.3465863674117649,1.1943226303954605e-15,False,True,False,False,True,False,False
k_proj,14,7,momentum,10,1.4221287111001428,1.4118154569859138,1.4221287111001428,0.010313254114229009,0.0,0.09004934328596319,0.009582276740235905,0.001202362522088559,2.1977042451285602e-16,2.1639785475068709e-16,0.009996639698973924,0.9999501839543716,3.311262270383165e-16,1.0000000000000013,1.3151171950622114,9.128412913742979e-16,False,True,False,False,True,False,False
k_proj,14,7,momentum,50,1.3580246566756553,1.226924400217847,1.3580246566756553,0.13110025645780832,0.0,0.23915325164734857,0.0815668468640803,0.14374495873247292,4.671802234645241e-16,5.096143131863815e-16,0.1673067634378986,0.9867398345363826,7.053636879790817e-16,0.9999999999999947,1.2142389761828678,9.113108634780314e-16,False,True,False,False,True,False,False
k_proj,15,7,momentum,1,1.4519046562938518,1.4519046562938518,1.4519046562938518,0.0,0.0,8.603735255136759e-16,0.00021861465731488135,1.144353303049915e-16,9.513865131568235e-17,1.144353303049915e-16,0.00025147924769833654,0.999999968387605,1.827260311783246e-16,0.9999999999999973,1.1503539269586749,8.618901341035037e-16,False,True,False,False,True,False,False
k_proj,15,7,momentum,10,1.445195086578158,1.4385189456278977,1.445195086578158,0.0066761409502602564,0.0,0.060639347536402544,0.008901125849607717,0.0007384526161346529,2.331552108142395e-16,2.3577557878978375e-16,0.010230450894702554,0.9999477365303363,3.519380236953104e-16,0.9999999999999922,1.1358795180674965,8.591469934178195e-16,False,True,False,False,True,False,False
k_proj,15,7,momentum,50,1.3735724719168168,1.2880832307019903,1.373572471916817,0.08548924121482648,2.220446049250313e-16,0.16676305263822191,0.07887959805257563,0.0922060419380741,4.700561241315474e-16,5.125134957729898e-16,0.12730114324530895,0.9921708964418392,7.031451807304163e-16,0.9999999999999984,1.0848413973286817,7.910600474695189e-16,False,True,False,False,True,False,False
k_proj,16,7,momentum,1,1.4174530682228028,1.4174530682228028,1.4174530682228028,0.0,0.0,1.0334616648366402e-15,0.00015075233767300537,1.0971817225384539e-16,9.174508437547229e-17,1.0971817225384539e-16,0.00014149195581792775,0.9999999899923682,1.754852943794886e-16,1.000000000000001,0.7876952134723862,1.0192239007409886e-15,False,True,False,False,True,False,False
k_proj,16,7,momentum,10,1.410795460188683,1.4119615476114984,1.410795460188683,0.0011660874228154317,0.0,0.006713129344542255,0.006197428193746354,0.00014496294214783447,2.1842622263593232e-16,2.4199037453711274e-16,0.0058102405114774875,0.9999831216689758,3.4676968890882296e-16,0.999999999999998,0.7879466135365272,8.473838593133574e-16,False,True,False,False,True,False,False
k_proj,16,7,momentum,50,1.3354366991093984,1.3509934485503112,1.3354366991093984,0.015556749440912787,0.0,0.035065759583945845,0.0603661780805246,0.021030857926097928,4.72319870301945e-16,5.118190362493553e-16,0.06180893652382476,0.9980956917632052,7.072777566277781e-16,1.0,0.7970583526019634,8.177062759457444e-16,False,True,False,False,True,False,False
k_proj,17,7,momentum,1,1.4068603678801743,1.4068603678801743,1.4068603678801743,0.0,0.0,9.005593675700628e-16,0.00011834858701341506,1.0005941265748262e-16,9.164778437687304e-17,1.0005941265748262e-16,0.00011862916798337595,0.999999992964055,1.7059065358303836e-16,0.9999999999999964,0.7113093998995421,9.04670062982011e-16,False,True,False,False,True,False,False
k_proj,17,7,momentum,10,1.400966507745851,1.4015562244992268,1.400966507745851,0.000589716753375713,0.0,0.007722805063095358,0.004844796218432093,0.00010854425313193049,2.1460451127545127e-16,2.203884267071925e-16,0.004854693499378366,0.9999882160571916,3.296593696420328e-16,0.9999999999999939,0.7103779633538267,9.040679932755553e-16,False,True,False,False,True,False,False
k_proj,17,7,momentum,50,1.3402404167994877,1.3482163731187577,1.3402404167994877,0.007975956319270061,0.0,0.042773605124806685,0.0443040830258446,0.015628835305723284,4.748763240764268e-16,5.249762563188032e-16,0.048174115361144666,0.9988425470413393,7.201568232734455e-16,1.0000000000000009,0.6975691123346639,9.305932372760588e-16,False,True,False,False,True,False,False
k_proj,18,7,momentum,1,1.456824677884233,1.456824677884233,1.456824677884233,0.0,0.0,8.297768992505196e-16,0.00014905729254202098,1.0794429459544554e-16,9.368371600891039e-17,1.0794429459544554e-16,0.00016374924703653826,0.9999999865938185,1.7518540736941456e-16,1.0000000000000038,0.759926106325161,8.360393175593208e-16,False,True,False,False,True,False,False
k_proj,18,7,momentum,10,1.4498447101179073,1.4500801109076527,1.4498447101179075,0.00023540078974537693,2.220446049250313e-16,0.024029773357621246,0.006079050147937629,0.000349561968058423,2.263313149002817e-16,2.4082154729589324e-16,0.006669132831689631,0.9999777617280787,3.5353352985541516e-16,0.9999999999999949,0.7539232186547853,7.35692113320374e-16,False,True,False,False,True,False,False
k_proj,18,7,momentum,50,1.3768361613354057,1.3796104728586842,1.3768361613354054,0.002774311523278561,2.220446049250313e-16,0.08249141921422153,0.054095599793685,0.04650289733146188,4.808772442249021e-16,4.982443810493533e-16,0.07560803901819582,0.997138006209045,7.00282778442892e-16,0.9999999999999936,0.7323590469574022,6.783373224001854e-16,False,True,False,False,True,False,False
k_proj,19,7,momentum,1,1.3928967283176215,1.3928967283176217,1.3928967283176217,2.220446049250313e-16,2.220446049250313e-16,1.0690801921290196e-15,0.00014819763708018185,1.0901080129063012e-16,9.588144433490404e-17,1.0901080129063012e-16,0.00017091929317044192,0.9999999853952958,1.768237635012603e-16,1.000000000000004,0.8428261280329279,1.0595549148988674e-15,False,True,False,False,True,False,False
k_proj,19,7,momentum,10,1.3869830224544273,1.385983668198663,1.3869830224544275,0.000999354255764251,2.220446049250313e-16,0.02353145375821866,0.006059407164808048,0.0001884157282805976,2.1562222646676752e-16,2.2578856359356467e-16,0.006968169755645083,0.9999757281114168,3.324282293924641e-16,0.9999999999999972,0.8394707749719491,8.885200360701412e-16,False,True,False,False,True,False,False
k_proj,19,7,momentum,50,1.3246934408564526,1.3138082645698883,1.3246934408564528,0.010885176286564269,2.220446049250313e-16,0.09035342026615836,0.05473467631812407,0.024200269350014087,4.820975892791982e-16,5.167464792516213e-16,0.0650944336378658,0.9978836721885429,7.123923376993156e-16,0.9999999999999984,0.8135098483678515,9.05058460316934e-16,False,True,False,False,True,False,False
k_proj,20,7,momentum,1,1.3398552524290857,1.3398552524290857,1.3398552524290857,0.0,0.0,9.710894355485856e-16,0.0001268361003302726,1.0237127039749458e-16,8.938353616335136e-17,1.0237127039749458e-16,0.00012890119353124718,0.9999999916944169,1.6968015338486996e-16,0.9999999999999942,0.739898979924397,9.826233235145437e-16,False,True,False,False,True,False,False
k_proj,20,7,momentum,10,1.3338236158698749,1.3348093189312469,1.3338236158698749,0.000985703061372023,0.0,0.009751818782583865,0.005204434736705291,0.00013504589706804957,2.2586365113132014e-16,2.2644732229614794e-16,0.0052825667027600175,0.9999860545154899,3.4055958013653716e-16,1.000000000000002,0.7387207977671965,8.342375423354747e-16,False,True,False,False,True,False,False
k_proj,20,7,momentum,50,1.2654249326951967,1.2803150935574281,1.2654249326951967,0.014890160862231383,0.0,0.04444523093533369,0.04927840126871893,0.01991116514726284,4.926942091223418e-16,4.806883847323558e-16,0.054124210749753876,0.9985495140482095,6.945769489165267e-16,1.0000000000000027,0.7251102722332791,8.706736431377003e-16,False,True,False,False,True,False,False
k_proj,21,7,momentum,1,1.3132889406672463,1.313288940667246,1.313288940667246,2.220446049250313e-16,2.220446049250313e-16,8.749268337693513e-16,0.00015303358009160638,1.0539556109935196e-16,9.454534293512304e-17,1.0539556109935196e-16,0.00015941722933932194,0.9999999873004776,1.7655723196459242e-16,0.9999999999999949,0.9302643476240865,8.811842970557311e-16,False,True,False,False,True,False,False
k_proj,21,7,momentum,10,1.3077238425571476,1.3068203132238547,1.3077238425571476,0.0009035293332928518,0.0,0.0268645872978104,0.006261449789566476,0.0002526438952039476,2.2880973255798287e-16,2.128394127331912e-16,0.006507279266794033,0.9999788439742454,3.364717601656163e-16,0.9999999999999993,0.9275058719793932,7.978652909621517e-16,False,True,False,False,True,False,False
k_proj,21,7,momentum,50,1.2507083905959517,1.2446414074598031,1.2507083905959517,0.006066983136148618,0.0,0.0826084273829686,0.057025579788964706,0.03183401313339139,4.850640753994544e-16,5.119889642490191e-16,0.06796156901099586,0.9976923673929751,7.168737695885176e-16,0.999999999999994,0.9040890112755354,9.089706196817707e-16,False,True,False,False,True,False,False
k_proj,22,7,momentum,1,1.2193440646381355,1.2193440646381355,1.2193440646381355,0.0,0.0,9.772021421293164e-16,0.00015186089974750962,1.0852299627648508e-16,9.473922414472733e-17,1.0852299627648508e-16,0.00014923308508057616,0.999999988865752,1.740146198047263e-16,1.0000000000000049,0.8966950682199866,9.564659251810922e-16,False,True,False,False,True,False,False
k_proj,22,7,momentum,10,1.2138529396152886,1.2136873877551753,1.2138529396152886,0.00016555186011335543,0.0,0.007877371147285511,0.006221596314716839,7.690576633884656e-05,2.1097557492206738e-16,2.248555832692728e-16,0.006103842153748073,0.9999813734977241,3.296918823194938e-16,0.9999999999999991,0.8961819438571834,8.207679283580218e-16,False,True,False,False,True,False,False
k_proj,22,7,momentum,50,1.156863765837691,1.1554855043354688,1.1568637658376912,0.0013782615022222,2.220446049250313e-16,0.033132306663036286,0.05683599007472177,0.010593452565707765,4.698170983322049e-16,4.970823478028821e-16,0.057221369283709,0.9983630841787314,6.793825732362215e-16,0.9999999999999936,0.8870124090949568,8.89118081483591e-16,False,True,False,False,True,False,False
k_proj,23,7,momentum,1,1.2604625758216104,1.2604625758216106,1.2604625758216106,2.220446049250313e-16,2.220446049250313e-16,7.743889976207633e-16,0.000160556484161307,9.940579449040588e-17,9.934075187095379e-17,9.940579449040588e-17,0.00017047356893378724,0.9999999854696537,1.7097570058134067e-16,1.0000000000000038,0.9138248764566235,7.63834224351912e-16,False,True,False,False,True,False,False
k_proj,23,7,momentum,10,1.254739316289531,1.2551183303551234,1.254739316289531,0.0003790140655923757,0.0,0.0031691569015812357,0.006584376235032296,4.229270787189464e-05,2.1910687427478532e-16,2.162438194174409e-16,0.006979418682476502,0.9999756435924848,3.2878457461111707e-16,0.9999999999999926,0.9137916706452541,6.31756453804953e-16,False,True,False,False,True,False,False
k_proj,23,7,momentum,50,1.1949694399243274,1.1994670274123818,1.1949694399243276,0.0044975874880544,2.220446049250313e-16,0.017488560034942917,0.06111502959094636,0.006028812003967901,4.762943699241373e-16,4.96714518610673e-16,0.06442769530454247,0.9979259301109488,6.993369360917246e-16,1.0000000000000102,0.9142108260598846,7.378223160530729e-16,False,True,False,False,True,False,False
v_proj,0,7,momentum,1,1.102534890111395,1.102534890111395,1.102534890111395,0.0,0.0,9.502050208173218e-16,0.035966583734893254,7.886570465973894e-18,9.163064888554757e-17,7.886570465973894e-18,0.03660106966427164,0.9993307424240114,1.2418892538108167e-16,0.9999999999999963,232.43915783284712,9.297791033414312e-16,False,True,False,True,True,False,False
v_proj,0,7,momentum,10,1.0979562637315399,1.0208878866981141,1.0979562637315399,0.07706837703342573,0.0,2.534767020332433,0.1666155515480398,0.050838451817844174,2.1272989299864002e-16,4.0129089252384356e-17,0.15028750471491606,0.9888397356766432,2.399923217642764e-16,1.0000000000000022,27.404140325911555,5.72246101158781e-16,False,True,False,True,True,False,False
v_proj,0,7,momentum,50,1.0498426883803782,0.27751032022257116,1.0498426883803782,0.772332368157807,0.0,22.018620595897353,0.4482681891258582,0.7357781656528276,4.755291400367602e-16,1.3827865152306467e-16,0.8491583822571581,0.705797910412164,5.200079419284217e-16,1.0000000000000049,4.823291514146282,6.582364880540125e-16,False,True,False,True,True,False,False
v_proj,1,7,momentum,1,1.0956754700792768,1.095675470079277,1.095675470079277,2.220446049250313e-16,2.220446049250313e-16,7.748766274994509e-16,0.00044467889113102574,3.706092330786617e-18,8.89480152771872e-17,3.706092330786617e-18,0.00042849615166623903,0.9999999082025147,1.1878162930477521e-16,0.9999999999999953,2.889562422108681,7.799055668485766e-16,False,True,False,True,True,False,False
v_proj,1,7,momentum,10,1.090680608709504,1.0795874671545798,1.090680608709504,0.011093141554924246,0.0,0.10674843234737645,0.01773515944962709,0.0014174708927997338,2.2334736585837804e-16,3.90926161359367e-17,0.017041258342765923,0.9998548737501203,2.497128901754375e-16,1.000000000000003,2.732966312725882,5.174597028868575e-16,False,True,False,True,True,False,False
v_proj,1,7,momentum,50,1.0390872760898595,0.8982940025176497,1.0390872760898595,0.14079327357220983,0.0,0.4103045373840086,0.1352448461596364,0.1637359411116455,4.673003738104559e-16,1.2924031445961692e-16,0.20655691848152205,0.9799626620243469,4.974256500464337e-16,0.9999999999999967,2.2428847869672444,5.054497647568144e-16,False,True,False,True,True,False,False
v_proj,2,7,momentum,1,1.1358094666486973,1.1358094666486973,1.1358094666486973,0.0,0.0,9.690979435490942e-16,0.00011875052047368253,8.243374017394157e-18,9.690173065209469e-17,8.243374017394157e-18,0.0001175747221828986,0.999999993088283,1.2846962797851231e-16,0.9999999999999944,0.8268043978729331,9.708325052102066e-16,False,True,False,True,True,False,False
v_proj,2,7,momentum,10,1.1312454098607672,1.1298689373488304,1.1312454098607672,0.0013764725119367327,0.0,0.014914296943853324,0.004852603813820288,0.00016398442698490386,2.1848678476036014e-16,4.219092895873572e-17,0.004794524847734308,0.9999885066400666,2.456255100565256e-16,0.9999999999999947,0.821479034122483,5.486818927684361e-16,False,True,False,True,True,False,False
v_proj,2,7,momentum,50,1.084075143436177,1.0674449948981781,1.084075143436177,0.016630148537998934,0.0,0.07030426834607581,0.0436034839010963,0.022958017083485688,4.680122200013748e-16,1.3278322396027146e-16,0.048416940503239525,0.9988430581775722,5.030218653002896e-16,0.9999999999999936,0.7944153406451081,6.003664403681501e-16,False,True,False,True,True,False,False
v_proj,3,7,momentum,1,1.1974877556753556,1.1974877556753556,1.1974877556753556,0.0,0.0,8.007004855603948e-16,0.00015002139884833204,1.0839207977571175e-17,9.013807435809547e-17,1.0839207977571175e-17,0.0001559589209306929,0.9999999878397188,1.2257954488116574e-16,0.999999999999994,0.9988939552069489,8.095587775008681e-16,False,True,False,True,True,False,False
v_proj,3,7,momentum,10,1.1925044891533803,1.1903024099026593,1.1925044891533805,0.002202079250720912,2.220446049250313e-16,0.029507315776020164,0.0061181089669707514,0.00028901157262455784,2.1812490186590336e-16,4.265900944054857e-17,0.00634506685485653,0.9999798700417084,2.4490013887986605e-16,1.0000000000000075,0.9873659551892995,5.927757669843522e-16,False,True,False,True,True,False,False
v_proj,3,7,momentum,50,1.1395693769468658,1.1128661618188735,1.1395693769468656,0.02670321512799223,2.220446049250313e-16,0.11764398760526179,0.05423678267884174,0.0383648078398838,4.790723463840404e-16,1.5535492314312953e-16,0.06841570839554285,0.9976927097273351,5.046444273562813e-16,1.0000000000000038,0.908482955869061,6.642691226914399e-16,False,True,False,True,True,False,False
v_proj,4,7,momentum,1,1.2865594170750445,1.2865594170750443,1.2865594170750443,2.220446049250313e-16,2.220446049250313e-16,9.08978566959159e-16,0.00023540980440596638,5.718478731842403e-18,9.092563997977763e-17,5.718478731842403e-18,0.0002409048713127881,0.9999999709827241,1.2191359017704633e-16,0.999999999999997,1.5476147422985247,9.066144076181167e-16,False,True,False,True,True,False,False
v_proj,4,7,momentum,10,1.2813011566924188,1.2751487244365727,1.281301156692419,0.006152432255846163,2.220446049250313e-16,0.06238534886022705,0.009541239423171307,0.0007771714188334976,2.242865037238202e-16,3.959858817713899e-17,0.009771161167374608,0.9999522790299384,2.535194036377116e-16,0.9999999999999987,1.5090718535786207,8.095854844914351e-16,False,True,False,True,True,False,False
v_proj,4,7,momentum,50,1.2231300186973815,1.1349885641562103,1.2231300186973815,0.08814145454117117,0.0,0.2465266015410351,0.08328250351090444,0.1010881196444622,4.619709307447737e-16,1.7145887177234692e-16,0.13300215272343457,0.9914683751919385,5.027012492348955e-16,1.0000000000000002,1.3991534924370288,7.636466647737091e-16,False,True,False,True,True,False,False
v_proj,5,7,momentum,1,1.1623202336712428,1.162320233671243,1.162320233671243,2.220446049250313e-16,2.220446049250313e-16,9.201988181305873e-16,0.00021382536712105952,8.378379008493221e-18,9.132152829122375e-17,8.378379008493221e-18,0.0002326612371892378,0.999999972949307,1.2366690070111266e-16,1.0,1.2577066810287048,9.357737018399454e-16,False,True,False,True,True,False,False
v_proj,5,7,momentum,10,1.1569109517116523,1.151494940903877,1.1569109517116523,0.005416010807775207,0.0,0.060025935135463886,0.008677347586239602,0.000638018041114604,2.1850485792899059e-16,4.101678334218092e-17,0.009420315614237177,0.9999557118073743,2.4707288664341924e-16,1.0000000000000009,1.2322319381021987,6.938228611514516e-16,False,True,False,True,True,False,False
v_proj,5,7,momentum,50,1.1020830896155438,1.0427532738867127,1.1020830896155438,0.059329815728831115,0.0,0.21912888938955302,0.07346012303444925,0.07828684852882822,4.526060492095324e-16,1.7047460651358135e-16,0.11140488139801252,0.9939922601991757,4.973243199909901e-16,1.0000000000000067,1.1118812418050406,7.507150123873485e-16,False,True,False,True,True,False,False
v_proj,6,7,momentum,1,1.2398208378938251,1.239820837893825,1.239820837893825,2.220446049250313e-16,2.220446049250313e-16,8.306583782403247e-16,0.00017599586628779028,1.655811978443493e-17,9.545376045753127e-17,1.655811978443493e-17,0.00018933179238404883,0.9999999820770357,1.289438225259315e-16,1.0000000000000062,1.1567032723076285,8.328206611748493e-16,False,True,False,True,True,False,False
v_proj,6,7,momentum,10,1.234707513949843,1.2316023886489866,1.234707513949843,0.0031051253008562707,0.0,0.042562323842672216,0.007150991168207513,0.0003857329421386581,2.1658547055556083e-16,4.197370651631964e-17,0.007663380894209084,0.9999706480765143,2.4722453152512404e-16,0.9999999999999991,1.1359008662978742,7.495879268310576e-16,False,True,False,True,True,False,False
v_proj,6,7,momentum,50,1.1804390655943278,1.1443647518106304,1.1804390655943278,0.03607431378369741,0.0,0.15683666574661365,0.0617561848903988,0.049694136574603975,4.78095576795647e-16,1.4537586459433556e-16,0.08159420696285404,0.9967410054358653,5.169382211482622e-16,1.0000000000000016,1.034704454500207,6.522861130018938e-16,False,True,False,True,True,False,False
v_proj,7,7,momentum,1,1.2905793893196345,1.2905793893196345,1.2905793893196345,0.0,0.0,9.081149504873624e-16,0.0001509453612226295,4.1690551866933025e-18,9.705407025507446e-17,4.1690551866933025e-18,0.0001782541325779957,0.9999999841127658,1.2890034752348231e-16,0.9999999999999989,0.862410920083191,9.058407185323979e-16,False,True,False,True,True,False,False
v_proj,7,7,momentum,10,1.2847200138588117,1.2828984490397426,1.2847200138588117,0.0018215648190691436,0.0,0.030769280203262906,0.00615299595797101,0.00026616282248373,2.1926406344708924e-16,3.60422267459895e-17,0.007243023571337684,0.9999737721411892,2.4875994698989654e-16,1.0000000000000047,0.8518780795980226,7.974610141021769e-16,False,True,False,True,True,False,False
v_proj,7,7,momentum,50,1.221539688657695,1.2029726235660756,1.221539688657695,0.018567065091619428,0.0,0.11669192157012541,0.05372877740552115,0.03353189749425606,4.619761162885223e-16,1.737381142254689e-16,0.06945511088661534,0.9976020880938745,5.028523656515597e-16,1.0000000000000022,0.7654560612196962,7.249721370589445e-16,False,True,False,True,True,False,False
v_proj,8,7,momentum,1,1.2261744508153525,1.2261744508153523,1.2261744508153523,2.220446049250313e-16,2.220446049250313e-16,1.0535999918132836e-15,0.0002714653804419585,9.882169105674987e-18,9.980650992297073e-17,9.882169105674987e-18,0.00030594329148035513,0.9999999532003102,1.3139641883249777e-16,0.9999999999999982,1.654668692866888,1.0516317052311613e-15,False,True,False,True,True,False,False
v_proj,8,7,momentum,10,1.2208094350824048,1.2122898034316663,1.2208094350824048,0.008519631650738546,0.0,0.10904897901340876,0.010897498624608992,0.0010294600775445151,2.2427374319663514e-16,4.475742924319451e-17,0.012221247038485967,0.9999253525464249,2.5323445283439085e-16,1.0000000000000027,1.5913270791986978,7.266857270184759e-16,False,True,False,True,True,False,False
v_proj,8,7,momentum,50,1.1653253674749784,1.0628540098835444,1.1653253674749784,0.102471357591434,0.0,0.3423799083054217,0.0871050226121382,0.12163422545291068,4.774315661470411e-16,1.649413007846899e-16,0.15160991586394781,0.9889280287621797,5.17604507790742e-16,1.0000000000000062,1.40600416231884,6.896261318507455e-16,False,True,False,True,True,False,False
v_proj,9,7,momentum,1,1.2804218883483525,1.2804218883483525,1.2804218883483525,0.0,0.0,9.38645212585192e-16,0.0002045526018890609,1.5947875158545944e-18,8.7898020999483e-17,1.5947875158545944e-18,0.00021887247560621376,0.9999999760489542,1.1955991981166304e-16,0.9999999999999868,1.2289379469260742,9.337446598627759e-16,False,True,False,True,True,False,False
v_proj,9,7,momentum,10,1.2750589792940934,1.268335652597657,1.2750589792940936,0.0067233266964363825,2.220446049250313e-16,0.07720418312945283,0.008318977216221508,0.0008364904533165273,2.1414448681206058e-16,3.669923546503544e-17,0.008906968755116134,0.9999603637334137,2.4779448884681977e-16,1.0000000000000087,1.2074224727017988,6.214242099702814e-16,False,True,False,True,True,False,False
v_proj,9,7,momentum,50,1.215673536414316,1.1230852303910044,1.215673536414316,0.0925883060233117,0.0,0.24967603642358155,0.07407810681844568,0.10447973291538114,4.614412919956126e-16,1.5934116317520301e-16,0.1294097670565184,0.9918613962935108,5.087442696690232e-16,1.0000000000000036,1.142923777910094,6.969141753715769e-16,False,True,False,True,True,False,False
v_proj,10,7,momentum,1,1.3505729600009033,1.3505729600009035,1.3505729600009035,2.220446049250313e-16,2.220446049250313e-16,1.0556446728906501e-15,0.0002617585320787291,5.960044539579617e-18,9.311267545694529e-17,5.960044539579617e-18,0.000291174079402854,0.9999999576094981,1.260276981677741e-16,1.0000000000000027,1.6595014198608782,1.0547421355806528e-15,False,True,False,True,True,False,False
v_proj,10,7,momentum,10,1.3449684716820165,1.3312066662026387,1.3449684716820165,0.013761805479377776,0.0,0.1868452242272761,0.010429539411288078,0.0018614744083852077,2.1361681969996781e-16,4.764038884831914e-17,0.011644198809522962,0.9999323087531684,2.4272144517450196e-16,1.0000000000000007,1.570735549118118,7.31364235046972e-16,False,True,False,True,True,False,False
v_proj,10,7,momentum,50,1.2833593629074864,1.0882771246990528,1.2833593629074864,0.19508223820843362,0.0,0.5200737864308456,0.08369934163630428,0.20224860153028454,4.592567452706415e-16,1.7863327682284725e-16,0.2150374565313674,0.9779724607840916,5.112989499954422e-16,1.0000000000000056,1.3695649502482004,6.37931072577088e-16,False,True,False,True,True,False,False
v_proj,11,7,momentum,1,1.2511904459652996,1.2511904459652996,1.2511904459652996,0.0,0.0,7.73476949603633e-16,0.00018020727054162842,1.9696309476357958e-18,9.18172197486063e-17,1.9696309476357958e-18,0.00018668767045022908,0.9999999825800148,1.2476105224147895e-16,0.9999999999999989,1.1507606928384766,7.678627203156818e-16,False,True,False,True,True,False,False
v_proj,11,7,momentum,10,1.246061600206805,1.2405177946538164,1.246061600206805,0.005543805552988612,0.0,0.06435862251550246,0.007348906113962485,0.000694782266143945,2.1772262439460666e-16,3.577872096814869e-17,0.007620871088953445,0.9999710009061216,2.485507044014164e-16,0.9999999999999939,1.1379788207490986,7.893537182095181e-16,False,True,False,True,True,False,False
v_proj,11,7,momentum,50,1.1914167446681898,1.1187360757978404,1.1914167446681898,0.07268066887034941,0.0,0.23920729125439655,0.066328945701137,0.08815783195325384,4.76744262597912e-16,1.6181471058415088e-16,0.1102628198594123,0.9940810104183356,5.260948977873428e-16,0.9999999999999951,1.095435652371511,6.647282762325203e-16,False,True,False,True,True,False,False
v_proj,12,7,momentum,1,1.2898615609807453,1.2898615609807451,1.2898615609807451,2.220446049250313e-16,2.220446049250313e-16,9.257431254175535e-16,0.00026712829993340835,6.623348439273094e-18,9.643259943216443e-17,6.623348439273094e-18,0.00028275533503625925,0.9999999600255989,1.2931477983079173e-16,0.9999999999999982,1.5510970529651118,9.25501870342877e-16,False,True,False,True,True,False,False
v_proj,12,7,momentum,10,1.2841017707660562,1.268557219420658,1.2841017707660562,0.015544551345398228,0.0,0.15652599167284298,0.010720032782577337,0.0018429915146559086,2.2118016653930901e-16,4.0383819606892293e-17,0.01140233022130951,0.9999351233663949,2.498726903695394e-16,1.000000000000004,1.4852935488844574,8.124928126374565e-16,False,True,False,True,True,False,False
v_proj,12,7,momentum,50,1.2218355012724635,1.0019495893289347,1.2218355012724635,0.2198859119435288,0.0,0.4418686022300527,0.08935303393621964,0.20968429086155885,4.794402684271117e-16,1.9139623244140918e-16,0.22912381909288881,0.9754614101777913,5.323782425564082e-16,0.9999999999999932,1.3270806048278352,7.827616757016229e-16,False,True,False,True,True,False,False
v_proj,13,7,momentum,1,1.2889058352681133,1.2889058352681133,1.2889058352681133,0.0,0.0,8.284696103340091e-16,0.00018788624595290272,5.361224845303547e-18,9.73766620285168e-17,5.361224845303547e-18,0.00019437581795486537,0.9999999811143525,1.2798749162588115e-16,1.000000000000008,1.11735035398591,8.294880681175008e-16,False,True,False,True,True,False,False
v_proj,13,7,momentum,10,1.2832014439251276,1.2779331178418654,1.2832014439251274,0.00526832608326222,2.220446049250313e-16,0.044079281455302904,0.007677393119809998,0.0006086562389673144,2.2685880107237216e-16,4.5706790040334316e-17,0.007951434897419207,0.9999684258132483,2.5993721735117276e-16,0.9999999999999971,1.1092604751686972,7.682237030628664e-16,False,True,False,True,True,False,False
v_proj,13,7,momentum,50,1.22312140543343,1.151430076802238,1.22312140543343,0.07169132863119199,0.0,0.15348535137358685,0.06999702743577753,0.08055432492075774,4.806421768493046e-16,1.7352195821512304e-16,0.10871796470890199,0.9942758017726264,5.332707033974712e-16,0.9999999999999941,1.0835175270889774,7.757272494260134e-16,False,True,False,True,True,False,False
v_proj,14,7,momentum,1,1.31427522753289,1.31427522753289,1.31427522753289,0.0,0.0,9.405729716240483e-16,0.00022069773829832038,3.715716115426826e-18,9.265783729888842e-17,3.715716115426826e-18,0.00024142382733435141,0.9999999708656416,1.2514814987990555e-16,1.0000000000000013,1.2914825321325327,9.38723986230026e-16,False,True,False,True,True,False,False
v_proj,14,7,momentum,10,1.308439878930467,1.2999599597147904,1.308439878930467,0.00847991921567659,0.0,0.08682715085900237,0.008937247186913513,0.0010298915207170314,2.178470912006945e-16,3.731615742089364e-17,0.009815877818745627,0.9999519129390686,2.457688410874099e-16,1.0000000000000056,1.264682333669228,7.043305809761888e-16,False,True,False,True,True,False,False
v_proj,14,7,momentum,50,1.2500627645840463,1.1430460328026302,1.250062764584046,0.10701673178141613,2.220446049250313e-16,0.3109934210606912,0.0758874453647594,0.1277769611263481,4.665630591031005e-16,1.898206381922051e-16,0.1528136314255598,0.9887713607907583,5.218040526351272e-16,0.9999999999999984,1.2070922709662053,7.342148175465199e-16,False,True,False,True,True,False,False
v_proj,15,7,momentum,1,1.4441230150187152,1.4441230150187152,1.4441230150187152,0.0,0.0,8.152088442316266e-16,0.0001976181342132639,4.471250400911353e-18,9.429998833518753e-17,4.471250400911353e-18,0.00019548860392025878,0.9999999808924123,1.2557663400091437e-16,1.0000000000000009,1.1305153613239851,8.081661649707762e-16,False,True,False,True,True,False,False
v_proj,15,7,momentum,10,1.437860064261952,1.432555007112822,1.437860064261952,0.005305057149129988,0.0,0.037434308782961966,0.008068920978084622,0.000666057046182142,2.2219558315690784e-16,4.828330605081345e-17,0.00800461327953148,0.9999679780606616,2.5677556377711785e-16,1.0000000000000118,1.1212153904385054,6.997370127738303e-16,False,True,False,True,True,False,False
v_proj,15,7,momentum,50,1.3697877115506365,1.290549957657955,1.3697877115506365,0.0792377538926814,0.0,0.14988319236402542,0.07406474102975581,0.08785243792929175,4.564325711223583e-16,1.7238812109774885e-16,0.1159275073681957,0.9934749839493382,5.05373477253326e-16,0.9999999999999963,1.098132696169309,7.049614115433996e-16,False,True,False,True,True,False,False
v_proj,16,7,momentum,1,1.3259541017248255,1.3259541017248253,1.3259541017248253,2.220446049250313e-16,2.220446049250313e-16,9.068274043220358e-16,0.00014149286025802997,5.728582622856661e-18,9.409216311943586e-17,5.728582622856661e-18,0.00015752095196172722,0.9999999876161925,1.258741160984317e-16,0.9999999999999999,0.7971325813551795,8.947749510141782e-16,False,True,False,True,True,False,False
v_proj,16,7,momentum,10,1.319997247892836,1.3207733659259377,1.3199972478928357,0.0007761180331018469,2.220446049250313e-16,0.008853755188439425,0.005792663081570236,0.0001187199616634709,2.1461385382862675e-16,4.0746987944524195e-17,0.006443391202027797,0.9999792712724487,2.4566019584636393e-16,1.0000000000000038,0.7971500679558299,7.272350875304778e-16,False,True,False,True,True,False,False
v_proj,16,7,momentum,50,1.2617313809423505,1.2702782966088642,1.2617313809423505,0.008546915666513666,0.0,0.0473927099265193,0.05237449217323986,0.016861543656868972,4.644531210571462e-16,1.883510207234568e-16,0.06047884609157779,0.9981698708999227,5.190040417494918e-16,1.0000000000000004,0.7949135273574984,6.2883662754597185e-16,False,True,False,True,True,False,False
v_proj,17,7,momentum,1,1.3573836266175248,1.3573836266175248,1.3573836266175248,0.0,0.0,1.040750044354127e-15,0.0001271252078834553,7.280692256103218e-18,9.34543395460597e-17,7.280692256103218e-18,0.0001274072568945143,0.9999999918883014,1.267649919534319e-16,0.999999999999995,0.7144173923763713,1.043557500834426e-15,False,True,False,True,True,False,False
v_proj,17,7,momentum,10,1.3511730601677545,1.3518102856017524,1.3511730601677545,0.0006372254339979122,0.0,0.007542094459592551,0.005212796539994684,0.0001163983518449691,2.1001078900684938e-16,4.6634261167941286e-17,0.00521361652587398,0.9999864137701355,2.4190122004032363e-16,1.0000000000000036,0.7143359572509531,7.755847869830889e-16,False,True,False,True,True,False,False
v_proj,17,7,momentum,50,1.28612814675133,1.2923969205685268,1.2861281467513297,0.0062687738171969265,2.220446049250313e-16,0.033223052858356486,0.048574254245952415,0.01669473326934779,4.666981309086056e-16,1.8857037467293914e-16,0.051170972797836556,0.998691358235159,5.168654541677551e-16,0.9999999999999984,0.7178722932444873,7.602839272857804e-16,False,True,False,True,True,False,False
v_proj,18,7,momentum,1,1.42091055999268,1.4209105599926801,1.4209105599926801,2.220446049250313e-16,2.220446049250313e-16,9.906671232425152e-16,0.0001354848881347697,1.7172700452976996e-18,9.138524299543058e-17,1.7172700452976996e-18,0.00013568702179783765,0.9999999907955611,1.222537431610776e-16,1.0000000000000002,0.8234969922707862,9.954767659538986e-16,False,True,False,True,True,False,False
v_proj,18,7,momentum,10,1.4149065965668228,1.4143970656496234,1.4149065965668228,0.0005095309171994078,0.0,0.02482470544997615,0.005537175866716592,0.00036195962133394623,2.1471785595625757e-16,4.484426937994197e-17,0.00554782406531266,0.9999846130561605,2.4320925677763026e-16,1.000000000000007,0.8178784889904165,7.952672174696976e-16,False,True,False,True,True,False,False
v_proj,18,7,momentum,50,1.3487941088777644,1.3418060196428447,1.3487941088777646,0.00698808923491967,2.220446049250313e-16,0.07147706872032417,0.05093040496860683,0.04881874906081659,4.777106133785016e-16,1.9117181370147769e-16,0.07125576731927467,0.9974611283199493,5.259335294504067e-16,1.0000000000000093,0.7767340037680057,7.653449725137671e-16,False,True,False,True,True,False,False
v_proj,19,7,momentum,1,1.379605298897517,1.379605298897517,1.379605298897517,0.0,0.0,9.1050817736715e-16,0.00014761255334352804,6.00065714736494e-18,9.405395408646014e-17,6.00065714736494e-18,0.00015194202022788977,0.9999999884570263,1.2612676021320828e-16,0.9999999999999973,0.8678429057687479,9.118911283307328e-16,False,True,False,True,True,False,False
v_proj,19,7,momentum,10,1.3736610930584447,1.3724496702545588,1.3736610930584447,0.0012114228038859753,0.0,0.018705115687530582,0.006045083168032347,0.00020638995482037155,2.2084453946911153e-16,5.2478279219895056e-17,0.006210229522468114,0.9999807181208975,2.5186346499880126e-16,1.0000000000000009,0.864499534214543,7.705699300477828e-16,False,True,False,True,True,False,False
v_proj,19,7,momentum,50,1.3084181941436226,1.2948907564123535,1.3084181941436226,0.013527437731269076,0.0,0.06283109542480735,0.05570907360987992,0.027542680544008234,4.762753179545327e-16,1.8510715742681553e-16,0.06357687761064597,0.9979831632824163,5.199727626517082e-16,0.9999999999999977,0.8270057575499652,7.808518968175296e-16,False,True,False,True,True,False,False
v_proj,20,7,momentum,1,1.5790714658677591,1.5790714658677591,1.5790714658677591,0.0,0.0,1.2171918403027566e-15,0.00012957648243120675,1.1388667319559277e-17,9.460858134850408e-17,1.1388667319559277e-17,0.00014390650126444533,0.9999999896532404,1.271867084304767e-16,0.999999999999998,0.7423569893960397,1.2289633250893674e-15,False,True,False,True,True,False,False
v_proj,20,7,momentum,10,1.5722987861630784,1.5732250708341045,1.5722987861630784,0.0009262846710260675,0.0,0.010623301742104935,0.005320259579729083,0.00014982117429583787,2.1612436512169255e-16,4.779657802228099e-17,0.005913744411681314,0.9999825332970405,2.4636890018751056e-16,1.0000000000000073,0.7414491071239658,1.0673751484116322e-15,False,True,False,True,True,False,False
v_proj,20,7,momentum,50,1.4895614518326845,1.5055364612962607,1.4895614518326845,0.015975009463576217,0.0,0.04990349392686401,0.05169459217654381,0.021897828133382684,4.847842419431375e-16,2.1980847119663023e-16,0.062397414225893864,0.9980715462613685,5.434590375064896e-16,0.9999999999999982,0.7286858670119327,8.815410291159478e-16,False,True,False,True,True,False,False
v_proj,21,7,momentum,1,1.6477300026165596,1.6477300026165596,1.6477300026165596,0.0,0.0,1.2629351132041448e-15,0.00016679720396346054,7.217749844591691e-18,9.398009333563945e-17,7.217749844591691e-18,0.0001960551646513391,0.9999999807831671,1.2493970314434787e-16,1.0000000000000049,0.9726436297609538,1.245621425873928e-15,False,True,False,True,True,False,False
v_proj,21,7,momentum,10,1.6409805226299803,1.638950601044532,1.6409805226299803,0.0020299215854482355,0.0,0.048414099991499454,0.006822157482333053,0.00043969482057251274,2.1284527284377354e-16,5.910084756698634e-17,0.00800599896658051,0.9999679516932177,2.4976196204760556e-16,0.9999999999999949,0.9665184776437502,1.1173058644102387e-15,False,True,False,True,True,False,False
v_proj,21,7,momentum,50,1.5593928860671327,1.5349687634529134,1.559392886067133,0.024424122614219224,4.440892098500626e-16,0.1253428832095788,0.0646972171049252,0.053595801458962485,4.686224254381724e-16,2.570869663158612e-16,0.09470800520883949,0.9955224152727242,5.59327227111068e-16,1.0000000000000033,0.926648036998104,1.0008795813338659e-15,False,True,False,True,True,False,False
v_proj,22,7,momentum,1,1.6279600318143979,1.627960031814398,1.627960031814398,2.220446049250313e-16,2.220446049250313e-16,9.150402950239032e-16,0.00020696407096159152,5.361585235686407e-18,9.621404850129328e-17,5.361585235686407e-18,0.00021854155236545293,0.9999999761343209,1.254917619395479e-16,1.0000000000000058,0.8960759603160613,8.932409306230695e-16,False,True,False,True,True,False,False
v_proj,22,7,momentum,10,1.6195751945601151,1.6194584863025803,1.6195751945601156,0.0001167082575348477,4.440892098500626e-16,0.004450061015245219,0.008496490286580335,0.00010403447736013277,2.2981457177621893e-16,4.816856962721305e-17,0.008956138922005214,0.999959921069425,2.549652189171901e-16,0.9999999999999986,0.8960378284117476,6.452037713842326e-16,False,True,False,True,True,False,False
v_proj,22,7,momentum,50,1.520147961564458,1.5178166503387216,1.5201479615644582,0.0023313112257363766,2.220446049250313e-16,0.014335150016562588,0.08122690857649556,0.015062804560454208,4.871147703248289e-16,2.3777561154253116e-16,0.0885237860597929,0.9960809487497995,5.547514684421327e-16,1.0000000000000009,0.894332995240397,5.97571809099063e-16,False,True,False,True,True,False,False
v_proj,23,7,momentum,1,1.5557461047220655,1.5557461047220655,1.5557461047220655,0.0,0.0,9.410779821356154e-16,0.00016154459422877622,5.328435839933396e-18,1.012122385257438e-16,5.328435839933396e-18,0.00015533317310908939,0.9999999879550918,1.308262236378183e-16,0.9999999999999979,0.915443676115713,9.670204605235526e-16,False,True,False,True,True,False,False
v_proj,23,7,momentum,10,1.549317709135088,1.549697398243478,1.5493177091350885,0.00037968910839003556,4.440892098500626e-16,0.002627462598379352,0.006626632693266415,4.6974296000190634e-05,2.1591923107723106e-16,4.7358717154825366e-17,0.006380095673957228,0.9999796859783624,2.485115231146696e-16,1.0000000000000053,0.9153209797056135,9.09614817229277e-16,False,True,False,True,True,False,False
v_proj,23,7,momentum,50,1.4754417091119258,1.4810429455830956,1.4754417091119263,0.005601236471169724,4.440892098500626e-16,0.013124225733218284,0.06329618626148119,0.006736062024076403,5.521072889164341e-16,2.248810406407088e-16,0.06436956199637503,0.9979435025760285,5.91931564555424e-16,1.0000000000000113,0.9126046267715958,8.313245199968195e-16,False,True,False,True,True,False,False
o_proj,0,7,momentum,1,1.1645749229965006,1.1645749229965006,1.1645749229965006,0.0,0.0,1.6967506444381304e-15,2.735214433008066e-18,6.579026427691173e-19,2.735214433008066e-18,6.579026427691173e-19,5.253103164525369e-18,0.9999999999999929,5.253103164525369e-18,0.9999999999999929,1.6967506444381313e-15,1.6967506444381313e-15,True,True,True,True,False,False,False
o_proj,0,7,momentum,10,1.1637335775978888,1.1637335775978888,1.1637335775978888,0.0,0.0,1.0718189772408017e-15,1.216429920433835e-17,9.591292445305197e-18,1.216429920433835e-17,9.591292445305197e-18,2.6619098788288964e-17,1.000000000000004,2.6619098788288964e-17,1.000000000000004,5.149505836204135e-16,5.149505836204135e-16,True,True,True,True,False,False,False
o_proj,0,7,momentum,50,1.1569584516699307,1.1569584516699307,1.1569584516699307,0.0,0.0,1.8885484695652688e-15,3.680654036547827e-17,2.878610092695335e-17,3.680654036547827e-17,2.878610092695335e-17,7.273060110873555e-17,0.9999999999999791,7.273060110873555e-17,0.9999999999999791,5.925078711667215e-16,5.925078711667215e-16,True,True,True,True,False,False,False
o_proj,1,7,momentum,1,1.2197829828863944,1.2197829828863944,1.2197829828863944,0.0,0.0,1.5735052948856578e-15,2.3901068358244953e-18,2.54715416798502e-18,2.3901068358244953e-18,2.54715416798502e-18,6.010471236605718e-18,1.0000000000000007,6.010471236605718e-18,1.0000000000000007,1.5735052948856582e-15,1.5735052948856582e-15,True,True,True,True,False,False,False
o_proj,1,7,momentum,10,1.2188565566438823,1.218856556643882,1.218856556643882,2.220446049250313e-16,2.220446049250313e-16,1.3426695759216549e-15,1.3630351013321296e-17,1.0668958359541168e-17,1.3630351013321296e-17,1.0668958359541168e-17,2.987223513006692e-17,0.9999999999999929,2.987223513006692e-17,0.9999999999999929,5.799554566360019e-16,5.799554566360019e-16,True,True,True,True,False,False,False
o_proj,1,7,momentum,50,1.2114362949758481,1.2114362949758484,1.2114362949758484,2.220446049250313e-16,2.220446049250313e-16,1.7476593810447477e-15,3.94857375411124e-17,3.150670507162732e-17,3.94857375411124e-17,3.150670507162732e-17,7.728993398939956e-17,0.9999999999999908,7.728993398939956e-17,0.9999999999999908,5.227463523736784e-16,5.227463523736784e-16,True,True,True,True,False,False,False
o_proj,2,7,momentum,1,1.2063601655138603,1.2063601655138603,1.2063601655138603,0.0,0.0,1.326282854099775e-15,2.390735712213118e-18,3.33934567159193e-19,2.390735712213118e-18,3.33934567159193e-19,4.305214755941559e-18,0.9999999999999988,4.305214755941559e-18,0.9999999999999988,1.3262828540997746e-15,1.3262828540997746e-15,True,True,True,True,False,False,False
o_proj,2,7,momentum,10,1.2055648610929124,1.2055648610929124,1.2055648610929124,0.0,0.0,1.8191997267360984e-15,1.2352210950013142e-17,8.104114779065908e-18,1.2352210950013142e-17,8.104114779065908e-18,2.620634005079864e-17,0.9999999999999988,2.620634005079864e-17,0.9999999999999988,6.327872025746371e-16,6.327872025746371e-16,True,True,True,True,False,False,False
o_proj,2,7,momentum,50,1.1990909883662009,1.1990909883662009,1.1990909883662009,0.0,0.0,2.195865494787617e-15,3.7157157019339356e-17,2.6603481018381492e-17,3.7157157019339356e-17,2.6603481018381492e-17,7.16379014609924e-17,1.0000000000000027,7.16379014609924e-17,1.0000000000000027,5.632289565895383e-16,5.632289565895383e-16,True,True,True,True,False,False,False
o_proj,3,7,momentum,1,1.2651161422692585,1.2651161422692587,1.2651161422692587,2.220446049250313e-16,2.220446049250313e-16,1.911837354454004e-15,5.237686886172552e-18,2.4164613211469277e-18,5.237686886172552e-18,2.4164613211469277e-18,8.593066686763082e-18,1.000000000000008,8.593066686763082e-18,1.000000000000008,1.9118373544540045e-15,1.9118373544540045e-15,True,True,True,True,False,False,False
o_proj,3,7,momentum,10,1.2642839883253214,1.2642839883253214,1.2642839883253214,0.0,0.0,1.3822065977833792e-15,1.6690362210569574e-17,1.1247908752113919e-17,1.6690362210569574e-17,1.1247908752113919e-17,3.215394062906627e-17,0.9999999999999905,3.215394062906627e-17,0.9999999999999905,5.960048497014758e-16,5.960048497014758e-16,True,True,True,True,False,False,False
o_proj,3,7,momentum,50,1.2574609625735895,1.2574609625735893,1.2574609625735893,2.220446049250313e-16,2.220446049250313e-16,1.8117740457585634e-15,4.0017416409735666e-17,3.110737061940598e-17,4.0017416409735666e-17,3.110737061940598e-17,7.752404599488243e-17,0.9999999999999749,7.752404599488243e-17,0.9999999999999749,6.030634925302672e-16,6.030634925302672e-16,True,True,True,True,False,False,False
o_proj,4,7,momentum,1,1.300010568910761,1.300010568910761,1.300010568910761,0.0,0.0,1.695587775025338e-15,5.159704853832929e-18,7.001738532231312e-19,5.159704853832929e-18,7.001738532231312e-19,7.598352442623702e-18,0.999999999999996,7.598352442623702e-18,0.999999999999996,1.6955877750253402e-15,1.6955877750253402e-15,True,True,True,True,False,False,False
o_proj,4,7,momentum,10,1.2992132991299083,1.2992132991299086,1.2992132991299086,2.220446049250313e-16,2.220446049250313e-16,1.4759139093331077e-15,1.52505299733666e-17,9.255024283997788e-18,1.52505299733666e-17,9.255024283997788e-18,2.939302808158243e-17,1.000000000000012,2.939302808158243e-17,1.000000000000012,6.092113850197447e-16,6.092113850197447e-16,True,True,True,True,False,False,False
o_proj,4,7,momentum,50,1.292431149141392,1.292431149141392,1.292431149141392,0.0,0.0,2.0395316469389885e-15,4.017359085004753e-17,3.290652919543395e-17,4.017359085004753e-17,3.290652919543395e-17,7.912593026157801e-17,0.9999999999999953,7.912593026157801e-17,0.9999999999999953,6.294569773674873e-16,6.294569773674873e-16,True,True,True,True,False,False,False
o_proj,5,7,momentum,1,1.3144189333850325,1.3144189333850327,1.3144189333850327,2.220446049250313e-16,2.220446049250313e-16,1.82678243245177e-15,4.0349091963956016e-18,3.500640045426628e-19,4.0349091963956016e-18,3.500640045426628e-19,7.451645052114445e-18,1.000000000000011,7.451645052114445e-18,1.000000000000011,1.8267824324517707e-15,1.8267824324517707e-15,True,True,True,True,False,False,False
o_proj,5,7,momentum,10,1.3137513989237832,1.3137513989237835,1.3137513989237835,2.220446049250313e-16,2.220446049250313e-16,1.6205968516588825e-15,1.6120347748520188e-17,9.394225291489616e-18,1.6120347748520188e-17,9.394225291489616e-18,3.113124459704783e-17,1.0000000000000013,3.113124459704783e-17,1.0000000000000013,8.439053011986967e-16,8.439053011986967e-16,True,True,True,True,False,False,False
o_proj,5,7,momentum,50,1.3079608636319897,1.3079608636319897,1.3079608636319897,0.0,0.0,1.9958731707716094e-15,4.061607888656369e-17,3.201952159214675e-17,4.061607888656369e-17,3.201952159214675e-17,8.018042081308678e-17,0.9999999999999892,8.018042081308678e-17,0.9999999999999892,6.400056384861053e-16,6.400056384861053e-16,True,True,True,True,False,False,False
o_proj,6,7,momentum,1,1.3188813117632971,1.3188813117632971,1.3188813117632971,0.0,0.0,1.4425842963976908e-15,1.4418607136352904e-18,5.493016165180909e-19,1.4418607136352904e-18,5.493016165180909e-19,4.0948729406945486e-18,1.0000000000000044,4.0948729406945486e-18,1.0000000000000044,1.44258429639769e-15,1.44258429639769e-15,True,True,True,True,False,False,False
o_proj,6,7,momentum,10,1.3178380534182412,1.3178380534182412,1.3178380534182412,0.0,0.0,1.403195601893654e-15,1.511502233603095e-17,1.0460292478757125e-17,1.511502233603095e-17,1.0460292478757125e-17,3.0528363384966787e-17,0.999999999999998,3.0528363384966787e-17,0.999999999999998,5.590412659803448e-16,5.590412659803448e-16,True,True,True,True,False,False,False
o_proj,6,7,momentum,50,1.3096785628641343,1.3096785628641345,1.3096785628641345,2.220446049250313e-16,2.220446049250313e-16,1.5770204481098712e-15,3.8641437718461886e-17,3.1592020930852274e-17,3.8641437718461886e-17,3.1592020930852274e-17,7.776869245976353e-17,0.9999999999999825,7.776869245976353e-17,0.9999999999999825,5.156897735170705e-16,5.156897735170705e-16,True,True,True,True,False,False,False
o_proj,7,7,momentum,1,1.324215723923115,1.324215723923115,1.324215723923115,0.0,0.0,1.4500355532203337e-15,2.45210577117567e-18,1.9909913102176545e-18,2.45210577117567e-18,1.9909913102176545e-18,5.848808664045418e-18,0.9999999999999803,5.848808664045418e-18,0.9999999999999803,1.4500355532203345e-15,1.4500355532203345e-15,True,True,True,True,False,False,False
o_proj,7,7,momentum,10,1.323263080367889,1.3232630803678893,1.3232630803678893,2.220446049250313e-16,2.220446049250313e-16,1.3772903613774062e-15,1.4648959581629937e-17,9.380969267916391e-18,1.4648959581629937e-17,9.380969267916391e-18,2.988993767520902e-17,0.9999999999999909,2.988993767520902e-17,0.9999999999999909,6.493307656293495e-16,6.493307656293495e-16,True,True,True,True,False,False,False
o_proj,7,7,momentum,50,1.3154271099052874,1.3154271099052874,1.3154271099052874,0.0,0.0,1.5716101253955346e-15,4.249620718269176e-17,2.9730298319164633e-17,4.249620718269176e-17,2.9730298319164633e-17,8.079018269265326e-17,1.0000000000000058,8.079018269265326e-17,1.0000000000000058,5.854233878488449e-16,5.854233878488449e-16,True,True,True,True,False,False,False
o_proj,8,7,momentum,1,1.3106705061692607,1.3106705061692607,1.3106705061692607,0.0,0.0,1.7552007861245152e-15,2.623256426242191e-18,5.400752268094725e-19,2.623256426242191e-18,5.400752268094725e-19,5.305048442077401e-18,0.9999999999999925,5.305048442077401e-18,0.9999999999999925,1.755200786124517e-15,1.755200786124517e-15,True,True,True,True,False,False,False
o_proj,8,7,momentum,10,1.3098449200079791,1.3098449200079791,1.3098449200079791,0.0,0.0,1.459081030096468e-15,1.2537341791186708e-17,9.46850787864672e-18,1.2537341791186708e-17,9.46850787864672e-18,2.7675316725077755e-17,1.0000000000000075,2.7675316725077755e-17,1.0000000000000075,6.441985419633284e-16,6.441985419633284e-16,True,True,True,True,False,False,False
o_proj,8,7,momentum,50,1.302800529240583,1.3028005292405826,1.3028005292405826,4.440892098500626e-16,4.440892098500626e-16,2.066573549529257e-15,3.7291736882836427e-17,3.151236956913767e-17,3.7291736882836427e-17,3.151236956913767e-17,7.594306305805298e-17,0.9999999999999999,7.594306305805298e-17,0.9999999999999999,3.945361451860884e-16,3.945361451860884e-16,True,True,True,True,False,False,False
o_proj,9,7,momentum,1,1.2678575257901132,1.2678575257901132,1.2678575257901132,0.0,0.0,1.8330864665741146e-15,1.7293411370370085e-18,3.749807881795217e-18,1.7293411370370085e-18,3.749807881795217e-18,6.58849196699584e-18,1.0000000000000078,6.58849196699584e-18,1.0000000000000078,1.8330864665741146e-15,1.8330864665741146e-15,True,True,True,True,False,False,False
o_proj,9,7,momentum,10,1.2670214129770176,1.2670214129770176,1.2670214129770176,0.0,0.0,1.8205703920930024e-15,1.3535060585707726e-17,1.2804053865531948e-17,1.3535060585707726e-17,1.2804053865531948e-17,3.0484748611198685e-17,1.000000000000008,3.0484748611198685e-17,1.000000000000008,6.236052263106287e-16,6.236052263106287e-16,True,True,True,True,False,False,False
o_proj,9,7,momentum,50,1.2600988669165003,1.2600988669165003,1.2600988669165003,0.0,0.0,1.934073092509677e-15,3.7895677365423515e-17,3.2600573048441805e-17,3.7895677365423515e-17,3.2600573048441805e-17,7.64815293616108e-17,0.9999999999999969,7.64815293616108e-17,0.9999999999999969,5.746409125706096e-16,5.746409125706096e-16,True,True,True,True,False,False,False
o_proj,10,7,momentum,1,1.3327263081028362,1.3327263081028362,1.3327263081028362,0.0,0.0,1.5716217173198723e-15,2.6786972840686022e-18,4.191941727598279e-18,2.6786972840686022e-18,4.191941727598279e-18,8.102291523035198e-18,1.0000000000000067,8.102291523035198e-18,1.0000000000000067,1.5716217173198727e-15,1.5716217173198727e-15,True,True,True,True,False,False,False
o_proj,10,7,momentum,10,1.33178897062602,1.3317889706260198,1.3317889706260198,2.220446049250313e-16,2.220446049250313e-16,1.3807440297982249e-15,1.606176240273823e-17,1.0116409135957319e-17,1.606176240273823e-17,1.0116409135957319e-17,3.134495073055953e-17,0.9999999999999921,3.134495073055953e-17,0.9999999999999921,5.352302440706523e-16,5.352302440706523e-16,True,True,True,True,False,False,False
o_proj,10,7,momentum,50,1.3240412861821933,1.3240412861821935,1.3240412861821935,2.220446049250313e-16,2.220446049250313e-16,1.3531609436046022e-15,3.9538084952138074e-17,3.171405135033011e-17,3.9538084952138074e-17,3.171405135033011e-17,7.79291486709555e-17,1.0000000000000315,7.79291486709555e-17,1.0000000000000315,5.038001497366362e-16,5.038001497366362e-16,True,True,True,True,False,False,False
o_proj,11,7,momentum,1,1.315042189842349,1.315042189842349,1.315042189842349,0.0,0.0,1.305279486046553e-15,2.080280734025237e-18,3.778092371890524e-18,2.080280734025237e-18,3.778092371890524e-18,6.7297554104702464e-18,0.9999999999999971,6.7297554104702464e-18,0.9999999999999971,1.3052794860465532e-15,1.3052794860465532e-15,True,True,True,True,False,False,False
o_proj,11,7,momentum,10,1.3141898191713888,1.314189819171389,1.314189819171389,2.220446049250313e-16,2.220446049250313e-16,1.343247076178624e-15,1.3356296098024005e-17,9.57905947961756e-18,1.3356296098024005e-17,9.57905947961756e-18,2.785696587977639e-17,1.0000000000000104,2.785696587977639e-17,1.0000000000000104,5.291125912909477e-16,5.291125912909477e-16,True,True,True,True,False,False,False
o_proj,11,7,momentum,50,1.3072919598544668,1.3072919598544668,1.3072919598544668,0.0,0.0,1.7368124115507706e-15,3.774759046008258e-17,3.1124344500209274e-17,3.774759046008258e-17,3.1124344500209274e-17,7.517651205830079e-17,1.0000000000000064,7.517651205830079e-17,1.0000000000000064,6.073269945616898e-16,6.073269945616898e-16,True,True,True,True,False,False,False
o_proj,12,7,momentum,1,1.3423940477646426,1.3423940477646426,1.3423940477646426,0.0,0.0,1.5139861259720905e-15,3.02902352882788e-18,1.1767871295047838e-19,3.02902352882788e-18,1.1767871295047838e-19,5.8498612629119235e-18,1.0000000000000309,5.8498612629119235e-18,1.0000000000000309,1.5139861259720903e-15,1.5139861259720903e-15,True,True,True,True,False,False,False
o_proj,12,7,momentum,10,1.3413932261387498,1.3413932261387498,1.3413932261387498,0.0,0.0,1.219445612022325e-15,1.5077901746975263e-17,1.1827922202056073e-17,1.5077901746975263e-17,1.1827922202056073e-17,3.087489631137166e-17,1.0000000000000084,3.087489631137166e-17,1.0000000000000084,5.17777448527617e-16,5.17777448527617e-16,True,True,True,True,False,False,False
o_proj,12,7,momentum,50,1.3332981895899256,1.3332981895899256,1.3332981895899256,0.0,0.0,1.5379042747341352e-15,4.018067167095958e-17,3.564275115079851e-17,4.018067167095958e-17,3.564275115079851e-17,8.159035629014795e-17,1.0000000000000044,8.159035629014795e-17,1.0000000000000044,5.259129885577558e-16,5.259129885577558e-16,True,True,True,True,False,False,False
o_proj,13,7,momentum,1,1.2881137150259194,1.2881137150259194,1.2881137150259194,0.0,0.0,1.4424091848253228e-15,2.3779995995071698e-18,9.605805491655716e-19,2.3779995995071698e-18,9.605805491655716e-19,4.98479932084182e-18,0.9999999999999885,4.98479932084182e-18,0.9999999999999885,1.442409184825324e-15,1.442409184825324e-15,True,True,True,True,False,False,False
o_proj,13,7,momentum,10,1.2871954187062797,1.2871954187062797,1.2871954187062797,0.0,0.0,1.721940145841012e-15,1.3376540157839239e-17,1.1157985500889175e-17,1.3376540157839239e-17,1.1157985500889175e-17,2.9540689854966204e-17,0.9999999999999956,2.9540689854966204e-17,0.9999999999999956,6.331193762870087e-16,6.331193762870087e-16,True,True,True,True,False,False,False
o_proj,13,7,momentum,50,1.280034287432385,1.280034287432385,1.280034287432385,0.0,0.0,1.8391669837984635e-15,3.893709213155398e-17,3.216415311789218e-17,3.893709213155398e-17,3.216415311789218e-17,7.852502631756766e-17,0.9999999999999967,7.852502631756766e-17,0.9999999999999967,5.526401866781443e-16,5.526401866781443e-16,True,True,True,True,False,False,False
o_proj,14,7,momentum,1,1.3634470274565924,1.3634470274565924,1.3634470274565924,0.0,0.0,1.444599076347074e-15,5.069136751659775e-18,3.7636390505399685e-18,5.069136751659775e-18,3.7636390505399685e-18,9.445198922245848e-18,0.9999999999999756,9.445198922245848e-18,0.9999999999999756,1.4445990763470735e-15,1.4445990763470735e-15,True,True,True,True,False,False,False
o_proj,14,7,momentum,10,1.3624852215201162,1.3624852215201162,1.3624852215201162,0.0,0.0,1.239350733526966e-15,1.2532105599116536e-17,1.0405740364871618e-17,1.2532105599116536e-17,1.0405740364871618e-17,2.7983444574414974e-17,0.9999999999999799,2.7983444574414974e-17,0.9999999999999799,5.536583798032997e-16,5.536583798032997e-16,True,True,True,True,False,False,False
o_proj,14,7,momentum,50,1.3546900548280683,1.3546900548280683,1.3546900548280683,0.0,0.0,1.7099028592094643e-15,4.167407698183468e-17,3.2000887627305205e-17,4.167407698183468e-17,3.2000887627305205e-17,8.120244311293746e-17,0.9999999999999802,8.120244311293746e-17,0.9999999999999802,6.700202386640126e-16,6.700202386640126e-16,True,True,True,True,False,False,False
o_proj,15,7,momentum,1,1.3229579847619224,1.3229579847619226,1.3229579847619226,2.220446049250313e-16,2.220446049250313e-16,1.3158180544972417e-15,2.9041083051020514e-18,2.4846646186104482e-18,2.9041083051020514e-18,2.4846646186104482e-18,7.871685885140427e-18,1.000000000000019,7.871685885140427e-18,1.000000000000019,1.3158180544972415e-15,1.3158180544972415e-15,True,True,True,True,False,False,False
o_proj,15,7,momentum,10,1.3219252893698272,1.3219252893698272,1.3219252893698272,0.0,0.0,1.2895095406358379e-15,1.6028781545797398e-17,9.512777591178135e-18,1.6028781545797398e-17,9.512777591178135e-18,3.193614333019389e-17,1.000000000000026,3.193614333019389e-17,1.000000000000026,5.041110266044124e-16,5.041110266044124e-16,True,True,True,True,False,False,False
o_proj,15,7,momentum,50,1.313959984643962,1.313959984643962,1.313959984643962,0.0,0.0,1.9804259686310807e-15,3.972084931702563e-17,3.297081856608489e-17,3.972084931702563e-17,3.297081856608489e-17,7.925355544962314e-17,0.9999999999999937,7.925355544962314e-17,0.9999999999999937,6.390950001985065e-16,6.390950001985065e-16,True,True,True,True,False,False,False
o_proj,16,7,momentum,1,1.3795249371757825,1.3795249371757825,1.3795249371757825,0.0,0.0,1.2093648063276092e-15,6.837535863036255e-19,5.359422327770977e-19,6.837535863036255e-19,5.359422327770977e-19,3.0822160293929007e-18,1.000000000000011,3.0822160293929007e-18,1.000000000000011,1.2093648063276086e-15,1.2093648063276086e-15,True,True,True,True,False,False,False
o_proj,16,7,momentum,10,1.3785059138063307,1.3785059138063307,1.3785059138063307,0.0,0.0,1.276925103876004e-15,1.2869187948285107e-17,1.1343479811278869e-17,1.2869187948285107e-17,1.1343479811278869e-17,2.8550836544110457e-17,0.999999999999986,2.8550836544110457e-17,0.999999999999986,6.042629269339321e-16,6.042629269339321e-16,True,True,True,True,False,False,False
o_proj,16,7,momentum,50,1.370432978627446,1.370432978627446,1.370432978627446,0.0,0.0,2.186527331144556e-15,3.774090723791182e-17,3.161635084041375e-17,3.774090723791182e-17,3.161635084041375e-17,7.747149670203888e-17,0.9999999999999825,7.747149670203888e-17,0.9999999999999825,6.538619303605272e-16,6.538619303605272e-16,True,True,True,True,False,False,False
o_proj,17,7,momentum,1,1.340108749208125,1.340108749208125,1.340108749208125,0.0,0.0,1.152824202339484e-15,2.3692874898483398e-18,1.6932903020182356e-18,2.3692874898483398e-18,1.6932903020182356e-18,5.5286081417024064e-18,0.99999999999998,5.5286081417024064e-18,0.99999999999998,1.1528242023394847e-15,1.1528242023394847e-15,True,True,True,True,False,False,False
o_proj,17,7,momentum,10,1.338933452886334,1.338933452886334,1.338933452886334,0.0,0.0,1.2943125795032068e-15,1.5549665834319166e-17,1.0134632884740095e-17,1.5549665834319166e-17,1.0134632884740095e-17,3.0738276736353065e-17,0.9999999999999887,3.0738276736353065e-17,0.9999999999999887,5.350147617422187e-16,5.350147617422187e-16,True,True,True,True,False,False,False
o_proj,17,7,momentum,50,1.3300969191475454,1.3300969191475456,1.3300969191475456,2.220446049250313e-16,2.220446049250313e-16,1.3260350112847078e-15,4.537116178195289e-17,3.416128874291534e-17,4.537116178195289e-17,3.416128874291534e-17,8.525362998283523e-17,0.9999999999999964,8.525362998283523e-17,0.9999999999999964,6.018747421041051e-16,6.018747421041051e-16,True,True,True,True,False,False,False
o_proj,18,7,momentum,1,1.3876972563907604,1.3876972563907606,1.3876972563907606,2.220446049250313e-16,2.220446049250313e-16,1.4858376146737036e-15,2.383862515725251e-18,1.1725190944116201e-19,2.383862515725251e-18,1.1725190944116201e-19,4.720446374935342e-18,1.0000000000000024,4.720446374935342e-18,1.0000000000000024,1.4858376146737032e-15,1.4858376146737032e-15,True,True,True,True,False,False,False
o_proj,18,7,momentum,10,1.3867057477697275,1.3867057477697273,1.3867057477697273,2.220446049250313e-16,2.220446049250313e-16,1.7455729750401382e-15,1.5344884433781738e-17,1.1896020415564352e-17,1.5344884433781738e-17,1.1896020415564352e-17,3.1334265546357203e-17,0.9999999999999882,3.1334265546357203e-17,0.9999999999999882,6.650947086121439e-16,6.650947086121439e-16,True,True,True,True,False,False,False
o_proj,18,7,momentum,50,1.3787794311047552,1.3787794311047552,1.3787794311047552,0.0,0.0,1.7662401509516716e-15,4.1706772211138364e-17,3.457044867157634e-17,4.1706772211138364e-17,3.457044867157634e-17,8.139448661717141e-17,0.9999999999999918,8.139448661717141e-17,0.9999999999999918,5.350737648230628e-16,5.350737648230628e-16,True,True,True,True,False,False,False
o_proj,19,7,momentum,1,1.305680708935935,1.305680708935935,1.305680708935935,0.0,0.0,1.887204319442997e-15,2.3732131165047833e-18,1.9264136106007325e-18,2.3732131165047833e-18,1.9264136106007325e-18,5.588653520792891e-18,1.0000000000000036,5.588653520792891e-18,1.0000000000000036,1.887204319442996e-15,1.887204319442996e-15,True,True,True,True,False,False,False
o_proj,19,7,momentum,10,1.3047938116052649,1.3047938116052646,1.3047938116052646,2.220446049250313e-16,2.220446049250313e-16,1.4110613469641318e-15,1.5017714786564234e-17,1.0424680175308484e-17,1.5017714786564234e-17,1.0424680175308484e-17,2.995304017478201e-17,1.0000000000000147,2.995304017478201e-17,1.0000000000000147,5.560565795097654e-16,5.560565795097654e-16,True,True,True,True,False,False,False
o_proj,19,7,momentum,50,1.2978080105699423,1.2978080105699423,1.2978080105699423,0.0,0.0,1.7185382381761077e-15,4.200142806244412e-17,3.2300981547380684e-17,4.200142806244412e-17,3.2300981547380684e-17,7.955117552029468e-17,0.9999999999999833,7.955117552029468e-17,0.9999999999999833,6.033433233136466e-16,6.033433233136466e-16,True,True,True,True,False,False,False
o_proj,20,7,momentum,1,1.4110010789800636,1.4110010789800636,1.4110010789800636,0.0,0.0,1.6072091906326829e-15,5.846447818621524e-18,7.400532093015622e-19,5.846447818621524e-18,7.400532093015622e-19,8.687393684807124e-18,0.9999999999999865,8.687393684807124e-18,0.9999999999999865,1.6072091906326825e-15,1.6072091906326825e-15,True,True,True,True,False,False,False
o_proj,20,7,momentum,10,1.4100562809284474,1.4100562809284474,1.4100562809284474,0.0,0.0,1.7411399778244198e-15,1.5106938694655784e-17,9.240763879147847e-18,1.5106938694655784e-17,9.240763879147847e-18,3.0557090502938594e-17,0.9999999999999787,3.0557090502938594e-17,0.9999999999999787,6.169111943098545e-16,6.169111943098545e-16,True,True,True,True,False,False,False
o_proj,20,7,momentum,50,1.4021705920252825,1.4021705920252825,1.4021705920252825,0.0,0.0,1.9023272195029518e-15,3.9719708039130665e-17,3.5115311536135995e-17,3.9719708039130665e-17,3.5115311536135995e-17,8.146571788821687e-17,1.0000000000000169,8.146571788821687e-17,1.0000000000000169,6.469119760467761e-16,6.469119760467761e-16,True,True,True,True,False,False,False
o_proj,21,7,momentum,1,1.4796331251144796,1.4796331251144799,1.4796331251144799,2.220446049250313e-16,2.220446049250313e-16,1.478865867727882e-15,5.092631044807536e-18,1.4005496303717466e-18,5.092631044807536e-18,1.4005496303717466e-18,8.318559778831036e-18,0.9999999999999848,8.318559778831036e-18,0.9999999999999848,1.4788658677278823e-15,1.4788658677278823e-15,True,True,True,True,False,False,False
o_proj,21,7,momentum,10,1.4786083822256726,1.4786083822256728,1.4786083822256728,2.220446049250313e-16,2.220446049250313e-16,1.6743526652412199e-15,1.6994887999053147e-17,1.1200882640402122e-17,1.6994887999053147e-17,1.1200882640402122e-17,3.3306983786689514e-17,0.9999999999999861,3.3306983786689514e-17,0.9999999999999861,6.283324959194707e-16,6.283324959194707e-16,True,True,True,True,False,False,False
o_proj,21,7,momentum,50,1.4701818639724327,1.4701818639724327,1.4701818639724327,0.0,0.0,1.785784458507866e-15,4.59368897567191e-17,3.518198885966426e-17,4.59368897567191e-17,3.518198885966426e-17,8.694687151140186e-17,1.0000000000000027,8.694687151140186e-17,1.0000000000000027,6.439947466117596e-16,6.439947466117596e-16,True,True,True,True,False,False,False
o_proj,22,7,momentum,1,1.4655853667141951,1.4655853667141954,1.4655853667141954,2.220446049250313e-16,2.220446049250313e-16,1.4840353126619733e-15,1.8211249658024187e-18,9.904998062458987e-19,1.8211249658024187e-18,9.904998062458987e-19,5.270442743090774e-18,1.0000000000000018,5.270442743090774e-18,1.0000000000000018,1.4840353126619743e-15,1.4840353126619743e-15,True,True,True,True,False,False,False
o_proj,22,7,momentum,10,1.464785454733366,1.4647854547333659,1.4647854547333659,2.220446049250313e-16,2.220446049250313e-16,1.833418293813963e-15,1.6596931718052778e-17,9.194379523353134e-18,1.6596931718052778e-17,9.194379523353134e-18,3.123983544137845e-17,0.9999999999999906,3.123983544137845e-17,0.9999999999999906,6.909946990107076e-16,6.909946990107076e-16,True,True,True,True,False,False,False
o_proj,22,7,momentum,50,1.457978976883442,1.457978976883442,1.457978976883442,0.0,0.0,1.5899518373036908e-15,4.1937453468967026e-17,3.642979400447343e-17,4.1937453468967026e-17,3.642979400447343e-17,8.499802408772984e-17,0.9999999999999811,8.499802408772984e-17,0.9999999999999811,6.981771001495657e-16,6.981771001495657e-16,True,True,True,True,False,False,False
o_proj,23,7,momentum,1,1.4080899837773224,1.4080899837773224,1.4080899837773224,0.0,0.0,1.2864512450443032e-15,3.6066932404781246e-18,8.607691733935647e-19,3.6066932404781246e-18,8.607691733935647e-19,7.080117957974355e-18,0.9999999999999865,7.080117957974355e-18,0.9999999999999865,1.2864512450443034e-15,1.2864512450443034e-15,True,True,True,True,False,False,False
o_proj,23,7,momentum,10,1.4069474158647526,1.4069474158647526,1.4069474158647526,0.0,0.0,1.5921681662020283e-15,1.4742650020362664e-17,9.953699822533546e-18,1.4742650020362664e-17,9.953699822533546e-18,2.9731318211366287e-17,1.0000000000000029,2.9731318211366287e-17,1.0000000000000029,4.748414980382403e-16,4.748414980382403e-16,True,True,True,True,False,False,False
o_proj,23,7,momentum,50,1.398057219469235,1.3980572194692347,1.3980572194692347,2.220446049250313e-16,2.220446049250313e-16,1.6798264076341263e-15,4.081281338883736e-17,3.371477813736227e-17,4.081281338883736e-17,3.371477813736227e-17,8.019678368725431e-17,1.0000000000000142,8.019678368725431e-17,1.0000000000000142,5.205424122316917e-16,5.205424122316917e-16,True,True,True,True,False,False,False
gate_proj,0,7,momentum,1,1.4934998745358348,1.4934998745358348,1.4934998745358348,0.0,0.0,3.2130945048336903e-15,0.0001018091890955741,1.2976844087646729e-18,9.374820902244613e-17,1.2976844087646729e-18,0.00013689713228048404,0.9999999906394523,1.252199082728702e-16,1.0000000000000013,1.3683312824804834,3.2225088371443375e-15,False,True,False,True,True,False,False
gate_proj,0,7,momentum,10,1.4928880536409619,1.4921655031077465,1.4928880536409619,0.0007225505332153492,0.0,0.06120137613725306,0.0040819693601550164,5.079828230589987e-06,2.1753798147042467e-16,6.2299423471130446e-18,0.005459171522942435,0.9999851070520436,2.437066585266971e-16,1.000000000000011,1.3109502012809149,7.311764062449333e-16,False,True,False,True,True,False,False
gate_proj,0,7,momentum,50,1.4883867056277749,1.4856978018060318,1.4883867056277749,0.0026889038217430272,0.0,0.8862358109609814,0.025738486850531348,0.0006370516726694576,4.778897295303451e-16,1.818548795504754e-17,0.03103717897465444,0.9995185003708245,4.93491925572053e-16,0.999999999999971,0.6895203723842785,9.018325174932979e-16,False,True,False,True,True,False,False
gate_proj,1,7,momentum,1,1.499411052429149,1.499411052429149,1.499411052429149,0.0,0.0,2.5560350994622636e-15,0.09812080525483566,2.779273288283067e-19,9.335189490116329e-17,2.779273288283067e-19,0.140082202916618,0.9903305587350353,1.2467904316085226e-16,1.000000000000028,1279.9495186681072,2.5361425356417326e-15,False,True,False,True,True,False,False
gate_proj,1,7,momentum,10,1.4987815109149305,nan,1.4987815109149305,nan,0.0,nan,nan,nan,2.21519050667593e-16,5.473175834694779e-18,nan,nan,2.461624465077566e-16,1.00000000000003,nan,1.0200422551899142e-15,False,True,False,True,True,False,True
gate_proj,1,7,momentum,50,1.4941819298111356,nan,1.4941819298111354,nan,2.220446049250313e-16,nan,nan,nan,4.680686184392647e-16,1.9035510383159428e-17,nan,nan,4.83638901154259e-16,0.9999999999999687,nan,9.759338760657727e-16,False,True,False,True,True,False,True
gate_proj,2,7,momentum,1,1.5165431521930488,1.516543152193049,1.516543152193049,2.220446049250313e-16,2.220446049250313e-16,2.6477320299144557e-15,0.049975234732307375,1.2637565480316394e-18,9.580833187025287e-17,1.2637565480316394e-18,0.050377085710616464,0.9987334840606925,1.2769015539419742e-16,1.0000000000000142,598.4648199138359,2.6402439094759023e-15,False,True,False,True,True,False,False
gate_proj,2,7,momentum,10,1.5158152039105361,nan,1.5158152039105366,nan,4.440892098500626e-16,nan,nan,nan,2.1925890757380949e-16,6.178459486003979e-18,nan,nan,2.4550840294086405e-16,0.9999999999999426,nan,7.897439755126726e-16,False,True,False,True,True,False,True
gate_proj,2,7,momentum,50,1.5105283067113278,nan,1.5105283067113282,nan,4.440892098500626e-16,nan,nan,nan,4.735216913589772e-16,1.889409591262229e-17,nan,nan,4.897623005362226e-16,0.9999999999999707,nan,7.24517657042719e-16,False,True,False,True,True,False,True
gate_proj,3,7,momentum,1,1.4813323598436061,1.4813323598436063,1.4813323598436063,2.220446049250313e-16,2.220446049250313e-16,3.235102864233514e-15,0.03850855345597758,8.852852840673903e-19,9.250654916421776e-17,8.852852840673903e-19,0.03478079673843733,0.9993956953715768,1.2392648854434812e-16,0.9999999999999574,482.8672130814767,3.1486612479483175e-15,False,True,False,True,True,False,False
gate_proj,3,7,momentum,10,1.4806715032133326,nan,1.4806715032133326,nan,0.0,nan,nan,nan,2.2586586959102514e-16,6.228336130130096e-18,nan,nan,2.5160803541986473e-16,0.9999999999999805,nan,9.511247241120208e-16,False,True,False,True,True,False,True
gate_proj,3,7,momentum,50,1.4757473405724089,nan,1.4757473405724089,nan,0.0,nan,nan,nan,4.820465168454188e-16,1.8630334513721756e-17,nan,nan,4.991061175030718e-16,1.0000000000000027,nan,8.41047317754184e-16,False,True,False,True,True,False,True
gate_proj,4,7,momentum,1,1.4720528885629103,1.4720528885629098,1.4720528885629098,4.440892098500626e-16,4.440892098500626e-16,2.682344325335861e-15,0.02238007846949401,1.0083601874668582e-19,9.557893332701803e-17,1.0083601874668582e-19,0.020650595906985147,0.9997868448327909,1.2833034217184192e-16,0.9999999999999825,305.477906260722,2.6359175345712467e-15,False,True,False,True,True,False,False
gate_proj,4,7,momentum,10,1.4714891958646266,nan,1.4714891958646266,nan,0.0,nan,nan,nan,2.2168491539577143e-16,5.582447041495658e-18,nan,nan,2.4922340454249693e-16,1.0000000000000246,nan,1.0816335589242528e-15,False,True,False,True,True,False,True
gate_proj,4,7,momentum,50,1.4672532081508833,nan,1.4672532081508831,nan,2.220446049250313e-16,nan,nan,nan,4.753654472215035e-16,1.74389490213754e-17,nan,nan,4.922984309252936e-16,0.9999999999999825,nan,7.598820675283178e-16,False,True,False,True,True,False,True
gate_proj,5,7,momentum,1,1.5231224113223931,1.5231224113223931,1.5231224113223931,0.0,0.0,2.7075794745781186e-15,0.12876071327756886,1.0116182748380885e-18,9.813853196073071e-17,1.0116182748380885e-18,0.1228849091991286,0.9925341083635941,1.3014729438441153e-16,0.9999999999999948,2079.1022983016996,2.6850029100079757e-15,False,True,False,True,True,False,False
gate_proj,5,7,momentum,10,1.5226972463653892,nan,1.5226972463653896,nan,4.440892098500626e-16,nan,nan,nan,2.2069277477518382e-16,6.085735808689651e-18,nan,nan,2.466607863543361e-16,1.0000000000000049,nan,9.914210369832875e-16,False,True,False,True,True,False,True
gate_proj,5,7,momentum,50,1.519424351272586,nan,1.5194243512725858,nan,2.220446049250313e-16,nan,nan,nan,4.660254587587655e-16,1.9049315209236693e-17,nan,nan,4.860358408765897e-16,1.000000000000018,nan,9.075509170481071e-16,False,True,False,True,True,False,True
gate_proj,6,7,momentum,1,1.4453777225369593,1.4453777225369593,1.4453777225369593,0.0,0.0,2.631993417566856e-15,0.1074258327516437,3.1974560101171395e-19,9.19504836455728e-17,3.1974560101171395e-19,0.1346412133639324,0.9910572882959718,1.243224651027729e-16,1.000000000000011,1246.1551756136537,2.6224080888713383e-15,False,True,False,True,True,False,False
gate_proj,6,7,momentum,10,1.4446178356107298,nan,1.4446178356107295,nan,2.220446049250313e-16,nan,nan,nan,2.1545922191633185e-16,5.7009345884443125e-18,nan,nan,2.421829627816283e-16,0.9999999999999636,nan,9.41530214010933e-16,False,True,False,True,True,False,True
gate_proj,6,7,momentum,50,1.4390665899747568,nan,1.4390665899747566,nan,2.220446049250313e-16,nan,nan,nan,4.765359858843153e-16,1.8471724947686962e-17,nan,nan,4.924133740387211e-16,1.0000000000000202,nan,7.459895652435982e-16,False,True,False,True,True,False,True
gate_proj,7,7,momentum,1,1.4357876552670312,1.4357876552670312,1.4357876552670312,0.0,0.0,3.850899803064034e-15,0.04896227960018734,1.7131290887973076e-18,9.374565193385452e-17,1.7131290887973076e-18,0.06274698261593209,0.9980372071706205,1.24941212685254e-16,1.0000000000000393,722.8976086812662,3.832313880217477e-15,False,True,False,True,True,False,False
gate_proj,7,7,momentum,10,1.435289008034178,nan,1.435289008034178,nan,0.0,nan,nan,nan,2.161252201704953e-16,6.036947518428635e-18,nan,nan,2.4200155387990686e-16,1.0000000000000218,nan,1.0543258938483633e-15,False,True,False,True,True,False,True
gate_proj,7,7,momentum,50,1.431506110326229,nan,1.431506110326229,nan,0.0,nan,nan,nan,4.645716062581189e-16,1.719305740284625e-17,nan,nan,4.763914044037154e-16,0.999999999999994,nan,8.261370884408095e-16,False,True,False,True,True,False,True
gate_proj,8,7,momentum,1,1.4398322105330144,1.4398322105330144,1.4398322105330144,0.0,0.0,2.3086838261545547e-15,0.18650297585146738,1.055427218036085e-18,9.20589685390563e-17,1.055427218036085e-18,0.27612844107815826,0.9639268871345661,1.2434588561146092e-16,0.9999999999999458,2165.9356205447857,2.295323775831503e-15,False,True,False,True,True,False,False
gate_proj,8,7,momentum,10,1.4390709793334677,nan,1.4390709793334677,nan,0.0,nan,nan,nan,2.2568397290204466e-16,6.027671339751451e-18,nan,nan,2.4924618476550464e-16,1.000000000000034,nan,9.427545154268305e-16,False,True,False,True,True,False,True
gate_proj,8,7,momentum,50,1.4335619030762117,nan,1.4335619030762117,nan,0.0,nan,nan,nan,4.730896607888945e-16,1.7916357849518123e-17,nan,nan,4.907567825042976e-16,1.000000000000014,nan,8.622050977925269e-16,False,True,False,True,True,False,True
gate_proj,9,7,momentum,1,1.400355768974403,1.400355768974403,1.400355768974403,0.0,0.0,2.5262391224198513e-15,0.29673192076818816,2.7139979368223704e-19,9.253320665531291e-17,2.7139979368223704e-19,0.43871409526941335,0.9157489165635857,1.2418137451271562e-16,1.0000000000000577,3373.7452178945696,2.480734916103836e-15,False,True,False,True,True,False,False
gate_proj,9,7,momentum,10,1.3995650463519866,nan,1.3995650463519866,nan,0.0,nan,nan,nan,2.1693282951647492e-16,6.106985546821293e-18,nan,nan,2.4322517988348765e-16,1.0000000000000155,nan,1.015613912293022e-15,False,True,False,True,True,False,True
gate_proj,9,7,momentum,50,1.393864587431649,nan,1.3938645874316493,nan,2.220446049250313e-16,nan,nan,nan,4.690339842872638e-16,1.696174369298539e-17,nan,nan,4.811046885795732e-16,1.000000000000047,nan,7.889236950123379e-16,False,True,False,True,True,False,True
gate_proj,10,7,momentum,1,1.4156584337678233,1.4156584337678233,1.4156584337678233,0.0,0.0,2.9645721243038208e-15,8.787024547021335e-05,1.9324373972194425e-18,9.597066965633335e-17,1.9324373972194425e-18,0.00011776294679156788,0.9999999930677357,1.2821251372857923e-16,0.9999999999999648,1.1750281177417863,2.986752554761373e-15,False,True,False,True,True,False,False
gate_proj,10,7,momentum,10,1.4150649720592383,1.4141745649993425,1.4150649720592379,0.000890407059895848,4.440892098500626e-16,0.08508490973351347,0.0035596564618476496,6.556076971161479e-06,2.1981562913283727e-16,6.267809198156237e-18,0.004751175090771074,0.9999887174974798,2.4743037103448876e-16,0.999999999999985,1.148495913631151,9.543145340150489e-16,False,True,False,True,True,False,False
gate_proj,10,7,momentum,50,1.4106570256074729,1.4076458726790402,1.4106570256074729,0.003011152928432681,0.0,1.055388465371813,0.02715816754321002,0.0007750052849796155,4.817099645579756e-16,1.6770413988548048e-17,0.03438373348828014,0.9994094991110472,5.017106655145327e-16,0.9999999999999946,0.9641302147431988,9.325598901032214e-16,False,True,False,True,True,False,False
gate_proj,11,7,momentum,1,1.3634136088461364,1.3634136088461362,1.3634136088461362,2.220446049250313e-16,2.220446049250313e-16,2.896295917764226e-15,8.698760590191437e-05,1.817160501113578e-18,9.375682417107228e-17,1.817160501113578e-18,0.0001168005428677396,0.9999999931818598,1.259891054027992e-16,0.9999999999999808,1.0831947581150119,2.883442871250802e-15,False,True,False,True,True,False,False
gate_proj,11,7,momentum,10,1.3627410322284257,1.3619402686848072,1.3627410322284257,0.0008007635436184657,0.0,0.0663135984331243,0.003536797923698021,5.407479778460876e-06,2.2470551666723467e-16,4.449472246006955e-18,0.004733699530050746,0.9999888024364465,2.5128356587442467e-16,0.9999999999999869,1.0671409188499523,7.470586583471653e-16,False,True,False,True,True,False,False
gate_proj,11,7,momentum,50,1.3578056407248758,1.3548780353191727,1.3578056407248758,0.0029276054057030265,0.0,0.8417576415871543,0.02789361795600788,0.0006603210337854587,4.68176762675177e-16,1.6045023025843613e-17,0.03571412552187616,0.9993629766936265,4.876750736936832e-16,1.0000000000000218,0.9431986662452047,6.881861767772764e-16,False,True,False,True,True,False,False
gate_proj,12,7,momentum,1,1.3876117596711959,1.3876117596711959,1.3876117596711959,0.0,0.0,2.9955199355994205e-15,7.606171220467324e-05,9.359628608815182e-19,9.055490448145895e-17,9.359628608815182e-19,0.0001023929415097438,0.9999999947585742,1.2311654421658657e-16,1.0000000000000062,1.0793505590621533,3.0098032361210427e-15,False,True,False,True,True,False,False
gate_proj,12,7,momentum,10,1.3870562204866308,1.386439867682693,1.3870562204866308,0.0006163528039377919,0.0,0.06480277222617539,0.0030899496089335883,4.827388384674922e-06,2.2162667435653999e-16,6.517324856934493e-18,0.004145777865159187,0.9999914080181749,2.4938488727616656e-16,0.9999999999999509,1.061457425333541,7.43721598074858e-16,False,True,False,True,True,False,False
gate_proj,12,7,momentum,50,1.3829756293680315,1.3807440639501307,1.3829756293680313,0.002231565417900816,2.220446049250313e-16,0.7874575839938579,0.024172775206910337,0.0005831463082602707,4.597621956720618e-16,1.777428757918711e-17,0.030994638369226387,0.9995199228847663,4.847584558487138e-16,0.9999999999999376,0.925935835444595,7.685624081002379e-16,False,True,False,True,True,False,False
gate_proj,13,7,momentum,1,1.3499270477941256,1.3499270477941254,1.3499270477941254,2.220446049250313e-16,2.220446049250313e-16,2.5995521389393365e-15,9.02192586515232e-05,9.22232125144493e-19,9.417759718288244e-17,9.22232125144493e-19,0.00012594038405051768,0.9999999920736503,1.2517156446730388e-16,1.0000000000000087,1.0164647585347824,2.6068896437112373e-15,False,True,False,True,True,False,False
gate_proj,13,7,momentum,10,1.349101395250206,1.3483328468643623,1.3491013952502058,0.0007685483858437259,2.220446049250313e-16,0.05394636837831298,0.0036704675085777526,4.710722895199163e-06,2.2063017668598142e-16,5.812874879180367e-18,0.00511243274594417,0.9999869401163968,2.449958981313391e-16,1.0000000000000058,1.0036417478221025,7.938698165623934e-16,False,True,False,True,True,False,False
gate_proj,13,7,momentum,50,1.343212673015155,1.3404894128337737,1.3432126730151552,0.0027232601813813595,2.220446049250313e-16,0.7232542942928563,0.028958543472314628,0.0005717002324995656,4.954496008340578e-16,1.609904129734062e-17,0.03902966704267062,0.9992393363402262,5.1097355393221045e-16,1.000000000000016,0.895982367572812,7.258510813847449e-16,False,True,False,True,True,False,False
gate_proj,14,7,momentum,1,1.394324387829611,1.394324387829611,1.394324387829611,0.0,0.0,2.100016033411652e-15,5.73789009412468e-05,4.091548333477575e-19,9.579295403868044e-17,4.091548333477575e-19,7.45584700944854e-05,0.9999999972214462,1.277021591507835e-16,0.9999999999999987,0.8280937017580375,2.0961379870219635e-15,False,True,False,True,True,False,False
gate_proj,14,7,momentum,10,1.3938054556920447,1.3936136578477498,1.3938054556920445,0.00019179784429490532,2.220446049250313e-16,0.020809653377874462,0.002347607870818011,1.611575175535895e-06,2.12926027587892e-16,5.08201099517683e-18,0.0030437575239013527,0.999995369535029,2.4006817401531636e-16,0.9999999999999825,0.8252212134035957,1.053248256621635e-15,False,True,False,True,True,False,False
gate_proj,14,7,momentum,50,1.38992666187644,1.3889778929925225,1.3899266618764403,0.0009487688839175945,2.220446049250313e-16,0.23522729944652288,0.01978692968185529,0.00021349470510240618,4.755145970834084e-16,1.778855099873945e-17,0.024806796682342126,0.9996924801781709,4.921641753777902e-16,0.9999999999999754,0.7965069418821783,9.521192084672834e-16,False,True,False,True,True,False,False
gate_proj,15,7,momentum,1,1.378435008847141,1.3784350088471409,1.3784350088471409,2.220446049250313e-16,2.220446049250313e-16,2.6609545870342083e-15,4.993624098506583e-05,1.6506416950252387e-18,9.273154282594455e-17,1.6506416950252387e-18,5.995012967216564e-05,0.9999999982045622,1.2474510378133306e-16,1.000000000000011,0.774992894013111,2.6795603905520524e-15,False,True,False,True,True,False,False
gate_proj,15,7,momentum,10,1.377971702789722,1.377877963096689,1.377971702789722,9.373969303294594e-05,0.0,0.011320185163026566,0.0020479882436554605,8.530432872825097e-07,2.1807428298782562e-16,6.284513238146016e-18,0.002452901053608068,0.9999969943627838,2.4445766061363952e-16,0.9999999999999929,0.7738237392343754,1.110145812815055e-15,False,True,False,True,True,False,False
gate_proj,15,7,momentum,50,1.374341512301455,1.3738301828466297,1.374341512301455,0.0005113294548253489,0.0,0.11906528271665537,0.017825190797718972,0.00011593522384814546,4.664107532869666e-16,1.6383278059487806e-17,0.020615057375513668,0.9997877267488368,4.840073125323968e-16,0.999999999999989,0.7598018005038994,7.779526424307255e-16,False,True,False,True,True,False,False
gate_proj,16,7,momentum,1,1.4262785799553162,1.426278579955316,1.426278579955316,2.220446049250313e-16,2.220446049250313e-16,2.485676279319548e-15,3.607015886871701e-05,1.1157520388434108e-18,9.547313697519008e-17,1.1157520388434108e-18,4.2462606438952455e-05,0.9999999990998499,1.2777823020555248e-16,1.0000000000000289,0.6080933640194303,2.4746275221554727e-15,False,True,False,True,True,False,False
gate_proj,16,7,momentum,10,1.4258776005293392,1.4259839433221169,1.4258776005293392,0.00010634279277765835,0.0,0.009625067444991527,0.0014800652097022341,8.831317466781023e-07,2.190479956979517e-16,5.484531469874134e-18,0.001738916379945928,0.9999984902697697,2.4553964168161337e-16,1.0000000000000517,0.6069890244619703,1.0996395686889516e-15,False,True,False,True,True,False,False
gate_proj,16,7,momentum,50,1.422664731204751,1.42343934905257,1.4226647312047511,0.0007746178478191812,2.220446049250313e-16,0.10470799121608099,0.012945155400542068,0.00012987574992474098,4.764371857729636e-16,1.7623144123915306e-17,0.01476328105598144,0.9998911280797613,4.93319245813021e-16,0.9999999999999721,0.5893295398858162,8.775033467082097e-16,False,True,False,True,True,False,False
gate_proj,17,7,momentum,1,1.4578500719744023,1.4578500719744023,1.4578500719744023,0.0,0.0,2.5025088187308497e-15,4.470367408438283e-05,9.14166537991038e-19,9.278550521117468e-17,9.14166537991038e-19,5.4123481681530684e-05,0.9999999985355966,1.233373309360529e-16,1.0000000000000129,0.7030474477838332,2.508457842871179e-15,False,True,False,True,True,False,False
gate_proj,17,7,momentum,10,1.457394955415266,1.4575790824013357,1.4573949554152663,0.00018412698606962152,2.220446049250313e-16,0.014589127735241306,0.001833724698810082,1.4093550962045804e-06,2.1883885056262778e-16,5.842773246475853e-18,0.002215928553214722,0.9999975452346299,2.470597764580387e-16,1.0000000000000624,0.7015257894656517,8.04988363100214e-16,False,True,False,True,True,False,False
gate_proj,17,7,momentum,50,1.4537571913069778,1.4551459070261175,1.4537571913069778,0.001388715719139677,0.0,0.1567752178202645,0.015957951664912595,0.00020882605314343132,4.62629418806311e-16,1.7483877141409274e-17,0.018739495081082535,0.9998244098559053,4.813321483757557e-16,0.9999999999999714,0.6759702200459865,1.0304389429540218e-15,False,True,False,True,True,False,False
gate_proj,18,7,momentum,1,1.4271594696599512,1.4271594696599514,1.4271594696599514,2.220446049250313e-16,2.220446049250313e-16,2.7083420629711797e-15,4.336464267473062e-05,3.0009416175665853e-19,9.13913476046119e-17,3.0009416175665853e-19,5.25035998868694e-05,0.9999999986235788,1.2249314675854445e-16,0.9999999999999813,0.7067981973180611,2.7190590607618628e-15,False,True,False,True,True,False,False
gate_proj,18,7,momentum,10,1.426737148756718,1.4269047680017095,1.426737148756718,0.0001676192449915348,0.0,0.015407622036554864,0.001778096986738393,1.348085665427864e-06,2.193067215407092e-16,5.710140640299452e-18,0.0021482571292940314,0.9999976955647679,2.4397699524852394e-16,1.000000000000033,0.7052956432608799,8.128962637718252e-16,False,True,False,True,True,False,False
gate_proj,18,7,momentum,50,1.4234192907201297,1.424646411447622,1.4234192907201297,0.0012271207274923146,0.0,0.1635687032399587,0.0153910177551075,0.00019831597879240123,4.651303737445982e-16,1.7466386771585368e-17,0.018001567197745955,0.9998381078182543,4.827067648853549e-16,1.0000000000000515,0.6809050057009977,8.7432864135506355e-16,False,True,False,True,True,False,False
gate_proj,19,7,momentum,1,1.414990479569139,1.414990479569139,1.414990479569139,0.0,0.0,3.0657420501419642e-15,4.6000226198103976e-05,9.104214300638784e-19,9.185153893825755e-17,9.104214300638784e-19,5.706038502373178e-05,0.9999999983750035,1.2295263552094829e-16,0.9999999999999802,0.7118772737448675,3.0563334530201937e-15,False,True,False,True,True,False,False
gate_proj,19,7,momentum,10,1.4145274226311841,1.414782338075234,1.4145274226311841,0.00025491544404987465,0.0,0.02291089976100256,0.0018835528797350749,1.960036477610769e-06,2.156184490339088e-16,6.530016335130434e-18,0.0023307989295629178,0.9999972884162706,2.418551808451039e-16,0.9999999999999706,0.7092159266171436,1.178476535766106e-15,False,True,False,True,True,False,False
gate_proj,19,7,momentum,50,1.4109516099370687,1.4128490951386643,1.4109516099370685,0.0018974852015956056,2.220446049250313e-16,0.23590983151533523,0.01596803740731283,0.0002880118870312038,4.692017879611213e-16,1.729574175564558e-17,0.019020540251986552,0.9998193018712498,4.827680964008438e-16,1.0000000000000258,0.6638241720105664,8.68367490840278e-16,False,True,False,True,True,False,False
gate_proj,20,7,momentum,1,1.4004276608719008,1.4004276608719008,1.4004276608719008,0.0,0.0,2.593947801764619e-15,5.800195389116299e-05,1.2678186732004537e-18,9.226380908631527e-17,1.2678186732004537e-18,7.779880284179034e-05,0.9999999969776695,1.235563477682416e-16,0.9999999999999851,0.7307174841171865,2.5901935001355604e-15,False,True,False,True,True,False,False
gate_proj,20,7,momentum,10,1.3997608308735288,1.4001703321881873,1.3997608308735288,0.00040950131465855577,0.0,0.026969819624595822,0.0023720944732704514,2.5116527399373794e-06,2.2337855776610734e-16,6.42855468929555e-18,0.003175847063310153,0.9999949632559171,2.4843147649318457e-16,0.9999999999999927,0.7275947365733467,1.053735564494068e-15,False,True,False,True,True,False,False
gate_proj,20,7,momentum,50,1.3948267518710156,1.3977819448319786,1.3948267518710156,0.0029551929609630267,0.0,0.2781389728930261,0.019714078396185122,0.0003655764608894444,4.696355970814531e-16,1.6403540771823814e-17,0.025598002241965467,0.9996725317666295,4.836379863893705e-16,1.0000000000000249,0.6710045672438556,6.684971586954909e-16,False,True,False,True,True,False,False
gate_proj,21,7,momentum,1,1.3944911485861946,1.394491148586195,1.394491148586195,4.440892098500626e-16,4.440892098500626e-16,2.586128200908152e-15,0.0001540354864497123,1.2055087361842177e-19,9.307053166417818e-17,1.2055087361842177e-19,0.00019365414612566907,0.99999998125611,1.24123839665803e-16,0.9999999999999807,1.6180829383618145,2.5955254425609023e-15,False,True,False,True,True,False,False
gate_proj,21,7,momentum,10,1.3935543427957104,1.3928204621351568,1.3935543427957104,0.0007338806605536874,0.0,0.39851192780789146,0.004079382106061816,0.00010380474528069082,2.1715351671534904e-16,5.79197841282147e-18,0.004983155322801373,0.9999875966144927,2.43675125046933e-16,1.0000000000000124,0.8807345319856813,7.180964895942401e-16,False,True,False,True,True,False,False
gate_proj,21,7,momentum,50,1.386772954735172,1.3898091104105446,1.386772954735172,0.0030361556753726315,0.0,0.39935577665960625,0.02610747232782216,0.0021782098274401376,4.696894380465514e-16,1.7945532120394466e-17,0.03520547105066151,0.9993805597005645,4.859960622884936e-16,1.0000000000000075,0.7596352735730335,6.921302294261583e-16,False,True,False,True,True,False,False
gate_proj,22,7,momentum,1,1.369388621985358,1.3693886219853577,1.3693886219853577,2.220446049250313e-16,2.220446049250313e-16,2.431045388908178e-15,0.2009750619699577,1.1202730484288878e-18,9.592425508978057e-17,1.1202730484288878e-18,0.18897610382622695,0.9826086098918501,1.2574508201523484e-16,1.0000000000000506,2373.7244133970207,2.4381963441914195e-15,False,True,False,True,True,False,False
gate_proj,22,7,momentum,10,1.3686316929802096,nan,1.3686316929802096,nan,0.0,nan,nan,nan,2.202981908707068e-16,5.404120229273738e-18,nan,nan,2.445251337886912e-16,1.000000000000036,nan,8.097177489051336e-16,False,True,False,True,True,False,True
gate_proj,22,7,momentum,50,1.3631448170466043,nan,1.3631448170466043,nan,0.0,nan,nan,nan,4.878631955884228e-16,1.723234872875617e-17,nan,nan,5.00665544480035e-16,0.9999999999999962,nan,7.292394522088121e-16,False,True,False,True,True,False,True
gate_proj,23,7,momentum,1,1.4142588040256174,1.4142588040256174,1.4142588040256174,0.0,0.0,3.599797076955659e-15,0.0567118105375899,1.975226126985547e-18,9.69249698157264e-17,1.975226126985547e-18,0.06740688195307235,0.9977358893564627,1.284095077822829e-16,0.9999999999999656,508.049471230819,3.584314477978264e-15,False,True,False,True,True,False,False
gate_proj,23,7,momentum,10,1.4129968435833076,nan,1.4129968435833076,nan,0.0,nan,nan,nan,2.2091613149193203e-16,6.81666388693972e-18,nan,nan,2.4629212673173834e-16,1.0000000000000013,nan,9.428919148456636e-16,False,True,False,True,True,False,True
gate_proj,23,7,momentum,50,1.4043299009417678,nan,1.4043299009417682,nan,4.440892098500626e-16,nan,nan,nan,4.623295778842296e-16,1.8570436063720568e-17,nan,nan,4.783732644215901e-16,1.0000000000000313,nan,6.857848813752713e-16,False,True,False,True,True,False,True
up_proj,0,7,momentum,1,1.31787932494554,1.3178793249455403,1.3178793249455403,2.220446049250313e-16,2.220446049250313e-16,2.4278059577255214e-15,8.589350508490832e-05,1.825935661001331e-18,9.511167540439809e-17,1.825935661001331e-18,0.00010377528943948548,0.9999999946265419,1.2763234997863965e-16,0.999999999999958,1.3480508885270797,2.4310548758929233e-15,False,True,False,True,True,False,False
up_proj,0,7,momentum,10,1.3174268283687092,1.3169031488636591,1.3174268283687092,0.0005236795050500564,0.0,0.048216434172168664,0.003467680700858509,3.970674135781692e-06,2.2311580948849197e-16,5.178840280948543e-18,0.00416222675220825,0.9999913510330206,2.4905896501672685e-16,0.9999999999999853,1.3049546658643187,9.203455046791638e-16,False,True,False,True,True,False,False
up_proj,0,7,momentum,50,1.3139013466523783,1.3114265119696662,1.3139013466523783,0.002474834682712146,0.0,0.6201853649737198,0.024237135939187516,0.0005270808508469583,4.664054334686273e-16,1.5900135665502184e-17,0.026211061107129344,0.9996564366567939,4.812035863615787e-16,1.000000000000035,0.7971178988392169,8.401137805344889e-16,False,True,False,True,True,False,False
up_proj,1,7,momentum,1,1.2690349524155418,1.2690349524155418,1.2690349524155418,0.0,0.0,2.634348369571383e-15,0.08896774676365016,7.983465514153721e-19,9.331302729032998e-17,7.983465514153721e-19,0.10269210477737138,0.9947685007845632,1.246513132853766e-16,0.9999999999999807,1510.8576356586334,2.6387742244412913e-15,False,True,False,True,True,False,False
up_proj,1,7,momentum,10,1.268645470984933,nan,1.2686454709849333,nan,2.220446049250313e-16,nan,nan,nan,2.1831717037020126e-16,6.8038590495172085e-18,nan,nan,2.446844892286031e-16,1.000000000000044,nan,1.1745920330996834e-15,False,True,False,True,True,False,True
up_proj,1,7,momentum,50,1.2655790228248325,nan,1.2655790228248323,nan,2.220446049250313e-16,nan,nan,nan,4.754002194944071e-16,1.68953930900159e-17,nan,nan,4.962991716308246e-16,1.0000000000000862,nan,9.844539181796354e-16,False,True,False,True,True,False,True
up_proj,2,7,momentum,1,1.2833159476479887,1.2833159476479892,1.2833159476479892,4.440892098500626e-16,4.440892098500626e-16,2.411981562621953e-15,0.0746382618254286,1.862041575666826e-18,9.596040514210147e-17,1.862041575666826e-18,0.09113168241498816,0.9958731970039116,1.2869607413507446e-16,1.000000000000008,1436.773127632406,2.42464372320846e-15,False,True,False,True,True,False,False
up_proj,2,7,momentum,10,1.2830002755558048,nan,1.2830002755558048,nan,0.0,nan,nan,nan,2.2153146097575904e-16,6.481965371016208e-18,nan,nan,2.4781974268077186e-16,1.0000000000000466,nan,1.0111902694259632e-15,False,True,False,True,True,False,True
up_proj,2,7,momentum,50,1.2804918201950386,nan,1.2804918201950386,nan,0.0,nan,nan,nan,4.66371169535299e-16,1.6190319366610978e-17,nan,nan,4.810975647735329e-16,0.9999999999999719,nan,9.446332620469102e-16,False,True,False,True,True,False,True
up_proj,3,7,momentum,1,1.28793478098872,1.28793478098872,1.28793478098872,0.0,0.0,2.6491286946110075e-15,0.06177928660399666,5.687840827271455e-20,9.444698091181455e-17,5.687840827271455e-20,0.07762035357807315,0.9970010896065575,1.266244045748842e-16,0.9999999999999825,1043.5780625288544,2.8213355064544325e-15,False,True,False,True,True,False,False
up_proj,3,7,momentum,10,1.2875408558260235,nan,1.2875408558260233,nan,2.220446049250313e-16,nan,nan,nan,2.2721604914273415e-16,5.83039263380961e-18,nan,nan,2.522399640683164e-16,1.0000000000000069,nan,8.529671137982355e-16,False,True,False,True,True,False,True
up_proj,3,7,momentum,50,1.2844330617728936,nan,1.2844330617728938,nan,2.220446049250313e-16,nan,nan,nan,4.732032035086301e-16,1.6852067186979102e-17,nan,nan,4.905952551733841e-16,0.9999999999999922,nan,9.728298859717566e-16,False,True,False,True,True,False,True
up_proj,4,7,momentum,1,1.308021597255672,1.308021597255672,1.308021597255672,0.0,0.0,2.812756246449558e-15,0.028233017782755547,4.891474399572336e-19,9.411097844604176e-17,4.891474399572336e-19,0.036082171533307984,0.9993496739906113,1.2615689188585976e-16,0.9999999999999786,483.92495746318616,2.7797474655690167e-15,False,True,False,True,True,False,False
up_proj,4,7,momentum,10,1.3076414483769294,nan,1.3076414483769294,nan,0.0,nan,nan,nan,2.226242049310815e-16,4.800132166843819e-18,nan,nan,2.4882394388565947e-16,0.9999999999999714,nan,9.29812089748198e-16,False,True,False,True,True,False,True
up_proj,4,7,momentum,50,1.3046127496043511,nan,1.3046127496043511,nan,0.0,nan,nan,nan,4.627060704855901e-16,1.610302719646881e-17,nan,nan,4.815771923662491e-16,1.0000000000000435,nan,8.6234405023345785e-16,False,True,False,True,True,False,True
up_proj,5,7,momentum,1,1.272678698467705,1.2726786984677048,1.2726786984677048,2.220446049250313e-16,2.220446049250313e-16,3.007038387433733e-15,0.16199619699807913,1.0220995516834825e-18,9.454917047132382e-17,1.0220995516834825e-18,0.2041197411876384,0.9797968025796849,1.2651140354441186e-16,1.000000000000004,2625.468949731,2.9955380817056953e-15,False,True,False,True,True,False,False
up_proj,5,7,momentum,10,1.2722587422472227,nan,1.2722587422472227,nan,0.0,nan,nan,nan,2.246852608950599e-16,5.567251289675494e-18,nan,nan,2.5257096667870207e-16,1.000000000000039,nan,8.811022745415759e-16,False,True,False,True,True,False,True
up_proj,5,7,momentum,50,1.2689926964262677,nan,1.268992696426268,nan,4.440892098500626e-16,nan,nan,nan,4.687925488675624e-16,1.533641554268524e-17,nan,nan,4.85975763236282e-16,0.9999999999999966,nan,9.90782146953355e-16,False,True,False,True,True,False,True
up_proj,6,7,momentum,1,1.3246678118423398,1.3246678118423396,1.3246678118423396,2.220446049250313e-16,2.220446049250313e-16,2.4680890231923067e-15,0.11149512478474895,9.644578138583178e-19,9.374268596893709e-17,9.644578138583178e-19,0.1433916435976966,0.9898753166941929,1.2586473189317355e-16,1.0000000000000169,1861.1230729302358,2.455542576874724e-15,False,True,False,True,True,False,False
up_proj,6,7,momentum,10,1.324266247125241,nan,1.324266247125241,nan,0.0,nan,nan,nan,2.2192365313199256e-16,5.655138372336328e-18,nan,nan,2.4704751370303235e-16,1.00000000000004,nan,6.964877230809306e-16,False,True,False,True,True,False,True
up_proj,6,7,momentum,50,1.3211112145610775,nan,1.3211112145610773,nan,2.220446049250313e-16,nan,nan,nan,4.790051844205839e-16,1.6675357484718108e-17,nan,nan,4.958262726968024e-16,0.9999999999999888,nan,7.503099838692373e-16,False,True,False,True,True,False,True
up_proj,7,7,momentum,1,1.3419566594772026,1.3419566594772026,1.3419566594772026,0.0,0.0,2.5988772085805484e-15,0.038793722731008604,8.87263156159417e-19,9.512995095718535e-17,8.87263156159417e-19,0.047637999177292334,0.9988672421208524,1.273834348074108e-16,0.9999999999999893,643.0239227587513,2.604180650578429e-15,False,True,False,True,True,False,False
up_proj,7,7,momentum,10,1.3415486187888328,nan,1.3415486187888328,nan,0.0,nan,nan,nan,2.1833421341185048e-16,6.1929804370924716e-18,nan,nan,2.4492825362442235e-16,0.9999999999999968,nan,1.026644424928199e-15,False,True,False,True,True,False,True
up_proj,7,7,momentum,50,1.3383739022991124,nan,1.3383739022991128,nan,4.440892098500626e-16,nan,nan,nan,4.650239753725984e-16,1.6961412456715958e-17,nan,nan,4.782773365213363e-16,1.0000000000000047,nan,8.201211804975104e-16,False,True,False,True,True,False,True
up_proj,8,7,momentum,1,1.3501414008692139,1.3501414008692139,1.3501414008692139,0.0,0.0,3.03413537586874e-15,0.09252572179255752,9.641644386110083e-19,9.290370615429609e-17,9.641644386110083e-19,0.10924451885797776,0.9940857132132894,1.2470263441221918e-16,1.0000000000000326,1597.0948488856252,3.0287604347759602e-15,False,True,False,True,True,False,False
up_proj,8,7,momentum,10,1.3497658815293703,nan,1.3497658815293703,nan,0.0,nan,nan,nan,2.272710366698985e-16,6.012026237460191e-18,nan,nan,2.527885083984775e-16,0.9999999999999801,nan,9.886249212734899e-16,False,True,False,True,True,False,True
up_proj,8,7,momentum,50,1.3468359336391371,nan,1.3468359336391371,nan,0.0,nan,nan,nan,4.710538225931086e-16,1.7686500413341383e-17,nan,nan,4.850017284097643e-16,1.0000000000000193,nan,9.605288845771174e-16,False,True,False,True,True,False,True
up_proj,9,7,momentum,1,1.3300716914010373,1.3300716914010373,1.3300716914010373,0.0,0.0,3.1519334132422823e-15,0.1287672855145139,1.6241840758515446e-18,9.538474007825559e-17,1.6241840758515446e-18,0.1442331435479499,0.9897579467303347,1.2645572713970848e-16,0.9999999999999882,2246.9151556272636,3.1532438145266914e-15,False,True,False,True,True,False,False
up_proj,9,7,momentum,10,1.3297034456109007,nan,1.3297034456109007,nan,0.0,nan,nan,nan,2.1531887354811e-16,5.9979512177629675e-18,nan,nan,2.4145380577487175e-16,0.999999999999969,nan,9.07534111983309e-16,False,True,False,True,True,False,True
up_proj,9,7,momentum,50,1.3267686513394856,nan,1.3267686513394854,nan,2.220446049250313e-16,nan,nan,nan,4.747986892619624e-16,1.8246271142862188e-17,nan,nan,4.868784998094913e-16,0.999999999999992,nan,8.761887213040383e-16,False,True,False,True,True,False,True
up_proj,10,7,momentum,1,1.3225109487159423,1.3225109487159423,1.3225109487159423,0.0,0.0,3.116284703752166e-15,6.964707378099213e-05,1.1501481942863437e-18,9.229672589119664e-17,1.1501481942863437e-18,8.267119792185097e-05,0.9999999965831676,1.2449329656415947e-16,0.9999999999999719,1.1425274366600808,3.0858205097544552e-15,False,True,False,True,True,False,False
up_proj,10,7,momentum,10,1.3221036232615653,1.3215517932521894,1.3221036232615655,0.0005518300093758643,2.220446049250313e-16,0.0581148296824796,0.0028382030968510884,4.700585333931171e-06,2.1514574766931914e-16,5.828885492011602e-18,0.003355657566053633,0.9999943708398799,2.4257778500814533e-16,0.9999999999999132,1.1264156004383554,1.06662610047835e-15,False,True,False,True,True,False,False
up_proj,10,7,momentum,50,1.3189098352008124,1.3164086667038342,1.3189098352008124,0.0025011684969782344,0.0,0.7276134815969737,0.02300308178874777,0.0006140050444203332,4.679944110636302e-16,1.6593528833777045e-17,0.025925238613326282,0.9996641682530287,4.878473530807195e-16,0.9999999999999973,0.9773771692118405,7.928090838039522e-16,False,True,False,True,True,False,False
up_proj,11,7,momentum,1,1.3254261630576643,1.3254261630576643,1.3254261630576643,0.0,0.0,2.5898183350945255e-15,6.23969585288609e-05,5.904290368788556e-19,9.314962566324054e-17,5.904290368788556e-19,7.339320262436864e-05,0.9999999973077724,1.2541505110790695e-16,1.000000000000012,1.046789510587694,2.563908488324381e-15,False,True,False,True,True,False,False
up_proj,11,7,momentum,10,1.3250314616348622,1.324635653088897,1.3250314616348617,0.000395808545965215,4.440892098500626e-16,0.04232918776294332,0.0025504228101686263,3.417912288373578e-06,2.2281521807968577e-16,5.5688088902378584e-18,0.002990222916657693,0.9999955313572968,2.4866293110352213e-16,1.0000000000000333,1.037970284271299,9.18106418647181e-16,False,True,False,True,True,False,False
up_proj,11,7,momentum,50,1.3219288076281135,1.3199506012197058,1.3219288076281135,0.0019782064084077344,0.0,0.5066189208613137,0.021366836847771988,0.00045781365296179905,4.735064112816436e-16,1.7590499760446913e-17,0.024025466766904074,0.9997116740831082,4.894539269909508e-16,0.9999999999999785,0.9498405913301134,8.901379291824866e-16,False,True,False,True,True,False,False
up_proj,12,7,momentum,1,1.334708675791374,1.334708675791374,1.334708675791374,0.0,0.0,2.5836291955824064e-15,5.728273334500479e-05,7.915016324360753e-19,9.390942022756825e-17,7.915016324360753e-19,6.634047699667231e-05,0.9999999977996386,1.2524604300139766e-16,0.9999999999999967,1.0568240069964137,2.5897000731887657e-15,False,True,False,True,True,False,False
up_proj,12,7,momentum,10,1.3343644307684095,1.334022669624069,1.33436443076841,0.000341761144340591,4.440892098500626e-16,0.04391970179508465,0.002339851514227871,3.2758852427517852e-06,2.2408241625981786e-16,4.607987360400671e-18,0.0026998987808920013,0.9999963556240401,2.493317851789157e-16,0.9999999999999898,1.046185628552776,8.746110806379149e-16,False,True,False,True,True,False,False
up_proj,12,7,momentum,50,1.331624953698578,1.3299069740790557,1.3316249536985778,0.0017179796195223584,2.220446049250313e-16,0.49289397156902226,0.019496417013833554,0.00043498649938579715,4.613203047808156e-16,1.632788749807242e-17,0.02150296415757799,0.9997688852747186,4.794848564198016e-16,0.9999999999999555,0.9442814479805408,9.318575867338228e-16,False,True,False,True,True,False,False
up_proj,13,7,momentum,1,1.369093021740468,1.3690930217404678,1.3690930217404678,2.220446049250313e-16,2.220446049250313e-16,2.875406102596092e-15,6.146503420747889e-05,1.6017514290766586e-18,9.451615073555927e-17,1.6017514290766586e-18,7.258205205984593e-05,0.9999999973671145,1.2618888646019922e-16,1.0000000000000493,0.9908748842640971,2.8710087730203827e-15,False,True,False,True,True,False,False
up_proj,13,7,momentum,10,1.3686639831107097,1.3683201562919693,1.3686639831107092,0.0003438268187403448,4.440892098500626e-16,0.03524252162149754,0.0025140576209837064,2.899243566901352e-06,2.1139053087870647e-16,6.016715695530538e-18,0.002959099552556014,0.9999956240932536,2.3868646174924683e-16,0.9999999999999591,0.9836908421737771,8.830635773484347e-16,False,True,False,True,True,False,False
up_proj,13,7,momentum,50,1.3652830300260803,1.3634935118188953,1.3652830300260803,0.0017895182071849813,0.0,0.3992931388108463,0.02123862677009486,0.00038912081516920754,4.749738988017507e-16,1.7028593600013232e-17,0.023930140439813338,0.9997139677255943,4.924449682894909e-16,1.0000000000000164,0.9120573356724376,7.633559661275972e-16,False,True,False,True,True,False,False
up_proj,14,7,momentum,1,1.3468760453769462,1.3468760453769464,1.3468760453769464,2.220446049250313e-16,2.220446049250313e-16,2.7280468248461792e-15,4.901736617618561e-05,2.3753766250180288e-18,9.325872519621504e-17,2.3753766250180288e-18,5.938880216026737e-05,0.9999999982377473,1.2462964560592478e-16,0.9999999999999706,0.8294311440007028,2.7342806784546536e-15,False,True,False,True,True,False,False
up_proj,14,7,momentum,10,1.3464817827896953,1.3463378390210803,1.346481782789695,0.0001439437686150402,2.220446049250313e-16,0.018084760568541684,0.0020085537092883977,1.316296386648293e-06,2.2304725579325407e-16,6.7515507970477816e-18,0.002427536014729268,0.9999970557834965,2.481573892866771e-16,0.9999999999999614,0.8268740101584436,9.707981361213268e-16,False,True,False,True,True,False,False
up_proj,14,7,momentum,50,1.343406759028302,1.34261627878012,1.343406759028302,0.0007904802481821793,0.0,0.198280850093449,0.01729047806335628,0.00017957051562763896,4.734097462007028e-16,1.7685002878960028e-17,0.02015344417439363,0.9997971440106561,4.897068929983669e-16,1.0000000000000404,0.7989942020245331,9.24062868287402e-16,False,True,False,True,True,False,False
up_proj,15,7,momentum,1,1.3848307395394779,1.3848307395394779,1.3848307395394779,0.0,0.0,2.3881598686690924e-15,4.791391466078625e-05,2.25991879631548e-19,9.171447214965521e-17,2.25991879631548e-19,5.8213778795442754e-05,0.9999999983081851,1.2406873824666978e-16,0.9999999999999878,0.7618354152907715,2.386571094624066e-15,False,True,False,True,True,False,False
up_proj,15,7,momentum,10,1.3843913961804717,1.384321098089556,1.384391396180472,7.029809091574357e-05,2.220446049250313e-16,0.008547678834369936,0.0019654511903189997,6.813240068632557e-07,2.2053070743571573e-16,5.4922172905830976e-18,0.002382953655959445,0.9999971652144748,2.4581311256945563e-16,0.9999999999999769,0.7612153212455792,9.478071165776148e-16,False,True,False,True,True,False,False
up_proj,15,7,momentum,50,1.380985944649455,1.3805781583240435,1.380985944649455,0.0004077863254114966,0.0,0.09232460015014793,0.017129103065457042,9.434109552860025e-05,4.81943711735026e-16,1.5313552408134736e-17,0.02011190143160289,0.9997981027528071,4.981254744145851e-16,1.0000000000000315,0.7537156325374069,7.900763589051777e-16,False,True,False,True,True,False,False
up_proj,16,7,momentum,1,1.353448856061693,1.3534488560616933,1.3534488560616933,2.220446049250313e-16,2.220446049250313e-16,2.3983516841847297e-15,3.640838190617318e-05,1.0488739211280651e-18,9.354073556668715e-17,1.0488739211280651e-18,4.223142361190672e-05,0.9999999991111695,1.2516123502481367e-16,1.000000000000049,0.5994957735904463,2.3909233490507885e-15,False,True,False,True,True,False,False
up_proj,16,7,momentum,10,1.353032376028165,1.353149708221237,1.3530323760281653,0.00011733219307186182,2.220446049250313e-16,0.010725676705435483,0.0014936822659198479,9.285612559329702e-07,2.167369430883187e-16,6.159276480870791e-18,0.001728570132527967,0.9999985106836495,2.422244131883396e-16,0.9999999999999738,0.5983526601549374,1.0484846986843658e-15,False,True,False,True,True,False,False
up_proj,16,7,momentum,50,1.3497292999675006,1.3505715853459033,1.3497292999675008,0.0008422853784026962,2.220446049250313e-16,0.114696096077647,0.01303847119761885,0.00013567535224444805,4.62017628980929e-16,1.7223513682442277e-17,0.01457142881319093,0.9998940779593535,4.777459399149924e-16,1.0000000000000102,0.5811239924854408,8.358023300384483e-16,False,True,False,True,True,False,False
up_proj,17,7,momentum,1,1.3414551607504055,1.3414551607504055,1.3414551607504055,0.0,0.0,3.161868192452353e-15,4.083520714038638e-05,9.243379710506409e-19,9.201662022867928e-17,9.243379710506409e-19,4.792714666766323e-05,0.9999999988549837,1.2426900420116582e-16,0.9999999999999998,0.6961486284129643,3.163486255876661e-15,False,True,False,True,True,False,False
up_proj,17,7,momentum,10,1.3410638851667398,1.3412294041862047,1.3410638851667394,0.00016551901946493253,4.440892098500626e-16,0.01646645722913391,0.001674519583530346,1.3449180387126533e-06,2.2155469564215954e-16,5.503329855892381e-18,0.001960649667302261,0.9999980835993513,2.4690702911776015e-16,0.9999999999999998,0.6944809247004392,1.1218032871418887e-15,False,True,False,True,True,False,False
up_proj,17,7,momentum,50,1.3379812442516643,1.3392026934046302,1.3379812442516645,0.0012214491529658478,2.220446049250313e-16,0.1733163559230536,0.014512628331366172,0.0001978319207074468,4.601925644928581e-16,1.689090370599725e-17,0.01638378233850503,0.9998660728487707,4.782154631894201e-16,1.0000000000000746,0.667913954914859,8.156028599879958e-16,False,True,False,True,True,False,False
up_proj,18,7,momentum,1,1.362711104980982,1.3627111049809821,1.3627111049809821,2.220446049250313e-16,2.220446049250313e-16,2.929506386160337e-15,4.406421623451338e-05,1.2376895232953983e-18,9.242942983072292e-17,1.2376895232953983e-18,5.327793153069305e-05,0.9999999985853714,1.2413551570130935e-16,1.0000000000000595,0.7008105428458549,2.9463450803406605e-15,False,True,False,True,True,False,False
up_proj,18,7,momentum,10,1.3622706411559322,1.3624537554926728,1.3622706411559315,0.0001831143367405641,6.661338147750939e-16,0.01692798342929558,0.0018061876254376974,1.4033162414569742e-06,2.1295467562448523e-16,5.3380239551286606e-18,0.0021787360320387416,0.9999976340536343,2.395805099666944e-16,1.0000000000000064,0.699136203896967,1.0451495161396584e-15,False,True,False,True,True,False,False
up_proj,18,7,momentum,50,1.3588550459221516,1.3601721779095612,1.3588550459221516,0.001317131987409681,0.0,0.1788699739835689,0.01555886477988439,0.00020507159560446175,4.811819202200891e-16,1.7436615487346557e-17,0.018096821658950067,0.9998366345165388,4.938763618528575e-16,0.9999999999999637,0.6726416817079548,8.650303044634175e-16,False,True,False,True,True,False,False
up_proj,19,7,momentum,1,1.3741619834911718,1.3741619834911718,1.3741619834911718,0.0,0.0,2.5310017496417467e-15,4.2713920330234354e-05,1.3998753087335632e-18,9.389116905941878e-17,1.3998753087335632e-18,4.962700162397094e-05,0.999999998771983,1.2515354040005057e-16,1.000000000000019,0.7113242841810847,2.5072858178228553e-15,False,True,False,True,True,False,False
up_proj,19,7,momentum,10,1.3737555295330728,1.3739781231941943,1.3737555295330728,0.00022259366112153955,0.0,0.02002410697942395,0.0017512612048668453,1.7665204858951934e-06,2.14715181611467e-16,6.465220933383036e-18,0.002029695232152628,0.999997945671373,2.407514390163686e-16,0.9999999999999778,0.70901330434945,7.4211431860131e-16,False,True,False,True,True,False,False
up_proj,19,7,momentum,50,1.3705228492564252,1.3722557427830993,1.3705228492564254,0.0017328935266740508,2.220446049250313e-16,0.20760074882335083,0.015130024001360518,0.0002628471039224303,4.61668710179941e-16,1.6891757189407253e-17,0.016885643167251618,0.9998576973170301,4.762019817093003e-16,0.9999999999999899,0.6697544403040283,8.553424700116746e-16,False,True,False,True,True,False,False
up_proj,20,7,momentum,1,1.3907746228658562,1.3907746228658562,1.3907746228658562,0.0,0.0,2.688017475713501e-15,4.222121440873766e-05,1.8075359470669506e-18,9.263746734785872e-17,1.8075359470669506e-18,4.952175360688144e-05,0.9999999987776249,1.2399973346529514e-16,1.0000000000000124,0.7276074163993455,2.681558347743957e-15,False,True,False,True,True,False,False
up_proj,20,7,momentum,10,1.3903891864784363,1.3906126188442227,1.3903891864784361,0.00022343236578636905,2.220446049250313e-16,0.022299338422697705,0.0017303604612564569,1.8549023610234118e-06,2.22715940176078e-16,6.28262699090736e-18,0.00202441391315535,0.9999979570525999,2.5065028394484405e-16,1.0000000000000457,0.7251235018214495,8.351176367231721e-16,False,True,False,True,True,False,False
up_proj,20,7,momentum,50,1.3873501614892079,1.3890791715647752,1.3873501614892079,0.001729010075567361,0.0,0.22949145274351052,0.014858706120971028,0.0002759987896854254,4.724281884604988e-16,1.668282547884324e-17,0.016712482003262242,0.9998606493042824,4.926864322681576e-16,0.9999999999999643,0.6824181726700792,8.391841960391441e-16,False,True,False,True,True,False,False
up_proj,21,7,momentum,1,1.4024777446815895,1.4024777446815895,1.4024777446815895,0.0,0.0,3.19817134838309e-15,0.00012615530749850927,1.003001808571978e-18,9.327644544707154e-17,1.003001808571978e-18,0.00015298919570364304,0.9999999883034656,1.238975572439956e-16,1.0000000000000113,2.06423889247862,3.225087213868585e-15,False,True,False,True,True,False,False
up_proj,21,7,momentum,10,1.4020576998332737,1.4013134801251796,1.4020576998332739,0.0007442197080940183,2.220446049250313e-16,0.5566629939327138,0.0030538615410755227,8.95670947816569e-05,2.1288855826504668e-16,5.634654961032023e-18,0.003245098347692411,0.9999947462056212,2.386427583024949e-16,1.0000000000000024,0.9571977225136956,8.459389125335084e-16,False,True,False,True,True,False,False
up_proj,21,7,momentum,50,1.3987682393656804,1.3998157870408936,1.3987682393656804,0.0010475476752132007,0.0,0.39184870735164634,0.017834320001186454,0.0018497869474093844,4.597111022547865e-16,1.6489974915591697e-17,0.020444390720244943,0.9997916658807628,4.765745047581221e-16,1.0000000000000182,0.7891848905912827,8.81306842534749e-16,False,True,False,True,True,False,False
up_proj,22,7,momentum,1,1.4074158688452065,1.4074158688452065,1.4074158688452065,0.0,0.0,2.346186224666686e-15,0.23938204612576416,3.369817307685704e-19,9.378747195122737e-17,3.369817307685704e-19,0.300309932318827,0.9577448376839195,1.2412033560879278e-16,1.0000000000000573,3842.216266625737,2.3525264214123023e-15,False,True,False,True,True,False,False
up_proj,22,7,momentum,10,1.4069792630218836,nan,1.4069792630218834,nan,2.220446049250313e-16,nan,nan,nan,2.1629058839941624e-16,4.979912936561141e-18,nan,nan,2.4072748232449726e-16,0.9999999999999845,nan,9.989469895930708e-16,False,True,False,True,True,False,True
up_proj,22,7,momentum,50,1.4036458742614282,nan,1.4036458742614282,nan,0.0,nan,nan,nan,4.594921241651547e-16,1.7380988964170016e-17,nan,nan,4.716432733911809e-16,1.0000000000000728,nan,9.398531294909945e-16,False,True,False,True,True,False,True
up_proj,23,7,momentum,1,1.406083137643451,1.406083137643451,1.406083137643451,0.0,0.0,2.9955482885373054e-15,0.06000058794588524,8.63734099784512e-19,9.430106200928414e-17,8.63734099784512e-19,0.07332098643021653,0.997322823908507,1.2619999059287582e-16,0.9999999999999802,981.392759754598,3.0161417821100343e-15,False,True,False,True,True,False,False
up_proj,23,7,momentum,10,1.4056561306795743,nan,1.4056561306795743,nan,0.0,nan,nan,nan,2.221993269696678e-16,5.534134928472864e-18,nan,nan,2.471260082079837e-16,0.9999999999999347,nan,1.0596239392566496e-15,False,True,False,True,True,False,True
up_proj,23,7,momentum,50,1.4023543155220786,nan,1.4023543155220786,nan,0.0,nan,nan,nan,4.709285613618096e-16,1.6615870440976118e-17,nan,nan,4.882302560778521e-16,1.0000000000000737,nan,9.422253680858572e-16,False,True,False,True,True,False,True
down_proj,0,7,momentum,1,2.7078185062194895,2.7078185062194895,2.7078185062194895,0.0,0.0,2.6371720391477323e-15,7.948339074572624e-18,8.985401584785211e-18,7.948339074572624e-18,8.985401584785211e-18,2.0638569056611637e-17,1.0000000000000124,2.0638569056611637e-17,1.0000000000000124,2.637172039147734e-15,2.637172039147734e-15,True,True,True,True,False,False,False
down_proj,0,7,momentum,10,2.6828241153115364,2.682824115311537,2.682824115311537,4.440892098500626e-16,4.440892098500626e-16,2.4036774720763656e-15,3.728684425946975e-17,4.982348647161949e-17,3.728684425946975e-17,4.982348647161949e-17,9.292831889204993e-17,1.0000000000000386,9.292831889204993e-17,1.0000000000000386,1.4186941020748009e-15,1.4186941020748009e-15,True,True,True,True,False,False,False
down_proj,0,7,momentum,50,2.6194131562983887,2.6194131562983887,2.6194131562983887,0.0,0.0,1.0433329473444703e-14,1.1544597537353364e-16,1.9347067851966829e-16,1.1544597537353364e-16,1.9347067851966829e-16,2.546441639047901e-16,1.0000000000000442,2.546441639047901e-16,1.0000000000000442,3.5368454569951557e-15,3.5368454569951557e-15,True,True,True,True,False,False,False
down_proj,1,7,momentum,1,2.5033157117603753,2.5033157117603753,2.5033157117603753,0.0,0.0,2.961932356512125e-15,8.371255002550307e-18,1.0631945186268001e-17,8.371255002550307e-18,1.0631945186268001e-17,2.1269483638900126e-17,0.9999999999999529,2.1269483638900126e-17,0.9999999999999529,2.9619323565121225e-15,2.9619323565121225e-15,True,True,True,True,False,False,False
down_proj,1,7,momentum,10,2.4836591171627864,2.4836591171627864,2.4836591171627864,0.0,0.0,3.5188776659856905e-15,3.520600656468733e-17,4.624369692065324e-17,3.520600656468733e-17,4.624369692065324e-17,8.730458660594895e-17,0.9999999999999927,8.730458660594895e-17,0.9999999999999927,1.368558556734967e-15,1.368558556734967e-15,True,True,True,True,False,False,False
down_proj,1,7,momentum,50,2.4272364857876187,2.427236485787619,2.427236485787619,4.440892098500626e-16,4.440892098500626e-16,9.865349128373605e-15,1.0372863839789113e-16,1.7775005609283132e-16,1.0372863839789113e-16,1.7775005609283132e-16,2.3586956668066806e-16,0.9999999999999828,2.3586956668066806e-16,0.9999999999999828,2.5849715296010332e-15,2.5849715296010332e-15,True,True,True,True,False,False,False
down_proj,2,7,momentum,1,2.5906742781556726,2.5906742781556726,2.5906742781556726,0.0,0.0,2.4172789286396874e-15,6.714118454269987e-18,8.853463787447046e-18,6.714118454269987e-18,8.853463787447046e-18,1.8937855132467545e-17,1.0000000000000002,1.8937855132467545e-17,1.0000000000000002,2.4172789286396893e-15,2.4172789286396893e-15,True,True,True,True,False,False,False
down_proj,2,7,momentum,10,2.5702882954860495,2.57028829548605,2.57028829548605,4.440892098500626e-16,4.440892098500626e-16,3.719972561591495e-15,3.6700233548008096e-17,4.770923774952867e-17,3.6700233548008096e-17,4.770923774952867e-17,9.068915570723614e-17,1.0000000000000067,9.068915570723614e-17,1.0000000000000067,1.7419803706709322e-15,1.7419803706709322e-15,True,True,True,True,False,False,False
down_proj,2,7,momentum,50,2.5058117068413615,2.5058117068413615,2.5058117068413615,0.0,0.0,7.548850905503496e-15,1.0373745194794003e-16,1.7880716141821363e-16,1.0373745194794003e-16,1.7880716141821363e-16,2.3664683378561583e-16,1.0000000000000093,2.3664683378561583e-16,1.0000000000000093,2.853731137112903e-15,2.853731137112903e-15,True,True,True,True,False,False,False
down_proj,3,7,momentum,1,2.5723580878567067,2.5723580878567067,2.5723580878567067,0.0,0.0,2.405482431922107e-15,7.860980291820516e-18,7.535019218940445e-18,7.860980291820516e-18,7.535019218940445e-18,1.8531337546253878e-17,1.000000000000056,1.8531337546253878e-17,1.000000000000056,2.4054824319221075e-15,2.4054824319221075e-15,True,True,True,True,False,False,False
down_proj,3,7,momentum,10,2.5465250865007967,2.546525086500797,2.546525086500797,4.440892098500626e-16,4.440892098500626e-16,3.0861426426618407e-15,3.497700900487887e-17,4.813741836434157e-17,3.497700900487887e-17,4.813741836434157e-17,8.875850099151989e-17,0.999999999999986,8.875850099151989e-17,0.999999999999986,1.336227757855929e-15,1.336227757855929e-15,True,True,True,True,False,False,False
down_proj,3,7,momentum,50,2.4785323445751843,2.4785323445751843,2.4785323445751843,0.0,0.0,6.770861264841354e-15,1.0409255905339934e-16,1.771632068857954e-16,1.0409255905339934e-16,1.771632068857954e-16,2.355585225301009e-16,1.0000000000000062,2.355585225301009e-16,1.0000000000000062,2.556848472280247e-15,2.556848472280247e-15,True,True,True,True,False,False,False
down_proj,4,7,momentum,1,2.6451357523238475,2.6451357523238475,2.6451357523238475,0.0,0.0,2.265842443921471e-15,7.205971061783258e-18,8.046185026626423e-18,7.205971061783258e-18,8.046185026626423e-18,1.8115415410095987e-17,1.0000000000000226,1.8115415410095987e-17,1.0000000000000226,2.2658424439214703e-15,2.2658424439214703e-15,True,True,True,True,False,False,False
down_proj,4,7,momentum,10,2.618800415174451,2.6188004151744515,2.6188004151744515,4.440892098500626e-16,4.440892098500626e-16,3.1719686697681408e-15,3.866359671218072e-17,4.8385704451694504e-17,3.866359671218072e-17,4.8385704451694504e-17,9.27736266400619e-17,1.0000000000000477,9.27736266400619e-17,1.0000000000000477,1.3800914073174107e-15,1.3800914073174107e-15,True,True,True,True,False,False,False
down_proj,4,7,momentum,50,2.5521666622253583,2.5521666622253583,2.5521666622253583,0.0,0.0,7.399195604760586e-15,1.0528102017236687e-16,1.889677489052062e-16,1.0528102017236687e-16,1.889677489052062e-16,2.4580298658833315e-16,0.9999999999999494,2.4580298658833315e-16,0.9999999999999494,2.7315709459323908e-15,2.7315709459323908e-15,True,True,True,True,False,False,False
down_proj,5,7,momentum,1,2.5204800014997297,2.5204800014997293,2.5204800014997293,4.440892098500626e-16,4.440892098500626e-16,2.274540870369777e-15,6.26176763705423e-18,6.9319438630042106e-18,6.26176763705423e-18,6.9319438630042106e-18,1.6385610369005408e-17,0.9999999999999927,1.6385610369005408e-17,0.9999999999999927,2.2745408703697765e-15,2.2745408703697765e-15,True,True,True,True,False,False,False
down_proj,5,7,momentum,10,2.4967695000912986,2.496769500091299,2.496769500091299,4.440892098500626e-16,4.440892098500626e-16,2.2054659107294568e-15,3.4089433316976617e-17,4.7875472489470885e-17,3.4089433316976617e-17,4.7875472489470885e-17,8.76954885675893e-17,1.000000000000008,8.76954885675893e-17,1.000000000000008,1.1546936511241343e-15,1.1546936511241343e-15,True,True,True,True,False,False,False
down_proj,5,7,momentum,50,2.436809785318909,2.436809785318909,2.436809785318909,0.0,0.0,8.766643222146861e-15,8.938964619889726e-17,1.709223702934834e-16,8.938964619889726e-17,1.709223702934834e-16,2.2313158268168753e-16,1.0000000000000022,2.2313158268168753e-16,1.0000000000000022,2.5458163759974557e-15,2.5458163759974557e-15,True,True,True,True,False,False,False
down_proj,6,7,momentum,1,2.702271975179295,2.7022719751792956,2.7022719751792956,4.440892098500626e-16,4.440892098500626e-16,2.2924241936023877e-15,7.694544941837274e-18,7.911550547461231e-18,7.694544941837274e-18,7.911550547461231e-18,1.8746811174988795e-17,1.000000000000012,1.8746811174988795e-17,1.000000000000012,2.29242419360239e-15,2.29242419360239e-15,True,True,True,True,False,False,False
down_proj,6,7,momentum,10,2.6734077457082033,2.6734077457082037,2.6734077457082037,4.440892098500626e-16,4.440892098500626e-16,2.285683177321436e-15,3.781525352779991e-17,4.598933724449511e-17,3.781525352779991e-17,4.598933724449511e-17,8.998754494843942e-17,1.000000000000014,8.998754494843942e-17,1.000000000000014,1.3687417632287198e-15,1.3687417632287198e-15,True,True,True,True,False,False,False
down_proj,6,7,momentum,50,2.60540379917875,2.6054037991787506,2.6054037991787506,4.440892098500626e-16,4.440892098500626e-16,8.277923615944443e-15,1.0667048543954361e-16,1.8080350555780102e-16,1.0667048543954361e-16,1.8080350555780102e-16,2.405132605795114e-16,0.9999999999999735,2.405132605795114e-16,0.9999999999999735,3.2435194869965505e-15,3.2435194869965505e-15,True,True,True,True,False,False,False
down_proj,7,7,momentum,1,2.740151670506481,2.7401516705064815,2.7401516705064815,4.440892098500626e-16,4.440892098500626e-16,1.8502098400108924e-15,6.757288433040566e-18,1.0807351241735427e-17,6.757288433040566e-18,1.0807351241735427e-17,2.0548217856498825e-17,1.0000000000000084,2.0548217856498825e-17,1.0000000000000084,1.8502098400108908e-15,1.8502098400108908e-15,True,True,True,True,False,False,False
down_proj,7,7,momentum,10,2.7175073106186263,2.7175073106186276,2.7175073106186276,1.3322676295501878e-15,1.3322676295501878e-15,3.0117064625217493e-15,3.247087214542798e-17,4.7890862426093494e-17,3.247087214542798e-17,4.7890862426093494e-17,8.690632842046037e-17,1.0000000000000195,8.690632842046037e-17,1.0000000000000195,1.2154394684796408e-15,1.2154394684796408e-15,True,True,True,True,False,False,False
down_proj,7,7,momentum,50,2.659604415825526,2.6596044158255268,2.6596044158255268,8.881784197001252e-16,8.881784197001252e-16,1.0373496781428595e-14,1.0242582704020278e-16,1.8408163362812432e-16,1.0242582704020278e-16,1.8408163362812432e-16,2.3863182635850093e-16,1.0000000000000058,2.3863182635850093e-16,1.0000000000000058,3.3354482691785285e-15,3.3354482691785285e-15,True,True,True,True,False,False,False
down_proj,8,7,momentum,1,2.7894064043066145,2.789406404306614,2.789406404306614,4.440892098500626e-16,4.440892098500626e-16,2.227357948874141e-15,7.814633266227794e-18,7.339945040000591e-18,7.814633266227794e-18,7.339945040000591e-18,1.824423773505213e-17,1.0000000000000397,1.824423773505213e-17,1.0000000000000397,2.227357948874137e-15,2.227357948874137e-15,True,True,True,True,False,False,False
down_proj,8,7,momentum,10,2.7651391206048013,2.7651391206048013,2.7651391206048013,0.0,0.0,2.7104895902270658e-15,3.3963432231725015e-17,4.804449631762083e-17,3.3963432231725015e-17,4.804449631762083e-17,8.833915825640708e-17,1.0000000000000222,8.833915825640708e-17,1.0000000000000222,1.3851472863785182e-15,1.3851472863785182e-15,True,True,True,True,False,False,False
down_proj,8,7,momentum,50,2.701111140311489,2.7011111403114887,2.7011111403114887,4.440892098500626e-16,4.440892098500626e-16,9.801402308232729e-15,1.0641800395484327e-16,1.9362903716831252e-16,1.0641800395484327e-16,1.9362903716831252e-16,2.494091218103568e-16,1.000000000000001,2.494091218103568e-16,1.000000000000001,3.3196458479469482e-15,3.3196458479469482e-15,True,True,True,True,False,False,False
down_proj,9,7,momentum,1,2.6650486074718325,2.6650486074718325,2.6650486074718325,0.0,0.0,3.133279555349552e-15,7.705898348533113e-18,7.989340258912565e-18,7.705898348533113e-18,7.989340258912565e-18,1.8903532999271313e-17,0.9999999999999816,1.8903532999271313e-17,0.9999999999999816,3.1332795553495486e-15,3.1332795553495486e-15,True,True,True,True,False,False,False
down_proj,9,7,momentum,10,2.639108822434207,2.639108822434207,2.639108822434207,0.0,0.0,2.7207020695956913e-15,4.036380623017989e-17,4.6378540447212075e-17,4.036380623017989e-17,4.6378540447212075e-17,9.261061726632375e-17,0.9999999999999928,9.261061726632375e-17,0.9999999999999928,1.5132093546159489e-15,1.5132093546159489e-15,True,True,True,True,False,False,False
down_proj,9,7,momentum,50,2.5643536471947024,2.5643536471947024,2.5643536471947024,0.0,0.0,6.3771662497954595e-15,1.1377147752272137e-16,1.9216858315130063e-16,1.1377147752272137e-16,1.9216858315130063e-16,2.5220058670160687e-16,1.0000000000000049,2.5220058670160687e-16,1.0000000000000049,2.585612699100519e-15,2.585612699100519e-15,True,True,True,True,False,False,False
down_proj,10,7,momentum,1,2.6180739389392045,2.6180739389392054,2.6180739389392054,8.881784197001252e-16,8.881784197001252e-16,2.299054109325727e-15,7.313394550301192e-18,9.536147090901662e-18,7.313394550301192e-18,9.536147090901662e-18,1.9845772315889853e-17,0.9999999999999514,1.9845772315889853e-17,0.9999999999999514,2.299054109325725e-15,2.299054109325725e-15,True,True,True,True,False,False,False
down_proj,10,7,momentum,10,2.592781521356219,2.5927815213562195,2.5927815213562195,4.440892098500626e-16,4.440892098500626e-16,1.871225450532436e-15,3.6104245092339913e-17,4.6583053748133206e-17,3.6104245092339913e-17,4.6583053748133206e-17,8.89253545767125e-17,1.0000000000000289,8.89253545767125e-17,1.0000000000000289,1.2088138363442708e-15,1.2088138363442708e-15,True,True,True,True,False,False,False
down_proj,10,7,momentum,50,2.5308947942789146,2.530894794278915,2.530894794278915,4.440892098500626e-16,4.440892098500626e-16,9.24093150824956e-15,1.0112218735449326e-16,1.7616366471022047e-16,1.0112218735449326e-16,1.7616366471022047e-16,2.3198869547392553e-16,1.0000000000000158,2.3198869547392553e-16,1.0000000000000158,3.3139116844732874e-15,3.3139116844732874e-15,True,True,True,True,False,False,False
down_proj,11,7,momentum,1,2.784237622233276,2.7842376222332756,2.7842376222332756,4.440892098500626e-16,4.440892098500626e-16,2.5275092184706007e-15,7.081601050546132e-18,7.316415560425049e-18,7.081601050546132e-18,7.316415560425049e-18,1.8043835454483416e-17,0.9999999999999822,1.8043835454483416e-17,0.9999999999999822,2.5275092184705976e-15,2.5275092184705976e-15,True,True,True,True,False,False,False
down_proj,11,7,momentum,10,2.7603818302794036,2.7603818302794036,2.7603818302794036,0.0,0.0,3.339417209984151e-15,3.6696573598614805e-17,4.6613067014320204e-17,3.6696573598614805e-17,4.6613067014320204e-17,8.98507657190556e-17,0.9999999999999684,8.98507657190556e-17,0.9999999999999684,1.4520678942779695e-15,1.4520678942779695e-15,True,True,True,True,False,False,False
down_proj,11,7,momentum,50,2.6969766260304286,2.6969766260304286,2.6969766260304286,0.0,0.0,9.884405895771355e-15,1.1029714438763692e-16,1.8371752376595477e-16,1.1029714438763692e-16,1.8371752376595477e-16,2.4321144320101153e-16,0.9999999999999718,2.4321144320101153e-16,0.9999999999999718,3.2381660754032943e-15,3.2381660754032943e-15,True,True,True,True,False,False,False
down_proj,12,7,momentum,1,2.667131415426672,2.667131415426672,2.667131415426672,0.0,0.0,2.270693521796026e-15,6.462386697721446e-18,7.259993447002697e-18,6.462386697721446e-18,7.259993447002697e-18,1.7132362687228445e-17,1.0000000000000147,1.7132362687228445e-17,1.0000000000000147,2.2706935217960225e-15,2.2706935217960225e-15,True,True,True,True,False,False,False
down_proj,12,7,momentum,10,2.6445572845001393,2.6445572845001393,2.6445572845001393,0.0,0.0,3.454644967258309e-15,3.6082687728250687e-17,4.68643406036591e-17,3.6082687728250687e-17,4.68643406036591e-17,8.922878954999028e-17,1.0000000000000346,8.922878954999028e-17,1.0000000000000346,1.3131411641399626e-15,1.3131411641399626e-15,True,True,True,True,False,False,False
down_proj,12,7,momentum,50,2.5781573584928856,2.578157358492886,2.578157358492886,4.440892098500626e-16,4.440892098500626e-16,8.420557636014346e-15,9.875245362150585e-17,1.9136421398439545e-16,9.875245362150585e-17,1.9136421398439545e-16,2.468363174851722e-16,1.0000000000000149,2.468363174851722e-16,1.0000000000000149,2.3643536529708573e-15,2.3643536529708573e-15,True,True,True,True,False,False,False
down_proj,13,7,momentum,1,2.788077495240471,2.788077495240472,2.788077495240472,8.881784197001252e-16,8.881784197001252e-16,3.2383537489454965e-15,7.767223300267144e-18,6.185711687388581e-18,7.767223300267144e-18,6.185711687388581e-18,1.7838097337159678e-17,0.9999999999999787,1.7838097337159678e-17,0.9999999999999787,3.2383537489454913e-15,3.2383537489454913e-15,True,True,True,True,False,False,False
down_proj,13,7,momentum,10,2.7704482466241607,2.770448246624161,2.770448246624161,4.440892098500626e-16,4.440892098500626e-16,4.154728941400064e-15,3.5387118751193973e-17,4.6411506790889886e-17,3.5387118751193973e-17,4.6411506790889886e-17,8.814592335588591e-17,1.0000000000000036,8.814592335588591e-17,1.0000000000000036,1.4511746037847456e-15,1.4511746037847456e-15,True,True,True,True,False,False,False
down_proj,13,7,momentum,50,2.707644467584239,2.707644467584239,2.707644467584239,0.0,0.0,7.608060317393866e-15,9.949410193965994e-17,1.9446670687615268e-16,9.949410193965994e-17,1.9446670687615268e-16,2.4713296419627414e-16,0.999999999999968,2.4713296419627414e-16,0.999999999999968,2.594438035992903e-15,2.594438035992903e-15,True,True,True,True,False,False,False
down_proj,14,7,momentum,1,2.76444783099299,2.7644478309929896,2.7644478309929896,4.440892098500626e-16,4.440892098500626e-16,2.193840655627259e-15,5.699142405801648e-18,8.208094892061277e-18,5.699142405801648e-18,8.208094892061277e-18,1.758573812578679e-17,1.0000000000000109,1.758573812578679e-17,1.0000000000000109,2.193840655627258e-15,2.193840655627258e-15,True,True,True,True,False,False,False
down_proj,14,7,momentum,10,2.741673161969995,2.7416731619699948,2.7416731619699948,4.440892098500626e-16,4.440892098500626e-16,2.253042089018897e-15,3.373345854323321e-17,4.657183303226259e-17,3.373345854323321e-17,4.657183303226259e-17,8.61690949669802e-17,1.000000000000032,8.61690949669802e-17,1.000000000000032,1.2370369682524655e-15,1.2370369682524655e-15,True,True,True,True,False,False,False
down_proj,14,7,momentum,50,2.6800228079825166,2.680022807982516,2.680022807982516,4.440892098500626e-16,4.440892098500626e-16,7.639338756944851e-15,1.0089623670140637e-16,1.880529766452355e-16,1.0089623670140637e-16,1.880529766452355e-16,2.4214356065819485e-16,1.0000000000000373,2.4214356065819485e-16,1.0000000000000373,2.989668602771174e-15,2.989668602771174e-15,True,True,True,True,False,False,False
down_proj,15,7,momentum,1,2.79441041480447,2.7944104148044704,2.7944104148044704,4.440892098500626e-16,4.440892098500626e-16,2.726971410800797e-15,6.042627117060237e-18,7.99453490797247e-18,6.042627117060237e-18,7.99453490797247e-18,1.7871403408644046e-17,0.9999999999999678,1.7871403408644046e-17,0.9999999999999678,2.7269714108007948e-15,2.7269714108007948e-15,True,True,True,True,False,False,False
down_proj,15,7,momentum,10,2.7753700014359413,2.7753700014359417,2.7753700014359417,4.440892098500626e-16,4.440892098500626e-16,3.2808220451966543e-15,3.650161909775256e-17,4.949977774127444e-17,3.650161909775256e-17,4.949977774127444e-17,9.196296727572559e-17,0.9999999999999738,9.196296727572559e-17,0.9999999999999738,1.4640540830818978e-15,1.4640540830818978e-15,True,True,True,True,False,False,False
down_proj,15,7,momentum,50,2.7209179718377237,2.720917971837724,2.720917971837724,4.440892098500626e-16,4.440892098500626e-16,6.76326265279399e-15,1.1307402982463447e-16,1.9597843579219105e-16,1.1307402982463447e-16,1.9597843579219105e-16,2.5432423750765997e-16,1.0000000000000138,2.5432423750765997e-16,1.0000000000000138,3.969839155062963e-15,3.969839155062963e-15,True,True,True,True,False,False,False
down_proj,16,7,momentum,1,2.792471099000437,2.7924710990004376,2.7924710990004376,4.440892098500626e-16,4.440892098500626e-16,2.2093170071505835e-15,5.728594244596807e-18,7.292782891198497e-18,5.728594244596807e-18,7.292782891198497e-18,1.6643803591509632e-17,1.00000000000003,1.6643803591509632e-17,1.00000000000003,2.2093170071505842e-15,2.2093170071505842e-15,True,True,True,True,False,False,False
down_proj,16,7,momentum,10,2.7705618599401824,2.7705618599401833,2.7705618599401833,8.881784197001252e-16,8.881784197001252e-16,3.0888230389398114e-15,3.717409163706775e-17,5.123163071544384e-17,3.717409163706775e-17,5.123163071544384e-17,9.373197188925951e-17,1.0000000000000688,9.373197188925951e-17,1.0000000000000688,1.5455175423542924e-15,1.5455175423542924e-15,True,True,True,True,False,False,False
down_proj,16,7,momentum,50,2.705349914018972,2.705349914018972,2.705349914018972,0.0,0.0,8.981334762599336e-15,1.078705131564516e-16,1.905002265603515e-16,1.078705131564516e-16,1.905002265603515e-16,2.478458034938345e-16,0.999999999999954,2.478458034938345e-16,0.999999999999954,3.0489822175888495e-15,3.0489822175888495e-15,True,True,True,True,False,False,False
down_proj,17,7,momentum,1,2.7234124826773636,2.723412482677363,2.723412482677363,4.440892098500626e-16,4.440892098500626e-16,2.1843668703584886e-15,5.724503792941018e-18,6.266108484595017e-18,5.724503792941018e-18,6.266108484595017e-18,1.567307976036924e-17,1.000000000000012,1.567307976036924e-17,1.000000000000012,2.1843668703584862e-15,2.1843668703584862e-15,True,True,True,True,False,False,False
down_proj,17,7,momentum,10,2.699871871643392,2.699871871643392,2.699871871643392,0.0,0.0,2.453146457745732e-15,3.030130269245265e-17,4.728770498318731e-17,3.030130269245265e-17,4.728770498318731e-17,8.544888750862884e-17,0.9999999999999784,8.544888750862884e-17,0.9999999999999784,1.082913229905599e-15,1.082913229905599e-15,True,True,True,True,False,False,False
down_proj,17,7,momentum,50,2.6307962660302286,2.630796266030228,2.630796266030228,4.440892098500626e-16,4.440892098500626e-16,8.537590088152665e-15,9.518197824661288e-17,1.8308268014554693e-16,9.518197824661288e-17,1.8308268014554693e-16,2.3607913938732264e-16,0.999999999999974,2.3607913938732264e-16,0.999999999999974,2.677712227140394e-15,2.677712227140394e-15,True,True,True,True,False,False,False
down_proj,18,7,momentum,1,2.7152432122748413,2.7152432122748413,2.7152432122748413,0.0,0.0,2.484101018300532e-15,7.262853673139948e-18,7.823444061859487e-18,7.262853673139948e-18,7.823444061859487e-18,1.829732456345653e-17,1.0000000000000129,1.829732456345653e-17,1.0000000000000129,2.4841010183005306e-15,2.4841010183005306e-15,True,True,True,True,False,False,False
down_proj,18,7,momentum,10,2.69450634585282,2.69450634585282,2.69450634585282,0.0,0.0,2.6588364639177304e-15,3.750293043573446e-17,4.633248438140884e-17,3.750293043573446e-17,4.633248438140884e-17,9.060998753740889e-17,0.9999999999999815,9.060998753740889e-17,0.9999999999999815,1.597687966006483e-15,1.597687966006483e-15,True,True,True,True,False,False,False
down_proj,18,7,momentum,50,2.633903420936817,2.633903420936817,2.633903420936817,0.0,0.0,7.448876629385859e-15,1.0860255491271271e-16,1.9113156222586904e-16,1.0860255491271271e-16,1.9113156222586904e-16,2.479631583296644e-16,0.9999999999999977,2.479631583296644e-16,0.9999999999999977,2.993782794870102e-15,2.993782794870102e-15,True,True,True,True,False,False,False
down_proj,19,7,momentum,1,2.8887405660896333,2.888740566089634,2.888740566089634,8.881784197001252e-16,8.881784197001252e-16,2.2362629771350955e-15,6.873613869421692e-18,5.968699320987116e-18,6.873613869421692e-18,5.968699320987116e-18,1.627675285904925e-17,1.0000000000000138,1.627675285904925e-17,1.0000000000000138,2.2362629771350927e-15,2.2362629771350927e-15,True,True,True,True,False,False,False
down_proj,19,7,momentum,10,2.8646289439649726,2.8646289439649735,2.8646289439649735,8.881784197001252e-16,8.881784197001252e-16,2.7111410202074554e-15,3.556094506163239e-17,4.745768653878974e-17,3.556094506163239e-17,4.745768653878974e-17,8.858919874135064e-17,0.999999999999992,8.858919874135064e-17,0.999999999999992,1.4035871024583354e-15,1.4035871024583354e-15,True,True,True,True,False,False,False
down_proj,19,7,momentum,50,2.800537182726358,2.800537182726358,2.800537182726358,0.0,0.0,1.0659107214962961e-14,1.1136458258946507e-16,1.987606078360713e-16,1.1136458258946507e-16,1.987606078360713e-16,2.5614794139648753e-16,1.0000000000000127,2.5614794139648753e-16,1.0000000000000127,3.63932294468583e-15,3.63932294468583e-15,True,True,True,True,False,False,False
down_proj,20,7,momentum,1,2.9828901491982562,2.9828901491982562,2.9828901491982562,0.0,0.0,1.9667675072124076e-15,7.513026691035196e-18,8.654531196283184e-18,7.513026691035196e-18,8.654531196283184e-18,1.920347138807413e-17,1.0000000000000266,1.920347138807413e-17,1.0000000000000266,1.966767507212408e-15,1.966767507212408e-15,True,True,True,True,False,False,False
down_proj,20,7,momentum,10,2.9531692737124944,2.953169273712495,2.953169273712495,4.440892098500626e-16,4.440892098500626e-16,2.305944321256745e-15,3.674264862137117e-17,4.7941269933134734e-17,3.674264862137117e-17,4.7941269933134734e-17,9.051740551888432e-17,0.9999999999999483,9.051740551888432e-17,0.9999999999999483,1.2592851640222831e-15,1.2592851640222831e-15,True,True,True,True,False,False,False
down_proj,20,7,momentum,50,2.8764357000328364,2.8764357000328364,2.8764357000328364,0.0,0.0,6.889602126068081e-15,1.1080648253428277e-16,1.8390226959828905e-16,1.1080648253428277e-16,1.8390226959828905e-16,2.4549391081888037e-16,1.000000000000031,2.4549391081888037e-16,1.000000000000031,2.7483902435513682e-15,2.7483902435513682e-15,True,True,True,True,False,False,False
down_proj,21,7,momentum,1,3.1653175316716315,3.1653175316716315,3.1653175316716315,0.0,0.0,2.701564954299215e-15,7.078209477161542e-18,6.984536749475751e-18,7.078209477161542e-18,6.984536749475751e-18,1.7923176690286523e-17,0.9999999999999805,1.7923176690286523e-17,0.9999999999999805,2.701564954299215e-15,2.701564954299215e-15,True,True,True,True,False,False,False
down_proj,21,7,momentum,10,3.1433446732754478,3.143344673275447,3.143344673275447,8.881784197001252e-16,8.881784197001252e-16,2.8147069942632367e-15,3.750201631007062e-17,4.906166173327073e-17,3.750201631007062e-17,4.906166173327073e-17,9.320906008132977e-17,0.9999999999999891,9.320906008132977e-17,0.9999999999999891,1.886060262717673e-15,1.886060262717673e-15,True,True,True,True,False,False,False
down_proj,21,7,momentum,50,3.072067360393489,3.07206736039349,3.07206736039349,8.881784197001252e-16,8.881784197001252e-16,6.071022566471144e-15,1.2242671146911055e-16,2.1298956193235255e-16,1.2242671146911055e-16,2.1298956193235255e-16,2.7329521335334284e-16,0.9999999999999668,2.7329521335334284e-16,0.9999999999999668,3.122375946317958e-15,3.122375946317958e-15,True,True,True,True,False,False,False
down_proj,22,7,momentum,1,3.1218297629640133,3.121829762964012,3.121829762964012,1.3322676295501878e-15,1.3322676295501878e-15,1.963784281471811e-15,7.670531276684639e-18,7.2511227912787e-18,7.670531276684639e-18,7.2511227912787e-18,1.7667792963598873e-17,1.0000000000001021,1.7667792963598873e-17,1.0000000000001021,1.9637842814718107e-15,1.9637842814718107e-15,True,True,True,True,False,False,False
down_proj,22,7,momentum,10,3.096307977121117,3.0963079771211155,3.0963079771211155,1.3322676295501878e-15,1.3322676295501878e-15,3.146227952625142e-15,3.684295333916019e-17,4.8976931046985796e-17,3.684295333916019e-17,4.8976931046985796e-17,9.199036240243715e-17,1.0000000000000298,9.199036240243715e-17,1.0000000000000298,1.6496316862825833e-15,1.6496316862825833e-15,True,True,True,True,False,False,False
down_proj,22,7,momentum,50,3.010141694738105,3.0101416947381043,3.0101416947381043,4.440892098500626e-16,4.440892098500626e-16,9.221580358117311e-15,1.1080198882986696e-16,2.2064784264611034e-16,1.1080198882986696e-16,2.2064784264611034e-16,2.74040137757134e-16,0.9999999999999821,2.74040137757134e-16,0.9999999999999821,2.830304501506958e-15,2.830304501506958e-15,True,True,True,True,False,False,False
down_proj,23,7,momentum,1,2.5582222050327994,2.5582222050327994,2.5582222050327994,0.0,0.0,2.388118295905464e-15,6.103830817654106e-18,8.847389641113669e-18,6.103830817654106e-18,8.847389641113669e-18,1.749192297458086e-17,1.000000000000009,1.749192297458086e-17,1.000000000000009,2.388118295905464e-15,2.388118295905464e-15,True,True,True,True,False,False,False
down_proj,23,7,momentum,10,2.540175290380342,2.540175290380342,2.540175290380342,0.0,0.0,3.838706426059073e-15,3.445286027729059e-17,4.484158838709553e-17,3.445286027729059e-17,4.484158838709553e-17,8.634266274596904e-17,0.999999999999996,8.634266274596904e-17,0.999999999999996,1.5149526553669773e-15,1.5149526553669773e-15,True,True,True,True,False,False,False
down_proj,23,7,momentum,50,2.4772606172940606,2.4772606172940606,2.4772606172940606,0.0,0.0,7.390096565064798e-15,1.0836443911687066e-16,1.8904277316531159e-16,1.0836443911687066e-16,1.8904277316531159e-16,2.457781707063628e-16,1.0000000000000178,2.457781707063628e-16,1.0000000000000178,2.5525056920795412e-15,2.5525056920795412e-15,True,True,True,True,False,False,False
