proj,layer,seed,optimizer,step,loss_plaintext,loss_O1A,loss_O1C,loss_absdiff_O1A,loss_absdiff_O1C,gradA_relation_err,O1A_A_update_relerr,O1A_B_update_relerr,O1C_A_update_relerr,O1C_B_update_relerr,O1A_dW_relerr,O1A_dW_cos,O1C_dW_relerr,O1C_dW_cos,O1A_optstate_relerr,O1C_optstate_relerr,T_in_orthogonal,T_out_orthogonal,A_gpu_adamw_safe,B_gpu_adamw_safe,O1C_A_in_tdx,O1C_B_in_tdx,nan_inf
q_proj,0,1234,adamw,1,5.401263537542576,5.401263537542576,5.401263537542576,0.0,0.0,1.7011374070955545e-15,0.4971338093224636,0.02834504780716135,1.924686922831569e-17,3.137480561668234e-17,0.5925052409254777,0.862189340612237,4.560802179412022e-17,1.0000000000000249,279.76025421831247,3.29864339749727e-17,False,True,False,False,True,True,False
q_proj,0,1234,adamw,10,4.971805688395117,5.011645415820295,4.971805688395118,0.039839727425178495,8.881784197001252e-16,1.628849149874419,0.5030979484174306,0.2697731767649376,9.025288522417625e-16,9.47037324412745e-16,0.5201994997116988,0.8619970964457576,1.3367912434747843e-15,1.000000000000004,122.58914499786829,9.260179077309183e-16,False,True,False,False,True,True,False
q_proj,0,1234,adamw,50,0.8224131694132869,0.6425919295652187,0.822413169413287,0.1798212398480682,1.1102230246251565e-16,3.2146746405536066,0.9197594885269483,0.7127115938563273,1.975490441228666e-15,2.430285541383804e-15,0.8204554245725533,0.5730102944644426,2.6773241886066736e-15,1.000000000000009,13.765253179649534,2.2136101821526236e-15,False,True,False,False,True,True,False
q_proj,1,1234,adamw,1,1.7934435942295566,1.7934435942295566,1.7934435942295566,0.0,0.0,1.466452090288868e-15,0.03060083322308416,0.0289255755499927,1.8634660200029809e-16,1.0033637985716558e-15,0.04141081982016429,0.9991426322483314,1.0540865951607911e-15,0.9999999999999803,2.6052185959351943,2.011959196011058e-16,False,True,False,False,True,True,False
q_proj,1,1234,adamw,10,1.571961169756928,1.524040432959507,1.571961169756928,0.04792073679742104,0.0,2.2251457522657696,0.1853405399064252,0.18175258198230285,6.705597273267423e-16,1.2513822268307563e-15,0.25317268099268747,0.9679336931449971,1.4356185415827767e-15,1.000000000000011,1.145445576809552,6.8761353809691e-16,False,True,False,False,True,True,False
q_proj,1,1234,adamw,50,0.0733903428155224,0.057982080339062006,0.07339034281552248,0.015408262476460391,8.326672684688674e-17,3.426667661590611,0.37074568879811864,0.34472370831406857,1.2827316758125858e-15,1.7779983790500825e-15,0.44105238615979087,0.9002948566473885,1.888678729394641e-15,1.000000000000028,1.041464353480095,1.2760854872002552e-15,False,True,False,False,True,True,False
q_proj,2,1234,adamw,1,1.6067698337760865,1.6067698337760865,1.6067698337760865,0.0,0.0,1.551251131274181e-15,0.02065939240906734,0.028661407507713167,4.7693056782878773e-17,2.862272414172161e-16,0.03495591574785799,0.9993888817590575,2.882411239657991e-16,0.9999999999999943,0.851772978637835,6.980898986485862e-17,False,True,False,False,True,True,False
q_proj,2,1234,adamw,10,1.430516893439148,1.4131984619659388,1.4305168934391481,0.017318431473209106,2.220446049250313e-16,0.41731620252724894,0.12770684090041368,0.15499199350569165,6.112537897322268e-16,9.302587986332881e-16,0.19887009885411217,0.9800866034899094,1.1031671508105012e-15,1.0000000000000078,0.7055375245729922,6.188411592798463e-16,False,True,False,False,True,True,False
q_proj,2,1234,adamw,50,0.10672819510383759,0.09956244853021576,0.10672819510383771,0.007165746573621831,1.249000902703301e-16,1.604808702587175,0.31714312199271466,0.2899654971772894,1.9252999199818167e-15,2.0952574201506418e-15,0.3832861694388581,0.9244352115562896,2.380374205058139e-15,1.0000000000000004,1.0270407275038365,1.842990396164813e-15,False,True,False,False,True,True,False
q_proj,3,1234,adamw,1,1.4743138888317637,1.4743138888317635,1.4743138888317635,2.220446049250313e-16,2.220446049250313e-16,1.774645274701508e-15,0.019641130793137337,0.027368925115603886,3.064203129567405e-17,5.335371394338952e-16,0.03423269686083033,0.9994140073772733,5.741030382942482e-16,0.9999999999999942,0.9543294774981299,4.153885015078906e-17,False,True,False,False,True,True,False
q_proj,3,1234,adamw,10,1.3000227222685892,1.2868227998873967,1.3000227222685892,0.013199922381192497,0.0,0.3218777536403751,0.12456991990976087,0.14344276590146823,4.674922392328802e-16,8.079451406498306e-16,0.18875670041836975,0.9820247121678952,9.625091493804684e-16,0.9999999999999917,0.8555421435129579,5.065500618364221e-16,False,True,False,False,True,True,False
q_proj,3,1234,adamw,50,0.051970556269035593,0.050116911551883817,0.051970556269035593,0.001853644717151777,0.0,1.8730875168596939,0.3035141837993801,0.24614098751180075,1.0144354852651679e-15,1.2471641778593821e-15,0.35636242443581617,0.9361477269126682,1.5059144857650614e-15,1.0000000000000018,1.1633830352071124,1.0277834747193561e-15,False,True,False,False,True,True,False
q_proj,4,1234,adamw,1,1.5181219092699745,1.5181219092699745,1.5181219092699745,0.0,0.0,1.7413212537382782e-15,0.022584711145286387,0.02961830018908182,9.095996899135719e-17,6.738482534360004e-16,0.03807010376993979,0.9992755588606963,6.522735506472799e-16,0.9999999999999931,1.5494991586927982,1.4200749659922665e-16,False,True,False,False,True,True,False
q_proj,4,1234,adamw,10,1.3263352155078525,1.3023964637843937,1.3263352155078525,0.02393875172345883,0.0,0.7347247347593953,0.1564217962211708,0.1686093537314923,6.778351268826775e-16,9.834110005044166e-16,0.22806812427056106,0.973663775510869,1.1729919832133338e-15,0.9999999999999892,1.1156071683826927,7.068532242428173e-16,False,True,False,False,True,True,False
q_proj,4,1234,adamw,50,0.06464214539092432,0.05031956205294835,0.06464214539092435,0.014322583337975966,2.7755575615628914e-17,3.2787070366811513,0.39106833164137345,0.275176485914598,1.5819837314616909e-15,1.796640058508256e-15,0.44333759649257654,0.9026251171402799,2.0368368721442257e-15,1.000000000000013,1.0642383800558601,1.5958973476166751e-15,False,True,False,False,True,True,False
q_proj,5,1234,adamw,1,1.4096546913689025,1.4096546913689028,1.4096546913689028,2.220446049250313e-16,2.220446049250313e-16,1.6848716711589355e-15,0.021073585266825963,0.02636881284689027,2.4033259940617464e-17,8.545906261889091e-16,0.03425831097197299,0.9994135224204829,8.532081070258718e-16,0.9999999999999913,1.186525662852142,4.737340379780866e-17,False,True,False,False,True,True,False
q_proj,5,1234,adamw,10,1.2415913511307934,1.2319857552267663,1.2415913511307934,0.009605595904027098,0.0,0.22013396281964823,0.13514199454430337,0.15080975883043263,7.315208462068848e-16,1.0670497546576053e-15,0.20043729001581545,0.9797371198577194,1.2937605913113338e-15,0.9999999999999862,1.0575698638010336,6.80138635152062e-16,False,True,False,False,True,True,False
q_proj,5,1234,adamw,50,0.043907015084538974,0.04234186005488366,0.043907015084538994,0.0015651550296553116,2.0816681711721685e-17,1.7458215922901545,0.3430273586294085,0.24649042050428974,1.4475874925038861e-15,1.6324117078690726e-15,0.39058309267388536,0.9247823824451925,1.9046821484256163e-15,0.9999999999999885,1.166611374062545,1.3888740811131e-15,False,True,False,False,True,True,False
q_proj,6,1234,adamw,1,1.4653954247730738,1.465395424773074,1.465395424773074,2.220446049250313e-16,2.220446049250313e-16,1.3303351567243939e-15,0.01746549113603794,0.02753391110334705,2.130367242224838e-16,1.718727827416683e-15,0.03330436932856667,0.9994452560396705,1.818924216585318e-15,0.9999999999999868,1.1718793046289266,1.9478281971843202e-16,False,True,False,False,True,True,False
q_proj,6,1234,adamw,10,1.2957004620761143,1.282693884341823,1.2957004620761143,0.013006577734291369,0.0,0.33078432280054887,0.11349633183097614,0.1500275518202709,8.764347621695396e-16,1.807840502307713e-15,0.18711157652214397,0.9823469373336535,2.066530168088848e-15,0.9999999999999953,0.9861759585339227,8.832358762684169e-16,False,True,False,False,True,True,False
q_proj,6,1234,adamw,50,0.06004428183285211,0.05709685129750737,0.06004428183285209,0.0029474305353447416,2.0816681711721685e-17,1.8165816242486186,0.295374998547842,0.2549354235524227,1.629013241256724e-15,1.993515998448813e-15,0.3568190189377498,0.9372711477181493,2.2286551265073088e-15,1.000000000000015,0.9991486897946417,1.6689953130350027e-15,False,True,False,False,True,True,False
q_proj,7,1234,adamw,1,1.4883763749941805,1.4883763749941805,1.4883763749941805,0.0,0.0,1.495765809289452e-15,0.0157339399658153,0.02840522313256636,9.439733079670491e-17,8.838686013861623e-16,0.03278343090187472,0.9994624789244717,8.825033671300117e-16,1.000000000000014,0.9025430639248704,2.4955654163677617e-16,False,True,False,False,True,True,False
q_proj,7,1234,adamw,10,1.3146928223831231,1.3124641080536665,1.3146928223831231,0.0022287143294565936,0.0,0.0892592224789698,0.09973171975841176,0.15515576807512843,8.865769660748066e-16,1.1340977528306229e-15,0.18309250244663147,0.9830973562431781,1.4566144306312037e-15,0.999999999999986,0.7861128645513388,8.659953825321511e-16,False,True,False,False,True,True,False
q_proj,7,1234,adamw,50,0.06953178523585071,0.06857462499879004,0.06953178523585078,0.0009571602370606752,6.938893903907228e-17,0.7538685693242195,0.24439328734683635,0.24868530759216495,1.478447951254892e-15,1.63347572571216e-15,0.31478945505749456,0.9500262124163199,2.0059082925230483e-15,1.0000000000000138,1.0809699980842882,1.473986441256701e-15,False,True,False,False,True,True,False
q_proj,8,1234,adamw,1,1.6387558505892228,1.6387558505892228,1.6387558505892228,0.0,0.0,1.7067421944972972e-15,0.023248582010933955,0.02831087894493615,4.1560134643314746e-16,1.3198926357312445e-16,0.03726854929030747,0.9993062299294233,4.3004878571873573e-16,0.9999999999999929,1.7680890063947536,3.215722157187821e-16,False,True,False,False,True,True,False
q_proj,8,1234,adamw,10,1.4252624513797854,1.3963216199462576,1.4252624513797854,0.02894083143352777,0.0,0.7212045603537958,0.16371345719769861,0.16325890748971028,6.59468849200084e-16,7.166978610446417e-16,0.23035864803548933,0.9731133782143311,9.840277138858621e-16,0.9999999999999976,1.2238062346215879,6.140879220080339e-16,False,True,False,False,True,True,False
q_proj,8,1234,adamw,50,0.12776895573897537,0.10395263808737235,0.1277689557389752,0.023816317651603025,1.6653345369377348e-16,2.187048784011561,0.4090001418516322,0.32916034092853935,1.377890375805865e-15,1.7794935668059884e-15,0.4800654656148271,0.8835301437676124,1.922675366878433e-15,0.999999999999993,1.0345484552606055,1.4030704709608289e-15,False,True,False,False,True,True,False
q_proj,9,1234,adamw,1,1.4661093699273882,1.4661093699273882,1.4661093699273882,0.0,0.0,1.717980801337947e-15,0.030748841606891904,0.0275153545963207,1.9231005301003055e-16,2.874352579834823e-17,0.044608677278406964,0.9990048204926851,1.8634582379004635e-16,0.9999999999999978,1.3049352685833246,1.6636487282144725e-16,False,True,False,False,True,True,False
q_proj,9,1234,adamw,10,1.2986991642153525,1.286870528528698,1.2986991642153523,0.011828635686654376,2.220446049250313e-16,0.3040264320217192,0.18710536696211308,0.14507487796552787,1.082996724857204e-15,1.2267146309225946e-15,0.2377114766010206,0.9715017166170941,1.5220686080526562e-15,1.0000000000000064,1.1396169621912,1.0492302206794394e-15,False,True,False,False,True,True,False
q_proj,9,1234,adamw,50,0.06275387156783555,0.05640735173115866,0.06275387156783539,0.006346519836676882,1.5265566588595902e-16,2.178180099009207,0.4857196408763589,0.2607532750271438,3.862034458857634e-15,4.769550551877167e-15,0.5219508352155893,0.8611468108434831,4.950762004850852e-15,1.0000000000000202,1.133787165825459,3.612607864995328e-15,False,True,False,False,True,True,False
q_proj,10,1234,adamw,1,1.4339410886192858,1.4339410886192858,1.4339410886192858,0.0,0.0,1.521469290964987e-15,0.030092776072476478,0.025186025640123122,1.1100056031973651e-15,1.0307588151689481e-16,0.040975498244836255,0.9991601529304224,1.0590417668800589e-15,0.9999999999999898,1.6239437333586209,1.0112824650652856e-15,False,True,False,False,True,True,False
q_proj,10,1234,adamw,10,1.2606258288570327,1.2379432894635714,1.2606258288570322,0.02268253939346132,4.440892098500626e-16,1.1654900208529388,0.19716539456792873,0.14660825311450737,1.2084918781849698e-15,6.45086306398711e-16,0.24628909375171867,0.96940265098015,1.330608671727283e-15,1.0000000000000155,1.1890057319467033,1.1277145299792684e-15,False,True,False,False,True,True,False
q_proj,10,1234,adamw,50,0.06831744448037558,0.07022324782911402,0.06831744448037562,0.0019058033487384385,4.163336342344337e-17,1.949865008622483,0.5044763899749034,0.23970016536565036,1.3331007702974895e-15,1.2054474852971593e-15,0.5414292382745823,0.8513047038834338,1.6714711036187272e-15,0.9999999999999903,1.054739167122814,1.3094785247442097e-15,False,True,False,False,True,True,False
q_proj,11,1234,adamw,1,1.3895513016202612,1.3895513016202612,1.3895513016202612,0.0,0.0,1.3476046226874864e-15,0.033236048051094855,0.02965621691002387,1.5767506994883086e-15,3.1018082367948125e-16,0.04543615775363046,0.9989682319353466,1.51476746870488e-15,0.9999999999999893,1.163944386903368,1.8084629415938758e-15,False,True,False,False,True,True,False
q_proj,11,1234,adamw,10,1.2271849512117323,1.2220290738609423,1.2271849512117323,0.005155877350790039,0.0,0.2000657480830188,0.2073388291555893,0.1671960035454701,1.649578396302519e-15,9.406360579935948e-16,0.25480140299378784,0.9670134894966258,1.8598026764500564e-15,1.000000000000012,1.091947970655117,1.863156648739169e-15,False,True,False,False,True,True,False
q_proj,11,1234,adamw,50,0.04062615027295116,0.042844912294804395,0.04062615027295117,0.0022187620218532336,6.938893903907228e-18,1.2535466715457713,0.5049534982015609,0.2851312990212722,2.070464864492351e-15,2.165450037715424e-15,0.5444177820328042,0.8444507342854877,2.636778491378576e-15,0.9999999999999953,1.1605299021319992,2.1020242961490278e-15,False,True,False,False,True,True,False
q_proj,12,1234,adamw,1,1.419871602447854,1.4198716024478537,1.4198716024478537,2.220446049250313e-16,2.220446049250313e-16,1.6406897908303172e-15,0.031162322664365135,0.028535321303342652,1.5958940965511108e-16,3.361417968933313e-16,0.042404136602996835,0.9991020646698299,3.633790013431466e-16,0.9999999999999947,1.5585641300468316,1.4626626749813954e-16,False,True,False,False,True,True,False
q_proj,12,1234,adamw,10,1.2376446075333734,1.2141442018689783,1.2376446075333734,0.02350040566439504,0.0,1.0267838851854256,0.2134114758651697,0.1706523790697804,5.36765335723904e-16,7.405805213046774e-16,0.26682759736035694,0.9639154804364843,9.087179749582305e-16,0.9999999999999978,1.1744978908701713,5.327546656178342e-16,False,True,False,False,True,True,False
q_proj,12,1234,adamw,50,0.04445275830063204,0.03945753021842472,0.04445275830063202,0.004995228082207322,2.0816681711721685e-17,1.888130123640233,0.5246312676605505,0.31064933715958154,1.103035639990203e-15,1.2371814827921344e-15,0.5740132386028163,0.8278015984063107,1.5143701837674218e-15,1.0000000000000275,1.0660111208255132,1.1335243531158832e-15,False,True,False,False,True,True,False
q_proj,13,1234,adamw,1,1.4406837032126727,1.4406837032126727,1.4406837032126727,0.0,0.0,1.6346678795970873e-15,0.0309790740075175,0.026459834502927004,3.443023795282614e-16,3.3659093870651975e-16,0.04139382065945885,0.9991431347210121,4.640583062676413e-16,0.9999999999999939,1.0982126401792118,3.3723751604815346e-16,False,True,False,False,True,True,False
q_proj,13,1234,adamw,10,1.2576001839067172,1.252851892211376,1.2576001839067175,0.004748291695341189,2.220446049250313e-16,0.15457257320205936,0.2001565099498475,0.14046931659007433,6.685838002833703e-16,6.802262878980681e-16,0.23827877969114727,0.9714011685126605,9.370741811311132e-16,0.9999999999999782,1.063994697235665,6.550843648168919e-16,False,True,False,False,True,True,False
q_proj,13,1234,adamw,50,0.05248500833419547,0.05423694992377809,0.05248500833419547,0.0017519415895826188,0.0,0.9587790148225407,0.46632817612867705,0.2131488557040488,1.197898572033432e-15,1.3391868440107441e-15,0.49179414600762167,0.8804722892545587,1.6403174877854533e-15,1.0000000000000058,1.1473684122075765,1.162910725900893e-15,False,True,False,False,True,True,False
q_proj,14,1234,adamw,1,1.3895810255027694,1.3895810255027694,1.3895810255027694,0.0,0.0,1.866470958239531e-15,0.027491503397187308,0.028075096555915807,2.306468718673821e-16,1.449186874189813e-15,0.03899492958993427,0.9992405671110034,1.45941880256146e-15,1.0000000000000004,1.26866755532943,2.1609967846133239e-16,False,True,False,False,True,True,False
q_proj,14,1234,adamw,10,1.2252480838128068,1.2167116511172194,1.2252480838128068,0.00853643269558746,0.0,0.31805820898534864,0.1775684800219309,0.15545277548225475,8.716402664759113e-16,1.5383422357640387e-15,0.23126497622704947,0.9729999109204746,1.780233425375386e-15,1.00000000000001,1.1589299915553979,8.568824332727278e-16,False,True,False,False,True,True,False
q_proj,14,1234,adamw,50,0.10156547538906338,0.10020827807523747,0.10156547538906305,0.0013571973138259141,3.3306690738754696e-16,1.9560171095443954,0.5129784480051902,0.5892883505664732,1.7557938454540535e-15,2.2401294465805046e-15,0.6222137365043822,0.7830021738392086,2.393389321631141e-15,1.0000000000000089,1.1283175587606964,1.7366368320036617e-15,False,True,False,False,True,True,False
q_proj,15,1234,adamw,1,1.3835715250340357,1.3835715250340357,1.3835715250340357,0.0,0.0,1.3555245420770672e-15,0.0280928372023265,0.030029431663019492,1.3585400660105446e-16,5.382481126488153e-16,0.04163407340049803,0.9991331828481116,5.498720358722159e-16,0.9999999999999896,1.1235143019768623,1.2167308400876509e-16,False,True,False,False,True,True,False
q_proj,15,1234,adamw,10,1.2183205439746239,1.2149557229908516,1.2183205439746236,0.003364820983772221,2.220446049250313e-16,0.16493056535353307,0.1768638363127779,0.1746034945005144,7.042252504495418e-16,8.811355825541643e-16,0.24261993471903853,0.9701360235673675,1.118221485081357e-15,0.9999999999999849,1.0636094418811037,6.857536799634581e-16,False,True,False,False,True,True,False
q_proj,15,1234,adamw,50,0.18504370353548807,0.18759759073126367,0.1850437035354878,0.002553887195775595,2.7755575615628914e-16,0.7867537491168989,0.42403489619117224,0.3268565304120678,2.795583844099851e-15,2.911159378394858e-15,0.4863179935267608,0.8770704005989306,3.3388222099172813e-15,1.0000000000000018,1.1584856893891233,2.7421485689470194e-15,False,True,False,False,True,True,False
q_proj,16,1234,adamw,1,1.5499759883024709,1.5499759883024709,1.5499759883024709,0.0,0.0,1.5546037515043794e-15,0.02950200857420545,0.025987358739632493,3.198135197196168e-16,1.6486916896798232e-16,0.040417486821792824,0.9991835436445542,3.625171329631542e-16,0.9999999999999892,0.8029107274740416,3.169886024798994e-16,False,True,False,False,True,True,False
q_proj,16,1234,adamw,10,1.3638469031203981,1.3879395686252198,1.3638469031203981,0.024092665504821698,0.0,0.3158261186525334,0.19106925555094323,0.15781450904692543,7.378914597404355e-16,7.855423421442463e-16,0.24107815374180458,0.9705601427022521,1.0738112850161527e-15,1.000000000000019,0.7748351059813736,6.763782998533445e-16,False,True,False,False,True,True,False
q_proj,16,1234,adamw,50,0.07129101479837759,0.09672313896369873,0.07129101479837766,0.025432124165321146,6.938893903907228e-17,0.8427558207856716,0.3849757295719916,0.31069404771121745,1.1725083867099999e-15,1.4805614575810597e-15,0.4246959503830298,0.9053827326102539,1.7016571660450794e-15,1.0000000000000084,1.8119397715239913,1.1954325010792636e-15,False,True,False,False,True,True,False
q_proj,17,1234,adamw,1,1.4708799450409362,1.470879945040936,1.470879945040936,2.220446049250313e-16,2.220446049250313e-16,1.4987201007408798e-15,0.020729733572766706,0.02853235649421056,3.931284997601446e-17,1.1849558045618982e-14,0.035151885602499836,0.9993820945389706,1.1737140586698784e-14,1.000000000000014,0.7002720971358112,3.1544302051239605e-17,False,True,False,False,True,True,False
q_proj,17,1234,adamw,10,1.2963559117172605,1.3192173956862658,1.2963559117172605,0.022861483969005336,0.0,0.28238772220475616,0.12905012228898655,0.1676640740531269,1.7094076764191037e-15,1.1257380072148749e-14,0.2054730725422408,0.9786714986050853,1.1397767632783761e-14,1.0000000000000044,0.7044511578151014,1.6439164217193481e-15,False,True,False,False,True,True,False
q_proj,17,1234,adamw,50,0.052758081888970944,0.09531093542580502,0.05275808188897096,0.04255285353683407,1.3877787807814457e-17,1.2067831740627948,0.2648871361344392,0.3537862910334004,2.6964378522402747e-15,5.2349320548480785e-15,0.35978544379602406,0.9330949459322672,4.760757355693548e-15,1.0000000000000004,1.9887305884313724,2.6462567339692e-15,False,True,False,False,True,True,False
q_proj,18,1234,adamw,1,1.3828669482237732,1.3828669482237734,1.3828669482237734,2.220446049250313e-16,2.220446049250313e-16,1.338547376137025e-15,0.021057383890572507,0.028120598730326865,1.9606475890776212e-17,2.25016055271735e-17,0.03701509781502656,0.9993147065917466,4.2448635359767144e-17,0.9999999999999856,0.785502260013417,1.7899544373434497e-17,False,True,False,False,True,True,False
q_proj,18,1234,adamw,10,1.2071251289470741,1.2278586596210739,1.2071251289470741,0.020733530673999745,0.0,0.27843469437111074,0.12923848165564492,0.16803683992045992,4.534580104911837e-16,6.405513722178598e-16,0.20603487150325175,0.9785536638184458,7.842906116559001e-16,1.0000000000000115,0.8799743617662366,4.458308366435989e-16,False,True,False,False,True,True,False
q_proj,18,1234,adamw,50,0.05993028719683577,0.0680119679869436,0.05993028719683579,0.008081680790107834,2.0816681711721685e-17,1.0397336452888246,0.2678827584491974,0.33326128581662906,1.0158675969616027e-15,1.2450422896675785e-15,0.3516087006662977,0.9362272929256907,1.4616321938215706e-15,0.9999999999999882,1.0614600021143963,1.0273529567513813e-15,False,True,False,False,True,True,False
q_proj,19,1234,adamw,1,1.4385125677052168,1.4385125677052168,1.4385125677052168,0.0,0.0,1.9246151892558255e-15,0.023342814885983765,0.028667513591001267,2.1340993434257938e-16,9.386625372947631e-17,0.03685769715515201,0.9993205574807147,2.2414804377371075e-16,1.000000000000004,0.8637614320844053,1.833765702482606e-16,False,True,False,False,True,True,False
q_proj,19,1234,adamw,10,1.2540977030288714,1.2630050074768377,1.2540977030288718,0.008907304447966391,4.440892098500626e-16,0.15407367145673345,0.15079178255845974,0.1609252584281173,7.846766491701615e-16,7.184730814102025e-16,0.2138771402898745,0.9768935930360652,1.0528447857984155e-15,0.9999999999999915,0.8517057586990364,7.513213888583104e-16,False,True,False,False,True,True,False
q_proj,19,1234,adamw,50,0.05868517873065434,0.05931272615570213,0.05868517873065429,0.0006275474250477878,4.85722573273506e-17,0.7470240106559566,0.3269443116755317,0.24635712171697427,1.2393112902826863e-15,1.5871322062461206e-15,0.36946580526227285,0.9306080903595659,1.805498335851071e-15,0.9999999999999994,0.9676902667101533,1.2410605595612127e-15,False,True,False,False,True,True,False
q_proj,20,1234,adamw,1,1.4000058391129175,1.4000058391129175,1.4000058391129175,0.0,0.0,1.752208118720232e-15,0.025929869550840676,0.029947018526138295,3.905043349948293e-15,2.2323716002677174e-16,0.038488121548662005,0.9992591022778714,3.936165240922006e-15,1.0000000000000102,0.7586516706055931,4.888099283534619e-15,False,True,False,False,True,True,False
q_proj,20,1234,adamw,10,1.2266671736206831,1.250813830410704,1.2266671736206831,0.024146656790020815,0.0,0.31098359291974637,0.16776273897299432,0.17823791364223884,4.0939058814209975e-15,1.2145869305989847e-15,0.23645136225577007,0.97164438729148,4.282722684268545e-15,1.000000000000004,0.7269588873505997,5.018326066554013e-15,False,True,False,False,True,True,False
q_proj,20,1234,adamw,50,0.053579629671811985,0.110276475125004,0.05357962967181191,0.05669684545319202,7.632783294297951e-17,1.167314688238732,0.340042191014334,0.35837049047302555,4.061929865547534e-15,3.625438199128498e-15,0.42593022941896713,0.9051352701007178,4.732566857683991e-15,1.0000000000000113,2.6919060567174236,4.546615310159972e-15,False,True,False,False,True,True,False
q_proj,21,1234,adamw,1,1.412836551982321,1.4128365519823207,1.4128365519823207,2.220446049250313e-16,2.220446049250313e-16,1.6753374070386578e-15,0.03638075406203994,0.028858155313827873,7.677478388732227e-16,3.4913905029495663e-16,0.04663594498495697,0.9989120984976528,7.880865601404148e-16,0.999999999999995,0.9359798370141189,1.6766869637094139e-15,False,True,False,False,True,True,False
q_proj,21,1234,adamw,10,1.2415949665049895,1.2455299136572227,1.2415949665049895,0.0039349471522331925,0.0,0.11841034583303493,0.24023343989882343,0.15632023767556227,9.219898982867892e-16,7.327289717502945e-16,0.2771585743369315,0.9608789062879299,1.1473118603483706e-15,0.9999999999999958,0.9394244337548259,1.6836086319075901e-15,False,True,False,False,True,True,False
q_proj,21,1234,adamw,50,0.05387778368806121,0.05848401508411597,0.0538777836880613,0.004606231396054761,9.020562075079397e-17,0.6935025990084653,0.5391897713306331,0.24690267853705206,1.7960512120327327e-15,1.4003408707050145e-15,0.5637200564845132,0.8265548628447588,2.101394959021495e-15,0.9999999999999971,1.1500396799621566,1.74525181768984e-15,False,True,False,False,True,True,False
q_proj,22,1234,adamw,1,1.4253841851626103,1.4253841851626103,1.4253841851626103,0.0,0.0,1.5900774631954407e-15,0.03694500611986859,0.02753127288048049,4.9933763279972346e-17,1.7928303880687766e-16,0.046569465355336,0.9989152636106189,1.8260104076156016e-16,0.9999999999999887,0.9134097706809332,1.0868955486952995e-16,False,True,False,False,True,True,False
q_proj,22,1234,adamw,10,1.2530806340995373,1.2569188809820713,1.2530806340995373,0.00383824688253398,0.0,0.13098266087245242,0.24227108546916076,0.14686596499565074,8.205489743202774e-16,6.645747289827772e-16,0.2735586077602686,0.9618565880889529,1.0580195381040867e-15,0.9999999999999997,0.9125907438083304,6.505338760456413e-16,False,True,False,False,True,True,False
q_proj,22,1234,adamw,50,0.0791098488330846,0.0784030029873554,0.07910984883308453,0.0007068458457291926,6.938893903907228e-17,0.5613196146425378,0.5306736488369066,0.25991940783817236,1.7214249220554571e-15,1.964233533352063e-15,0.5568523271288119,0.8315790443030577,2.1862175324671005e-15,0.999999999999979,0.9536204974120301,1.5046454802437733e-15,False,True,False,False,True,True,False
q_proj,23,1234,adamw,1,1.4430858912682856,1.4430858912682853,1.4430858912682853,2.220446049250313e-16,2.220446049250313e-16,1.3458850905067922e-15,0.03961941729631115,0.026924679878283148,1.0904069301764064e-16,3.4497297009799294e-17,0.05030988497183123,0.9987377668080345,1.1852358902123448e-16,0.9999999999999739,0.9175642948556972,2.5059118212607784e-16,False,True,False,False,True,True,False
q_proj,23,1234,adamw,10,1.262043493300227,1.2709979764115513,1.262043493300227,0.008954483111324407,0.0,0.15638906517911774,0.25641485770866645,0.15019845183406666,5.460739520730528e-16,7.117541147807745e-16,0.28696795009257287,0.9579411396279738,8.896282918729987e-16,0.999999999999987,0.9191628675115535,6.094004715958355e-16,False,True,False,False,True,True,False
q_proj,23,1234,adamw,50,0.07766252525958632,0.09288875369230115,0.07766252525958632,0.01522622843271483,0.0,0.5510884961305487,0.5557008125756229,0.23824989173279743,1.4418873008573892e-15,1.6570631493976629e-15,0.5720097983676747,0.8210289676297979,1.891402774083035e-15,0.9999999999999992,1.0988192956255263,1.3564568564288905e-15,False,True,False,False,True,True,False
k_proj,0,1234,adamw,1,5.781481193448726,5.781481193448724,5.781481193448724,1.7763568394002505e-15,1.7763568394002505e-15,1.6768886631225142e-15,0.49515625951310316,0.028373736367944394,4.9331876099813876e-14,2.6446422766274424e-17,0.5802412565996453,0.8699215218271715,4.740060939611828e-14,1.0000000000000022,229.14191482743328,1.063558462246089e-14,False,True,False,False,True,True,False
k_proj,0,1234,adamw,10,5.048762784980796,4.185520970393818,5.048762784980795,0.8632418145869778,8.881784197001252e-16,3.555337668668807,0.6903106726024015,0.28945418978724136,4.462580973031368e-14,1.7894643486814305e-15,0.6262570689022688,0.8121477753293678,3.998083473244901e-14,1.0000000000000004,31.823459604173387,9.855162531653432e-15,False,True,False,False,True,True,False
k_proj,0,1234,adamw,50,1.0969163064107097,0.5935419891605495,1.096916306410709,0.5033743172501602,6.661338147750939e-16,8.930906600497345,0.7625364131931475,0.6414670781802128,2.68634293065409e-14,5.93804166910881e-15,0.7748418547889354,0.6325426581959253,2.134431586953202e-14,0.9999999999999967,6.140313218069379,8.339776182449549e-15,False,True,False,False,True,True,False
k_proj,1,1234,adamw,1,2.563763529098525,2.5637635290985252,2.5637635290985252,4.440892098500626e-16,4.440892098500626e-16,1.3074165978631256e-15,0.03059750366715367,0.028663884759106237,3.4321707662095836e-16,1.917807882541059e-17,0.04361242991906752,0.9990510837130753,3.344102595802186e-16,0.9999999999999957,2.4775510474415707,3.396843516822481e-16,False,True,False,False,True,True,False
k_proj,1,1234,adamw,10,2.105354695173243,1.9393143033870504,2.1053546951732436,0.1660403917861928,4.440892098500626e-16,1.0979979141656704,0.24136237532556684,0.17231722227249022,1.0537506705937844e-15,9.86199258839294e-16,0.2995762520884228,0.9574101458765856,1.4406733531346415e-15,1.0000000000000009,1.6333873985888707,1.0831822555162227e-15,False,True,False,False,True,True,False
k_proj,1,1234,adamw,50,0.09336403401404932,0.07662533931905952,0.09336403401404932,0.0167386946949898,0.0,3.904404638927636,0.39194826034492075,0.30987408148347817,1.3721781071544506e-15,1.6777056496135187e-15,0.44741506462455266,0.8990096115063242,1.88317355452344e-15,1.0000000000000053,1.0769982586973887,1.4183027020052908e-15,False,True,False,False,True,True,False
k_proj,2,1234,adamw,1,2.121228818292922,2.1212288182929218,2.1212288182929218,4.440892098500626e-16,4.440892098500626e-16,1.107374942529231e-15,0.020660900062425783,0.02705897012717959,4.227129067575031e-17,3.480172020286074e-17,0.03627601838943202,0.9993424367338168,6.211193652674767e-17,1.0000000000000027,0.8363396452116766,4.373002240459187e-17,False,True,False,False,True,True,False
k_proj,2,1234,adamw,10,1.8110590476678123,1.7732726284782199,1.811059047667812,0.03778641918959247,4.440892098500626e-16,0.30148407329901084,0.15484871001553763,0.14800440728339134,7.56541458982889e-16,7.571104065300476e-16,0.2241061202319907,0.9746853608123328,1.0577475075548096e-15,0.999999999999996,0.7420918538812519,8.433849253539897e-16,False,True,False,False,True,True,False
k_proj,2,1234,adamw,50,0.10453938687834247,0.09785066960538512,0.10453938687834248,0.006688717272957348,1.3877787807814457e-17,1.6588111394813487,0.3261347160767641,0.25831879350964904,1.5880050425949901e-15,1.9389955825051163e-15,0.37328552509900464,0.9287481093170251,2.065893176239165e-15,0.9999999999999983,0.8972407105488057,1.5813834098617719e-15,False,True,False,False,True,True,False
k_proj,3,1234,adamw,1,1.7747038364174383,1.7747038364174383,1.7747038364174383,0.0,0.0,1.1300764112104012e-15,0.019641226997365792,0.0260863045069574,2.9736164084407665e-16,1.2504876657047508e-17,0.03438642104675944,0.9994087192740745,3.0784525119985564e-16,1.0000000000000018,0.9844060413477516,4.1659837440948003e-16,False,True,False,False,True,True,False
k_proj,3,1234,adamw,10,1.470759574518528,1.4432066285792118,1.470759574518528,0.02755294593931623,0.0,0.2944642656287034,0.15446399330635133,0.13724747070523,6.535185158240542e-16,6.636467173265298e-16,0.220099384136848,0.9754854434455542,9.263836833650704e-16,0.9999999999999939,0.9085695805275963,7.651063409011368e-16,False,True,False,False,True,True,False
k_proj,3,1234,adamw,50,0.09257551295198158,0.09536688864088232,0.09257551295198148,0.0027913756889007407,9.71445146547012e-17,2.2529793240747917,0.3433302874861599,0.290503386438137,1.386691922805098e-15,1.904116056356054e-15,0.3939367715611122,0.9201582836124709,1.9074751206568502e-15,1.0000000000000013,1.127442472016789,1.44015643514949e-15,False,True,False,False,True,True,False
k_proj,4,1234,adamw,1,1.6154226755826073,1.6154226755826073,1.6154226755826073,0.0,0.0,9.731730882614054e-16,0.022547729048279886,0.02857638651685577,8.516502502011199e-15,1.3337384217329495e-17,0.03807044600315287,0.9992750673298171,7.587017935973475e-15,1.000000000000003,1.4758787504782171,1.0447631556921923e-14,False,True,False,False,True,True,False
k_proj,4,1234,adamw,10,1.3332223518446635,1.2915526373728545,1.3332223518446635,0.041669714471809005,0.0,0.5509526229951055,0.18436085450029285,0.1638420814494437,7.971979389189632e-15,2.3531333643479463e-15,0.25957185926392323,0.9657548920341135,7.610083993946833e-15,1.000000000000004,1.2357052170138774,9.646860645639985e-15,False,True,False,False,True,True,False
k_proj,4,1234,adamw,50,0.08067048525986777,0.056738141505955686,0.08067048525986774,0.02393234375391208,2.7755575615628914e-17,2.0482144997197573,0.3917125818992072,0.33162036539384054,6.333922494899472e-15,3.926162075992206e-15,0.46637457848699215,0.8891574448841172,6.630948303622199e-15,1.0000000000000102,1.0123405997811996,7.517412862678757e-15,False,True,False,False,True,True,False
k_proj,5,1234,adamw,1,1.5352161023218518,1.5352161023218516,1.5352161023218516,2.220446049250313e-16,2.220446049250313e-16,8.724325420685223e-16,0.021034674906437918,0.02620202841755358,8.131992259683329e-17,1.839417514167086e-17,0.03531264000504617,0.9993771588125892,8.976340025498489e-17,1.0000000000000013,1.16118139414661,2.0473742195131356e-15,False,True,False,False,True,True,False
k_proj,5,1234,adamw,10,1.246200389685061,1.2316387497982817,1.2462003896850609,0.014561639886779387,2.220446049250313e-16,0.20769537165819146,0.16696444826365106,0.1398579886320043,6.707528641224384e-16,7.111339510644016e-16,0.23633463087120474,0.9719697995097253,9.588603452626415e-16,1.0,1.0739590498817313,1.996438529890113e-15,False,True,False,False,True,True,False
k_proj,5,1234,adamw,50,0.06347231142156151,0.057378188602839254,0.06347231142156153,0.006094122818722257,1.3877787807814457e-17,1.3013550611058398,0.3354700283340856,0.2401189407433818,1.0655296775930196e-15,1.2970229673282661e-15,0.38318826816689433,0.9286309196493023,1.509042536199112e-15,1.000000000000003,1.1124935281672508,1.7571239500939915e-15,False,True,False,False,True,True,False
k_proj,6,1234,adamw,1,1.5832708435390799,1.5832708435390799,1.5832708435390799,0.0,0.0,1.1746421732314639e-15,0.01744695202791406,0.02710903368336692,1.4854655535341106e-16,3.3406926993182594e-17,0.033349023487228284,0.9994437670859153,1.6386910068962484e-16,1.0000000000000013,1.0891372959431744,2.159861628176569e-16,False,True,False,False,True,True,False
k_proj,6,1234,adamw,10,1.2704970066267591,1.2366294528498158,1.2704970066267591,0.03386755377694328,0.0,0.295938067551175,0.14245364371099797,0.1570240083034443,7.275079755511387e-16,7.191182449370671e-16,0.21569450522783373,0.9765120119349437,1.0184096524533602e-15,0.9999999999999902,1.0940509740251416,7.639133100126566e-16,False,True,False,False,True,True,False
k_proj,6,1234,adamw,50,0.04482936654720574,0.052952868247222,0.04482936654720576,0.008123501700016258,2.0816681711721685e-17,1.1890875330301403,0.31871613857611625,0.30972434577213354,1.0703330452185023e-15,1.2770909915717914e-15,0.3807462183142439,0.9271256916717552,1.5709174010716251e-15,0.9999999999999961,1.191686213122661,1.0675119624348873e-15,False,True,False,False,True,True,False
k_proj,7,1234,adamw,1,1.6866799929728433,1.686679992972844,1.686679992972844,6.661338147750939e-16,6.661338147750939e-16,1.4340331393320338e-15,0.015715519531901912,0.028237343718450207,2.178745816703293e-17,1.833493228905701e-17,0.033019106654155736,0.999454829967607,3.9315102483342787e-17,1.0000000000000029,0.7155136747458527,2.0409528651535762e-17,False,True,False,False,True,True,False
k_proj,7,1234,adamw,10,1.3933700285364399,1.3964402097306163,1.3933700285364405,0.003070181194176458,6.661338147750939e-16,0.13797382829296664,0.12459045489713151,0.14761747188446478,9.667341435164379e-16,6.084761862975381e-16,0.1976619616483173,0.9803211246813112,1.1217269488090994e-15,0.9999999999999901,0.7681077014519821,9.468685202858576e-16,False,True,False,False,True,True,False
k_proj,7,1234,adamw,50,0.06957869098176439,0.06629354117853241,0.06957869098176445,0.003285149803231982,5.551115123125783e-17,0.7961540161938151,0.2552356322678825,0.25091660524598625,1.990861072156146e-15,2.422180666165906e-15,0.3164210492301821,0.9494627582579573,2.2768998315162345e-15,0.9999999999999973,1.0512259907629977,1.9618228568802976e-15,False,True,False,False,True,True,False
k_proj,8,1234,adamw,1,1.9401872555018473,1.9401872555018471,1.9401872555018471,2.220446049250313e-16,2.220446049250313e-16,1.2341610210533665e-15,0.02326349007303137,0.02820993724717011,9.67143527210343e-17,1.7919641088717853e-17,0.038462285517274354,0.9992619264999472,1.0269977449261901e-16,1.000000000000005,1.5921724805774213,1.1448447217419371e-16,False,True,False,False,True,True,False
k_proj,8,1234,adamw,10,1.5848670024832465,1.534828302044262,1.5848670024832465,0.05003870043898462,0.0,0.6751355451779685,0.19519277690669035,0.15826398506006284,1.0153126193752893e-15,9.505759372158356e-16,0.26756205751158063,0.963552527949263,1.3712113971993264e-15,0.9999999999999983,1.2634254998093015,1.2792461941060558e-15,False,True,False,False,True,True,False
k_proj,8,1234,adamw,50,0.06757340602224074,0.07948846590961765,0.06757340602224066,0.011915059887376914,8.326672684688674e-17,2.053863628738403,0.4359684635803215,0.28602660812453906,1.6588492579833375e-15,1.7242369996770225e-15,0.4925749302422845,0.8786069550351131,2.0676004990470125e-15,1.0000000000000058,1.311689550816565,1.6631006451898167e-15,False,True,False,False,True,True,False
k_proj,9,1234,adamw,1,1.4195303412651796,1.4195303412651794,1.4195303412651794,2.220446049250313e-16,2.220446049250313e-16,8.304606945860372e-16,0.030780074460420418,0.025923188983492385,1.597148989829125e-16,1.7525691403902985e-17,0.043391843832003806,0.9990588296996055,1.6031346134492928e-16,1.0000000000000036,1.235031873359525,3.177729619446743e-16,False,True,False,False,True,True,False
k_proj,9,1234,adamw,10,1.104985343694184,1.0884603422724475,1.1049853436941839,0.01652500142173663,2.220446049250313e-16,0.4334445098873965,0.24553582819414602,0.14089425445480658,4.9561318007186e-16,5.779427973892434e-16,0.30821837097597704,0.9513993177359096,7.572375680372825e-16,1.0000000000000022,1.114246520739587,5.745599609889583e-16,False,True,False,False,True,True,False
k_proj,9,1234,adamw,50,0.07545373875005919,0.0723946191421491,0.07545373875005917,0.0030591196079100824,1.3877787807814457e-17,1.146718484230131,0.4679471109405001,0.2679377492718601,1.3352352801898814e-15,1.7446412406575018e-15,0.5118313802094423,0.8647286966173232,1.8020409681340566e-15,1.0000000000000013,1.0164777498054354,1.2506073009717115e-15,False,True,False,False,True,True,False
k_proj,10,1234,adamw,1,1.515770983291158,1.515770983291158,1.515770983291158,0.0,0.0,1.0166678904969339e-15,0.030052080783730225,0.025594808110549747,2.910252696540746e-17,1.6657038551251918e-17,0.04348603563408428,0.9990574017191458,4.379319781931257e-17,1.000000000000011,1.718972807434506,3.972676253946843e-17,False,True,False,False,True,True,False
k_proj,10,1234,adamw,10,1.2290121356149184,1.1792830037415352,1.2290121356149186,0.04972913187338324,2.220446049250313e-16,1.096601480298818,0.24342370692586282,0.14745285407669415,6.643739590703356e-16,5.462622301179157e-16,0.30600942177945123,0.9532457884185148,8.504513247026962e-16,1.0000000000000044,1.2795990656192333,6.473768771790288e-16,False,True,False,False,True,True,False
k_proj,10,1234,adamw,50,0.0748704400211322,0.039899336449693804,0.07487044002113219,0.0349711035714384,1.3877787807814457e-17,3.9475606414155204,0.5051406676556623,0.3361974506237592,1.1369136853389265e-15,1.3404868664014993e-15,0.5640488938570655,0.8358161253332316,1.5585037316132865e-15,0.9999999999999891,1.16328511527413,1.085445205144804e-15,False,True,False,False,True,True,False
k_proj,11,1234,adamw,1,1.449036496671253,1.449036496671253,1.449036496671253,0.0,0.0,1.317247944990031e-15,0.033209922158992586,0.02858149739288087,5.833063930024307e-17,1.1345283332685476e-17,0.04642255105568842,0.9989227927656347,6.074295091164531e-17,1.0000000000000027,1.1139161537470799,4.3922980756729343e-17,False,True,False,False,True,True,False
k_proj,11,1234,adamw,10,1.1630587467930251,1.1498865163416168,1.163058746793025,0.013172230451408362,2.220446049250313e-16,0.22403598932381355,0.25586810165099055,0.16505265158459945,5.98724341014713e-16,6.939005434418792e-16,0.31530912310214165,0.949028429923163,9.258732100742868e-16,1.0000000000000024,1.1300339177470768,6.374341780370825e-16,False,True,False,False,True,True,False
k_proj,11,1234,adamw,50,0.06185425556154942,0.05078086130833457,0.06185425556154959,0.011073394253214852,1.6653345369377348e-16,1.56548107705455,0.49439551625007383,0.2831999530142893,1.39233426388975e-15,1.83851392975872e-15,0.5345096478620043,0.8510527317690073,1.9199476029388784e-15,1.000000000000002,1.1442898317477812,1.4034490295976399e-15,False,True,False,False,True,True,False
k_proj,12,1234,adamw,1,1.4039203967516087,1.4039203967516087,1.4039203967516087,0.0,0.0,9.077169648232185e-16,0.031107241176861866,0.027602719080953287,1.5399904481386768e-17,2.0318440828212763e-17,0.04271295762490758,0.9990874152701568,3.785234440893002e-17,1.000000000000002,1.6246633462388815,1.587405363839609e-17,False,True,False,False,True,True,False
k_proj,12,1234,adamw,10,1.131145391266869,1.0833631953770038,1.131145391266869,0.04778219588986521,0.0,1.1244733009976609,0.24447257437548484,0.16730103702124383,8.128231929737035e-16,5.126949861998742e-16,0.30983948966318486,0.9513164209846667,9.652584001927123e-16,1.000000000000009,1.2656692222913333,6.588262216808382e-16,False,True,False,False,True,True,False
k_proj,12,1234,adamw,50,0.05900397397060395,0.054916572542379916,0.05900397397060405,0.004087401428224037,9.71445146547012e-17,3.090563627301227,0.5089082540305899,0.2747378246006086,1.2326075743065514e-15,1.3688033827570573e-15,0.5496520710287179,0.8452264396324914,1.6578120788318288e-15,1.0000000000000033,1.1481431448800672,1.1476305543625063e-15,False,True,False,False,True,True,False
k_proj,13,1234,adamw,1,1.470580290455213,1.470580290455213,1.470580290455213,0.0,0.0,8.788487100469821e-16,0.030972315401517927,0.02468945278541389,1.803659734951141e-17,1.8403505615079564e-17,0.042521634011395915,0.9990957024548461,3.73048689092059e-17,1.0000000000000069,1.099894167126646,1.646229384939295e-17,False,True,False,False,True,True,False
k_proj,13,1234,adamw,10,1.15320294939533,1.142387168850126,1.15320294939533,0.010815780545204046,0.0,0.18505062209104536,0.24234443571433445,0.1265462741538989,6.275848367585155e-16,4.650428010593218e-16,0.2933343276168672,0.9563895997371308,7.763051924817041e-16,0.9999999999999986,1.0629744357353883,5.861249846148917e-16,False,True,False,False,True,True,False
k_proj,13,1234,adamw,50,0.07433617494096516,0.0610598607241229,0.07433617494096507,0.013276314216842257,8.326672684688674e-17,0.6673186316854681,0.46294970878179725,0.23774310065832627,9.427949622753673e-16,1.1673226963997776e-15,0.5025012415305609,0.8726103962490592,1.4055605375743464e-15,0.9999999999999953,1.2073547136557339,9.275315202409576e-16,False,True,False,False,True,True,False
k_proj,14,1234,adamw,1,1.4333714005563658,1.4333714005563654,1.4333714005563654,4.440892098500626e-16,4.440892098500626e-16,8.555566284434411e-16,0.027429345024408032,0.02706699123175656,2.0576792793512014e-17,1.9717626542306676e-17,0.040677287058895714,0.9991726395236373,3.8139788126405223e-17,1.000000000000007,1.2801250273424203,1.7063094387147346e-17,False,True,False,False,True,True,False
k_proj,14,1234,adamw,10,1.1475327811256975,1.1214577138390094,1.1475327811256972,0.02607506728668807,2.220446049250313e-16,0.2764997113065611,0.21430209642813647,0.14794761393034603,5.677495125772193e-16,5.202715666948107e-16,0.2765670810921107,0.9618094618896476,7.61142226142893e-16,1.0000000000000018,1.2194759751466928,5.602787940987954e-16,False,True,False,False,True,True,False
k_proj,14,1234,adamw,50,0.07012360091647078,0.061791743693158464,0.07012360091647074,0.008331857223312318,4.163336342344337e-17,0.9285015757226274,0.42742834971025584,0.25763304547575233,1.495484465491486e-15,1.879688792721836e-15,0.46890036958000614,0.8929541407616587,1.8736970015775804e-15,0.9999999999999938,1.1744666966516182,1.4847936342530333e-15,False,True,False,False,True,True,False
k_proj,15,1234,adamw,1,1.552250381275187,1.552250381275187,1.552250381275187,0.0,0.0,8.156545399699343e-16,0.028057341071264598,0.030547396863917078,8.441392153885546e-17,1.9029276496839627e-17,0.04316561015014084,0.9990686468123176,9.11361552164115e-17,1.000000000000004,1.1038490150121028,7.498283358902934e-17,False,True,False,False,True,True,False
k_proj,15,1234,adamw,10,1.2640824461525961,1.2547339299746552,1.2640824461525961,0.009348516177940969,0.0,0.15672193917407445,0.21562037961022568,0.16968486838457966,6.625561503146734e-16,6.536433156576019e-16,0.2836029784709181,0.9592968559279371,9.273620227946729e-16,0.9999999999999979,1.0982093214167188,6.679055250715607e-16,False,True,False,False,True,True,False
k_proj,15,1234,adamw,50,0.0993731113883372,0.0926093073222541,0.09937311138833722,0.006763804066083096,2.7755575615628914e-17,0.6332778810685791,0.4125330862688743,0.28781183387283094,3.48530734426788e-15,4.552090386487088e-15,0.4600295971233427,0.8951041410998819,3.830419338442157e-15,1.0000000000000013,1.0952804826734446,3.4978612840153085e-15,False,True,False,False,True,True,False
k_proj,16,1234,adamw,1,1.4171802908723368,1.4171802908723368,1.4171802908723368,0.0,0.0,6.488043167485025e-16,0.02952252074105595,0.026906174010769213,4.416733530895541e-16,1.7980826299237084e-17,0.044239535688312105,0.999020959603276,4.503540261765662e-16,1.0000000000000013,0.7761664081476669,5.312544844264062e-16,False,True,False,False,True,True,False
k_proj,16,1234,adamw,10,1.1248975968078578,1.1717318867017796,1.1248975968078578,0.0468342898939218,0.0,0.3229573979577507,0.2212426383831955,0.14874671946771087,7.271811428737093e-16,5.873566779978181e-16,0.27576186544674886,0.9614232982828598,9.289098046882272e-16,0.9999999999999951,0.766400992490171,8.029902170382717e-16,False,True,False,False,True,True,False
k_proj,16,1234,adamw,50,0.08252171773036131,0.09589627694828147,0.08252171773036111,0.013374559217920162,1.942890293094024e-16,0.9669681178990722,0.36950836848069013,0.28623861339143863,1.2920650720556688e-15,1.898898272643314e-15,0.4116000650858901,0.9114140687684587,1.815492651257455e-15,0.9999999999999956,1.1166398186692748,1.332003438276354e-15,False,True,False,False,True,True,False
k_proj,17,1234,adamw,1,1.3328393309119029,1.3328393309119027,1.3328393309119027,2.220446049250313e-16,2.220446049250313e-16,1.0825132926143561e-15,0.02070063730720616,0.02685716962470262,2.1815051375214436e-16,9.058898769088314e-18,0.03546384125078334,0.999371029209195,2.2298813377777184e-16,0.9999999999999941,0.7060355502772532,2.0417855083565664e-16,False,True,False,False,True,True,False
k_proj,17,1234,adamw,10,1.0653736356036256,1.101291744638618,1.0653736356036259,0.03591810903499226,2.220446049250313e-16,0.3678231241624251,0.1545536540014565,0.16204353619498485,6.260419810249675e-16,5.089524812119887e-16,0.22364048998860953,0.974847543247913,8.050778981337983e-16,0.9999999999999976,0.6926471388121569,6.235161207983873e-16,False,True,False,False,True,True,False
k_proj,17,1234,adamw,50,0.04855508919252091,0.06877850145048249,0.04855508919252094,0.02022341225796158,2.7755575615628914e-17,0.8530263246722524,0.27980310544758696,0.3380657115591645,1.3124404095152117e-15,1.73772588417816e-15,0.3442236282014933,0.9393656143367777,1.7600837246731924e-15,1.0000000000000009,1.4344908716355724,1.3119084857589752e-15,False,True,False,False,True,True,False
k_proj,18,1234,adamw,1,1.3590844462673957,1.3590844462673957,1.3590844462673957,0.0,0.0,1.0603050933112562e-15,0.021034478009108327,0.027593817435265146,1.529520854154053e-16,1.6195572773065662e-17,0.03548799264262117,0.9993701281558416,1.5296623665521878e-16,0.9999999999999973,0.7607332857370636,1.42235414137548e-16,False,True,False,False,True,True,False
k_proj,18,1234,adamw,10,1.072818636264907,1.1153110988255337,1.072818636264907,0.042492462560626665,0.0,0.31002432555271353,0.16029177026942418,0.15266354539935295,8.216325910736352e-16,6.277895624341965e-16,0.22409834154928418,0.9748826401190338,1.0299350953630873e-15,0.9999999999999991,0.7073096466998539,8.318123721683036e-16,False,True,False,False,True,True,False
k_proj,18,1234,adamw,50,0.05243354107948963,0.07650968767555692,0.052433541079489644,0.024076146596067292,1.3877787807814457e-17,1.3002856474300046,0.258094538803555,0.2980800374444116,1.2370154251485675e-15,1.3738616148584278e-15,0.32624694460084613,0.9454375082674691,1.6434199817605356e-15,1.0000000000000013,1.3627080861290877,1.237126419529412e-15,False,True,False,False,True,True,False
k_proj,19,1234,adamw,1,1.3616547642234498,1.3616547642234496,1.3616547642234496,2.220446049250313e-16,2.220446049250313e-16,7.238755758695694e-16,0.02333288258874148,0.027693979519086167,1.7355804000921182e-17,2.829172163548494e-17,0.03867952710764052,0.9992523229012531,4.4338231817631725e-17,0.9999999999999956,0.8119266603762197,1.6274802511314606e-17,False,True,False,False,True,True,False
k_proj,19,1234,adamw,10,1.0891233458283893,1.102525695352018,1.0891233458283895,0.01340234952362862,2.220446049250313e-16,0.1859911685855922,0.17628460609293997,0.15042195465661776,5.736671768866622e-16,5.398132298891704e-16,0.2390978021449595,0.9711447084708267,7.714115477774168e-16,0.9999999999999972,0.8316146929898248,4.962357582720254e-16,False,True,False,False,True,True,False
k_proj,19,1234,adamw,50,0.04358634060801847,0.05703607691414003,0.043586340608018394,0.013449736306121562,7.632783294297951e-17,0.7095947533730995,0.3119852675917042,0.25638406343739917,1.3704194370368884e-15,1.6895097227789414e-15,0.3692915970013898,0.9307418255118185,1.7983596354287415e-15,0.9999999999999967,1.1630194202503292,1.3550555359995688e-15,False,True,False,False,True,True,False
k_proj,20,1234,adamw,1,1.2207769555353538,1.220776955535354,1.220776955535354,2.220446049250313e-16,2.220446049250313e-16,1.0299935964963387e-15,0.025904204107132765,0.029663675913013592,2.9158142790393144e-17,2.084940340599446e-17,0.04099516087017411,0.9991594317783694,4.6961590926860257e-17,0.9999999999999969,0.7467942162888078,3.2115297419841515e-17,False,True,False,False,True,True,False
k_proj,20,1234,adamw,10,0.9610181070064661,0.9959601884313668,0.9610181070064661,0.03494208142490074,0.0,0.40776675430068615,0.1942244982833165,0.17209743357249732,5.418425465879383e-16,4.602192545817994e-16,0.2642608452659572,0.9645324585547429,6.970109074727729e-16,1.0000000000000027,0.7133640275990203,5.216080023431197e-16,False,True,False,False,True,True,False
k_proj,20,1234,adamw,50,0.046271658866522285,0.04953257949363841,0.04627165886652237,0.0032609206271161234,8.326672684688674e-17,0.9481625037581619,0.33321781199271655,0.31513477404337964,1.0379625493827534e-15,1.4477134372415565e-15,0.38404515697176844,0.9237228922558742,1.5464565495924008e-15,1.0000000000000004,1.1653298378823125,1.0525486708959696e-15,False,True,False,False,True,True,False
k_proj,21,1234,adamw,1,1.2684408870310824,1.2684408870310826,1.2684408870310826,2.220446049250313e-16,2.220446049250313e-16,9.202714925875612e-16,0.03637233269844949,0.029534179588111158,5.2195825426332736e-15,1.9374384677773416e-17,0.051084068079285075,0.9986945029838419,5.102509485881894e-15,1.0000000000000069,0.9131087369019533,1.2728702845371573e-14,False,True,False,False,True,True,False
k_proj,21,1234,adamw,10,1.021629013168507,1.0303129039223144,1.021629013168507,0.008683890753807377,0.0,0.19415995825014232,0.26672413864819505,0.16138418426730294,5.318601366045127e-15,5.0376030732613836e-15,0.32708830549594187,0.9451244380911512,6.641792775915239e-15,1.000000000000007,0.921237094945326,1.2149983313185893e-14,False,True,False,False,True,True,False
k_proj,21,1234,adamw,50,0.04405584786501802,0.04479206710949304,0.04405584786501789,0.0007362192444750199,1.249000902703301e-16,0.676235232066408,0.4817880000388887,0.2719740446383245,8.715177773645948e-15,1.2392623346641563e-14,0.5214449542998477,0.8547813910364102,1.1570748465363321e-14,0.999999999999997,0.9788847082584297,1.3063630924761125e-14,False,True,False,False,True,True,False
k_proj,22,1234,adamw,1,1.3095932875639305,1.3095932875639305,1.3095932875639305,0.0,0.0,7.577384757678571e-16,0.03691035086007865,0.026019643513051957,1.9211378947210043e-17,1.3196314924345871e-17,0.04876953400732857,0.9988106743398139,3.3773852623984875e-17,0.999999999999996,0.8908026080452831,3.4721947628294354e-17,False,True,False,False,True,True,False
k_proj,22,1234,adamw,10,1.065265460204004,1.0742890446712121,1.065265460204004,0.00902358446720819,0.0,0.1768671273000871,0.2762434918415583,0.12081622923180636,4.906161008167621e-16,5.299453245828403e-16,0.3230701085645695,0.9464019787580464,7.158917349052919e-16,0.9999999999999972,0.895076004053084,5.266144113169301e-16,False,True,False,False,True,True,False
k_proj,22,1234,adamw,50,0.038704241690473595,0.04237606644920324,0.038704241690473616,0.0036718247587296457,2.0816681711721685e-17,0.7535447401510318,0.5103047174171763,0.2505119422185947,9.880203408495438e-16,1.1040131910241355e-15,0.5374534484488391,0.8437891303591939,1.2943129793847987e-15,0.999999999999997,1.0104331706436342,9.548986946727356e-16,False,True,False,False,True,True,False
k_proj,23,1234,adamw,1,1.2613600404275658,1.2613600404275658,1.2613600404275658,0.0,0.0,8.180163012820407e-16,0.039553286936772215,0.026372041654082613,1.3711170082710812e-16,1.7601104260150413e-17,0.05143278523330234,0.9986764585152736,1.2937012174733516e-16,0.9999999999999996,0.909214065886706,3.6520736251915453e-16,False,True,False,False,True,True,False
k_proj,23,1234,adamw,10,1.022253640256842,1.03610961694772,1.022253640256842,0.013855976690877903,0.0,0.2177289169994475,0.2876314772237527,0.13873865459387436,5.372570760890088e-16,4.527485256093718e-16,0.33476663062776674,0.9424437522544472,6.896330025955459e-16,0.9999999999999997,0.9108184338204754,6.763548926601545e-16,False,True,False,False,True,True,False
k_proj,23,1234,adamw,50,0.05466797511619326,0.07070676411881742,0.05466797511619321,0.016038789002624163,4.85722573273506e-17,0.7133284311949701,0.5415519566804876,0.22788390385125865,1.0872097604045882e-15,1.2446028699261648e-15,0.5546721781744834,0.8330606152226134,1.4767735036831355e-15,1.0000000000000029,0.9715035103463378,1.1741595952351563e-15,False,True,False,False,True,True,False
v_proj,0,1234,adamw,1,1.0651346310656737,1.0651346310656737,1.0651346310656737,0.0,0.0,8.146606935404382e-16,0.4948771076341183,2.0513894465863382e-17,7.872661824280429e-17,2.0513894465863382e-17,0.5877471864165988,0.8693497344605161,8.382443515828429e-17,1.0000000000000013,235.65886479454318,1.4275412411378333e-16,False,True,False,True,True,False,False
v_proj,0,1234,adamw,10,0.8498013724707468,0.9285171026734022,0.8498013724707469,0.07871573020265532,1.1102230246251565e-16,0.9981879571425127,0.38742204029758165,0.2711410128697099,6.565089553481364e-16,3.4490025394176996e-16,0.4586075316285738,0.8887023112407559,7.629077538457211e-16,1.0000000000000033,126.23307998815284,4.997006793132526e-16,False,True,False,True,True,False,False
v_proj,0,1234,adamw,50,0.05289495922290909,0.10501116796651828,0.05289495922290908,0.05211620874360919,1.3877787807814457e-17,1.2343790602333973,0.6037773888938719,0.6600956927051792,1.0402226433457477e-15,9.556202225734795e-16,0.7595646440046248,0.6526976911570403,1.2661626918281814e-15,1.0000000000000067,63.42132599721121,9.314377718745177e-16,False,True,False,True,True,False,False
v_proj,1,1234,adamw,1,0.9955878173792528,0.9955878173792531,0.9955878173792531,2.220446049250313e-16,2.220446049250313e-16,6.496231500803932e-16,0.030593935890356166,2.260523504451336e-17,1.9898066273953524e-17,2.260523504451336e-17,0.03571171356419854,0.9993658021298049,4.081240788563252e-17,0.9999999999999998,2.221926106899534,1.735943540887334e-17,False,True,False,True,True,False,False
v_proj,1,1234,adamw,10,0.7742214267700648,0.7360088469454314,0.7742214267700646,0.03821257982463333,2.220446049250313e-16,2.2717715131635954,0.20292979313213694,0.09116996051616637,4.190302671087612e-16,3.6447292409340954e-16,0.2308846843955815,0.9730440818609283,5.70098444936717e-16,0.9999999999999927,1.2346324844363468,3.699227377872441e-16,False,True,False,True,True,False,False
v_proj,1,1234,adamw,50,0.08673207765576925,0.04047750484655772,0.08673207765576922,0.04625457280921153,2.7755575615628914e-17,3.6210062642688494,0.31818266215293844,0.2821008652670676,1.332969793152758e-15,1.5888936031608148e-15,0.3899737774216362,0.921189353866022,1.6469020538811844e-15,1.0000000000000093,1.0565047755858121,1.358497843429795e-15,False,True,False,True,True,False,False
v_proj,2,1234,adamw,1,1.0284965515273006,1.0284965515273006,1.0284965515273006,0.0,0.0,5.624495000631958e-16,0.02064973722167406,1.734086107945413e-17,2.3346796694442965e-17,1.734086107945413e-17,0.02455717765163212,0.9996984378880315,3.852117973201482e-17,1.0,0.8236298975401263,2.151788741650865e-17,False,True,False,True,True,False,False
v_proj,2,1234,adamw,10,0.8110457301208163,0.7972230598132078,0.8110457301208163,0.01382267030760842,0.0,0.48507616545531806,0.1504361809584354,0.03374882577170679,3.3843389224403884e-16,3.6691360703942447e-16,0.17131231407183548,0.9852488759100726,5.018930154230929e-16,0.999999999999998,0.7034855017053254,3.259784382472669e-16,False,True,False,True,True,False,False
v_proj,2,1234,adamw,50,0.04041679715417791,0.03840148882432468,0.04041679715417791,0.0020153083298532284,0.0,2.1333092632860726,0.2662227787535194,0.11468993025246624,8.050689221961103e-16,8.720430955782732e-16,0.2810315057652926,0.9609009616136391,1.0649813479433804e-15,0.999999999999997,0.9336491878652445,8.064623450288434e-16,False,True,False,True,True,False,False
v_proj,3,1234,adamw,1,1.1953083543112848,1.1953083543112848,1.1953083543112848,0.0,0.0,6.241860014014964e-16,0.01964181127391895,1.5645082667159213e-17,9.651875715947287e-15,1.5645082667159213e-17,0.02347790921371463,0.9997244157954842,9.273099049315354e-15,1.0000000000000053,0.9383446732635343,1.2904273410497998e-14,False,True,False,True,True,False,False
v_proj,3,1234,adamw,10,0.945779534683948,0.9286001459665808,0.945779534683948,0.01717938871736724,0.0,0.3315942803089543,0.15294341049532725,0.037828898163620096,8.974018417040233e-15,1.652137645055016e-15,0.17612530185908593,0.9843949330696095,8.925610668274726e-15,0.9999999999999964,0.8344256010906483,1.1907164554828926e-14,False,True,False,True,True,False,False
v_proj,3,1234,adamw,50,0.04131403737675476,0.0361190972964442,0.04131403737675462,0.005194940080310559,1.3877787807814457e-16,1.319853141473611,0.2854014112020318,0.08897029739158711,7.435057590630025e-15,2.9050009882903805e-15,0.30049346529886006,0.9557404073981488,7.444371363455734e-15,0.9999999999999963,0.948448055748425,9.689590755416987e-15,False,True,False,True,True,False,False
v_proj,4,1234,adamw,1,1.2333253573295468,1.2333253573295468,1.2333253573295468,0.0,0.0,8.642853348471074e-16,0.022556751812114875,1.3301916280873038e-17,1.749038775107088e-16,1.3301916280873038e-17,0.025383651661231126,0.999677785425657,1.8213642139048779e-16,1.0,1.5496923796181252,1.6097219516365009e-16,False,True,False,True,True,False,False
v_proj,4,1234,adamw,10,0.983953615826537,0.9509452821617836,0.983953615826537,0.03300833366475331,0.0,0.7542825642179096,0.1810392136352169,0.05970076634529511,4.3071939878554867e-16,4.3094231798921543e-16,0.2112457618319147,0.9776839683612311,6.26406502222296e-16,1.0000000000000058,1.1918044948304665,4.3692183368972814e-16,False,True,False,True,True,False,False
v_proj,4,1234,adamw,50,0.06804507196938613,0.049838217802138006,0.06804507196938611,0.01820685416724812,1.3877787807814457e-17,2.3387516178585264,0.3596847428289365,0.17359853510445844,1.3916962378838802e-15,1.137272329574307e-15,0.39012850798455906,0.9257975084283635,1.6468699320227177e-15,0.9999999999999967,1.0498470741394343,1.0666371819399048e-15,False,True,False,True,True,False,False
v_proj,5,1234,adamw,1,1.2572939278939694,1.2572939278939694,1.2572939278939694,0.0,0.0,1.0806527216005822e-15,0.02102566533779949,1.3971916159225118e-17,1.5271650273804334e-17,1.3971916159225118e-17,0.02400111684939209,0.9997123661354792,3.3542879472232503e-17,1.000000000000004,1.138617895054308,2.1342076555867755e-17,False,True,False,True,True,False,False
v_proj,5,1234,adamw,10,1.001262106320504,0.9866927834279786,1.0012621063205038,0.014569322892525438,2.220446049250313e-16,0.1917386941945298,0.16037620725104412,0.03590266048558921,5.987315767169227e-16,5.474088255219847e-16,0.18134255457310636,0.9839645429073176,8.161575011810264e-16,0.9999999999999987,1.0842436397495774,5.752845522317982e-16,False,True,False,True,True,False,False
v_proj,5,1234,adamw,50,0.0378929111553793,0.03928307476454878,0.0378929111553793,0.0013901636091694786,0.0,1.1159152202228253,0.3100867387771934,0.08553244952352738,1.2226809011440893e-15,1.495821321121595e-15,0.3220037458897165,0.952204310226785,1.6210059393196308e-15,0.9999999999999982,0.9948067973987794,1.2269822991357779e-15,False,True,False,True,True,False,False
v_proj,6,1234,adamw,1,1.2145441275426732,1.2145441275426734,1.2145441275426734,2.220446049250313e-16,2.220446049250313e-16,6.82183215330278e-16,0.01745533032492712,1.0917102615554217e-17,1.0776125710968044e-16,1.0917102615554217e-17,0.019841000140455575,0.9998032105628833,1.1302406620582107e-16,0.9999999999999891,1.0610987696782137,9.592514745278184e-17,False,True,False,True,True,False,False
v_proj,6,1234,adamw,10,0.973103095309375,0.9582874535085733,0.9731030953093751,0.014815641800801749,1.1102230246251565e-16,0.3653926662827019,0.13874920008538744,0.041923210758670296,5.232208518642905e-16,5.481024221083747e-16,0.15992720097731447,0.9872780390865616,7.63305762625382e-16,0.9999999999999963,0.956001103635098,4.836460876544571e-16,False,True,False,True,True,False,False
v_proj,6,1234,adamw,50,0.04309364757381005,0.04057749341530712,0.04309364757380999,0.0025161541585029257,5.551115123125783e-17,1.5827622300492445,0.2806145502496134,0.1490867218694204,9.246458892978948e-16,1.0489628583394851e-15,0.3052656225740681,0.9553578698766263,1.2584549369800786e-15,1.000000000000002,1.0416575059068696,8.9729374304371e-16,False,True,False,True,True,False,False
v_proj,7,1234,adamw,1,1.1939868774874038,1.193986877487404,1.193986877487404,2.220446049250313e-16,2.220446049250313e-16,7.977588467696588e-16,0.015728800281839487,1.8639094647799616e-17,2.783990901833853e-16,1.8639094647799616e-17,0.01818408212536979,0.9998347318501513,2.670714091683615e-16,1.0000000000000013,0.7223980061608968,3.342858142209908e-16,False,True,False,True,True,False,False
v_proj,7,1234,adamw,10,0.9237133533694717,0.922927764868621,0.9237133533694717,0.0007855885008506425,0.0,0.04710660787073198,0.12125503048910205,0.020723209183394,5.423324725865779e-16,4.640288885260574e-16,0.1367134257431398,0.9908741218969608,7.020619005024651e-16,0.9999999999999983,0.7303280447933347,5.812342229700403e-16,False,True,False,True,True,False,False
v_proj,7,1234,adamw,50,0.0339908399436124,0.032752899466947406,0.0339908399436124,0.001237940476664992,0.0,0.3816007724560037,0.22268131238007544,0.05377161473844954,9.837011325517213e-16,1.1919292829749585e-15,0.2293527183057542,0.9752097974974484,1.3800595828037863e-15,0.9999999999999901,0.8582053877366302,1.0407905816908766e-15,False,True,False,True,True,False,False
v_proj,8,1234,adamw,1,1.1001060273064613,1.1001060273064613,1.1001060273064613,0.0,0.0,1.0019933905750032e-15,0.023243886263904872,1.4936501247516672e-17,2.6284937409423087e-17,1.4936501247516672e-17,0.027919692712370076,0.9996111881461625,4.0518175838190115e-17,1.0000000000000004,1.540940183805196,2.760539598984465e-17,False,True,False,True,True,False,False
v_proj,8,1234,adamw,10,0.8877993725036785,0.8696620963216614,0.8877993725036785,0.018137276182017104,0.0,0.9885103772586348,0.1763372510933045,0.05858673565292965,4.922858573801801e-16,5.37578181290262e-16,0.21491014909045658,0.9768613540766662,7.425822382598832e-16,0.9999999999999949,1.2001186020034755,4.70502032388645e-16,False,True,False,True,True,False,False
v_proj,8,1234,adamw,50,0.07347087484702913,0.04234243692613628,0.07347087484702912,0.03112843792089285,1.3877787807814457e-17,2.147675269319027,0.3840309472664217,0.2628329658289662,1.1077033338169011e-15,1.1018077062615681e-15,0.42694870378370253,0.9081648424720625,1.4130316517754008e-15,1.0000000000000013,1.1294455139373338,1.0929011106345087e-15,False,True,False,True,True,False,False
v_proj,9,1234,adamw,1,1.232673848400184,1.2326738484001842,1.2326738484001842,2.220446049250313e-16,2.220446049250313e-16,6.011800954903284e-16,0.030803514232270388,1.5334091974771563e-17,1.4267159964269353e-16,1.5334091974771563e-17,0.037352204463720534,0.9993049876011154,1.3629613874207051e-16,0.9999999999999889,1.196383789464323,1.0572479369632115e-15,False,True,False,True,True,False,False
v_proj,9,1234,adamw,10,0.99509463591702,0.9788842350854466,0.99509463591702,0.016210400831573324,0.0,0.3688285614569859,0.23337906974374004,0.044541882242721965,5.765990151609962e-16,6.792857581952633e-16,0.2783409260292987,0.960691878412363,8.814174058547585e-16,1.0000000000000042,1.1171773480635152,1.1320268565993926e-15,False,True,False,True,True,False,False
v_proj,9,1234,adamw,50,0.14652911105004007,0.09477555494412572,0.14652911105004005,0.05175355610591435,2.7755575615628914e-17,1.2549546254293347,0.42405365573532655,0.21309638794378144,1.5280509247340082e-15,1.7620370480151868e-15,0.46775695714982835,0.8874726987364663,1.894382111628867e-15,1.0000000000000004,1.2864749335353276,1.730665675755212e-15,False,True,False,True,True,False,False
v_proj,10,1234,adamw,1,1.3497752382982533,1.3497752382982533,1.3497752382982533,0.0,0.0,8.249391323933171e-16,0.030096829146452952,8.175574626773009e-16,3.6484552488014716e-17,8.175574626773009e-16,0.0330895694860684,0.9994525654665367,8.009941295093363e-16,0.999999999999998,1.7262875394991155,5.1373121715859024e-17,False,True,False,True,True,False,False
v_proj,10,1234,adamw,10,1.103824996980326,1.055522741893375,1.103824996980326,0.04830225508695096,0.0,0.8852446147271485,0.24535925580563445,0.08650349262106813,7.580645834491282e-16,9.147718920697796e-16,0.28562966560678216,0.9594805985892997,1.1330892721583118e-15,1.0000000000000018,1.3349991867454725,7.575527123748402e-16,False,True,False,True,True,False,False
v_proj,10,1234,adamw,50,0.04461240092561477,0.03680676344371717,0.044612400925614804,0.007805637481897595,3.469446951953614e-17,3.097910458027053,0.5031176595895438,0.17590987589050905,1.614641438991163e-15,2.0709523779251655e-15,0.5249547238197447,0.862150234476047,2.106121926285266e-15,0.9999999999999958,1.0680316298733925,1.659611335632334e-15,False,True,False,True,True,False,False
v_proj,11,1234,adamw,1,1.2168129365611662,1.2168129365611657,1.2168129365611657,4.440892098500626e-16,4.440892098500626e-16,7.836287307114461e-16,0.03326087484583473,8.298860958406704e-18,2.5326358613471097e-17,8.298860958406704e-18,0.03827716375566525,0.9992704342762698,3.348500262603149e-17,1.0000000000000018,1.1413798835777713,3.733556325755963e-17,False,True,False,True,True,False,False
v_proj,11,1234,adamw,10,0.9652749076447251,0.957088563769037,0.9652749076447252,0.008186343875688173,1.1102230246251565e-16,0.15744241865062994,0.2456903148520027,0.043642295434308094,5.647134589919655e-16,4.695620969521811e-16,0.27369617305414196,0.9621926756484258,7.400700377741469e-16,0.9999999999999996,1.1052096305125594,6.003777722314011e-16,False,True,False,True,True,False,False
v_proj,11,1234,adamw,50,0.057124773115595,0.05254986975911835,0.05712477311559505,0.004574903356476652,4.85722573273506e-17,0.8310903950477999,0.4682573608214563,0.13717992064842943,1.2412333464827393e-15,1.4554991495391475e-15,0.47582291790185444,0.8852626877053574,1.6148477982299101e-15,1.0000000000000098,1.1097776780315292,1.19387172780899e-15,False,True,False,True,True,False,False
v_proj,12,1234,adamw,1,1.2770031195345555,1.2770031195345555,1.2770031195345555,0.0,0.0,8.983951660263028e-16,0.031120365313564678,1.7536294740091625e-16,1.5383014931338538e-16,1.7536294740091625e-16,0.034777280393049434,0.9993951236295614,2.347522786513439e-16,0.9999999999999949,1.5761657422655295,9.78702723965241e-17,False,True,False,True,True,False,False
v_proj,12,1234,adamw,10,1.0331189887635,0.9973546407953394,1.0331189887635002,0.035764347968160526,2.220446049250313e-16,1.2068809428099585,0.24380838375416322,0.07891264824588888,6.204472233446657e-16,6.1194600674731975e-16,0.28187966858796576,0.9601828057345143,8.603643693942565e-16,0.9999999999999999,1.2202617760601233,5.984417294619084e-16,False,True,False,True,True,False,False
v_proj,12,1234,adamw,50,0.06079445415824545,0.05219236323196533,0.060794454158245366,0.008602090926280122,8.326672684688674e-17,2.292944021828977,0.4981777871791475,0.1856664300786755,1.350991138370466e-15,1.4488921498593948e-15,0.5235699850275463,0.8604608383496548,1.6375378848269375e-15,0.9999999999999988,1.1674308964992681,1.3096596726468598e-15,False,True,False,True,True,False,False
v_proj,13,1234,adamw,1,1.1910491654562239,1.1910491654562239,1.1910491654562239,0.0,0.0,7.241162907287282e-16,0.030972040096760092,1.1908971879127655e-17,3.250070071325939e-14,1.1908971879127655e-17,0.03618988603093413,0.999345291087202,3.4225922223612556e-14,1.0000000000000033,1.108212413799316,2.1462790196230867e-14,False,True,False,True,True,False,False
v_proj,13,1234,adamw,10,0.9515289938033841,0.9427568160728391,0.9515289938033838,0.00877217773054495,2.220446049250313e-16,0.15056121405963344,0.22895774956026155,0.03595328015611026,2.987315780698759e-14,2.904565967677027e-15,0.2557262207985375,0.9672085595018733,3.1084297848694984e-14,1.0000000000000036,1.0758478639701803,1.9649848104329994e-14,False,True,False,True,True,False,False
v_proj,13,1234,adamw,50,0.060423716125982796,0.06068316757001496,0.06042371612598233,0.000259451444032166,4.649058915617843e-16,0.9087812174893988,0.43457558035118615,0.11908809723112665,2.3782311356127742e-14,1.0833218787634642e-14,0.4503332721651049,0.8990129796451787,2.5337196318618347e-14,1.0000000000000013,1.0919586506582681,1.6543094661604098e-14,False,True,False,True,True,False,False
v_proj,14,1234,adamw,1,1.3103062868880655,1.3103062868880653,1.3103062868880653,2.220446049250313e-16,2.220446049250313e-16,8.991284799267404e-16,0.02744751532124303,1.5155055955474076e-16,1.5110391188402592e-17,1.5155055955474076e-16,0.03212567585541746,0.9994841659421225,1.570422030579544e-16,0.9999999999999925,1.3370397985923919,1.5813574566722972e-17,False,True,False,True,True,False,False
v_proj,14,1234,adamw,10,1.0803896480945336,1.0673202170985336,1.0803896480945336,0.013069430995999998,0.0,0.2774500350052013,0.20233580610132199,0.05132148999751902,5.194304137849581e-16,6.266688915889454e-16,0.231950950100467,0.9736645652309074,8.065600867897374e-16,1.0000000000000022,1.1808079130441416,5.180697614179126e-16,False,True,False,True,True,False,False
v_proj,14,1234,adamw,50,0.08161359759711802,0.06908400269299263,0.08161359759711832,0.01252959490412539,3.0531133177191805e-16,1.3291313304068568,0.4226686596471104,0.2290703193882371,3.170366050669918e-15,3.612498417540581e-15,0.45269421804410065,0.9002033888839909,3.43872278193271e-15,1.000000000000008,1.0576667172847114,3.1829045562137703e-15,False,True,False,True,True,False,False
v_proj,15,1234,adamw,1,1.2599654328244596,1.2599654328244598,1.2599654328244598,2.220446049250313e-16,2.220446049250313e-16,9.532989461372636e-16,0.028079817215232363,1.5023359283294076e-17,2.242400345786439e-17,1.5023359283294076e-17,0.03393220966938142,0.9994243075055408,3.8765796207718114e-17,0.9999999999999938,1.1416626923038224,1.8209612114136463e-17,False,True,False,True,True,False,False
v_proj,15,1234,adamw,10,1.009662361995745,1.0020340033939166,1.0096623619957448,0.007628358601828422,2.220446049250313e-16,0.1423965662983221,0.208364021261303,0.03539628823001203,7.675454704599118e-16,5.497229928649497e-16,0.23753150348767565,0.972107685249116,9.28441658012336e-16,1.0000000000000036,1.084507444043831,7.468991513293401e-16,False,True,False,True,True,False,False
v_proj,15,1234,adamw,50,0.038903750522776316,0.03753643139171096,0.03890375052277633,0.0013673191310653587,1.3877787807814457e-17,1.017163815573504,0.396581663341925,0.07830164025705293,1.2360893435056541e-15,1.2345019999942797e-15,0.40646825516418406,0.9210971136511137,1.5607555818088807e-15,0.9999999999999969,1.0164272040021618,1.2109231437025374e-15,False,True,False,True,True,False,False
v_proj,16,1234,adamw,1,1.2706575497709576,1.270657549770957,1.270657549770957,6.661338147750939e-16,6.661338147750939e-16,7.81801575331258e-16,0.02949350008476548,1.514073854803221e-17,3.2305661525914296e-16,1.514073854803221e-17,0.03553954487252528,0.9993695748273255,3.323425956015643e-16,0.9999999999999889,0.7777654778011551,2.427702990562032e-16,False,True,False,True,True,False,False
v_proj,16,1234,adamw,10,1.0133231461216885,1.047891971431986,1.0133231461216885,0.03456882531029759,0.0,0.33508866428798734,0.21290054089104518,0.0568951359248128,8.536352254857689e-16,5.792791249683834e-16,0.24190024285275818,0.9710296627994282,1.0168288416088915e-15,0.9999999999999982,0.7674534500545632,7.72347183841158e-16,False,True,False,True,True,False,False
v_proj,16,1234,adamw,50,0.04847269886731461,0.0725052520706012,0.04847269886731462,0.024032553203286587,6.938893903907228e-18,1.1878052810940856,0.34419956636624316,0.171309079962917,1.2688073229494564e-15,1.4419422321640964e-15,0.36058374179687375,0.9331814163459475,1.6345728863935174e-15,1.0000000000000027,1.2448874864194581,1.251400639871693e-15,False,True,False,True,True,False,False
v_proj,17,1234,adamw,1,1.3013564831655204,1.3013564831655204,1.3013564831655204,0.0,0.0,8.781305294042076e-16,0.020713867387156543,1.397294067541489e-17,2.2924651686673434e-15,1.397294067541489e-17,0.024313467369430717,0.9997045642880986,2.044886809886921e-15,0.999999999999996,0.7032932427540733,2.079598574977471e-15,False,True,False,True,True,False,False
v_proj,17,1234,adamw,10,1.0414789981035355,1.0755489547356074,1.0414789981035355,0.03406995663207191,0.0,0.3473447568089205,0.15099917354907505,0.052217620692109556,2.212250689240364e-15,7.716121997114327e-16,0.1682815959617816,0.9861969474751173,2.128011308117208e-15,0.9999999999999963,0.7134566826012158,2.0249738151898094e-15,False,True,False,True,True,False,False
v_proj,17,1234,adamw,50,0.04524205872686995,0.05752643435694916,0.04524205872686998,0.012284375630079211,3.469446951953614e-17,1.128140528018889,0.2287446993833172,0.19551149845221938,2.4000546297131895e-15,2.410761298787929e-15,0.24953359529237415,0.9683661915256099,2.6662306506247284e-15,0.9999999999999973,1.484467006782899,2.314186522421217e-15,False,True,False,True,True,False,False
v_proj,18,1234,adamw,1,1.4790496352225053,1.4790496352225053,1.4790496352225053,0.0,0.0,1.1673224802813137e-15,0.021042576809940632,1.166294024170452e-16,3.04820217860044e-17,1.166294024170452e-16,0.02348147263426027,0.9997243866116368,1.2383002643249094e-16,0.9999999999999976,0.7613898952801029,3.011506748962743e-17,False,True,False,True,True,False,False
v_proj,18,1234,adamw,10,1.202994438182316,1.240000673760181,1.202994438182316,0.037006235577864866,0.0,0.33825444446168684,0.15711497671201152,0.056546334116124544,6.878581881761282e-16,6.912991403325221e-16,0.17327598410539025,0.9853945682744958,9.673579091594174e-16,0.9999999999999999,0.7774680509693034,6.658339180817496e-16,False,True,False,True,True,False,False
v_proj,18,1234,adamw,50,0.0726851827298652,0.10284383767121669,0.07268518272986528,0.03015865494135149,8.326672684688674e-17,1.0757072084281993,0.2460381854946433,0.18048065228386656,1.3550279356218508e-15,1.5880573601256047e-15,0.26003667736276936,0.9656721743252401,1.7591449303896272e-15,1.0000000000000069,1.6973685684107669,1.3258790787796138e-15,False,True,False,True,True,False,False
v_proj,19,1234,adamw,1,1.4008143942551907,1.4008143942551907,1.4008143942551907,0.0,0.0,6.891641276587204e-16,0.023318354567928797,1.5177048851549678e-17,1.8728195868796926e-17,1.5177048851549678e-17,0.025789392554540755,0.99966750181889,3.5252404013551025e-17,0.9999999999999996,0.8232769818133513,1.798707180394736e-17,False,True,False,True,True,False,False
v_proj,19,1234,adamw,10,1.1070766699762558,1.1224770132783883,1.1070766699762555,0.01540034330213258,2.220446049250313e-16,0.18522521264716293,0.17900311053711154,0.033343478544484675,4.472767398361804e-16,4.878381643274758e-16,0.19916472059818616,0.9805189609596632,6.626006546745675e-16,0.9999999999999931,0.8130960826576704,4.544777465012214e-16,False,True,False,True,True,False,False
v_proj,19,1234,adamw,50,0.0603893451594967,0.06655388082363974,0.06038934515949668,0.006164535664143038,2.0816681711721685e-17,0.7450004654343256,0.31913254416616504,0.13706817176500297,8.742056819835683e-16,1.2226464244712335e-15,0.32334687068043877,0.9482428166478496,1.3201717342933232e-15,1.000000000000004,1.138242011867356,8.797308901453012e-16,False,True,False,True,True,False,False
v_proj,20,1234,adamw,1,1.6435062727635918,1.6435062727635918,1.6435062727635918,0.0,0.0,8.056554766058747e-16,0.025911967207398637,1.7615791026346455e-17,3.514312660200585e-17,1.7615791026346455e-17,0.030472248304703086,0.9995356525029301,4.7941420572907896e-17,0.9999999999999951,0.7377147214928,2.2058274490430997e-17,False,True,False,True,True,False,False
v_proj,20,1234,adamw,10,1.3277730144640107,1.376354947763594,1.3277730144640107,0.04858193329958316,0.0,0.3208322758301784,0.19479557803158942,0.05918685538297349,6.316492547664972e-16,5.729312725952332e-16,0.2188493153597389,0.9762077082046946,8.252085329427739e-16,0.9999999999999978,0.7163702673202497,6.25612644797123e-16,False,True,False,True,True,False,False
v_proj,20,1234,adamw,50,0.060742138420550346,0.0940272601471142,0.060742138420550484,0.03328512172656385,1.3877787807814457e-16,1.0112043243608877,0.3238942086806961,0.184363446720759,9.633544351989244e-16,1.1950535223633317e-15,0.3299284970082372,0.9440209043277483,1.4016192355785226e-15,1.0,1.150874625198768,9.697597522793322e-16,False,True,False,True,True,False,False
v_proj,21,1234,adamw,1,1.6575138907667097,1.6575138907667097,1.6575138907667097,0.0,0.0,1.4546699122628014e-15,0.03641472708657594,1.6292321186319154e-17,1.5636458428961254e-15,1.6292321186319154e-17,0.0377622851725049,0.9992877565716856,1.6331940843238147e-15,1.0000000000000016,0.9044935085660765,3.644198215757736e-15,False,True,False,True,True,False,False
v_proj,21,1234,adamw,10,1.36259662486988,1.3735907703315424,1.3625966248698802,0.010994145461662441,2.220446049250313e-16,0.09538191048587895,0.2742232594769423,0.03635630119043122,1.6981174640898836e-15,9.373226938383456e-16,0.2876787347410358,0.9579923806823822,1.9437765399569535e-15,0.9999999999999947,0.9116226147720302,3.4662343223641786e-15,False,True,False,True,True,False,False
v_proj,21,1234,adamw,50,0.05934141837727628,0.06279313473957907,0.059341418377276356,0.0034517163623027855,7.632783294297951e-17,0.36275786616124156,0.5260617189379848,0.10597334504641448,1.9650050407287517e-15,2.1255209188025566e-15,0.5305378397425243,0.8515861581419242,2.424661382704919e-15,0.9999999999999951,0.973955953030697,3.0091593598856644e-15,False,True,False,True,True,False,False
v_proj,22,1234,adamw,1,1.4955384885124285,1.4955384885124285,1.4955384885124285,0.0,0.0,1.238805735616369e-15,0.03695738922116878,6.975450945575506e-17,8.348585675835259e-17,6.975450945575506e-17,0.03974464497332742,0.9992127631155328,1.1010568970669676e-16,1.0000000000000049,0.8946414083446319,1.3526553554082013e-16,False,True,False,True,True,False,False
v_proj,22,1234,adamw,10,1.2070740385491416,1.2217079332520706,1.2070740385491419,0.014633894702928973,2.220446049250313e-16,0.10454960299048319,0.2873215229130718,0.024260288222970904,6.900001600995169e-16,6.875178261012375e-16,0.306242003380413,0.951959627528243,9.936345545299348e-16,1.0000000000000016,0.895382470236682,7.199027909821556e-16,False,True,False,True,True,False,False
v_proj,22,1234,adamw,50,0.062216688067661986,0.0641535388426369,0.06221668806766195,0.0019368507749749145,3.469446951953614e-17,0.4156222764722771,0.5299246515085108,0.04917081267901774,1.1840416374230402e-15,1.3200771877606858e-15,0.5317099887130338,0.847730204742464,1.5961082595397943e-15,0.9999999999999996,0.9422844465880328,1.182061573091629e-15,False,True,False,True,True,False,False
v_proj,23,1234,adamw,1,1.5333696873793181,1.5333696873793181,1.5333696873793181,0.0,0.0,9.71141534294751e-16,0.03948137805596315,1.3293990892521486e-17,5.445978114734312e-15,1.3293990892521486e-17,0.04325749921697395,0.9990657248544984,5.435669581048341e-15,0.9999999999999909,0.9100538740092684,1.3142712377712386e-14,False,True,False,True,True,False,False
v_proj,23,1234,adamw,10,1.2431114074629956,1.263975923623902,1.2431114074629959,0.020864516160906454,2.220446049250313e-16,0.1167196334149694,0.29463832464698003,0.02525783463703829,5.230914847455689e-15,2.4333366888528302e-15,0.3024818994394367,0.9533707167885408,5.576922449782465e-15,0.9999999999999973,0.9104116799403201,1.2214988432654527e-14,False,True,False,True,True,False,False
v_proj,23,1234,adamw,50,0.04431408805641603,0.048797169877999334,0.044314088056416144,0.004483081821583301,1.1102230246251565e-16,0.6829471308822732,0.5586066129683604,0.060188489971139555,5.1659336325620996e-15,4.370862848730986e-15,0.5548761599275976,0.8339222196279528,5.676847259157441e-15,1.0000000000000044,0.9295145552944417,9.51809278013676e-15,False,True,False,True,True,False,False
o_proj,0,1234,adamw,1,1.1404782030925036,1.1404782030925036,1.1404782030925036,0.0,0.0,1.5075005556766323e-15,1.2790163578010357e-13,1.1689245170674104e-16,1.2790163578010357e-13,1.1689245170674104e-16,1.29906089640554e-13,1.000000000000008,1.29906089640554e-13,1.000000000000008,1.5077939773828087e-15,1.5077939773828087e-15,True,True,True,True,False,False,False
o_proj,0,1234,adamw,10,0.9943826062903983,0.9943826062903989,0.9943826062903989,5.551115123125783e-16,5.551115123125783e-16,6.122850128566705e-14,1.2362202991021953e-13,2.680024146492353e-14,1.2362202991021953e-13,2.680024146492353e-14,1.3004999874167591e-13,1.000000000000003,1.3004999874167591e-13,1.000000000000003,6.589968248626841e-14,6.589968248626841e-14,True,True,True,True,False,False,False
o_proj,0,1234,adamw,50,0.05426818986337899,0.054268189863378655,0.054268189863378655,3.3306690738754696e-16,3.3306690738754696e-16,1.9023561288489644e-13,1.0264899494895302e-13,3.42771685142872e-14,1.0264899494895302e-13,3.42771685142872e-14,1.0975179884411131e-13,0.9999999999999936,1.0975179884411131e-13,0.9999999999999936,8.299538317830786e-14,8.299538317830786e-14,True,True,True,True,False,False,False
o_proj,1,1234,adamw,1,1.20672650182374,1.2067265018237399,1.2067265018237399,2.220446049250313e-16,2.220446049250313e-16,1.210528416693341e-15,1.8998436724567175e-14,7.254230221837296e-16,1.8998436724567175e-14,7.254230221837296e-16,1.8825200960233458e-14,0.9999999999999994,1.8825200960233458e-14,0.9999999999999994,1.213195470307471e-15,1.213195470307471e-15,True,True,True,True,False,False,False
o_proj,1,1234,adamw,10,1.0520657212523719,1.0520657212523719,1.0520657212523719,0.0,0.0,8.927728282909726e-15,1.9258915158544934e-14,5.2981185381656e-15,1.9258915158544934e-14,5.2981185381656e-15,2.0563341056777362e-14,0.9999999999999852,2.0563341056777362e-14,0.9999999999999852,6.2290327916124e-15,6.2290327916124e-15,True,True,True,True,False,False,False
o_proj,1,1234,adamw,50,0.03745466940245354,0.03745466940245362,0.03745466940245362,8.326672684688674e-17,8.326672684688674e-17,1.0295444859067139e-13,1.6484371452861138e-14,1.0495904019430179e-14,1.6484371452861138e-14,1.0495904019430179e-14,1.7648651013113067e-14,1.0000000000000342,1.7648651013113067e-14,1.0000000000000342,4.918374408903504e-14,4.918374408903504e-14,True,True,True,True,False,False,False
o_proj,2,1234,adamw,1,1.2188011084004051,1.218801108400405,1.218801108400405,2.220446049250313e-16,2.220446049250313e-16,1.5680099990730526e-15,2.817538744713853e-16,4.0236844925679817e-16,2.817538744713853e-16,4.0236844925679817e-16,4.859594872810926e-16,1.0000000000000155,4.859594872810926e-16,1.0000000000000155,1.5695226427708136e-15,1.5695226427708136e-15,True,True,True,True,False,False,False
o_proj,2,1234,adamw,10,1.064799827113377,1.064799827113377,1.064799827113377,0.0,0.0,1.9011366510744232e-15,5.052371105247552e-16,5.103960443978184e-16,5.052371105247552e-16,5.103960443978184e-16,7.245170636151704e-16,1.0000000000000226,7.245170636151704e-16,1.0000000000000226,6.882604207729709e-16,6.882604207729709e-16,True,True,True,True,False,False,False
o_proj,2,1234,adamw,50,0.13513656177196937,0.1351365617719695,0.1351365617719695,1.3877787807814457e-16,1.3877787807814457e-16,8.569897596178186e-14,1.3558684589230427e-15,1.5615996069442761e-15,1.3558684589230427e-15,1.5615996069442761e-15,1.7092442811528354e-15,1.0000000000000107,1.7092442811528354e-15,1.0000000000000107,1.4503364518992408e-14,1.4503364518992408e-14,True,True,True,True,False,False,False
o_proj,3,1234,adamw,1,1.2544841692229336,1.2544841692229334,1.2544841692229334,2.220446049250313e-16,2.220446049250313e-16,1.3708801320760759e-15,1.0263870370380788e-15,9.37497226114224e-17,1.0263870370380788e-15,9.37497226114224e-17,1.0499455036277122e-15,0.9999999999999809,1.0499455036277122e-15,0.9999999999999809,1.3728712062756e-15,1.3728712062756e-15,True,True,True,True,False,False,False
o_proj,3,1234,adamw,10,1.0935502823824985,1.0935502823824983,1.0935502823824983,2.220446049250313e-16,2.220446049250313e-16,1.4891363804406932e-15,1.0551690551981342e-15,3.5120870298241367e-16,1.0551690551981342e-15,3.5120870298241367e-16,1.13290189972999e-15,0.9999999999999997,1.13290189972999e-15,0.9999999999999997,5.241385902678087e-16,5.241385902678087e-16,True,True,True,True,False,False,False
o_proj,3,1234,adamw,50,0.06378885601298395,0.06378885601298398,0.06378885601298398,2.7755575615628914e-17,2.7755575615628914e-17,4.083099790223725e-14,1.0111815852565108e-15,6.005896507758294e-16,1.0111815852565108e-15,6.005896507758294e-16,1.1807169671477093e-15,1.0000000000000073,1.1807169671477093e-15,1.0000000000000073,2.7600480492145406e-14,2.7600480492145406e-14,True,True,True,True,False,False,False
o_proj,4,1234,adamw,1,1.2723091181380055,1.272309118138006,1.272309118138006,4.440892098500626e-16,4.440892098500626e-16,1.2028041313138029e-15,3.7867682425809254e-16,5.565399849571754e-16,3.7867682425809254e-16,5.565399849571754e-16,6.480232475292864e-16,1.0000000000000018,6.480232475292864e-16,1.0000000000000018,1.2054207492248395e-15,1.2054207492248395e-15,True,True,True,True,False,False,False
o_proj,4,1234,adamw,10,1.105928026557819,1.105928026557819,1.105928026557819,0.0,0.0,1.5280980124324976e-15,6.095636232155048e-16,6.846983703109512e-16,6.095636232155048e-16,6.846983703109512e-16,9.10473023310106e-16,0.9999999999999967,9.10473023310106e-16,0.9999999999999967,8.814253486546602e-16,8.814253486546602e-16,True,True,True,True,False,False,False
o_proj,4,1234,adamw,50,0.047710675122483226,0.04771067512248325,0.04771067512248325,2.0816681711721685e-17,2.0816681711721685e-17,6.358141990660795e-14,8.02474364996985e-16,7.817177974556807e-16,8.02474364996985e-16,7.817177974556807e-16,1.0482348549328338e-15,0.9999999999999769,1.0482348549328338e-15,0.9999999999999769,2.037678174007485e-14,2.037678174007485e-14,True,True,True,True,False,False,False
o_proj,5,1234,adamw,1,1.281341286827038,1.281341286827038,1.281341286827038,0.0,0.0,1.2794480231601011e-15,7.054472533826629e-17,5.955638494432403e-17,7.054472533826629e-17,5.955638494432403e-17,9.446210714041558e-17,1.0000000000000133,9.446210714041558e-17,1.0000000000000133,1.2812722832535935e-15,1.2812722832535935e-15,True,True,True,True,False,False,False
o_proj,5,1234,adamw,10,1.1143618551162195,1.1143618551162195,1.1143618551162195,0.0,0.0,1.4924809833985792e-15,4.080228655877766e-16,4.1460803629559326e-16,4.080228655877766e-16,4.1460803629559326e-16,5.910633571380355e-16,0.9999999999999922,5.910633571380355e-16,0.9999999999999922,6.832777978928634e-16,6.832777978928634e-16,True,True,True,True,False,False,False
o_proj,5,1234,adamw,50,0.09101121670544869,0.09101121670544846,0.09101121670544846,2.3592239273284576e-16,2.3592239273284576e-16,6.714789288023536e-14,1.3789872751549601e-15,1.6953172832836631e-15,1.3789872751549601e-15,1.6953172832836631e-15,1.8032248289892495e-15,0.9999999999999991,1.8032248289892495e-15,0.9999999999999991,1.191847664999938e-14,1.191847664999938e-14,True,True,True,True,False,False,False
o_proj,6,1234,adamw,1,1.2657388226935051,1.2657388226935051,1.2657388226935051,0.0,0.0,1.360748220886413e-15,1.4900799994912115e-16,2.823845293630949e-15,1.4900799994912115e-16,2.823845293630949e-15,2.872185552531614e-15,1.0000000000000024,2.872185552531614e-15,1.0000000000000024,1.3642874488633155e-15,1.3642874488633155e-15,True,True,True,True,False,False,False
o_proj,6,1234,adamw,10,1.1049642706137477,1.104964270613748,1.104964270613748,2.220446049250313e-16,2.220446049250313e-16,2.7993518893978223e-15,1.0183977016694306e-15,2.8497483713152916e-15,1.0183977016694306e-15,2.8497483713152916e-15,3.068448451910261e-15,1.0000000000000222,3.068448451910261e-15,1.0000000000000222,1.7292969950193806e-15,1.7292969950193806e-15,True,True,True,True,False,False,False
o_proj,6,1234,adamw,50,0.08837180803683943,0.08837180803683922,0.08837180803683922,2.0816681711721685e-16,2.0816681711721685e-16,7.507996560425632e-14,2.761857508789988e-15,4.00763735602334e-15,2.761857508789988e-15,4.00763735602334e-15,3.772277283823425e-15,1.0000000000000215,3.772277283823425e-15,1.0000000000000215,1.724961924785524e-14,1.724961924785524e-14,True,True,True,True,False,False,False
o_proj,7,1234,adamw,1,1.2967559129129362,1.2967559129129362,1.2967559129129362,0.0,0.0,1.0517106755664725e-15,3.2540374917567717e-16,3.494196845659946e-16,3.2540374917567717e-16,3.494196845659946e-16,4.6744690020911e-16,1.0000000000000284,4.6744690020911e-16,1.0000000000000284,1.0547181732369734e-15,1.0547181732369734e-15,True,True,True,True,False,False,False
o_proj,7,1234,adamw,10,1.1372505689743364,1.1372505689743364,1.1372505689743364,0.0,0.0,1.8506446485990106e-15,4.960230614305495e-16,5.641572673085832e-16,4.960230614305495e-16,5.641572673085832e-16,7.509809350091357e-16,1.0000000000000062,7.509809350091357e-16,1.0000000000000062,7.484282610417349e-16,7.484282610417349e-16,True,True,True,True,False,False,False
o_proj,7,1234,adamw,50,0.04205571881576305,0.04205571881576307,0.04205571881576307,1.3877787807814457e-17,1.3877787807814457e-17,6.126549780097435e-14,8.949283619915206e-16,9.37957438845723e-16,8.949283619915206e-16,9.37957438845723e-16,1.1277816276493594e-15,0.9999999999999792,1.1277816276493594e-15,0.9999999999999792,2.36601771978115e-14,2.36601771978115e-14,True,True,True,True,False,False,False
o_proj,8,1234,adamw,1,1.2694847508694849,1.269484750869485,1.269484750869485,2.220446049250313e-16,2.220446049250313e-16,1.4843750408007248e-15,2.8866518091855476e-16,7.01835939716508e-16,2.8866518091855476e-16,7.01835939716508e-16,7.392403839435844e-16,1.0000000000000009,7.392403839435844e-16,1.0000000000000009,1.4861224319609103e-15,1.4861224319609103e-15,True,True,True,True,False,False,False
o_proj,8,1234,adamw,10,1.1057057924695164,1.1057057924695164,1.1057057924695164,0.0,0.0,1.906624313838164e-15,6.013001809954412e-16,8.735416819560135e-16,6.013001809954412e-16,8.735416819560135e-16,1.0365115767081961e-15,0.9999999999999921,1.0365115767081961e-15,0.9999999999999921,9.787095331941483e-16,9.787095331941483e-16,True,True,True,True,False,False,False
o_proj,8,1234,adamw,50,0.03812880096347989,0.03812880096347989,0.03812880096347989,0.0,0.0,9.611847898450412e-14,1.0076149899927943e-15,1.057605549625151e-15,1.0076149899927943e-15,1.057605549625151e-15,1.2543011457779581e-15,0.9999999999999968,1.2543011457779581e-15,0.9999999999999968,2.2831896218357628e-14,2.2831896218357628e-14,True,True,True,True,False,False,False
o_proj,9,1234,adamw,1,1.2286088061440406,1.2286088061440406,1.2286088061440406,0.0,0.0,1.2103005562321823e-15,4.227792307060458e-17,1.177239066888078e-15,4.227792307060458e-17,1.177239066888078e-15,1.1174396515875598e-15,0.9999999999999855,1.1174396515875598e-15,0.9999999999999855,1.2124153993003286e-15,1.2124153993003286e-15,True,True,True,True,False,False,False
o_proj,9,1234,adamw,10,1.068221257340141,1.068221257340141,1.068221257340141,0.0,0.0,2.317226831275365e-15,4.494725936793958e-16,1.2142390458593395e-15,4.494725936793958e-16,1.2142390458593395e-15,1.2730412552252013e-15,0.999999999999989,1.2730412552252013e-15,0.999999999999989,9.869073804275596e-16,9.869073804275596e-16,True,True,True,True,False,False,False
o_proj,9,1234,adamw,50,0.07038202420979818,0.07038202420979818,0.07038202420979818,0.0,0.0,5.072674097771861e-14,8.79394503654078e-16,1.4057596262469397e-15,8.79394503654078e-16,1.4057596262469397e-15,1.419960382139951e-15,0.9999999999999905,1.419960382139951e-15,0.9999999999999905,2.2573222362808947e-14,2.2573222362808947e-14,True,True,True,True,False,False,False
o_proj,10,1234,adamw,1,1.3058443828575188,1.3058443828575188,1.3058443828575188,0.0,0.0,1.250009909763065e-15,6.195009517104603e-17,5.1125565484677714e-17,6.195009517104603e-17,5.1125565484677714e-17,8.415813475222116e-17,1.0000000000000022,8.415813475222116e-17,1.0000000000000022,1.2513868954424423e-15,1.2513868954424423e-15,True,True,True,True,False,False,False
o_proj,10,1234,adamw,10,1.1498882623030988,1.1498882623030986,1.1498882623030986,2.220446049250313e-16,2.220446049250313e-16,1.5684919120270957e-15,4.234471079306435e-16,4.0003416965642307e-16,4.234471079306435e-16,4.0003416965642307e-16,5.8634481503077435e-16,1.0000000000000036,5.8634481503077435e-16,1.0000000000000036,8.030960944927343e-16,8.030960944927343e-16,True,True,True,True,False,False,False
o_proj,10,1234,adamw,50,0.055091650799118985,0.055091650799119,0.055091650799119,1.3877787807814457e-17,1.3877787807814457e-17,7.006201235307596e-14,9.51879730095172e-16,1.1604615855747929e-15,9.51879730095172e-16,1.1604615855747929e-15,1.2308068282325064e-15,0.9999999999999839,1.2308068282325064e-15,0.9999999999999839,3.3076307343336094e-14,3.3076307343336094e-14,True,True,True,True,False,False,False
o_proj,11,1234,adamw,1,1.3073645056554362,1.3073645056554362,1.3073645056554362,0.0,0.0,1.2512934848870056e-15,2.0092615163051923e-16,9.271557273842266e-17,2.0092615163051923e-16,9.271557273842266e-17,2.2559860194586324e-16,0.9999999999999813,2.2559860194586324e-16,0.9999999999999813,1.252319833916344e-15,1.252319833916344e-15,True,True,True,True,False,False,False
o_proj,11,1234,adamw,10,1.1420505815360529,1.1420505815360529,1.1420505815360529,0.0,0.0,1.424916792871639e-15,4.4143729921725895e-16,3.596881375714365e-16,4.4143729921725895e-16,3.596881375714365e-16,5.821732685445855e-16,0.9999999999999962,5.821732685445855e-16,0.9999999999999962,7.73386806423247e-16,7.73386806423247e-16,True,True,True,True,False,False,False
o_proj,11,1234,adamw,50,0.06762357837924722,0.06762357837924725,0.06762357837924725,2.7755575615628914e-17,2.7755575615628914e-17,4.594839510594718e-14,7.004919009143953e-16,6.750558528552963e-16,7.004919009143953e-16,6.750558528552963e-16,8.968087719569475e-16,0.9999999999999942,8.968087719569475e-16,0.9999999999999942,2.0173881345885072e-14,2.0173881345885072e-14,True,True,True,True,False,False,False
o_proj,12,1234,adamw,1,1.2726503895436616,1.2726503895436616,1.2726503895436616,0.0,0.0,1.4860462732981135e-15,1.3975344161801778e-14,1.659898763075283e-17,1.3975344161801778e-14,1.659898763075283e-17,1.4006463950797202e-14,0.9999999999999855,1.4006463950797202e-14,0.9999999999999855,1.487026204396951e-15,1.487026204396951e-15,True,True,True,True,False,False,False
o_proj,12,1234,adamw,10,1.1112200540743715,1.1112200540743715,1.1112200540743715,0.0,0.0,6.488750339856088e-15,1.3382889445849698e-14,3.2388005486652753e-15,1.3382889445849698e-14,3.2388005486652753e-15,1.3560654756681458e-14,1.0000000000000024,1.3560654756681458e-14,1.0000000000000024,6.422741348701125e-15,6.422741348701125e-15,True,True,True,True,False,False,False
o_proj,12,1234,adamw,50,0.054617839933336215,0.054617839933336194,0.054617839933336194,2.0816681711721685e-17,2.0816681711721685e-17,7.97660934815006e-14,1.1626998145806995e-14,8.355612874497804e-15,1.1626998145806995e-14,8.355612874497804e-15,1.2433232960374375e-14,1.000000000000022,1.2433232960374375e-14,1.000000000000022,4.35916228670815e-14,4.35916228670815e-14,True,True,True,True,False,False,False
o_proj,13,1234,adamw,1,1.2895495612775787,1.2895495612775787,1.2895495612775787,0.0,0.0,1.4256405234496875e-15,1.1946499198598621e-14,4.2760129224650105e-17,1.1946499198598621e-14,4.2760129224650105e-17,1.1983786476823604e-14,1.000000000000015,1.1983786476823604e-14,1.000000000000015,1.4267509573982973e-15,1.4267509573982973e-15,True,True,True,True,False,False,False
o_proj,13,1234,adamw,10,1.1210441172037005,1.1210441172037005,1.1210441172037005,0.0,0.0,6.293836171441895e-15,1.1428064368950635e-14,3.0707032576843716e-15,1.1428064368950635e-14,3.0707032576843716e-15,1.1839683664929945e-14,0.9999999999999903,1.1839683664929945e-14,0.9999999999999903,6.014140595672081e-15,6.014140595672081e-15,True,True,True,True,False,False,False
o_proj,13,1234,adamw,50,0.10938205392768052,0.10938205392767875,0.10938205392767875,1.7763568394002505e-15,1.7763568394002505e-15,1.5379941945663578e-13,1.1834125580075114e-14,9.892026958143864e-15,1.1834125580075114e-14,9.892026958143864e-15,1.3937016529883346e-14,1.0000000000000069,1.3937016529883346e-14,1.0000000000000069,3.1457533061606984e-14,3.1457533061606984e-14,True,True,True,True,False,False,False
o_proj,14,1234,adamw,1,1.3047493920949647,1.3047493920949647,1.3047493920949647,0.0,0.0,1.4261973139804039e-15,5.789056711365614e-16,9.177025724399726e-15,5.789056711365614e-16,9.177025724399726e-15,9.026682671500959e-15,1.0000000000000175,9.026682671500959e-15,1.0000000000000175,1.4269202050965316e-15,1.4269202050965316e-15,True,True,True,True,False,False,False
o_proj,14,1234,adamw,10,1.1436972632494644,1.1436972632494644,1.1436972632494644,0.0,0.0,4.716943647893918e-15,3.015728865053943e-15,9.248715449452822e-15,3.015728865053943e-15,9.248715449452822e-15,9.482636258767966e-15,0.9999999999999973,9.482636258767966e-15,0.9999999999999973,4.522898069660665e-15,4.522898069660665e-15,True,True,True,True,False,False,False
o_proj,14,1234,adamw,50,0.047662537379858705,0.04766253737985887,0.04766253737985887,1.6653345369377348e-16,1.6653345369377348e-16,1.3452552490674256e-13,4.917208408051487e-15,6.996837661534719e-15,4.917208408051487e-15,6.996837661534719e-15,7.123552248671372e-15,1.0000000000000193,7.123552248671372e-15,1.0000000000000193,5.968996429148744e-14,5.968996429148744e-14,True,True,True,True,False,False,False
o_proj,15,1234,adamw,1,1.3067631227508176,1.3067631227508176,1.3067631227508176,0.0,0.0,1.2182515412979175e-15,1.139523347058903e-15,2.636504608190216e-16,1.139523347058903e-15,2.636504608190216e-16,1.1540936148546186e-15,0.9999999999999954,1.1540936148546186e-15,0.9999999999999954,1.2189226647291405e-15,1.2189226647291405e-15,True,True,True,True,False,False,False
o_proj,15,1234,adamw,10,1.1431175980124004,1.1431175980124006,1.1431175980124006,2.220446049250313e-16,2.220446049250313e-16,1.779426241102698e-15,1.1546650535202038e-15,6.413021611241302e-16,1.1546650535202038e-15,6.413021611241302e-16,1.337620560959436e-15,0.9999999999999711,1.337620560959436e-15,0.9999999999999711,8.599054536987119e-16,8.599054536987119e-16,True,True,True,True,False,False,False
o_proj,15,1234,adamw,50,0.06727909591822587,0.06727909591822583,0.06727909591822583,4.163336342344337e-17,4.163336342344337e-17,1.1458051901775196e-13,1.2129090782543214e-15,9.869962897141919e-16,1.2129090782543214e-15,9.869962897141919e-16,1.4247480227831106e-15,0.9999999999999931,1.4247480227831106e-15,0.9999999999999931,2.978744173512089e-14,2.978744173512089e-14,True,True,True,True,False,False,False
o_proj,16,1234,adamw,1,1.333471032934625,1.3334710329346249,1.3334710329346249,2.220446049250313e-16,2.220446049250313e-16,1.6241421723630632e-15,3.5408582989095917e-16,1.1285312996381781e-16,3.5408582989095917e-16,1.1285312996381781e-16,3.730997374588602e-16,0.9999999999999922,3.730997374588602e-16,0.9999999999999922,1.6255677022183525e-15,1.6255677022183525e-15,True,True,True,True,False,False,False
o_proj,16,1234,adamw,10,1.166075133223952,1.1660751332239523,1.1660751332239523,2.220446049250313e-16,2.220446049250313e-16,1.2650674017254137e-15,5.492940507707109e-16,4.609516112956561e-16,5.492940507707109e-16,4.609516112956561e-16,7.182068583785659e-16,1.000000000000003,7.182068583785659e-16,1.000000000000003,7.971926433025577e-16,7.971926433025577e-16,True,True,True,True,False,False,False
o_proj,16,1234,adamw,50,0.06746753419751073,0.06746753419751077,0.06746753419751077,4.163336342344337e-17,4.163336342344337e-17,1.0916897508897922e-13,1.2743768570212277e-15,1.8088920688004768e-15,1.2743768570212277e-15,1.8088920688004768e-15,1.7100109910513482e-15,0.9999999999999946,1.7100109910513482e-15,0.9999999999999946,2.786803668828379e-14,2.786803668828379e-14,True,True,True,True,False,False,False
o_proj,17,1234,adamw,1,1.2882339151479938,1.2882339151479938,1.2882339151479938,0.0,0.0,1.82116356781153e-15,3.0416821495520773e-16,3.7107045865220234e-17,3.0416821495520773e-16,3.7107045865220234e-17,3.072103243264048e-16,1.0000000000000107,3.072103243264048e-16,1.0000000000000107,1.8231811638490555e-15,1.8231811638490555e-15,True,True,True,True,False,False,False
o_proj,17,1234,adamw,10,1.122263646626261,1.122263646626261,1.122263646626261,0.0,0.0,1.984626394972688e-15,6.089099246521009e-16,4.177956743083248e-16,6.089099246521009e-16,4.177956743083248e-16,7.469816043983708e-16,0.9999999999999896,7.469816043983708e-16,0.9999999999999896,7.848892074836457e-16,7.848892074836457e-16,True,True,True,True,False,False,False
o_proj,17,1234,adamw,50,0.05499939185816657,0.0549993918581666,0.0549993918581666,3.469446951953614e-17,3.469446951953614e-17,5.958112019166302e-14,1.1018943044636295e-15,1.4276431821599087e-15,1.1018943044636295e-15,1.4276431821599087e-15,1.4692024588225825e-15,1.0,1.4692024588225825e-15,1.0,2.3455650233681826e-14,2.3455650233681826e-14,True,True,True,True,False,False,False
o_proj,18,1234,adamw,1,1.3487245987700784,1.3487245987700784,1.3487245987700784,0.0,0.0,1.3563145430733044e-15,9.817277430009639e-15,2.0327018410111297e-17,9.817277430009639e-15,2.0327018410111297e-17,9.339071435591649e-15,0.9999999999999916,9.339071435591649e-15,0.9999999999999916,1.3578326119012334e-15,1.3578326119012334e-15,True,True,True,True,False,False,False
o_proj,18,1234,adamw,10,1.1861610709459607,1.1861610709459607,1.1861610709459607,0.0,0.0,7.283535472037887e-15,9.260168281598072e-15,2.76246713746694e-15,9.260168281598072e-15,2.76246713746694e-15,9.335669456460854e-15,0.9999999999999917,9.335669456460854e-15,0.9999999999999917,5.39502548089509e-15,5.39502548089509e-15,True,True,True,True,False,False,False
o_proj,18,1234,adamw,50,0.06545856995814793,0.06545856995814894,0.06545856995814894,1.0130785099704553e-15,1.0130785099704553e-15,1.243732128965759e-13,9.755412042012895e-15,1.0257709492688445e-14,9.755412042012895e-15,1.0257709492688445e-14,1.1843615115434752e-14,0.999999999999986,1.1843615115434752e-14,0.999999999999986,5.948677325633927e-14,5.948677325633927e-14,True,True,True,True,False,False,False
o_proj,19,1234,adamw,1,1.3099835290299684,1.3099835290299684,1.3099835290299684,0.0,0.0,1.3958101085907245e-15,6.885958953759206e-17,2.1518945454967118e-14,6.885958953759206e-17,2.1518945454967118e-14,2.079959790959261e-14,1.0000000000000169,2.079959790959261e-14,1.0000000000000169,1.3962236895758255e-15,1.3962236895758255e-15,True,True,True,True,False,False,False
o_proj,19,1234,adamw,10,1.1445211992925648,1.1445211992925655,1.1445211992925655,6.661338147750939e-16,6.661338147750939e-16,7.0061795858358706e-15,5.688520331679882e-15,2.1025447000658035e-14,5.688520331679882e-15,2.1025447000658035e-14,2.0830698038305415e-14,0.9999999999999841,2.0830698038305415e-14,0.9999999999999841,8.676398056017339e-15,8.676398056017339e-15,True,True,True,True,False,False,False
o_proj,19,1234,adamw,50,0.06413899340974542,0.06413899340974422,0.06413899340974422,1.2073675392798577e-15,1.2073675392798577e-15,1.17130754453536e-13,1.2279733147238823e-14,2.3091030472175932e-14,1.2279733147238823e-14,2.3091030472175932e-14,1.992926643369551e-14,1.0000000000000016,1.992926643369551e-14,1.0000000000000016,6.776165593658187e-14,6.776165593658187e-14,True,True,True,True,False,False,False
o_proj,20,1234,adamw,1,1.445111845263343,1.4451118452633427,1.4451118452633427,2.220446049250313e-16,2.220446049250313e-16,1.4886593402229614e-15,3.7369462449737945e-17,1.6380451932336952e-15,3.7369462449737945e-17,1.6380451932336952e-15,1.6188763843124466e-15,1.0,1.6188763843124466e-15,1.0,1.4867380277270434e-15,1.4867380277270434e-15,True,True,True,True,False,False,False
o_proj,20,1234,adamw,10,1.2657191702687298,1.2657191702687296,1.2657191702687296,2.220446049250313e-16,2.220446049250313e-16,1.5011333069086152e-15,5.097252887625734e-16,8.05423457835505e-16,5.097252887625734e-16,8.05423457835505e-16,9.531498555209637e-16,1.0000000000000129,9.531498555209637e-16,1.0000000000000129,8.414999489714429e-16,8.414999489714429e-16,True,True,True,True,False,False,False
o_proj,20,1234,adamw,50,0.10872136223545355,0.10872136223545355,0.10872136223545355,0.0,0.0,6.921667646129707e-14,1.3889638256763556e-15,1.7276567782190062e-15,1.3889638256763556e-15,1.7276567782190062e-15,1.7782126595804653e-15,0.999999999999986,1.7782126595804653e-15,0.999999999999986,1.7442448513055358e-14,1.7442448513055358e-14,True,True,True,True,False,False,False
o_proj,21,1234,adamw,1,1.4718807527745383,1.4718807527745383,1.4718807527745383,0.0,0.0,1.3542754467760016e-15,9.138358743297157e-17,2.9354809625113025e-16,9.138358743297157e-17,2.9354809625113025e-16,2.9479083442613564e-16,1.0000000000000044,2.9479083442613564e-16,1.0000000000000044,1.354380929673712e-15,1.354380929673712e-15,True,True,True,True,False,False,False
o_proj,21,1234,adamw,10,1.2941906553207752,1.2941906553207752,1.2941906553207752,0.0,0.0,1.8216029461296896e-15,5.225065633404296e-16,6.080075617285387e-16,5.225065633404296e-16,6.080075617285387e-16,7.920193804586423e-16,1.0,7.920193804586423e-16,1.0,1.0062617832025893e-15,1.0062617832025893e-15,True,True,True,True,False,False,False
o_proj,21,1234,adamw,50,0.06874509356274416,0.06874509356274407,0.06874509356274407,9.71445146547012e-17,9.71445146547012e-17,6.842588359954506e-14,1.3840992168160234e-15,1.4484946668921743e-15,1.3840992168160234e-15,1.4484946668921743e-15,1.6702048578097475e-15,0.9999999999999953,1.6702048578097475e-15,0.9999999999999953,2.8076710866795305e-14,2.8076710866795305e-14,True,True,True,True,False,False,False
o_proj,22,1234,adamw,1,1.4212848527377342,1.4212848527377342,1.4212848527377342,0.0,0.0,1.3552876684824653e-15,1.828579874080271e-16,5.318336530522266e-16,1.828579874080271e-16,5.318336530522266e-16,5.589942105016716e-16,0.999999999999988,5.589942105016716e-16,0.999999999999988,1.355784463756289e-15,1.355784463756289e-15,True,True,True,True,False,False,False
o_proj,22,1234,adamw,10,1.2409203260333026,1.2409203260333024,1.2409203260333024,2.220446049250313e-16,2.220446049250313e-16,1.3763088012084401e-15,5.267825506465932e-16,6.772783220614199e-16,5.267825506465932e-16,6.772783220614199e-16,8.77028297868107e-16,1.0000000000000178,8.77028297868107e-16,1.0000000000000178,7.322259711945177e-16,7.322259711945177e-16,True,True,True,True,False,False,False
o_proj,22,1234,adamw,50,0.04904157025364452,0.0490415702536445,0.0490415702536445,2.0816681711721685e-17,2.0816681711721685e-17,6.686674758438809e-14,9.24918425990918e-16,1.061532168690261e-15,9.24918425990918e-16,1.061532168690261e-15,1.2450638614572204e-15,1.000000000000019,1.2450638614572204e-15,1.000000000000019,2.573053491151622e-14,2.573053491151622e-14,True,True,True,True,False,False,False
o_proj,23,1234,adamw,1,1.3956108728328143,1.3956108728328143,1.3956108728328143,0.0,0.0,1.1688307549354465e-15,4.457163318725504e-16,1.2562884772816753e-16,4.457163318725504e-16,1.2562884772816753e-16,4.716918435224758e-16,0.9999999999999858,4.716918435224758e-16,0.9999999999999858,1.1702813688428394e-15,1.1702813688428394e-15,True,True,True,True,False,False,False
o_proj,23,1234,adamw,10,1.2231623300737593,1.2231623300737593,1.2231623300737593,0.0,0.0,1.4677840777476806e-15,5.593956649137394e-16,4.319175057722541e-16,5.593956649137394e-16,4.319175057722541e-16,7.218908905475731e-16,1.0000000000000027,7.218908905475731e-16,1.0000000000000027,6.923369863717738e-16,6.923369863717738e-16,True,True,True,True,False,False,False
o_proj,23,1234,adamw,50,0.06963996189394114,0.06963996189394116,0.06963996189394116,1.3877787807814457e-17,1.3877787807814457e-17,7.54823286075871e-14,8.832642612628041e-16,1.0419049195250988e-15,8.832642612628041e-16,1.0419049195250988e-15,1.1547634849756065e-15,1.0000000000000144,1.1547634849756065e-15,1.0000000000000144,2.110423555825988e-14,2.110423555825988e-14,True,True,True,True,False,False,False
gate_proj,0,1234,adamw,1,1.505385542061411,1.505385542061411,1.505385542061411,0.0,0.0,2.543803290410396e-15,0.025923034195829735,7.93588684327457e-15,9.367023876061192e-15,7.93588684327457e-15,0.03475086472710944,0.9993969962133363,1.2286345978829913e-14,1.0000000000000004,1.376876304777559,1.0274846818586005e-14,False,True,False,True,True,False,False
gate_proj,0,1234,adamw,10,1.352145541863416,1.3376047925471075,1.3521455418634158,0.014540749316308554,2.220446049250313e-16,0.7195992415397511,0.10364426265609637,0.061033440337684576,9.117952352035505e-15,7.741346593646996e-15,0.11676688756812666,0.993325314722151,1.18648445625551e-14,1.000000000000065,0.8147994989170548,9.997213629538499e-15,False,True,False,True,True,False,False
gate_proj,0,1234,adamw,50,0.07501772180444105,0.07233807996481781,0.07501772180444115,0.0026796418396232424,9.71445146547012e-17,1.3206749823819963,0.18587008583131512,0.11875119414051015,7.807670326072508e-15,6.209710757251588e-15,0.20157042459164143,0.9799048177451053,8.67735891866561e-15,0.9999999999999474,0.8694964201267272,8.406633366856939e-15,False,True,False,True,True,False,False
gate_proj,1,1234,adamw,1,1.4997338100302635,1.4997338100302635,1.4997338100302635,0.0,0.0,2.924207325444268e-15,0.012212803309880718,7.369592215613699e-15,4.145173425482753e-16,7.369592215613699e-15,0.016224174665276033,0.9998684572107339,7.577765090611987e-15,0.9999999999999938,504.9211529216526,9.408382572421812e-16,False,True,False,True,True,False,False
gate_proj,1,1234,adamw,10,1.3392544450787365,1.5890186156770998,1.3392544450787367,0.2497641705983633,2.220446049250313e-16,1.2108691467599777,0.24432839745839188,0.38702566066054067,1.700927738590066e-15,7.187494060352818e-15,0.4561068514828957,0.8901720903451569,7.489774773496021e-15,1.0000000000000102,6922.82248647021,1.8779787316112413e-15,False,True,False,True,True,False,False
gate_proj,1,1234,adamw,50,0.06622437427980085,1.2774359900180654,0.06622437427980081,1.2112116157382646,4.163336342344337e-17,1.0588343357139733,0.6540201776719674,1.0256857725087802,2.6799912198527648e-15,4.127186546537081e-15,1.0111322859172782,0.2290388979115497,3.765962645607402e-15,1.0000000000000173,7648.483625045147,2.7109267265482936e-15,False,True,False,True,True,False,False
gate_proj,2,1234,adamw,1,1.5465819768349747,1.5465819768349751,1.5465819768349751,4.440892098500626e-16,4.440892098500626e-16,2.5664816102352537e-15,0.013154710906817172,3.116517381500277e-15,3.990243076411785e-16,3.116517381500277e-15,0.018275685893320976,0.9998329942778215,3.010069995814803e-15,1.0000000000000435,953.8624234499924,3.4577144808349066e-16,False,True,False,True,True,False,False
gate_proj,2,1234,adamw,10,1.3839767309325328,10.419308683438988,1.383976730932533,9.035331952506455,2.220446049250313e-16,1.0102749776098015,0.24541139295769884,0.3773756592055975,9.565203160716342e-16,2.8620692559260846e-15,0.4638183487714251,0.8891002104201636,2.849850787127182e-15,1.0000000000000715,11504.203274648838,9.620094520883281e-16,False,True,False,True,True,False,False
gate_proj,2,1234,adamw,50,0.08454558154172719,1.565119467732771,0.0845455815417272,1.480573886191044,1.3877787807814457e-17,0.9931730604059349,0.6689188455390164,1.0155707202345576,2.056869657585739e-15,2.901989542048278e-15,1.0056630553769685,0.19488370234930763,2.7271914047249315e-15,1.0000000000000067,12583.151328960168,2.0533240416508627e-15,False,True,False,True,True,False,False
gate_proj,3,1234,adamw,1,1.4864789842463222,1.4864789842463224,1.4864789842463224,2.220446049250313e-16,2.220446049250313e-16,2.1084750687837563e-15,0.02000131010223105,1.0680218486371849e-14,2.5016836741092575e-17,1.0680218486371849e-14,0.02862503326424857,0.9995902459218305,1.0608801653784087e-14,1.0000000000000333,333.3533908349142,2.4129600561069743e-17,False,True,False,True,True,False,False
gate_proj,3,1234,adamw,10,1.3341599821238443,1.5856291250167034,1.3341599821238446,0.25146914289285904,2.220446049250313e-16,1.193083457948442,0.23411259520264122,0.38702476508632766,1.8181801821945056e-15,1.0299755325798867e-14,0.4449994175855686,0.8958235508097817,1.0276853161257689e-14,1.0000000000000333,5113.432349715634,1.929385542926884e-15,False,True,False,True,True,False,False
gate_proj,3,1234,adamw,50,0.09812738435292868,1.2552050222256586,0.0981273843529292,1.1570776378727299,5.134781488891349e-16,1.0816526428597755,0.6392661863352581,1.0247663509040998,5.239461807708806e-15,8.981369636382258e-15,1.0105614097435893,0.23033244450785795,7.918114733330812e-15,1.0000000000000413,2241.3681850703833,5.5277273526530135e-15,False,True,False,True,True,False,False
gate_proj,4,1234,adamw,1,1.5058617578718598,1.5058617578718598,1.5058617578718598,0.0,0.0,2.2676749901585306e-15,0.016032497742859,7.37739232142683e-16,3.7180311289123845e-16,7.37739232142683e-16,0.021303507579183065,0.9997730555092796,7.942315533410074e-16,1.0000000000000655,222.72367376151024,7.988146256658855e-16,False,True,False,True,True,False,False
gate_proj,4,1234,adamw,10,1.3473512818372004,2.187580009982126,1.3473512818372004,0.8402287281449254,0.0,0.9787389308824888,0.2495505277000959,0.3601883706250414,7.321319507108392e-16,1.0750360475464583e-15,0.44443136522890264,0.897732026073952,1.2605012512232103e-15,1.0000000000000038,1627.1169599434488,1.0189796931443892e-15,False,True,False,True,True,False,False
gate_proj,4,1234,adamw,50,0.1092755615919289,1.1894324107227994,0.10927556159192917,1.0801568491308704,2.636779683484747e-16,1.0072237795397954,0.5986031832082889,0.9242874363291084,2.4725932368254995e-15,3.3647600194905803e-15,0.9458486884969217,0.3551059415706552,3.154824110488892e-15,0.9999999999999547,833.1172138798446,2.542211303271675e-15,False,True,False,True,True,False,False
gate_proj,5,1234,adamw,1,1.5830213969423217,1.5830213969423217,1.5830213969423217,0.0,0.0,2.2824568406360643e-15,0.02025723224337522,1.0350643571714064e-15,1.692587283738065e-14,1.0350643571714064e-15,0.02767476690275885,0.9996170544284098,1.674250570625888e-14,1.0000000000000195,1559.73265725013,1.4527107951513257e-14,False,True,False,True,True,False,False
gate_proj,5,1234,adamw,10,1.411475156689055,13.162399756388979,1.4114751566890549,11.750924599699923,2.220446049250313e-16,1.0043664099330791,0.25843831045005333,0.39983919444151206,1.6170936321733952e-14,3.326015046784472e-15,0.48853725034568946,0.8756358726795002,1.5988826878776123e-14,0.9999999999999627,88017.44648516578,1.3925436264565403e-14,False,True,False,True,True,False,False
gate_proj,5,1234,adamw,50,0.08151551789032506,1.8181301109010275,0.08151551789032496,1.7366145930107024,9.71445146547012e-17,0.987167515196178,0.6862872166990758,1.0553083783953332,1.2680295806116987e-14,5.920589715583049e-15,1.0250501782012242,0.15109452413091923,1.2951964627229624e-14,1.0000000000000195,38287.20837754002,1.1232580801374703e-14,False,True,False,True,True,False,False
gate_proj,6,1234,adamw,1,1.456969748382109,1.4569697483821082,1.4569697483821082,6.661338147750939e-16,6.661338147750939e-16,3.221506122766793e-15,0.017261944869636014,6.676827101499727e-15,2.30864189836878e-16,6.676827101499727e-15,0.022949427866287044,0.9997366769120009,6.67659102710404e-15,0.9999999999999838,884.2118417385587,6.038316274814464e-16,False,True,False,True,True,False,False
gate_proj,6,1234,adamw,10,1.3005800896307482,18.705867274231366,1.3005800896307484,17.405287184600617,2.220446049250313e-16,1.0082865881025826,0.2512932364246816,0.3748189648318111,1.9385086528023576e-15,6.645100069161789e-15,0.45577044372797565,0.8938024731544585,6.7615020922088984e-15,1.0000000000000044,19414.55416276483,2.001759985985298e-15,False,True,False,True,True,False,False
gate_proj,6,1234,adamw,50,0.07779730262055626,1.505297848636854,0.07779730262055548,1.4275005460162977,7.771561172376096e-16,1.0066122043728973,0.672242115777304,1.0216787544731951,4.266168511260751e-15,6.7906695781239575e-15,1.0081291753166903,0.1876368420142218,6.4587790244973495e-15,1.0000000000000018,27097.89801767118,4.19331113342822e-15,False,True,False,True,True,False,False
gate_proj,7,1234,adamw,1,1.427691571890257,1.427691571890257,1.427691571890257,0.0,0.0,1.9237469301489085e-15,0.0184836181794443,1.4765257253260476e-14,2.8954076741290396e-16,1.4765257253260476e-14,0.02455081246722063,0.9996986280264698,1.412410174078366e-14,0.9999999999999784,258.8989644363079,2.890016812947127e-16,False,True,False,True,True,False,False
gate_proj,7,1234,adamw,10,1.283907658254492,1.4651805178505946,1.2839076582544917,0.18127285959610262,2.220446049250313e-16,1.4122848775106598,0.23163854871959005,0.37798941895869675,2.165916317730923e-15,1.4246901153060566e-14,0.43614864494974176,0.9000811495641665,1.3749516706260858e-14,1.0000000000000193,2338.8038929432264,2.2635804700433186e-15,False,True,False,True,True,False,False
gate_proj,7,1234,adamw,50,0.06423014781475812,1.161087862115866,0.064230147814758,1.0968577143011078,1.249000902703301e-16,1.107307896856527,0.6245701836103923,1.013548450474959,4.592828646324663e-15,7.13696957146537e-15,1.0001426313742865,0.26140468448869586,6.433251054085911e-15,1.0000000000000469,889.5361847887499,4.745401387693549e-15,False,True,False,True,True,False,False
gate_proj,8,1234,adamw,1,1.4480968898324316,1.4480968898324316,1.4480968898324316,0.0,0.0,1.7947067378120897e-15,0.01957893603690169,1.0416186731646847e-15,6.3375454438353635e-15,1.0416186731646847e-15,0.026037369034065727,0.9996609702796814,6.431912107880511e-15,1.000000000000005,767.8322422010249,4.945795835665767e-15,False,True,False,True,True,False,False
gate_proj,8,1234,adamw,10,1.3046714692207009,14.808301914641827,1.3046714692207009,13.503630445421127,0.0,1.007801138589927,0.24078649272207608,0.36973378320037736,6.107805888912666e-15,1.4394248824308366e-15,0.44651868003600576,0.8980879496900513,6.241374472625992e-15,0.9999999999999976,16061.970122353801,4.792225850296535e-15,False,True,False,True,True,False,False
gate_proj,8,1234,adamw,50,0.06766180726014655,1.4859670348826641,0.06766180726014656,1.4183052276225177,1.3877787807814457e-17,0.9973434656455377,0.6710727283792792,1.0244745597692873,4.818194791317404e-15,2.8167465321447433e-15,1.008206670586894,0.1894615805983078,5.1502553822586676e-15,1.0000000000000189,23991.24782388617,3.97042151309933e-15,False,True,False,True,True,False,False
gate_proj,9,1234,adamw,1,1.386636340541853,1.386636340541853,1.386636340541853,0.0,0.0,2.2406157956148615e-15,0.022752017494623324,5.804688225466613e-16,5.5725894592326744e-14,5.804688225466613e-16,0.030222140688053366,0.9995432680179248,5.387758727765154e-14,0.9999999999999682,1055.7738045319015,4.601174589860041e-14,False,True,False,True,True,False,False
gate_proj,9,1234,adamw,10,1.2497753264215126,26.693230825193353,1.2497753264215126,25.44345549877184,0.0,0.9935415301243462,0.24262500250801994,0.36651553672072346,5.410195062087597e-14,8.750254766036104e-15,0.44220369444688407,0.8982931351376253,5.2543686730247305e-14,1.0000000000000389,45128.44313172127,4.4856077410102263e-14,False,True,False,True,True,False,False
gate_proj,9,1234,adamw,50,0.054809529945332766,1.4365142012019139,0.054809529945332475,1.381704671256581,2.914335439641036e-16,1.0077267471024376,0.6664443132839922,1.0134470115867567,4.4534511709418405e-14,2.557949672015751e-14,1.002321635152657,0.22548417688375627,4.589388982454099e-14,1.0000000000000204,67187.7971674734,3.909347593250022e-14,False,True,False,True,True,False,False
gate_proj,10,1234,adamw,1,1.43527880058671,1.43527880058671,1.43527880058671,0.0,0.0,2.0445287866581994e-15,0.02453586732678751,2.9731217908813542e-15,1.8804720448446377e-17,2.9731217908813542e-15,0.032586402878998375,0.9994692467217227,2.97993827321551e-15,0.9999999999999758,1.0450875704181082,2.4743912192374366e-17,False,True,False,True,True,False,False
gate_proj,10,1234,adamw,10,1.288561029598148,1.281264359157527,1.2885610295981482,0.007296670440620989,2.220446049250313e-16,0.23680605191479753,0.12868920771528847,0.027667934512511295,7.008793526433045e-16,2.9520915205235113e-15,0.14043090582692522,0.9901994581770778,3.021830270635701e-15,1.000000000000007,1.0459797435559146,7.254560638884871e-16,False,True,False,True,True,False,False
gate_proj,10,1234,adamw,50,0.06906067558432542,0.06839403129403596,0.06906067558432542,0.000666644290289467,0.0,1.7721704927411916,0.3713279011192091,0.06991673577434279,1.4426901887087782e-15,2.486868723020661e-15,0.38157997549733474,0.9325324609438499,2.548276135343896e-15,1.0000000000000395,1.0500735350845887,1.4490716189778049e-15,False,True,False,True,True,False,False
gate_proj,11,1234,adamw,1,1.3479936464156475,1.3479936464156475,1.3479936464156475,0.0,0.0,2.7257641347733228e-15,0.02455200702962328,1.8505952031027747e-15,8.412336368347489e-17,1.8505952031027747e-15,0.033257297010652706,0.9994469439715266,1.8804628748959028e-15,1.0000000000000298,0.9805901004184433,5.753994052407437e-17,False,True,False,True,True,False,False
gate_proj,11,1234,adamw,10,1.2103308735917149,1.2064931271040422,1.2103308735917149,0.0038377464876726552,0.0,0.14206004283044926,0.12188864728062479,0.01963518042321436,7.564101381256581e-16,1.871657872863737e-15,0.1356408309617761,0.9908868856655129,2.008397290133615e-15,0.9999999999999892,0.9932730638558412,7.519486431308543e-16,False,True,False,True,True,False,False
gate_proj,11,1234,adamw,50,0.09350921126968234,0.11260366518935122,0.09350921126968233,0.01909445391966888,1.3877787807814457e-17,0.5248106884709832,0.35321560138541674,0.10920846907268304,2.019155339858614e-15,2.7264664799738013e-15,0.36631578860100744,0.937342447478598,2.654932502637793e-15,0.9999999999999764,1.182272243406634,2.086302562780515e-15,False,True,False,True,True,False,False
gate_proj,12,1234,adamw,1,1.3951263329508399,1.3951263329508399,1.3951263329508399,0.0,0.0,2.7538307100516514e-15,0.02394589470270348,4.70008482472074e-16,2.594889356905928e-17,4.70008482472074e-16,0.030856484321325487,0.9995239660199158,4.728279097145339e-16,1.0000000000000338,0.9688243545488195,3.236181798508279e-17,False,True,False,True,True,False,False
gate_proj,12,1234,adamw,10,1.248970242472354,1.2420783921820324,1.248970242472354,0.006891850290321688,0.0,0.1793404125887687,0.1236560221303624,0.02219876430009422,6.994972928530767e-16,8.882814215241225e-16,0.12522660418241782,0.9922240627195535,1.119089109057876e-15,0.9999999999999534,0.989524287670449,6.933695566416379e-16,False,True,False,True,True,False,False
gate_proj,12,1234,adamw,50,0.04864699216827593,0.04651700086320064,0.04864699216827596,0.002129991305075289,3.469446951953614e-17,1.281128119996898,0.3537751065544586,0.05461697227191219,1.2994124458767995e-15,1.5119743853643885e-15,0.35849068694834973,0.9407393476634757,1.731415385689375e-15,1.000000000000016,0.9775941799793021,1.2484891114868021e-15,False,True,False,True,True,False,False
gate_proj,13,1234,adamw,1,1.3630891298618506,1.3630891298618506,1.3630891298618506,0.0,0.0,3.098248671007413e-15,0.022236386656829796,4.648147023850697e-15,8.170403080668002e-17,4.648147023850697e-15,0.028661599770143546,0.9995892187184516,4.611427982839392e-15,1.0000000000000004,0.9084189260868994,1.8544483613213893e-16,False,True,False,True,True,False,False
gate_proj,13,1234,adamw,10,1.2254720895912314,1.2227035738520018,1.2254720895912317,0.002768515739229649,2.220446049250313e-16,0.09478845528958857,0.10914246332048179,0.014896316005950705,1.0978064370247963e-15,4.530552345950473e-15,0.11557472427624028,0.9934038111934355,4.5282867849798965e-15,0.9999999999999962,0.9363446067424072,1.1463188651652802e-15,False,True,False,True,True,False,False
gate_proj,13,1234,adamw,50,0.05667591576834364,0.054550541580366194,0.05667591576834355,0.0021253741879774454,9.020562075079397e-17,0.5426054643321868,0.31498861194972755,0.05402618312199399,2.5745410184246275e-15,3.7764935832245235e-15,0.3197768925550767,0.9531076730260697,3.674552270000458e-15,0.9999999999999986,0.9085948173196394,2.6001956419895284e-15,False,True,False,True,True,False,False
gate_proj,14,1234,adamw,1,1.3840553977180594,1.3840553977180596,1.3840553977180596,2.220446049250313e-16,2.220446049250313e-16,2.9615388114004137e-15,0.0193809814823164,9.307550871952787e-16,1.5475662079572422e-15,9.307550871952787e-16,0.024300083122309565,0.9997047170328304,1.797489646018953e-15,0.9999999999999738,0.780207629622158,1.7642048862011883e-15,False,True,False,True,True,False,False
gate_proj,14,1234,adamw,10,1.2444519439122834,1.2443214179524675,1.2444519439122834,0.00013052595981588588,0.0,0.03500430651455469,0.09611407574265449,0.008057513394650006,1.6739900268555805e-15,1.3195719428509982e-15,0.0988921950472579,0.9951709569141644,2.113204377535616e-15,1.0000000000000266,0.815825098108912,1.8454111873572646e-15,False,True,False,True,True,False,False
gate_proj,14,1234,adamw,50,0.08599296457938281,0.08661941439545585,0.08599296457938291,0.0006264498160730436,9.71445146547012e-17,0.20020480592468437,0.2638461200443619,0.027195051308975923,2.1418344611115353e-15,2.5025585006560132e-15,0.2629504933704497,0.9680747274604791,2.768487332552668e-15,0.999999999999996,0.8232008558971489,2.2114549823932643e-15,False,True,False,True,True,False,False
gate_proj,15,1234,adamw,1,1.3886238892718128,1.3886238892718128,1.3886238892718128,0.0,0.0,2.5190891359534455e-15,0.01942987207984793,2.057293729167009e-15,3.533119847565758e-16,2.057293729167009e-15,0.024440657702506086,0.9997013696949288,2.0821615048637547e-15,0.9999999999999196,0.7282686685681508,2.933701476586648e-16,False,True,False,True,True,False,False
gate_proj,15,1234,adamw,10,1.2457363093923868,1.2486591100917652,1.2457363093923866,0.0029228006993784472,2.220446049250313e-16,0.0827156656983361,0.09652034572724372,0.016062075604040053,8.151680824980556e-16,2.0243033625068236e-15,0.09995474688894244,0.9950571617588158,2.1447232442879857e-15,1.000000000000034,0.7503949947330382,8.041877370809339e-16,False,True,False,True,True,False,False
gate_proj,15,1234,adamw,50,0.09378332487970653,0.09667866382604473,0.09378332487970678,0.0028953389463381995,2.498001805406602e-16,0.8895793848948168,0.2497469316625293,0.04608259937272458,2.56026664362916e-15,3.4959018342670452e-15,0.2472986718579167,0.9710040016506403,3.38951823597538e-15,0.9999999999999946,0.9195209508263374,2.5628676269245242e-15,False,True,False,True,True,False,False
gate_proj,16,1234,adamw,1,1.4401343261240265,1.4401343261240265,1.4401343261240265,0.0,0.0,3.3631929436949756e-15,0.018313834867235746,3.0087702121329436e-15,8.673668414998615e-15,3.0087702121329436e-15,0.023351352890339985,0.9997273304198214,8.96065121002523e-15,0.9999999999999741,0.6029444381237428,7.200972689174669e-15,False,True,False,True,True,False,False
gate_proj,16,1234,adamw,10,1.281281800138043,1.2933587545595828,1.2812818001380435,0.012076954421539776,4.440892098500626e-16,0.24553939168300998,0.0953635208219483,0.03638864866687647,8.354349572017165e-15,3.1643785298448293e-15,0.1023308561157202,0.9948197711810154,8.696570461337958e-15,1.0000000000000084,0.5617292384308867,6.994056499921615e-15,False,True,False,True,True,False,False
gate_proj,16,1234,adamw,50,0.06502895551175958,0.07453489674847581,0.06502895551175952,0.009505941236716234,5.551115123125783e-17,1.2309131865992355,0.19282269488008213,0.09472913806535078,6.677283616573527e-15,3.3325605134002467e-15,0.19371176826762707,0.9811363028969041,6.875016671698097e-15,1.0000000000000022,1.1949621768831988,5.781396394084997e-15,False,True,False,True,True,False,False
gate_proj,17,1234,adamw,1,1.4817518681551016,1.4817518681551016,1.4817518681551016,0.0,0.0,2.5852641596558864e-15,0.02265462413927324,1.2545985645196817e-15,6.026302125141636e-16,1.2545985645196817e-15,0.028720218992538647,0.9995877217410877,1.3568066450163074e-15,0.9999999999999939,0.7038624715191472,7.659909960664237e-16,False,True,False,True,True,False,False
gate_proj,17,1234,adamw,10,1.3354007047261869,1.353378140952171,1.3354007047261869,0.017977436225984134,0.0,0.33387134786192846,0.10995285204031677,0.06110141835181232,8.732672200582639e-16,1.4185515366186774e-15,0.12487397021691186,0.9922330000306352,1.6317635834684177e-15,0.9999999999999993,0.6517790411981454,9.81733440666766e-16,False,True,False,True,True,False,False
gate_proj,17,1234,adamw,50,0.0700408416173472,0.10121850955528584,0.0700408416173472,0.03117766793793865,0.0,0.991815151122273,0.2284709151931006,0.19819082122051918,1.569810002589495e-15,2.0765876249998084e-15,0.24897070422674736,0.9686969876807228,2.192119079071836e-15,1.0000000000000102,1.7605958991499746,1.6077854711028844e-15,False,True,False,True,True,False,False
gate_proj,18,1234,adamw,1,1.4169104322625794,1.4169104322625794,1.4169104322625794,0.0,0.0,2.9336988445687602e-15,0.022853102830575907,5.965136236822454e-16,7.181281842336894e-16,5.965136236822454e-16,0.02866594939729528,0.9995893953135513,9.097917300580377e-16,1.000000000000027,0.7075381435260419,6.654079681625479e-16,False,True,False,True,True,False,False
gate_proj,18,1234,adamw,10,1.272260136535445,1.2898152710865807,1.272260136535445,0.017555134551135776,0.0,0.33688350216093454,0.11196413774715883,0.06117062805596995,9.341278802317557e-16,9.320956394255987e-16,0.12567087237993044,0.9921258390826431,1.2848431545451162e-15,0.9999999999999519,0.6578350829688662,8.97797085297815e-16,False,True,False,True,True,False,False
gate_proj,18,1234,adamw,50,0.06617439227170052,0.08944718037967965,0.06617439227170047,0.023272788107979128,5.551115123125783e-17,1.0242516369411458,0.22721146514955096,0.17358738717903516,1.6746553822132892e-15,1.965744880367433e-15,0.23949593722970408,0.970922710125699,2.136486165695171e-15,0.9999999999999749,1.4703229440019154,1.6820543892801587e-15,False,True,False,True,True,False,False
gate_proj,19,1234,adamw,1,1.4313777073348544,1.4313777073348544,1.4313777073348544,0.0,0.0,2.0983185681918014e-15,0.023724671980196517,2.541064997650495e-15,1.555518475919412e-17,2.541064997650495e-15,0.030498471935569097,0.9995350085568722,2.5256983028112907e-15,0.9999999999999958,0.7179672837761785,1.5807037882992412e-17,False,True,False,True,True,False,False
gate_proj,19,1234,adamw,10,1.2901645012777962,1.3135878408691855,1.2901645012777962,0.023423339591389203,0.0,0.3927802198102469,0.11272171242577508,0.07905891012951909,7.661538369312407e-16,2.554571497777896e-15,0.13417203884447693,0.9910024151942505,2.6423844678112085e-15,0.9999999999999952,0.6408903784825372,7.692423014060662e-16,False,True,False,True,True,False,False
gate_proj,19,1234,adamw,50,0.06577932252124008,0.0947498801898416,0.06577932252124012,0.028970557668601515,4.163336342344337e-17,1.0268742212073314,0.20755097574660358,0.23038117783657527,1.7227476783645052e-15,2.3074445897601416e-15,0.24422717613190612,0.9715235442625365,2.3162745179150064e-15,1.0000000000000782,1.1024141212453944,1.7206573182948865e-15,False,True,False,True,True,False,False
gate_proj,20,1234,adamw,1,1.4366124643920053,1.4366124643920053,1.4366124643920053,0.0,0.0,2.537780395878475e-15,0.02441126494115321,2.9388135967619645e-15,1.0735946706293423e-16,2.9388135967619645e-15,0.0330667556288223,0.9994531578681122,2.9965637827305943e-15,1.0000000000000178,0.735597448081464,1.1225500538875486e-16,False,True,False,True,True,False,False
gate_proj,20,1234,adamw,10,1.2869941029236438,1.3134316116292712,1.2869941029236438,0.026437508705627444,0.0,0.4377124096213928,0.11741611793400875,0.08291139934281916,9.8220825328088e-16,3.0266391912863047e-15,0.1394864378479429,0.9902675278064045,3.1787679468718424e-15,1.0000000000000022,0.644432389912447,9.83230129240416e-16,False,True,False,True,True,False,False
gate_proj,20,1234,adamw,50,0.07919703600840695,0.12091574791980164,0.07919703600840705,0.04171871191139469,9.71445146547012e-17,0.8710102652460515,0.20668460447109238,0.24479953040765512,3.199790930539027e-15,4.932262129879438e-15,0.2521215697786195,0.9699257156570158,4.363529791694368e-15,1.0000000000000133,2.827977540429765,3.2458653462753014e-15,False,True,False,True,True,False,False
gate_proj,21,1234,adamw,1,1.4083367248113932,1.4083367248113932,1.4083367248113932,0.0,0.0,2.3104530789622197e-15,0.027531934349469402,4.403563167925685e-15,5.988773481062749e-16,4.403563167925685e-15,0.03857430449081782,0.9992557355580483,4.497957442676231e-15,1.0000000000000204,1.1483521512934602,5.385401367054231e-16,False,True,False,True,True,False,False
gate_proj,21,1234,adamw,10,1.2629016213800754,1.2887826573239196,1.2629016213800757,0.025881035943844166,2.220446049250313e-16,0.4286538230983526,0.13214775837610993,0.11044956530011628,1.1297810088649292e-15,4.323612476885219e-15,0.17237162392321265,0.985055618740252,4.467927505064959e-15,1.0000000000000338,1.4574626976829756,1.0644930695717522e-15,False,True,False,True,True,False,False
gate_proj,21,1234,adamw,50,0.07388884552031928,0.14899961521134406,0.07388884552031916,0.07511076969102477,1.249000902703301e-16,1.0167473912490184,0.3330969978499905,0.45182693146681724,2.2397404078240123e-15,4.0289785552400895e-15,0.45543480906981565,0.8931869240939635,3.684904407163049e-15,1.0000000000000306,3.006989243505326,2.2181599704980325e-15,False,True,False,True,True,False,False
gate_proj,22,1234,adamw,1,1.3947488459307318,1.3947488459307318,1.3947488459307318,0.0,0.0,3.0916452270778448e-15,0.02556506204761262,3.378921601244086e-15,2.4437057683553415e-17,3.378921601244086e-15,0.034694480973501446,0.9993979954046082,3.401160055750577e-15,1.000000000000017,1676.0177035959741,2.4727648385952268e-17,False,True,False,True,True,False,False
gate_proj,22,1234,adamw,10,1.2577467090301386,101.30793399729504,1.2577467090301386,100.0501872882649,0.0,1.0033969461141372,0.23564332327711626,0.35293437657113896,8.221264048640437e-16,3.3528931772499336e-15,0.42997690711842346,0.9045939491731204,3.4158097069852634e-15,1.000000000000032,223777.14104798794,8.32211118470117e-16,False,True,False,True,True,False,False
gate_proj,22,1234,adamw,50,0.05764776807473997,1.411962098170153,0.05764776807474001,1.354314330095413,3.469446951953614e-17,0.9881196571762836,0.6761899388201226,1.0244999264171137,2.4664167247994843e-15,4.319420803487711e-15,1.0090141325277782,0.2018927018610469,3.842648005921246e-15,1.0000000000000326,189697.96365099068,2.460625844674776e-15,False,True,False,True,True,False,False
gate_proj,23,1234,adamw,1,1.3994241440702162,1.3994241440702162,1.3994241440702162,0.0,0.0,1.9791111329728954e-15,0.02949466584799061,7.379357219546078e-16,1.927535313150658e-17,7.379357219546078e-16,0.040107633869397065,0.9991953810499994,7.347578420934002e-16,1.0000000000000144,406.03358515303205,2.0656012831703847e-17,False,True,False,True,True,False,False
gate_proj,23,1234,adamw,10,1.2581741638014017,1.8661357991865128,1.2581741638014017,0.6079616353851112,0.0,0.9881433656416774,0.2311340438862622,0.3824655032841626,5.760629002945372e-16,9.312324678080588e-16,0.45152046951996516,0.8929854156138441,1.0768622040222551e-15,0.9999999999999943,17453.019447574057,5.884897738178877e-16,False,True,False,True,True,False,False
gate_proj,23,1234,adamw,50,0.08305583010004094,1.3290730217656581,0.08305583010004101,1.246017191665617,6.938893903907228e-17,1.0376912488793184,0.6595348106153088,1.0582911278037237,1.6144834088573755e-15,2.0165427925730175e-15,1.0267624899080388,0.1873719813065126,2.0647206692357457e-15,0.9999999999999691,6160.756859883321,1.6356882984594589e-15,False,True,False,True,True,False,False
up_proj,0,1234,adamw,1,1.3348997118747143,1.3348997118747143,1.3348997118747143,0.0,0.0,2.544963417976508e-15,0.025970431232565046,4.031339638403842e-15,3.457846507714903e-15,4.031339638403842e-15,0.032143181787303236,0.999483469597537,5.333242447346932e-15,1.00000000000008,1.3552159666865868,4.178400106634288e-15,False,True,False,True,True,False,False
up_proj,0,1234,adamw,10,1.2065658130259926,1.192245809729592,1.2065658130259924,0.014320003296400596,2.220446049250313e-16,0.894143508913225,0.11001426206628719,0.06889529016304718,3.5465198426490043e-15,4.0975271833922635e-15,0.12288826738085003,0.9926289325910858,5.436151191013894e-15,0.99999999999998,0.7664859518179983,4.21351498826415e-15,False,True,False,True,True,False,False
up_proj,0,1234,adamw,50,0.054743061523535815,0.05060695287796929,0.05474306152353591,0.004136108645566523,9.71445146547012e-17,1.356904825268268,0.2133203315023527,0.1874693845503448,3.781424963112546e-15,3.957873057473052e-15,0.2357644667712455,0.9720757518159573,4.7030901652932484e-15,1.0000000000000497,0.8199024858624749,4.1120249713155494e-15,False,True,False,True,True,False,False
up_proj,1,1234,adamw,1,1.2801934620438966,1.2801934620438966,1.2801934620438966,0.0,0.0,3.1731080153513022e-15,0.012226125444518707,5.164112567108601e-15,3.363173430779297e-17,5.164112567108601e-15,0.01507663174888659,0.9998863591691836,5.184635307340505e-15,1.0000000000000138,591.1544864226172,3.2970690999314606e-17,False,True,False,True,True,False,False
up_proj,1,1234,adamw,10,1.1497149928884023,7.45041600486244,1.1497149928884027,6.300701011974038,4.440892098500626e-16,1.0114552082095958,0.24446213688283958,0.37106319121162806,1.0437884604153087e-15,4.910111458334805e-15,0.43688330730856895,0.9028162128951789,5.014694976487083e-15,1.0000000000000155,8679.27388862459,1.042516950825023e-15,False,True,False,True,True,False,False
up_proj,1,1234,adamw,50,0.05283033630578685,1.2896754276906612,0.05283033630578696,1.2368450913848743,1.0408340855860843e-16,0.9999061596896183,0.6626038741090833,1.0247756565292157,2.405874548218546e-15,2.990553377913715e-15,1.0102159637191463,0.1899581366449779,3.155611768990839e-15,1.0000000000000036,17234.883891785605,2.3796415324472152e-15,False,True,False,True,True,False,False
up_proj,2,1234,adamw,1,1.301068481454304,1.3010684814543043,1.3010684814543043,2.220446049250313e-16,2.220446049250313e-16,3.0780671033987785e-15,0.013168657538995593,1.2425002498314795e-15,1.0522118664439522e-16,1.2425002498314795e-15,0.016613463364108644,0.9998619885625255,1.2383966874723747e-15,0.9999999999999961,677.817440439854,9.824970754197582e-17,False,True,False,True,True,False,False
up_proj,2,1234,adamw,10,1.1706337242112692,6.170984522417915,1.1706337242112694,5.000350798206646,2.220446049250313e-16,0.9850119970586576,0.2577048973523146,0.3603650189902161,7.052123073016574e-16,1.3629882189331175e-15,0.4302625860168743,0.9041963642701029,1.5203558110962533e-15,0.9999999999999637,8322.460002019929,7.000490462175869e-16,False,True,False,True,True,False,False
up_proj,2,1234,adamw,50,0.05480299855928057,1.285672095258795,0.05480299855928062,1.2308690966995144,4.85722573273506e-17,0.999365812446132,0.6697487457510279,0.9968115173914555,1.3501199464754233e-15,1.3554855962222422e-15,0.9944326373852381,0.24317960672155087,1.7157008885276983e-15,1.000000000000024,24349.114301332178,1.3847590076690993e-15,False,True,False,True,True,False,False
up_proj,3,1234,adamw,1,1.2973522348465456,1.2973522348465456,1.2973522348465456,0.0,0.0,2.76818788973834e-15,0.020008436492269414,5.68899350126943e-16,6.028024896415932e-17,5.68899350126943e-16,0.027777675134498137,0.9996141350812404,6.251853539007724e-16,0.9999999999999754,514.8093039644276,7.899895211324254e-17,False,True,False,True,True,False,False
up_proj,3,1234,adamw,10,1.1726042191313013,3.7642907975771203,1.1726042191313015,2.591686578445819,2.220446049250313e-16,0.9874863379915032,0.24630070061596637,0.3559375761715329,7.410027033913666e-16,9.41922680949216e-16,0.42165128373226474,0.9083313725892597,1.220555873246092e-15,1.0000000000000102,4712.242677672396,7.49537012851205e-16,False,True,False,True,True,False,False
up_proj,3,1234,adamw,50,0.05936837516441399,1.2620242198553517,0.05936837516441386,1.2026558446909377,1.3183898417423734e-16,1.0091908532338731,0.6532171089756834,0.9813740434428614,1.9858179179444915e-15,2.8294320384150597e-15,0.9920066871007779,0.24399559233219345,2.7303734201819855e-15,1.0000000000000293,6112.73685355977,2.0762954631444495e-15,False,True,False,True,True,False,False
up_proj,4,1234,adamw,1,1.3170102241158426,1.3170102241158426,1.3170102241158426,0.0,0.0,2.5564770131752206e-15,0.016055767308668405,4.517812943475574e-15,1.457895589678102e-16,4.517812943475574e-15,0.019561825523614126,0.9998086956969452,4.513544991224662e-15,0.9999999999999931,237.90237215541183,9.800869942188786e-17,False,True,False,True,True,False,False
up_proj,4,1234,adamw,10,1.1785556610098322,1.3656593050389814,1.1785556610098324,0.18710364402914914,2.220446049250313e-16,1.4339040167047516,0.244036260000765,0.3759762616404215,9.839117029047057e-16,4.409599085877858e-15,0.4322884946462996,0.9020803351952178,4.520499331351279e-15,1.000000000000019,1215.0005187280083,9.548919065786839e-16,False,True,False,True,True,False,False
up_proj,4,1234,adamw,50,0.09026191073076613,1.0346598556362412,0.09026191073076589,0.944397944905475,2.3592239273284576e-16,1.198850415116208,0.5985588571131315,0.9393941802252878,3.175756195445843e-15,4.593777967880787e-15,0.958844699627469,0.34425274589152954,4.277051194362567e-15,1.0000000000000084,1269.8705937066325,3.2216246143291326e-15,False,True,False,True,True,False,False
up_proj,5,1234,adamw,1,1.29135891100552,1.29135891100552,1.29135891100552,0.0,0.0,2.2608407330169012e-15,0.02027623442160108,3.524820276169028e-16,1.1548531453170853e-15,3.524820276169028e-16,0.02556638164109207,0.9996731379162173,1.1931633946917524e-15,1.0000000000000244,1187.6739283587106,9.970920988962215e-16,False,True,False,True,True,False,False
up_proj,5,1234,adamw,10,1.1550480631419695,1.6585295176684958,1.15504806314197,0.5034814545265263,4.440892098500626e-16,1.0764482465580811,0.24989453531328099,0.38356808329233466,1.3263921175043408e-15,7.860801761324598e-16,0.44401659814392974,0.8962245833340576,1.5290863306898897e-15,0.9999999999999877,36184.465711737066,1.2158049729167278e-15,False,True,False,True,True,False,False
up_proj,5,1234,adamw,50,0.057771324722903195,1.2607676743060405,0.057771324722903236,1.2029963495831373,4.163336342344337e-17,1.0746139557658638,0.6711806620404075,1.0045847363575926,1.6767855255877982e-15,1.6985052842598153e-15,1.000135070190132,0.2519139462592426,2.0389508977089728e-15,0.9999999999999984,29518.22351703811,1.6000356824332062e-15,False,True,False,True,True,False,False
up_proj,6,1234,adamw,1,1.320204941153644,1.3202049411536438,1.3202049411536438,2.220446049250313e-16,2.220446049250313e-16,2.4026398120476304e-15,0.017279772404769394,3.3508200684011938e-15,3.034948507143263e-17,3.3508200684011938e-15,0.021295600856153292,0.9997732749785444,3.427670144017733e-15,1.0000000000000098,912.1963366576667,3.525792690631726e-17,False,True,False,True,True,False,False
up_proj,6,1234,adamw,10,1.1816583641297989,1.4376215611270684,1.181658364129799,0.25596319699726955,2.220446049250313e-16,1.3509448185345936,0.25261912040863777,0.3828152393131145,8.671688057219168e-16,3.3409741926671466e-15,0.4377498834369431,0.8992201073436753,3.5330407357146936e-15,0.9999999999999931,12820.487489024443,8.605515090774847e-16,False,True,False,True,True,False,False
up_proj,6,1234,adamw,50,0.07281833438994119,1.2170620427738026,0.07281833438994138,1.1442437083838615,1.942890293094024e-16,0.9989701250628295,0.6655693887936242,1.0182901638664428,3.3060828483142758e-15,4.862994569221917e-15,1.005896438154935,0.2443828315234978,4.528178482940982e-15,1.0000000000000415,3043.2488352931455,3.284384316134782e-15,False,True,False,True,True,False,False
up_proj,7,1234,adamw,1,1.352831158622412,1.352831158622412,1.352831158622412,0.0,0.0,2.0307501436698836e-15,0.01849588327745144,4.269638822991745e-15,5.165602759634796e-17,4.269638822991745e-15,0.023500239561115993,0.9997238473542048,4.1969394703739934e-15,1.000000000000019,329.7458676329533,4.765727185816096e-17,False,True,False,True,True,False,False
up_proj,7,1234,adamw,10,1.211889310238421,4.320371798300322,1.211889310238421,3.1084824880619006,0.0,1.0178660110883162,0.24795651229163262,0.37248616662683426,7.866650591800754e-16,4.145544836244797e-15,0.4407894421246308,0.9012176877897231,4.128449011653181e-15,1.0000000000000124,3173.978270947791,7.697771386050783e-16,False,True,False,True,True,False,False
up_proj,7,1234,adamw,50,0.06488299739292937,1.3145003147725556,0.06488299739292933,1.2496173173796261,4.163336342344337e-17,1.0368823603430484,0.6553815100270645,1.0125330348663004,1.83888651479593e-15,2.5101827110881074e-15,1.001725174630883,0.2098982660777317,2.583110710846697e-15,1.0000000000000049,6866.945466792798,1.790741806801138e-15,False,True,False,True,True,False,False
up_proj,8,1234,adamw,1,1.3385911896549407,1.3385911896549407,1.3385911896549407,0.0,0.0,3.5959329482348885e-15,0.01959612188775707,7.81454955062017e-15,5.004345397561806e-16,7.81454955062017e-15,0.024570527592339544,0.9996981233054041,7.883231978440374e-15,0.9999999999999731,668.5461379269548,4.3010401707196796e-16,False,True,False,True,True,False,False
up_proj,8,1234,adamw,10,1.2040731143118562,1.5379345527382222,1.2040731143118564,0.33386143842636606,2.220446049250313e-16,1.1660384823045862,0.24414817870880642,0.3855653467546751,1.3456311609899253e-15,7.498819520857333e-15,0.44027131857425117,0.8981358085013276,7.67580912768182e-15,1.0000000000000226,12497.163352214562,1.3672666532983243e-15,False,True,False,True,True,False,False
up_proj,8,1234,adamw,50,0.06332180800054721,1.21938270226032,0.06332180800054683,1.156060894259773,3.7470027081099033e-16,1.0971876279735828,0.6673761343908374,1.0161064384275038,3.0169538628548213e-15,5.362804473833709e-15,1.0032361856711014,0.24405345276965112,4.9535554231584445e-15,1.000000000000005,4543.297380468644,2.9987503162370254e-15,False,True,False,True,True,False,False
up_proj,9,1234,adamw,1,1.3440712556643128,1.344071255664313,1.344071255664313,2.220446049250313e-16,2.220446049250313e-16,2.6187961798950706e-15,0.022777742422251137,2.644528864665502e-15,9.620088678713801e-15,2.644528864665502e-15,0.028305873834684518,0.9995996187763438,9.93511299024573e-15,1.0000000000000324,1411.64988909619,6.791990162885892e-15,False,True,False,True,True,False,False
up_proj,9,1234,adamw,10,1.2075186907574875,2.367423758255129,1.2075186907574875,1.1599050674976414,0.0,1.0113938335044663,0.24955084865581523,0.38139060234781486,9.450250216409335e-15,3.4794330447921143e-15,0.442151833229502,0.8975905664886433,9.998921593901214e-15,0.9999999999999527,52314.350936619645,6.793631823934495e-15,False,True,False,True,True,False,False
up_proj,9,1234,adamw,50,0.05544337753957412,1.3534274154147135,0.05544337753957423,1.2979840378751393,1.1102230246251565e-16,0.9938159064004068,0.6799706246916201,1.0041374481048204,8.148601468144952e-15,5.104877792094954e-15,0.996090642206405,0.24998949881204746,8.782932556959038e-15,0.9999999999999715,29131.888959490523,6.4096611216547705e-15,False,True,False,True,True,False,False
up_proj,10,1234,adamw,1,1.330333697323301,1.330333697323301,1.330333697323301,0.0,0.0,2.3818542026038483e-15,0.02456124608117975,4.944138700169362e-16,7.429901321044771e-17,4.944138700169362e-16,0.030909629070133317,0.999522870388432,4.951622754204199e-16,0.9999999999999948,1.0663712731097374,8.001456394482432e-17,False,True,False,True,True,False,False
up_proj,10,1234,adamw,10,1.19963723366847,1.1924333605251893,1.19963723366847,0.007203873143280637,0.0,0.25583216600024594,0.12014655122324072,0.031987850202715676,6.72157950026478e-16,8.721774899237449e-16,0.12160139987196783,0.9926861346044232,1.0981147737434822e-15,1.0000000000000209,1.036706876006797,6.7308488172282e-16,False,True,False,True,True,False,False
up_proj,10,1234,adamw,50,0.06482405332592181,0.06868959965992945,0.06482405332592181,0.0038655463340076385,0.0,1.583416444368804,0.36576073463455744,0.070212675948335,1.470774204777493e-15,1.7253556456377655e-15,0.37359215766534093,0.9361506784710681,1.9003476953212055e-15,1.0000000000000209,1.161537687633712,1.4655931702137285e-15,False,True,False,True,True,False,False
up_proj,11,1234,adamw,1,1.3393450224986045,1.339345022498604,1.339345022498604,4.440892098500626e-16,4.440892098500626e-16,2.414564728254462e-15,0.024573331430315308,1.5694533210161273e-15,1.711765966815992e-15,1.5694533210161273e-15,0.03133156594999983,0.9995092768862847,2.294079849651976e-15,0.9999999999999758,0.9766865579754789,1.8438326325523407e-15,False,True,False,True,True,False,False
up_proj,11,1234,adamw,10,1.2092102467106636,1.204373381704287,1.2092102467106631,0.0048368650063765894,4.440892098500626e-16,0.141609504296879,0.11679155294271282,0.022471469133380613,1.8557364544595044e-15,1.952339264028751e-15,0.11743800872103796,0.9931590440534184,2.6706436594687835e-15,1.0000000000000453,0.9959401272568271,1.977505233278149e-15,False,True,False,True,True,False,False
up_proj,11,1234,adamw,50,0.07044438834683307,0.07464224342207892,0.07044438834683307,0.0041978550752458516,0.0,0.4828932995724471,0.35564991058046774,0.0880515183987649,3.533223541504812e-15,4.986673323988387e-15,0.3637985428304567,0.9380719512437129,4.7086801443431784e-15,0.9999999999999812,1.0171068883742382,3.656435928279109e-15,False,True,False,True,True,False,False
up_proj,12,1234,adamw,1,1.3473677275099476,1.3473677275099476,1.3473677275099476,0.0,0.0,2.396682209966862e-15,0.023962433387876052,2.991266856940533e-15,4.5731566941897914e-17,2.991266856940533e-15,0.029282005872869343,0.9995714203842083,2.9605265680342145e-15,0.9999999999999984,1.003430795104182,7.645665236020648e-17,False,True,False,True,True,False,False
up_proj,12,1234,adamw,10,1.211137666255143,1.2050533572473736,1.211137666255143,0.006084309007769351,0.0,0.18563982354956673,0.12131603707511926,0.023798737949192426,5.933516621603675e-16,2.778743513165202e-15,0.11948635598931058,0.9929178074555127,2.821142794871905e-15,0.9999999999999654,0.9836635659807438,5.768657242510662e-16,False,True,False,True,True,False,False
up_proj,12,1234,adamw,50,0.08001139139950833,0.08194983023646903,0.08001139139950816,0.0019384388369606959,1.6653345369377348e-16,0.6688237138300946,0.3552887115169196,0.07465705778054128,1.3049083559708683e-15,1.8279572467532843e-15,0.36114089278722217,0.939176685622509,1.950480359957757e-15,0.9999999999999863,1.0519144105140212,1.2994473723616377e-15,False,True,False,True,True,False,False
up_proj,13,1234,adamw,1,1.3647586486632615,1.3647586486632615,1.3647586486632615,0.0,0.0,2.3717478747321745e-15,0.022249430487270096,3.1225878624068577e-15,4.723999557438823e-16,3.1225878624068577e-15,0.02794867818040311,0.9996095443215196,3.2132561743951835e-15,0.9999999999999827,0.9212544672309644,6.507495029675423e-16,False,True,False,True,True,False,False
up_proj,13,1234,adamw,10,1.2263545352364331,1.22302234290808,1.2263545352364331,0.003332192328353134,0.0,0.09382234879730637,0.11122009300705675,0.016010844068948718,9.591443630493103e-16,3.1034162838037584e-15,0.10948593807593558,0.9940775686578764,3.2813342322543626e-15,0.9999999999999969,0.9314851098462212,1.0684750322378501e-15,False,True,False,True,True,False,False
up_proj,13,1234,adamw,50,0.067024274977867,0.0650542765897102,0.06702427497786707,0.001969998388156799,6.938893903907228e-17,0.7327374028811189,0.31926623039837637,0.04484365158167986,2.2252366796964775e-15,3.1536204998907748e-15,0.3213387290860718,0.9525267407839277,3.028241001162471e-15,1.000000000000034,0.9308718011947428,2.209556786387045e-15,False,True,False,True,True,False,False
up_proj,14,1234,adamw,1,1.3626392295116492,1.3626392295116492,1.3626392295116492,0.0,0.0,2.518280840860471e-15,0.019380618857568862,5.2092873532166635e-15,8.487564966887345e-16,5.2092873532166635e-15,0.024224362698730535,0.999706547684517,5.064205261821929e-15,1.0000000000000342,0.7933653746070354,7.257326717487569e-16,False,True,False,True,True,False,False
up_proj,14,1234,adamw,10,1.2235944244765733,1.223645225367732,1.2235944244765733,5.080089115860886e-05,0.0,0.03361408400896697,0.09743322247471804,0.009712382672146464,1.2709976157584152e-15,5.096151753996844e-15,0.09501251580066714,0.9955457863564511,5.028191666256578e-15,0.9999999999999687,0.8148572775587314,1.1924240953242339e-15,False,True,False,True,True,False,False
up_proj,14,1234,adamw,50,0.08276329046475311,0.08330921102360622,0.08276329046475313,0.000545920558853108,1.3877787807814457e-17,0.2404109135628117,0.2651269476165922,0.0276197398892369,3.483858239406241e-15,5.7362870246949125e-15,0.26476861527415757,0.9675781794231647,5.144660855962161e-15,0.9999999999999843,0.8004280137204851,3.3995736311532853e-15,False,True,False,True,True,False,False
up_proj,15,1234,adamw,1,1.378953694277235,1.378953694277235,1.378953694277235,0.0,0.0,2.5170178059117946e-15,0.019447641424903482,1.796839784984699e-15,3.426956601012608e-16,1.796839784984699e-15,0.023682163633162532,0.9997197470657738,1.790661297434089e-15,0.9999999999999674,0.7250837958226642,7.730486171829505e-16,False,True,False,True,True,False,False
up_proj,15,1234,adamw,10,1.2401350261196855,1.2440642327991938,1.2401350261196855,0.003929206679508246,0.0,0.0914565583884435,0.09624177425276798,0.017094384426128692,8.526326397780614e-16,1.977993448841818e-15,0.09381742975461693,0.9956385795494568,2.1113164614115463e-15,1.0000000000000282,0.7451580279176004,1.0834867224494184e-15,False,True,False,True,True,False,False
up_proj,15,1234,adamw,50,0.07620468134777325,0.08110852863198689,0.07620468134777385,0.004903847284213642,5.967448757360216e-16,0.41605869888541946,0.25531089065493917,0.06136454426910429,2.0737471174760044e-15,3.4877448737538018e-15,0.25276193567778804,0.969573782813379,3.3524036532103092e-15,0.9999999999999796,1.1709317494765397,2.163791174091454e-15,False,True,False,True,True,False,False
up_proj,16,1234,adamw,1,1.3499575735478506,1.3499575735478508,1.3499575735478508,2.220446049250313e-16,2.220446049250313e-16,3.1289440575400875e-15,0.01832189229592632,3.775953743513018e-15,5.312934734593668e-17,3.775953743513018e-15,0.023693040517257142,0.9997193837974525,3.807940565875006e-15,1.000000000000004,0.5977477676042842,5.723156941072446e-17,False,True,False,True,True,False,False
up_proj,16,1234,adamw,10,1.2123492108746725,1.224274082002589,1.2123492108746725,0.011924871127916514,0.0,0.2284941496135498,0.08662215886186606,0.03968591783042465,1.1823145811542353e-15,3.726042270892228e-15,0.0925778593954514,0.9957475044979407,3.939395943626951e-15,1.0000000000000078,0.5682380335536893,1.2337791679817809e-15,False,True,False,True,True,False,False
up_proj,16,1234,adamw,50,0.05248378341673074,0.05957793075904324,0.052483783416730774,0.0070941473423125,3.469446951953614e-17,1.1016982850206443,0.1934863673773271,0.0905251514282817,2.650057031901141e-15,3.2016362785840558e-15,0.19253115612615654,0.9813990634872272,3.3840910688556846e-15,0.9999999999999893,1.1877101376580248,2.6958994583054183e-15,False,True,False,True,True,False,False
up_proj,17,1234,adamw,1,1.3283166386991514,1.3283166386991514,1.3283166386991514,0.0,0.0,2.806349793421319e-15,0.022648559113902574,4.599619470968554e-15,3.1095832484564135e-16,4.599619470968554e-15,0.028555803938033877,0.9995923262707573,4.551808193762144e-15,1.0000000000000169,0.697280044925364,1.3055105030654672e-15,False,True,False,True,True,False,False
up_proj,17,1234,adamw,10,1.1960795183783226,1.2148144846736226,1.1960795183783226,0.018734966295300026,0.0,0.3329177158626271,0.10583827835494566,0.06563280662027592,1.3852827313618553e-15,4.538782377399554e-15,0.12057675035871439,0.992752018880509,4.68576208240882e-15,0.9999999999999958,0.6526887142820262,2.078874832452009e-15,False,True,False,True,True,False,False
up_proj,17,1234,adamw,50,0.08177316452256651,0.10799757944961422,0.08177316452256633,0.026224414927047704,1.8041124150158794e-16,1.132370197638401,0.2375063318443587,0.22058784767762202,4.038837108231181e-15,5.815316729065651e-15,0.2614621653995421,0.9653258108626444,5.436928422967298e-15,0.9999999999999609,1.6948575079634638,4.296335446922283e-15,False,True,False,True,True,False,False
up_proj,18,1234,adamw,1,1.3589682647226153,1.3589682647226153,1.3589682647226153,0.0,0.0,3.339642800875812e-15,0.02284829811108917,7.497167850976603e-15,4.6138603495958645e-15,7.497167850976603e-15,0.02866667035445937,0.999589297000006,8.754950958279834e-15,1.0000000000000036,0.7010684744242183,8.625707432492251e-15,False,True,False,True,True,False,False
up_proj,18,1234,adamw,10,1.2278243983228823,1.245949640859536,1.2278243983228823,0.01812524253665382,0.0,0.32941043942767234,0.10783569042992813,0.0666194135877137,5.710820921167518e-15,7.891483126192889e-15,0.12291316919612627,0.9924588251077214,9.623485597558188e-15,1.0000000000000138,0.6630597482003479,9.44811082789864e-15,False,True,False,True,True,False,False
up_proj,18,1234,adamw,50,0.1001197916027141,0.11902951683387399,0.10011979160271353,0.018909725231159885,5.689893001203927e-16,1.1688522598939761,0.26453035644266143,0.26518491551248896,1.435949192533092e-14,1.84286416949734e-14,0.2948364564665452,0.9557044764568297,1.721748003856505e-14,1.0000000000000127,1.7025769602628251,1.550018254261872e-14,False,True,False,True,True,False,False
up_proj,19,1234,adamw,1,1.3929398680211131,1.3929398680211131,1.3929398680211131,0.0,0.0,2.439041566420278e-15,0.023728099007621652,3.720265525866548e-15,1.1446053919574247e-16,3.720265525866548e-15,0.030251492321846117,0.9995426570002798,3.683690607278137e-15,1.0000000000000104,0.716456893641385,1.2003279529521454e-16,False,True,False,True,True,False,False
up_proj,19,1234,adamw,10,1.25534691106596,1.2808486373339811,1.2553469110659599,0.025501726268021052,2.220446049250313e-16,0.38233911895321354,0.11251490396140255,0.08489016180349937,7.975105276483361e-16,3.628669757240054e-15,0.13583748629256584,0.9907610174086816,3.686840938861676e-15,0.9999999999999996,0.6479179740615078,8.12815230003581e-16,False,True,False,True,True,False,False
up_proj,19,1234,adamw,50,0.07113629243976807,0.10287930550245243,0.07113629243976809,0.03174301306268436,1.3877787807814457e-17,1.0712965105916148,0.22812534362539935,0.26410431343762153,1.9086562837224804e-15,3.842097091872653e-15,0.27227380875031454,0.9641857501883707,3.366599579397282e-15,1.000000000000044,2.2838823488504922,1.900212651486011e-15,False,True,False,True,True,False,False
up_proj,20,1234,adamw,1,1.3976515189177905,1.3976515189177905,1.3976515189177905,0.0,0.0,2.5700508397676953e-15,0.02443811878653996,1.0455563005513296e-14,8.533409345449537e-17,1.0455563005513296e-14,0.03044359036892562,0.9995368301848203,1.0075625448424599e-14,0.9999999999999952,0.7327894227585677,8.185188314741612e-17,False,True,False,True,True,False,False
up_proj,20,1234,adamw,10,1.2516086978746337,1.283487020649571,1.251608697874634,0.031878322774937295,2.220446049250313e-16,0.3987302491302329,0.12303560377568572,0.08988912377716941,1.6477558683702535e-15,1.0103043030750968e-14,0.14567679661297944,0.9893747540438991,9.941498602688124e-15,0.999999999999978,0.6608661880367944,1.681715902829883e-15,False,True,False,True,True,False,False
up_proj,20,1234,adamw,50,0.054876235945789345,0.1069000227219295,0.054876235945789525,0.052023786776140155,1.8041124150158794e-16,1.0190681194215074,0.22741042665174352,0.3104924462935164,3.6212117095958145e-15,9.502145881322127e-15,0.29128864353262723,0.9603084530871984,8.605849655814181e-15,0.999999999999991,2.797905676178688,3.675196292163624e-15,False,True,False,True,True,False,False
up_proj,21,1234,adamw,1,1.433141352254687,1.433141352254687,1.433141352254687,0.0,0.0,2.6681876036983875e-15,0.027547359679120385,4.1004083559715084e-15,3.726729886829996e-15,4.1004083559715084e-15,0.03547283696221985,0.9993707080267092,5.422683557682211e-15,1.0000000000000506,1.1291121335042584,4.115830182516428e-15,False,True,False,True,True,False,False
up_proj,21,1234,adamw,10,1.2925340562720296,1.3201340935522599,1.2925340562720296,0.027600037280230305,0.0,0.4192208651421285,0.1334451771389783,0.11343107144847217,4.561855552464615e-15,4.63593141521449e-15,0.17013509905315222,0.9854551329210284,6.307733643413151e-15,1.0000000000000286,1.4108600451477005,4.859382437638095e-15,False,True,False,True,True,False,False
up_proj,21,1234,adamw,50,0.08615966012687512,0.16556338621032576,0.086159660126876,0.07940372608345064,8.743006318923108e-16,1.1236684770125982,0.39291212633097883,0.4972720647190124,5.821352901567641e-15,6.030826994234546e-15,0.4936143972730887,0.8742517315618661,7.322002737080127e-15,1.000000000000001,4.119237773080719,6.003350951389735e-15,False,True,False,True,True,False,False
up_proj,22,1234,adamw,1,1.4106004260306033,1.4106004260306033,1.4106004260306033,0.0,0.0,2.4716293090977254e-15,0.025562283357069924,1.8509159281300313e-15,3.694243943850093e-16,1.8509159281300313e-15,0.032043586974073036,0.9994865302572643,1.8802952847668757e-15,0.9999999999999798,1831.023756017739,3.8272846406898694e-16,False,True,False,True,True,False,False
up_proj,22,1234,adamw,10,1.2603230897798945,2.355486806612353,1.2603230897798945,1.0951637168324584,0.0,0.999152002024647,0.2627413195865888,0.38475795178848055,8.248237564752708e-16,2.0245915935278153e-15,0.45382323507674094,0.8912944769326523,2.1573290980770707e-15,0.9999999999999302,110572.36339026612,8.75657868390699e-16,False,True,False,True,True,False,False
up_proj,22,1234,adamw,50,0.07766673427171218,1.763168388995719,0.07766673427171226,1.685501654724007,8.326672684688674e-17,1.074919229139213,0.6816185233841002,0.9979049947355977,2.4730909867230485e-15,3.3403606147647494e-15,0.9965463972028671,0.25585445551245334,3.2005202770850818e-15,0.9999999999999778,8532.265576063093,2.509579446844601e-15,False,True,False,True,True,False,False
up_proj,23,1234,adamw,1,1.406646360635016,1.4066463606350157,1.4066463606350157,2.220446049250313e-16,2.220446049250313e-16,2.9091610435159297e-15,0.029523979518569003,1.2908564182828552e-15,1.7673518560231815e-16,1.2908564182828552e-15,0.03669066177679671,0.9993271486573387,1.2896474526856474e-15,1.000000000000004,540.0934189658075,1.96446104140344e-16,False,True,False,True,True,False,False
up_proj,23,1234,adamw,10,1.270211116126153,1.9371447455081177,1.270211116126153,0.6669336293819648,0.0,1.0778509208534588,0.2415976275711276,0.38524485340852765,8.245414583055738e-16,1.5135750797505286e-15,0.44945581505676563,0.8939746359450945,1.7005362290583434e-15,1.0000000000000497,14263.307250764705,8.364426532694763e-16,False,True,False,True,True,False,False
up_proj,23,1234,adamw,50,0.06345467617121921,1.3878419048406998,0.06345467617121921,1.3243872286694807,0.0,0.9960502301332663,0.6827932695046354,1.0074395901364437,2.1392736428219317e-15,2.4855113629419686e-15,1.002563242417192,0.2307810510500212,2.629342824304564e-15,0.9999999999999876,7150.490823300194,2.163103688549966e-15,False,True,False,True,True,False,False
down_proj,0,1234,adamw,1,2.7735674755530018,2.7735674755530018,2.7735674755530018,0.0,0.0,1.7338439344193766e-15,9.248320049284172e-17,5.2033484924996466e-17,9.248320049284172e-17,5.2033484924996466e-17,1.0940174435926311e-16,1.0000000000000053,1.0940174435926311e-16,1.0000000000000053,1.7346830875707226e-15,1.7346830875707226e-15,True,True,True,True,False,False,False
down_proj,0,1234,adamw,10,2.356359055146858,2.3563590551468576,2.3563590551468576,4.440892098500626e-16,4.440892098500626e-16,2.002496227520726e-14,6.524137325601904e-16,1.203926350362515e-15,6.524137325601904e-16,1.203926350362515e-15,1.3779515069936079e-15,1.0000000000000104,1.3779515069936079e-15,1.0000000000000104,1.0261471976536316e-14,1.0261471976536316e-14,True,True,True,True,False,False,False
down_proj,0,1234,adamw,50,0.08327511944022803,0.08327511944022808,0.08327511944022808,5.551115123125783e-17,5.551115123125783e-17,1.0387474046960533e-12,1.7751734422724282e-15,3.1071975347053294e-15,1.7751734422724282e-15,3.1071975347053294e-15,3.5158561498241745e-15,1.0000000000000735,3.5158561498241745e-15,1.0000000000000735,7.131473478707278e-13,7.131473478707278e-13,True,True,True,True,False,False,False
down_proj,1,1234,adamw,1,2.4504445004628717,2.4504445004628717,2.4504445004628717,0.0,0.0,1.9827218880751846e-15,3.1258260852993524e-16,2.176452350409712e-13,3.1258260852993524e-16,2.176452350409712e-13,2.172094981817478e-13,0.9999999999999915,2.172094981817478e-13,0.9999999999999915,1.983462799706873e-15,1.983462799706873e-15,True,True,True,True,False,False,False
down_proj,1,1234,adamw,10,2.0700383413307413,2.07003834133074,2.07003834133074,1.3322676295501878e-15,1.3322676295501878e-15,9.775432698441466e-14,2.5190998502973537e-14,2.1129481727674188e-13,2.5190998502973537e-14,2.1129481727674188e-13,2.1149493712964865e-13,0.9999999999999798,2.1149493712964865e-13,0.9999999999999798,1.016534638426765e-13,1.016534638426765e-13,True,True,True,True,False,False,False
down_proj,1,1234,adamw,50,0.09111125671836104,0.09111125671840824,0.09111125671840824,4.719835633437697e-14,4.719835633437697e-14,1.1777832201644836e-12,1.2349929340992204e-13,5.805527789567458e-13,1.2349929340992204e-13,5.805527789567458e-13,5.670487285306932e-13,0.9999999999999529,5.670487285306932e-13,0.9999999999999529,1.7553804822681796e-12,1.7553804822681796e-12,True,True,True,True,False,False,False
down_proj,2,1234,adamw,1,2.4656863454337214,2.465686345433722,2.465686345433722,4.440892098500626e-16,4.440892098500626e-16,2.0902394575938136e-15,2.688731637884664e-16,2.139390155728714e-15,2.688731637884664e-16,2.139390155728714e-15,2.1739068650172686e-15,0.9999999999999711,2.1739068650172686e-15,0.9999999999999711,2.0912487870811674e-15,2.0912487870811674e-15,True,True,True,True,False,False,False
down_proj,2,1234,adamw,10,2.0932066050286804,2.0932066050286804,2.0932066050286804,0.0,0.0,1.7225447835904987e-14,8.9193248804491e-16,2.548225553671661e-15,8.9193248804491e-16,2.548225553671661e-15,2.7278308909547897e-15,0.9999999999999905,2.7278308909547897e-15,0.9999999999999905,1.4519379910884907e-14,1.4519379910884907e-14,True,True,True,True,False,False,False
down_proj,2,1234,adamw,50,0.11974979962480502,0.11974979962480531,0.11974979962480531,2.914335439641036e-16,2.914335439641036e-16,7.410296735631234e-13,2.5028571646042493e-15,6.681666758691983e-15,2.5028571646042493e-15,6.681666758691983e-15,6.868953536686046e-15,0.999999999999945,6.868953536686046e-15,0.999999999999945,5.74778612115586e-13,5.74778612115586e-13,True,True,True,True,False,False,False
down_proj,3,1234,adamw,1,2.5776923936752443,2.5776923936752447,2.5776923936752447,4.440892098500626e-16,4.440892098500626e-16,3.4242002607940006e-15,2.2760234960741486e-14,4.7612714145819226e-15,2.2760234960741486e-14,4.7612714145819226e-15,2.3046271578699045e-14,0.9999999999999757,2.3046271578699045e-14,0.9999999999999757,3.4246656387221574e-15,3.4246656387221574e-15,True,True,True,True,False,False,False
down_proj,3,1234,adamw,10,2.178227600389623,2.178227600389623,2.178227600389623,0.0,0.0,2.023448824499508e-14,2.2521811591786548e-14,4.409248119176976e-15,2.2521811591786548e-14,4.409248119176976e-15,2.2674421078157333e-14,1.0000000000000115,2.2674421078157333e-14,1.0000000000000115,1.7556222343214477e-14,1.7556222343214477e-14,True,True,True,True,False,False,False
down_proj,3,1234,adamw,50,0.055273087659162785,0.055273087659162765,0.055273087659162765,2.0816681711721685e-17,2.0816681711721685e-17,1.3287300056032731e-12,2.1910111821632775e-14,4.80319171887219e-15,2.1910111821632775e-14,4.80319171887219e-15,2.2501295160438117e-14,1.0000000000000178,2.2501295160438117e-14,1.0000000000000178,6.117661952259054e-13,6.117661952259054e-13,True,True,True,True,False,False,False
down_proj,4,1234,adamw,1,2.595721437606749,2.5957214376067492,2.5957214376067492,4.440892098500626e-16,4.440892098500626e-16,2.785180774453006e-15,2.5634061800860922e-15,1.84801839386401e-17,2.5634061800860922e-15,1.84801839386401e-17,2.571075643394868e-15,1.0000000000000262,2.571075643394868e-15,1.0000000000000262,2.785996050249954e-15,2.785996050249954e-15,True,True,True,True,False,False,False
down_proj,4,1234,adamw,10,2.1834355892177144,2.183435589217715,2.183435589217715,4.440892098500626e-16,4.440892098500626e-16,2.6199222068736022e-14,2.6754140663067712e-15,1.3482943340456296e-15,2.6754140663067712e-15,1.3482943340456296e-15,3.001305782582231e-15,0.9999999999999676,3.001305782582231e-15,0.9999999999999676,1.4049802466484588e-14,1.4049802466484588e-14,True,True,True,True,False,False,False
down_proj,4,1234,adamw,50,0.07600688999422722,0.07600688999422729,0.07600688999422729,6.938893903907228e-17,6.938893903907228e-17,1.6857401416975697e-12,3.5311072904390555e-15,3.6506080865493795e-15,3.5311072904390555e-15,3.6506080865493795e-15,5.078569000878351e-15,0.9999999999999676,5.078569000878351e-15,0.9999999999999676,6.323306705648472e-13,6.323306705648472e-13,True,True,True,True,False,False,False
down_proj,5,1234,adamw,1,2.396715144299627,2.3967151442996273,2.3967151442996273,4.440892098500626e-16,4.440892098500626e-16,2.655040159239247e-15,2.0874659318747937e-15,5.816244233275585e-17,2.0874659318747937e-15,5.816244233275585e-17,2.075203797354776e-15,1.0000000000000142,2.075203797354776e-15,1.0000000000000142,2.6557891451812304e-15,2.6557891451812304e-15,True,True,True,True,False,False,False
down_proj,5,1234,adamw,10,2.021535978380005,2.021535978380005,2.021535978380005,0.0,0.0,2.1781960350350622e-14,2.243775410143036e-15,1.2667984051325542e-15,2.243775410143036e-15,1.2667984051325542e-15,2.5684506593733033e-15,1.000000000000019,2.5684506593733033e-15,1.000000000000019,1.430207453387924e-14,1.430207453387924e-14,True,True,True,True,False,False,False
down_proj,5,1234,adamw,50,0.10838733802741887,0.10838733802741876,0.10838733802741876,1.1102230246251565e-16,1.1102230246251565e-16,9.896534964058557e-13,2.9305360985251823e-15,2.9148251742558756e-15,2.9305360985251823e-15,2.9148251742558756e-15,4.103921133658341e-15,0.9999999999999719,4.103921133658341e-15,0.9999999999999719,6.765768216824889e-13,6.765768216824889e-13,True,True,True,True,False,False,False
down_proj,6,1234,adamw,1,2.582252953877594,2.5822529538775942,2.5822529538775942,4.440892098500626e-16,4.440892098500626e-16,2.607033516758043e-15,2.576426257443457e-16,3.1518645674679855e-17,2.576426257443457e-16,3.1518645674679855e-17,2.5730257327451975e-16,0.9999999999999825,2.5730257327451975e-16,0.9999999999999825,2.6078753484159106e-15,2.6078753484159106e-15,True,True,True,True,False,False,False
down_proj,6,1234,adamw,10,2.2054149212676517,2.2054149212676517,2.2054149212676517,0.0,0.0,2.3027827504086032e-14,8.841903443012826e-16,1.3820581350698177e-15,8.841903443012826e-16,1.3820581350698177e-15,1.6457189875230596e-15,0.999999999999978,1.6457189875230596e-15,0.999999999999978,1.275766127463354e-14,1.275766127463354e-14,True,True,True,True,False,False,False
down_proj,6,1234,adamw,50,0.06910406871783849,0.06910406871783822,0.06910406871783822,2.636779683484747e-16,2.636779683484747e-16,5.691786437333938e-13,2.179392367443673e-15,3.2558391463539076e-15,2.179392367443673e-15,3.2558391463539076e-15,3.889322263218253e-15,1.0000000000000095,3.889322263218253e-15,1.0000000000000095,7.521246263322833e-13,7.521246263322833e-13,True,True,True,True,False,False,False
down_proj,7,1234,adamw,1,2.638892160907131,2.638892160907131,2.638892160907131,0.0,0.0,2.644006652165889e-15,2.951437670470937e-15,1.3876089053058402e-16,2.951437670470937e-15,1.3876089053058402e-16,2.9688048437329328e-15,0.9999999999999836,2.9688048437329328e-15,0.9999999999999836,2.6448991419251553e-15,2.6448991419251553e-15,True,True,True,True,False,False,False
down_proj,7,1234,adamw,10,2.2433734611167444,2.2433734611167453,2.2433734611167453,8.881784197001252e-16,8.881784197001252e-16,2.1329688835682427e-14,3.02549912501669e-15,1.3652395260918266e-15,3.02549912501669e-15,1.3652395260918266e-15,3.3236878273175504e-15,1.0000000000000049,3.3236878273175504e-15,1.0000000000000049,1.0344451548240738e-14,1.0344451548240738e-14,True,True,True,True,False,False,False
down_proj,7,1234,adamw,50,0.10253271747730786,0.10253271747730858,0.10253271747730858,7.216449660063518e-16,7.216449660063518e-16,1.1461710070120956e-12,3.602363942693406e-15,4.009985650864688e-15,3.602363942693406e-15,4.009985650864688e-15,5.3883272948055405e-15,1.000000000000015,5.3883272948055405e-15,1.000000000000015,6.454960013337748e-13,6.454960013337748e-13,True,True,True,True,False,False,False
down_proj,8,1234,adamw,1,2.6654169100282776,2.665416910028277,2.665416910028277,4.440892098500626e-16,4.440892098500626e-16,1.8659381134142492e-15,2.6375325721650563e-16,1.0322006705430976e-16,2.6375325721650563e-16,1.0322006705430976e-16,2.8279408928363113e-16,0.9999999999998972,2.8279408928363113e-16,0.9999999999998972,1.8674381226089344e-15,1.8674381226089344e-15,True,True,True,True,False,False,False
down_proj,8,1234,adamw,10,2.271366175927124,2.271366175927124,2.271366175927124,0.0,0.0,1.7725676601744897e-14,7.70232669979864e-16,1.4777639263412344e-15,7.70232669979864e-16,1.4777639263412344e-15,1.6699454546548565e-15,0.9999999999999647,1.6699454546548565e-15,0.9999999999999647,1.1333052471462184e-14,1.1333052471462184e-14,True,True,True,True,False,False,False
down_proj,8,1234,adamw,50,0.09545562747501778,0.09545562747501805,0.09545562747501805,2.7755575615628914e-16,2.7755575615628914e-16,1.297677855183899e-12,2.1874038173602285e-15,4.537977029431527e-15,2.1874038173602285e-15,4.537977029431527e-15,4.874675382959842e-15,0.9999999999999993,4.874675382959842e-15,0.9999999999999993,6.42904972881432e-13,6.42904972881432e-13,True,True,True,True,False,False,False
down_proj,9,1234,adamw,1,2.643839613128503,2.6438396131285025,2.6438396131285025,4.440892098500626e-16,4.440892098500626e-16,2.5242821864896783e-15,4.2775047334794025e-15,1.2723229462374047e-16,4.2775047334794025e-15,1.2723229462374047e-16,4.195024012799368e-15,1.0000000000000422,4.195024012799368e-15,1.0000000000000422,2.525933679374053e-15,2.525933679374053e-15,True,True,True,True,False,False,False
down_proj,9,1234,adamw,10,2.2451332806537208,2.2451332806537203,2.2451332806537203,4.440892098500626e-16,4.440892098500626e-16,1.7832640842791715e-14,4.307656788126103e-15,1.539795376514851e-15,4.307656788126103e-15,1.539795376514851e-15,4.558423343253938e-15,1.0000000000000369,4.558423343253938e-15,1.0000000000000369,1.0313540557353926e-14,1.0313540557353926e-14,True,True,True,True,False,False,False
down_proj,9,1234,adamw,50,0.2741567605611469,0.2741567605611407,0.2741567605611407,6.217248937900877e-15,6.217248937900877e-15,6.251568151386336e-13,7.482104561237934e-15,1.9135391383521703e-14,7.482104561237934e-15,1.9135391383521703e-14,1.9776497716383276e-14,1.000000000000028,1.9776497716383276e-14,1.000000000000028,3.07042607366433e-13,3.07042607366433e-13,True,True,True,True,False,False,False
down_proj,10,1234,adamw,1,2.5107236082412863,2.5107236082412863,2.5107236082412863,0.0,0.0,2.6587157040504106e-15,1.0115463950466673e-15,1.7963847424387968e-16,1.0115463950466673e-15,1.7963847424387968e-16,1.0325752377101162e-15,1.0000000000000075,1.0325752377101162e-15,1.0000000000000075,2.659540023160622e-15,2.659540023160622e-15,True,True,True,True,False,False,False
down_proj,10,1234,adamw,10,2.165555501739165,2.165555501739165,2.165555501739165,0.0,0.0,1.2257225381774802e-14,1.293693875963656e-15,1.524680909996066e-15,1.293693875963656e-15,1.524680909996066e-15,1.988414945311273e-15,0.9999999999999721,1.988414945311273e-15,0.9999999999999721,6.7779499420101916e-15,6.7779499420101916e-15,True,True,True,True,False,False,False
down_proj,10,1234,adamw,50,0.07608186760407734,0.07608186760407726,0.07608186760407726,8.326672684688674e-17,8.326672684688674e-17,1.0338210892404873e-12,2.4079787125302634e-15,4.887282961126766e-15,2.4079787125302634e-15,4.887282961126766e-15,5.301414848637792e-15,1.0000000000000262,5.301414848637792e-15,1.0000000000000262,3.2840673488850906e-13,3.2840673488850906e-13,True,True,True,True,False,False,False
down_proj,11,1234,adamw,1,2.733223967591022,2.7332239675910213,2.7332239675910213,8.881784197001252e-16,8.881784197001252e-16,2.3574092118989147e-15,4.234138347633313e-16,3.008965850792844e-16,4.234138347633313e-16,3.008965850792844e-16,5.198554737248367e-16,0.9999999999999831,5.198554737248367e-16,0.9999999999999831,2.358210117804756e-15,2.358210117804756e-15,True,True,True,True,False,False,False
down_proj,11,1234,adamw,10,2.295374656421506,2.295374656421505,2.295374656421505,8.881784197001252e-16,8.881784197001252e-16,2.234559439924921e-14,8.63367413851907e-16,1.334142099644717e-15,8.63367413851907e-16,1.334142099644717e-15,1.5987430045599423e-15,0.9999999999999858,1.5987430045599423e-15,0.9999999999999858,1.359449117314913e-14,1.359449117314913e-14,True,True,True,True,False,False,False
down_proj,11,1234,adamw,50,0.13132170592022543,0.13132170592022488,0.13132170592022488,5.551115123125783e-16,5.551115123125783e-16,6.745953199601281e-13,2.060125146954162e-15,3.80639759908777e-15,2.060125146954162e-15,3.80639759908777e-15,4.225389512556141e-15,1.0000000000000062,4.225389512556141e-15,1.0000000000000062,7.136854229379994e-13,7.136854229379994e-13,True,True,True,True,False,False,False
down_proj,12,1234,adamw,1,2.8572025415923767,2.8572025415923767,2.8572025415923767,0.0,0.0,2.3823052305472702e-15,7.499458179578952e-16,1.6429641959562053e-15,7.499458179578952e-16,1.6429641959562053e-15,1.8071274537094645e-15,1.0000000000000464,1.8071274537094645e-15,1.0000000000000464,2.383721864711959e-15,2.383721864711959e-15,True,True,True,True,False,False,False
down_proj,12,1234,adamw,10,2.461007360754592,2.461007360754592,2.461007360754592,0.0,0.0,1.8070872006248397e-14,1.0874719121837872e-15,2.156826359718227e-15,1.0874719121837872e-15,2.156826359718227e-15,2.426719220997737e-15,1.0000000000000016,2.426719220997737e-15,1.0000000000000016,1.352908705637492e-14,1.352908705637492e-14,True,True,True,True,False,False,False
down_proj,12,1234,adamw,50,0.35418012186939596,0.3541801218693935,0.3541801218693935,2.4424906541753444e-15,2.4424906541753444e-15,5.644382474271292e-13,2.8756940309051584e-15,7.40341406956897e-15,2.8756940309051584e-15,7.40341406956897e-15,7.651950212498428e-15,1.000000000000009,7.651950212498428e-15,1.000000000000009,2.7927780835933635e-13,2.7927780835933635e-13,True,True,True,True,False,False,False
down_proj,13,1234,adamw,1,2.7884737686925574,2.788473768692557,2.788473768692557,4.440892098500626e-16,4.440892098500626e-16,2.5543640292895314e-15,4.640225411444322e-15,1.5775971692397993e-14,4.640225411444322e-15,1.5775971692397993e-14,1.6501435226762178e-14,0.999999999999983,1.6501435226762178e-14,0.999999999999983,2.555530822836339e-15,2.555530822836339e-15,True,True,True,True,False,False,False
down_proj,13,1234,adamw,10,2.3864674697496957,2.3864674697496953,2.3864674697496953,4.440892098500626e-16,4.440892098500626e-16,1.9458554471679475e-14,4.7906086764119295e-15,1.573589399862917e-14,4.7906086764119295e-15,1.573589399862917e-14,1.6492554551755563e-14,0.9999999999999879,1.6492554551755563e-14,0.9999999999999879,1.3196482509011272e-14,1.3196482509011272e-14,True,True,True,True,False,False,False
down_proj,13,1234,adamw,50,0.10846570314833165,0.10846570314833182,0.10846570314833182,1.6653345369377348e-16,1.6653345369377348e-16,6.452130838092172e-13,5.276433207308388e-15,8.388875487933672e-15,5.276433207308388e-15,8.388875487933672e-15,9.594025303124756e-15,1.0000000000000266,9.594025303124756e-15,1.0000000000000266,5.244354259667164e-13,5.244354259667164e-13,True,True,True,True,False,False,False
down_proj,14,1234,adamw,1,2.7243402616347008,2.7243402616347017,2.7243402616347017,8.881784197001252e-16,8.881784197001252e-16,2.929487593965142e-15,1.5473242234804173e-14,2.0356406895123573e-17,1.5473242234804173e-14,2.0356406895123573e-17,1.5867024071662487e-14,0.9999999999999907,1.5867024071662487e-14,0.9999999999999907,2.9303234439204648e-15,2.9303234439204648e-15,True,True,True,True,False,False,False
down_proj,14,1234,adamw,10,2.338230703219795,2.338230703219796,2.338230703219796,8.881784197001252e-16,8.881784197001252e-16,1.7210848442397782e-14,1.5450027619597837e-14,2.653440409127872e-15,1.5450027619597837e-14,2.653440409127872e-15,1.6193147081731878e-14,1.0000000000000009,1.6193147081731878e-14,1.0000000000000009,1.8700905071579433e-14,1.8700905071579433e-14,True,True,True,True,False,False,False
down_proj,14,1234,adamw,50,0.1985086680153817,0.19850866801537162,0.19850866801537162,1.0075273948473296e-14,1.0075273948473296e-14,1.0418327751952385e-12,1.582328628643721e-14,1.985560802742118e-14,1.582328628643721e-14,1.985560802742118e-14,2.486177070948494e-14,0.9999999999999598,2.486177070948494e-14,0.9999999999999598,3.769754232417006e-13,3.769754232417006e-13,True,True,True,True,False,False,False
down_proj,15,1234,adamw,1,2.8152140557052365,2.8152140557052365,2.8152140557052365,0.0,0.0,3.057729983395578e-15,3.116119212144178e-14,7.772768930862173e-16,3.116119212144178e-14,7.772768930862173e-16,3.0550113201374977e-14,0.9999999999999786,3.0550113201374977e-14,0.9999999999999786,3.0587612088909296e-15,3.0587612088909296e-15,True,True,True,True,False,False,False
down_proj,15,1234,adamw,10,2.399488980197603,2.399488980197602,2.399488980197602,8.881784197001252e-16,8.881784197001252e-16,2.6037859875581387e-14,3.098332000867831e-14,4.7600574091833286e-15,3.098332000867831e-14,4.7600574091833286e-15,3.1012696826584466e-14,0.9999999999999418,3.1012696826584466e-14,0.9999999999999418,1.672578379949739e-14,1.672578379949739e-14,True,True,True,True,False,False,False
down_proj,15,1234,adamw,50,0.09623077491427126,0.09623077491426957,0.09623077491426957,1.6930901125533637e-15,1.6930901125533637e-15,6.155182204772475e-13,3.061208661657155e-14,1.738030637413788e-14,3.061208661657155e-14,1.738030637413788e-14,3.478287907973442e-14,1.0000000000000058,3.478287907973442e-14,1.0000000000000058,5.932236179978719e-13,5.932236179978719e-13,True,True,True,True,False,False,False
down_proj,16,1234,adamw,1,2.6543551827281355,2.6543551827281355,2.6543551827281355,0.0,0.0,2.306318932528668e-15,8.041187130613127e-16,5.661762307522213e-13,8.041187130613127e-16,5.661762307522213e-13,5.626005855466548e-13,1.0000000000000087,5.626005855466548e-13,1.0000000000000087,2.3065730214585003e-15,2.3065730214585003e-15,True,True,True,True,False,False,False
down_proj,16,1234,adamw,10,2.2459134038726596,2.245913403872651,2.245913403872651,8.43769498715119e-15,8.43769498715119e-15,2.5526651355767505e-13,8.231910903709847e-14,5.667134224533158e-13,8.231910903709847e-14,5.667134224533158e-13,5.722131104233736e-13,0.9999999999999893,5.722131104233736e-13,0.9999999999999893,4.603714456814265e-13,4.603714456814265e-13,True,True,True,True,False,False,False
down_proj,16,1234,adamw,50,0.09817697173653714,0.09817697173657125,0.09817697173657125,3.4111602431607935e-14,3.4111602431607935e-14,1.452505234795326e-12,1.3602557665159988e-13,5.698324864820453e-13,1.3602557665159988e-13,5.698324864820453e-13,5.594106659301654e-13,1.0000000000000542,5.594106659301654e-13,1.0000000000000542,2.4013966903799403e-12,2.4013966903799403e-12,True,True,True,True,False,False,False
down_proj,17,1234,adamw,1,2.6364843855885614,2.6364843855885614,2.6364843855885614,0.0,0.0,2.1513403475208617e-15,1.7486354454589928e-15,1.100041789593983e-15,1.7486354454589928e-15,1.100041789593983e-15,2.0690261162376324e-15,1.000000000000001,2.0690261162376324e-15,1.000000000000001,2.1520299787896937e-15,2.1520299787896937e-15,True,True,True,True,False,False,False
down_proj,17,1234,adamw,10,2.270044544559359,2.270044544559359,2.270044544559359,0.0,0.0,2.3713803704935594e-14,1.886723610136327e-15,1.6667662400245797e-15,1.886723610136327e-15,1.6667662400245797e-15,2.54343308814321e-15,0.9999999999999873,2.54343308814321e-15,0.9999999999999873,1.1148270733975755e-14,1.1148270733975755e-14,True,True,True,True,False,False,False
down_proj,17,1234,adamw,50,0.10163394387591375,0.10163394387591372,0.10163394387591372,2.7755575615628914e-17,2.7755575615628914e-17,8.136861039446403e-13,2.788289470937034e-15,5.224990207142647e-15,2.788289470937034e-15,5.224990207142647e-15,5.774701947656248e-15,1.000000000000034,5.774701947656248e-15,1.000000000000034,6.075108603742685e-13,6.075108603742685e-13,True,True,True,True,False,False,False
down_proj,18,1234,adamw,1,2.7840472861777514,2.7840472861777505,2.7840472861777505,8.881784197001252e-16,8.881784197001252e-16,2.5741387589568153e-15,1.058640878406546e-15,1.610844118460819e-15,1.058640878406546e-15,1.610844118460819e-15,1.925707577902217e-15,1.0000000000000053,1.925707577902217e-15,1.0000000000000053,2.5745361694959452e-15,2.5745361694959452e-15,True,True,True,True,False,False,False
down_proj,18,1234,adamw,10,2.3472514261333686,2.347251426133368,2.347251426133368,4.440892098500626e-16,4.440892098500626e-16,2.5532280412639782e-14,1.3124810077548859e-15,1.9731492954981608e-15,1.3124810077548859e-15,1.9731492954981608e-15,2.3681765432481312e-15,1.0000000000000058,2.3681765432481312e-15,1.0000000000000058,1.2073272407974164e-14,1.2073272407974164e-14,True,True,True,True,False,False,False
down_proj,18,1234,adamw,50,0.07597702720715485,0.07597702720715487,0.07597702720715487,1.3877787807814457e-17,1.3877787807814457e-17,8.568601439164449e-13,2.3966340074352863e-15,3.461601297223947e-15,2.3966340074352863e-15,3.461601297223947e-15,4.128714948872964e-15,1.0000000000000007,4.128714948872964e-15,1.0000000000000007,8.064938697169554e-13,8.064938697169554e-13,True,True,True,True,False,False,False
down_proj,19,1234,adamw,1,2.81884291554064,2.8188429155406403,2.8188429155406403,4.440892098500626e-16,4.440892098500626e-16,1.9394901441558998e-15,2.4600659216952674e-16,9.756433581107577e-17,2.4600659216952674e-16,9.756433581107577e-17,2.661813072850206e-16,1.000000000000051,2.661813072850206e-16,1.000000000000051,1.9411910862193767e-15,1.9411910862193767e-15,True,True,True,True,False,False,False
down_proj,19,1234,adamw,10,2.4096620584932404,2.4096620584932404,2.4096620584932404,0.0,0.0,1.4426809388138408e-14,8.004254019559522e-16,1.2888440301545439e-15,8.004254019559522e-16,1.2888440301545439e-15,1.528485734730219e-15,1.0000000000000036,1.528485734730219e-15,1.0000000000000036,6.372185099160627e-15,6.372185099160627e-15,True,True,True,True,False,False,False
down_proj,19,1234,adamw,50,0.08423568239111716,0.08423568239111723,0.08423568239111723,6.938893903907228e-17,6.938893903907228e-17,6.376834526314712e-13,2.13008079127853e-15,3.0958319292625607e-15,2.13008079127853e-15,3.0958319292625607e-15,3.7457727923510015e-15,1.0000000000000178,3.7457727923510015e-15,1.0000000000000178,5.777899898803967e-13,5.777899898803967e-13,True,True,True,True,False,False,False
down_proj,20,1234,adamw,1,3.0021592768846364,3.002159276884637,3.002159276884637,4.440892098500626e-16,4.440892098500626e-16,2.411567282088769e-15,1.179770959429715e-15,4.805971990027294e-16,1.179770959429715e-15,4.805971990027294e-16,1.2792772888023489e-15,0.999999999999971,1.2792772888023489e-15,0.999999999999971,2.4123065579812846e-15,2.4123065579812846e-15,True,True,True,True,False,False,False
down_proj,20,1234,adamw,10,2.5543085636528864,2.5543085636528864,2.5543085636528864,0.0,0.0,2.7902797529535856e-14,1.3740998151173437e-15,1.4178191777976498e-15,1.3740998151173437e-15,1.4178191777976498e-15,1.9895244576137774e-15,1.000000000000029,1.9895244576137774e-15,1.000000000000029,1.2184216443217478e-14,1.2184216443217478e-14,True,True,True,True,False,False,False
down_proj,20,1234,adamw,50,0.12792099586331546,0.1279209958633155,0.1279209958633155,5.551115123125783e-17,5.551115123125783e-17,1.1595457184119142e-12,2.5970372614118435e-15,4.573103559608145e-15,2.5970372614118435e-15,4.573103559608145e-15,5.136533070635889e-15,1.0000000000000302,5.136533070635889e-15,1.0000000000000302,7.121493992735916e-13,7.121493992735916e-13,True,True,True,True,False,False,False
down_proj,21,1234,adamw,1,2.984683550690133,2.9846835506901335,2.9846835506901335,4.440892098500626e-16,4.440892098500626e-16,2.158891304256692e-15,2.0114452171980513e-16,6.306718282679081e-15,2.0114452171980513e-16,6.306718282679081e-15,6.2633736836554244e-15,1.0000000000000149,6.2633736836554244e-15,1.0000000000000149,2.1597067540963124e-15,2.1597067540963124e-15,True,True,True,True,False,False,False
down_proj,21,1234,adamw,10,2.51611001623021,2.5161100162302104,2.5161100162302104,4.440892098500626e-16,4.440892098500626e-16,2.402217750581254e-14,1.1171871089221309e-15,6.17219912719362e-15,1.1171871089221309e-15,6.17219912719362e-15,6.234066010805296e-15,0.9999999999999961,6.234066010805296e-15,0.9999999999999961,9.691150552818749e-15,9.691150552818749e-15,True,True,True,True,False,False,False
down_proj,21,1234,adamw,50,0.22264794280143435,0.22264794280143624,0.22264794280143624,1.887379141862766e-15,1.887379141862766e-15,5.811828750202062e-13,2.416669048040444e-15,6.990684996503042e-15,2.416669048040444e-15,6.990684996503042e-15,7.212794321909973e-15,1.0000000000000138,7.212794321909973e-15,1.0000000000000138,5.394760713620874e-13,5.394760713620874e-13,True,True,True,True,False,False,False
down_proj,22,1234,adamw,1,3.056517440465346,3.056517440465346,3.056517440465346,0.0,0.0,2.948825283199744e-15,1.0676258997317123e-16,3.244700468968502e-17,1.0676258997317123e-16,3.244700468968502e-17,1.1541306664388096e-16,0.99999999999999,1.1541306664388096e-16,0.99999999999999,2.9497205864521975e-15,2.9497205864521975e-15,True,True,True,True,False,False,False
down_proj,22,1234,adamw,10,2.604706845684902,2.604706845684902,2.604706845684902,0.0,0.0,2.453173376112349e-14,7.867428155367579e-16,1.3234553405728188e-15,7.867428155367579e-16,1.3234553405728188e-15,1.556661251614327e-15,1.0000000000000053,1.556661251614327e-15,1.0000000000000053,1.1192749101036828e-14,1.1192749101036828e-14,True,True,True,True,False,False,False
down_proj,22,1234,adamw,50,0.11317042847904268,0.11317042847904293,0.11317042847904293,2.498001805406602e-16,2.498001805406602e-16,8.615772206778027e-13,2.0802481766097474e-15,4.194502759117476e-15,2.0802481766097474e-15,4.194502759117476e-15,4.574299594073243e-15,1.0000000000000175,4.574299594073243e-15,1.0000000000000175,5.81077298545143e-13,5.81077298545143e-13,True,True,True,True,False,False,False
down_proj,23,1234,adamw,1,2.6628054827924763,2.6628054827924763,2.6628054827924763,0.0,0.0,2.7092651402198532e-15,5.113518544317451e-15,1.386659295492019e-15,5.113518544317451e-15,1.386659295492019e-15,5.238112938617032e-15,0.9999999999999465,5.238112938617032e-15,0.9999999999999465,2.70941524712911e-15,2.70941524712911e-15,True,True,True,True,False,False,False
down_proj,23,1234,adamw,10,2.2592529833996284,2.2592529833996284,2.2592529833996284,0.0,0.0,2.742283724133063e-14,5.158641324505007e-15,2.22301713587583e-15,5.158641324505007e-15,2.22301713587583e-15,5.567688916125319e-15,1.0000000000000298,5.567688916125319e-15,1.0000000000000298,1.6171181063958524e-14,1.6171181063958524e-14,True,True,True,True,False,False,False
down_proj,23,1234,adamw,50,0.168967540739789,0.16896754073978645,0.16896754073978645,2.55351295663786e-15,2.55351295663786e-15,6.784025737498911e-13,5.6095757610701e-15,6.40519155005907e-15,5.6095757610701e-15,6.40519155005907e-15,8.412773705499092e-15,0.9999999999999909,8.412773705499092e-15,0.9999999999999909,6.180409106667739e-13,6.180409106667739e-13,True,True,True,True,False,False,False
q_proj,0,2025,adamw,1,5.167550527371707,5.167550527371707,5.167550527371707,0.0,0.0,1.5631793620163555e-15,0.49059877138724856,0.02767013194216938,3.224133378349246e-17,2.0816079228729305e-17,0.6046036882526942,0.8599432396247702,4.746815041102662e-17,1.0000000000000229,248.9997097405865,8.381527629681288e-17,False,True,False,False,True,True,False
q_proj,0,2025,adamw,10,4.7068813762156,4.7268398804631016,4.706881376215601,0.019958504247501452,8.881784197001252e-16,1.9647682554525259,0.4958801506377942,0.2651844101644848,6.265932657815764e-16,9.140505761998164e-16,0.5300020613326707,0.8534866605603025,1.1234071958144424e-15,1.0,91.05160305591801,7.253226724283374e-16,False,True,False,False,True,True,False
q_proj,0,2025,adamw,50,0.6783035070385371,0.636203324590483,0.6783035070385371,0.042100182448054135,0.0,2.832305498849704,0.8701678076162284,0.7338760713259667,1.408645019654807e-15,1.974003177806694e-15,0.7909342431143123,0.6122437694067758,1.937674321058785e-15,0.9999999999999889,24.149579486466898,1.4553322086236708e-15,False,True,False,False,True,True,False
q_proj,1,2025,adamw,1,1.8080477037565457,1.8080477037565457,1.8080477037565457,0.0,0.0,1.7051150190857517e-15,0.03037103165803418,0.02843784724132743,4.9715169708423874e-17,1.2740061085340171e-14,0.04172973013317172,0.9991292105432191,1.2126645542722724e-14,1.0000000000000009,2.731211361499118,5.032531291431577e-17,False,True,False,False,True,True,False
q_proj,1,2025,adamw,10,1.6046848526064408,1.559496957352776,1.6046848526064408,0.045187895253664845,0.0,2.4624538815837784,0.18613615472804937,0.17345407849034447,7.475039960830634e-15,1.369114961344194e-14,0.25032550562317274,0.968671807161401,1.5211923018359945e-14,1.0000000000000173,1.0772433478872139,7.673295090238088e-15,False,True,False,False,True,True,False
q_proj,1,2025,adamw,50,0.07720637057049473,0.06395279239431284,0.07720637057049483,0.01325357817618189,9.71445146547012e-17,3.8299920471801707,0.37975575277237567,0.31809387172877535,1.0345899445174754e-14,1.3959080292493262e-14,0.4471092079969824,0.8974518900256208,1.3978987700380446e-14,1.0000000000000249,0.9577553905948195,1.0911324545253139e-14,False,True,False,False,True,True,False
q_proj,2,2025,adamw,1,1.6490906882081415,1.6490906882081415,1.6490906882081415,0.0,0.0,1.9773469880086195e-15,0.02051910092646069,0.02782949222114384,1.7452966631663943e-16,2.9977447410063073e-15,0.03462157671614292,0.9994005753533783,3.041965242059466e-15,0.9999999999999812,0.821577676924672,2.397957747358813e-16,False,True,False,False,True,True,False
q_proj,2,2025,adamw,10,1.446987651312353,1.4265181442646602,1.4469876513123532,0.020469507047692792,2.220446049250313e-16,0.4306027851129962,0.13683456957454782,0.15191284974799238,1.407861465438081e-15,3.1300998249005666e-15,0.20309740754712838,0.9791932877697518,3.472377629640056e-15,1.0000000000000004,0.6861080853181821,1.342288163827313e-15,False,True,False,False,True,True,False
q_proj,2,2025,adamw,50,0.0618512271769845,0.05888547152966376,0.06185122717698449,0.002965755647320739,6.938893903907228e-18,2.006682960482972,0.3072226868359426,0.2382415307970494,2.6163621679318025e-15,2.538067029050204e-15,0.3581365381069154,0.9350138790596554,3.0479641431965507e-15,0.9999999999999876,1.0831252196005847,2.517034581104583e-15,False,True,False,False,True,True,False
q_proj,3,2025,adamw,1,1.5064984495132774,1.5064984495132774,1.5064984495132774,0.0,0.0,1.9242184848661573e-15,0.019667820480738157,0.027225952111222453,9.39042211089531e-17,1.1951090090347885e-16,0.0338077209512384,0.9994283973499907,1.542487907111022e-16,0.9999999999999968,1.0670484148625008,1.3462422824907735e-16,False,True,False,False,True,True,False
q_proj,3,2025,adamw,10,1.3206793759858295,1.3073404673485294,1.3206793759858295,0.01333890863730014,0.0,0.383951287838422,0.13222105266246126,0.15094847089652758,7.464871747926844e-16,7.719694860276289e-16,0.20352410417760233,0.979077145524941,1.0888508900997903e-15,1.0000000000000129,0.8422863948115331,7.692752955549035e-16,False,True,False,False,True,True,False
q_proj,3,2025,adamw,50,0.07753083779633034,0.07459091021241533,0.07753083779633034,0.0029399275839150085,0.0,2.6290712021611338,0.3084023271178875,0.23087325058390237,2.346859166104195e-15,3.169955349115398e-15,0.36001927380313126,0.9348310675447604,2.987334428163646e-15,1.0000000000000306,1.3389624295017104,2.392225481564642e-15,False,True,False,False,True,True,False
q_proj,4,2025,adamw,1,1.5297929202991494,1.5297929202991494,1.5297929202991494,0.0,0.0,2.1193453829040436e-15,0.022608084592200477,0.028792676548878942,1.4325025281034344e-16,6.477800460426744e-14,0.036352355820217584,0.9993408163566158,6.67924951402576e-14,0.9999999999999949,1.4789010738582251,1.225079053853611e-16,False,True,False,False,True,True,False
q_proj,4,2025,adamw,10,1.339678816678337,1.314585643994258,1.3396788166783378,0.025093172684079068,6.661338147750939e-16,0.9187408286575723,0.15793087102379103,0.15965063612038463,2.2278188966923424e-14,6.384569726672327e-14,0.22222068586187552,0.9749967291083061,6.807476445205826e-14,1.0,1.0845745585484894,2.8202570869452043e-14,False,True,False,False,True,True,False
q_proj,4,2025,adamw,50,0.1111262969587545,0.09078312900886203,0.11112629695875546,0.02034316794989248,9.575673587391975e-16,2.1831757401681133,0.3870500803808074,0.3079723491499018,4.841465984053151e-14,5.5728857407686935e-14,0.4603316919354925,0.8922073457491662,6.017843837430186e-14,1.0000000000000022,0.9695504523164474,5.1042976125172905e-14,False,True,False,False,True,True,False
q_proj,5,2025,adamw,1,1.443537986449039,1.4435379864490392,1.4435379864490392,2.220446049250313e-16,2.220446049250313e-16,1.8228532404375206e-15,0.02102588959299515,0.026069760033298663,1.894471427827497e-16,2.781560155872833e-16,0.034070536370621275,0.9994194414280819,3.354532299734763e-16,0.9999999999999937,1.1146663296144954,1.8302287624267948e-16,False,True,False,False,True,True,False
q_proj,5,2025,adamw,10,1.2676165188848103,1.2589345131062788,1.2676165188848103,0.00868200577853151,0.0,0.2648999628230885,0.1437321316595758,0.14353770745148922,6.22760066667257e-16,7.35077229233853e-16,0.20037871526077275,0.9797388523789556,9.682983327210137e-16,0.9999999999999923,0.9926778691120304,5.766482565473415e-16,False,True,False,False,True,True,False
q_proj,5,2025,adamw,50,0.08995166106882828,0.10533838882274535,0.08995166106882835,0.01538672775391707,6.938893903907228e-17,1.6108630507161725,0.3624159562088373,0.29984785886515436,1.1447801588011206e-15,1.2887142815659157e-15,0.4205678533554736,0.9106418388489077,1.5755306112698283e-15,1.0000000000000115,1.1082695945685306,1.0923943161806877e-15,False,True,False,False,True,True,False
q_proj,6,2025,adamw,1,1.461956003041385,1.4619560030413852,1.4619560030413852,2.220446049250313e-16,2.220446049250313e-16,1.5394952558700695e-15,0.017601630199748888,0.027986942836611607,3.309239616554024e-17,5.498747604875535e-16,0.033273907349773306,0.9994462762899731,5.365662034600244e-16,1.000000000000017,1.1303692065574997,5.758880659259045e-17,False,True,False,False,True,True,False
q_proj,6,2025,adamw,10,1.2734671336223937,1.2597024734333173,1.2734671336223937,0.013764660189076405,0.0,0.37772293519376177,0.1233338090794454,0.1526652571712596,6.778217154520665e-16,8.538333596648647e-16,0.19630097822787176,0.980543940360465,1.101623753737549e-15,0.9999999999999929,0.9364542282097532,7.097974805424598e-16,False,True,False,False,True,True,False
q_proj,6,2025,adamw,50,0.04937856104488698,0.04227977961575578,0.04937856104488695,0.007098781429131194,2.7755575615628914e-17,1.859726080201756,0.2899877339035174,0.22849957334473692,1.3306846639594807e-15,1.5936594556300506e-15,0.3485127218332872,0.9406415552611078,1.8169667989523874e-15,0.9999999999999944,1.2981664926851446,1.3314481130331975e-15,False,True,False,False,True,True,False
q_proj,7,2025,adamw,1,1.4673903074944863,1.4673903074944863,1.4673903074944863,0.0,0.0,1.7043017676755693e-15,0.01576174326036073,0.02754273485326765,2.8279572063516158e-16,1.4486252610215383e-15,0.031437850699642604,0.9995062407518643,1.5260664632500006e-15,0.9999999999999991,0.8723749306062158,2.9420773301077843e-16,False,True,False,False,True,True,False
q_proj,7,2025,adamw,10,1.2785687961588996,1.2793258462204997,1.2785687961588996,0.0007570500616000952,0.0,0.08350319395296385,0.10642387100824185,0.1578960090091157,7.90551435287661e-16,1.5884226750314235e-15,0.19010629492691414,0.98176411562952,1.858604446705649e-15,1.0000000000000298,0.8434504736656879,7.908078144154933e-16,False,True,False,False,True,True,False
q_proj,7,2025,adamw,50,0.05486725996097779,0.05572431251602444,0.05486725996097781,0.0008570525550466515,2.0816681711721685e-17,0.6432404257076428,0.2396546565665252,0.23606961580977923,1.2520144891746239e-15,1.4330979047923155e-15,0.30184880114795043,0.9544023782976611,1.7432390305482906e-15,1.0000000000000149,0.8701958710855331,1.2620258915765733e-15,False,True,False,False,True,True,False
q_proj,8,2025,adamw,1,1.6361150750911566,1.6361150750911566,1.6361150750911566,0.0,0.0,2.009194082395893e-15,0.02330359482494589,0.028175884345184816,6.485787306876127e-16,2.7606237557356856e-17,0.0361315814333526,0.999347113108455,6.395748095469787e-16,1.0000000000000069,1.6160753248400872,6.969415304607305e-16,False,True,False,False,True,True,False
q_proj,8,2025,adamw,10,1.4505052851566607,1.4259868564282734,1.4505052851566607,0.024518428728387276,0.0,0.8366943987907908,0.1620285946896274,0.15982356074414325,8.801722514872756e-16,8.063929433299458e-16,0.2253154287778889,0.9743821389472335,1.1957850981620317e-15,1.000000000000003,1.2005350512062696,9.381715743157509e-16,False,True,False,False,True,True,False
q_proj,8,2025,adamw,50,0.05699343121063351,0.05692125521028196,0.05699343121063348,7.217600035154537e-05,2.7755575615628914e-17,1.615192203277851,0.42696333322129676,0.3033762725024605,1.4173108049334876e-15,1.4712045897042463e-15,0.47886825471666117,0.8856458175205939,1.91819845648806e-15,1.0000000000000135,1.0590616348733481,1.4780751567412409e-15,False,True,False,False,True,True,False
q_proj,9,2025,adamw,1,1.4929682849355057,1.4929682849355055,1.4929682849355055,2.220446049250313e-16,2.220446049250313e-16,1.6306664637632591e-15,0.030551674668338545,0.02671228949424143,1.8266515687571184e-17,5.756314611118721e-17,0.04380548754542792,0.9990404937381785,6.685891457250775e-17,1.0000000000000098,1.246503438900724,2.930350535007282e-17,False,True,False,False,True,True,False
q_proj,9,2025,adamw,10,1.3041569913653006,1.2891272298067296,1.3041569913653004,0.015029761558571053,2.220446049250313e-16,0.32178063784350147,0.20673671767197657,0.1432492461652297,4.630588081164752e-16,6.585061686423656e-16,0.2510053888210741,0.9680604317242626,8.26488517370659e-16,0.9999999999999953,1.1394634729211466,4.720820292077773e-16,False,True,False,False,True,True,False
q_proj,9,2025,adamw,50,0.09229238730285577,0.06815374044458933,0.09229238730285558,0.024138646858266444,1.942890293094024e-16,1.7385879728557692,0.4861839780609456,0.2515607327644054,9.672641060350564e-16,1.2061222390163371e-15,0.523900431499116,0.8594229836793248,1.4856309837223673e-15,1.000000000000013,1.052108329946062,1.0204489223976698e-15,False,True,False,False,True,True,False
q_proj,10,2025,adamw,1,1.4182455881753857,1.4182455881753857,1.4182455881753857,0.0,0.0,1.8777934222235542e-15,0.03003533389396951,0.025088255711877738,5.193685782077868e-16,5.1591207174561204e-17,0.039232977986956914,0.999230144555121,5.051777577218893e-16,1.000000000000001,1.5969532461011418,6.133400689824645e-16,False,True,False,False,True,True,False
q_proj,10,2025,adamw,10,1.232972080999227,1.2079973112770201,1.2329720809992273,0.024974769722206913,2.220446049250313e-16,1.5839467907175622,0.21517318445632205,0.14474730915735748,7.479958717224272e-16,7.788039320733537e-16,0.2584115261133588,0.9662860546220395,1.0823497910021288e-15,1.0000000000000386,1.1356463030536512,8.141728779448633e-16,False,True,False,False,True,True,False
q_proj,10,2025,adamw,50,0.06757282645724746,0.05519698674536827,0.06757282645724738,0.012375839711879194,8.326672684688674e-17,3.363172432416825,0.5136416463387283,0.23968567285342737,1.4322872960033488e-15,1.5598379559612113e-15,0.5486696171502727,0.8457068283475956,1.8863675111729628e-15,0.999999999999995,1.0216937099823018,1.5102516408683465e-15,False,True,False,False,True,True,False
q_proj,11,2025,adamw,1,1.3928993774945568,1.392899377494557,1.392899377494557,2.220446049250313e-16,2.220446049250313e-16,2.196245953942667e-15,0.032802893941343454,0.028727473977931264,1.633744639207989e-17,2.599444800338475e-17,0.044096630597355815,0.999027274435148,4.366216749389168e-17,0.9999999999999963,1.11833154429046,1.7505250375663173e-17,False,True,False,False,True,True,False
q_proj,11,2025,adamw,10,1.2120976458521153,1.2065772909445767,1.2120976458521153,0.00552035490753866,0.0,0.18469168961856103,0.22142995902963114,0.16526551108874055,5.883570177833242e-16,6.684491430838214e-16,0.26853599518998167,0.9633633655582694,8.952687313007645e-16,0.9999999999999905,1.100428367865572,6.140247486688541e-16,False,True,False,False,True,True,False
q_proj,11,2025,adamw,50,0.05038596449545242,0.04925325114336644,0.050385964495452455,0.001132713352085979,3.469446951953614e-17,1.3251862072375178,0.491117249085446,0.2590335792228543,1.0893902668710155e-15,1.2139185626219546e-15,0.5253970911073276,0.8582737133088925,1.508308243509083e-15,1.0000000000000129,1.0233912845816004,1.1236035385818514e-15,False,True,False,False,True,True,False
q_proj,12,2025,adamw,1,1.446691654372396,1.446691654372396,1.446691654372396,0.0,0.0,2.179842342858396e-15,0.03120194111032841,0.02809293054103191,4.1401488888663917e-14,1.5448213282813072e-16,0.04198243666611271,0.9991193805700709,4.032781840863544e-14,0.9999999999999917,1.5123449360025467,4.1600918471534373e-14,False,True,False,False,True,True,False
q_proj,12,2025,adamw,10,1.258062480282506,1.2362636055980911,1.258062480282506,0.021798874684414882,0.0,1.3282570882280729,0.22034959663018436,0.16071955689622433,3.908452380230462e-14,6.904652326385474e-15,0.2722171038747258,0.9623501236913278,3.8999328336736e-14,0.9999999999999913,1.126669124860339,3.8962524523315e-14,False,True,False,False,True,True,False
q_proj,12,2025,adamw,50,0.10407502106510767,0.07766398882060806,0.10407502106511034,0.026411032244499616,2.6645352591003757e-15,2.228993970638639,0.5281457543426743,0.3144606950421157,3.333439336397337e-14,2.5065988430649077e-14,0.5803795876250453,0.8206598155472393,3.7646654170451093e-14,1.0000000000000027,1.0691788069697823,3.317699791830957e-14,False,True,False,False,True,True,False
q_proj,13,2025,adamw,1,1.446425563880924,1.446425563880924,1.446425563880924,0.0,0.0,1.877823896216196e-15,0.031055359236091196,0.026010217849111034,3.1279144849047505e-14,1.5695417182180005e-14,0.04138491805185669,0.9991434077267627,3.4550376558119e-14,0.999999999999987,1.0982851871946717,2.1065408429112305e-14,False,True,False,False,True,True,False
q_proj,13,2025,adamw,10,1.2857282678353184,1.2813070716980288,1.2857282678353184,0.004421196137289529,0.0,0.19363837512089976,0.19110718711494457,0.1371536214515596,3.1283711141415505e-14,1.779347642252422e-14,0.23316410841624732,0.9725522457050517,3.534994183034643e-14,0.9999999999999949,1.0658271348949149,2.2162169673608852e-14,False,True,False,False,True,True,False
q_proj,13,2025,adamw,50,0.06765137916349513,0.057765068093434874,0.06765137916349423,0.009886311070060258,9.020562075079397e-16,1.399134864856461,0.4722610938979067,0.21689071888382622,3.28685279984703e-14,3.190163556209058e-14,0.5011008810828192,0.8731692793228647,3.7944944463994246e-14,1.0000000000000009,1.0881686212819726,2.8208332741893964e-14,False,True,False,False,True,True,False
q_proj,14,2025,adamw,1,1.3900369024546424,1.3900369024546424,1.3900369024546424,0.0,0.0,2.0214395324502415e-15,0.027605532452054313,0.027488492369921028,2.835578290308938e-16,4.4039197335668475e-14,0.03978385866688892,0.999208502261156,4.613944367232527e-14,1.000000000000009,1.2495110688244804,2.6987630032285526e-16,False,True,False,False,True,True,False
q_proj,14,2025,adamw,10,1.2223722759814117,1.2136821062394385,1.2223722759814113,0.00869016974197323,4.440892098500626e-16,0.30791681808778126,0.17926872021174978,0.14575827230714644,1.1559327260186852e-14,4.2684635626937384e-14,0.22821714557797995,0.9737910626805668,4.71347439318493e-14,1.0000000000000049,1.1557313799204931,1.1966447458238326e-14,False,True,False,False,True,True,False
q_proj,14,2025,adamw,50,0.0918104607766818,0.07239814705704874,0.0918104607766715,0.019412313719633062,1.0297318553398327e-14,1.084833329988765,0.4375891564224265,0.26276286295932383,2.902741040657476e-14,5.309477914611142e-14,0.4803745921066681,0.885692370427611,5.094947714092682e-14,1.0000000000000075,1.0723066234729843,2.9637580157384195e-14,False,True,False,False,True,True,False
q_proj,15,2025,adamw,1,1.398025874669705,1.398025874669705,1.398025874669705,0.0,0.0,1.4608932977378999e-15,0.0282724402232466,0.030191382877257898,3.700318722347997e-17,2.2154959349542484e-16,0.0404065317027721,0.9991835332505327,2.2610160800868174e-16,1.0000000000000244,1.119197387972609,3.1435944447170544e-17,False,True,False,False,True,True,False
q_proj,15,2025,adamw,10,1.2129930858625406,1.2101661116032174,1.2129930858625406,0.0028269742593232117,0.0,0.17240787242370387,0.1912106617815132,0.17034868003738493,6.426325698321212e-16,6.668770180123662e-16,0.2485180586576265,0.9686781266418791,9.417889909304877e-16,0.9999999999999887,1.0633843605214504,5.955375704614087e-16,False,True,False,False,True,True,False
q_proj,15,2025,adamw,50,0.051768567551520914,0.052607403888202044,0.05176856755152091,0.00083883633668113,6.938893903907228e-18,1.0507247284233818,0.425313758648875,0.2709692061750121,1.407776533134625e-15,1.327393247166899e-15,0.46978136867466863,0.8891452317414957,1.8025294054300162e-15,0.9999999999999958,1.0744637241209753,1.3549480910440099e-15,False,True,False,False,True,True,False
q_proj,16,2025,adamw,1,1.6084727393978004,1.6084727393978004,1.6084727393978004,0.0,0.0,1.9998478978325943e-15,0.029082709631401995,0.02540376433558933,1.7182608128363767e-15,8.170828008352367e-17,0.040564299084269784,0.9991818102796173,1.69426148949632e-15,0.9999999999999937,0.7955227034538737,1.4286134832526119e-15,False,True,False,False,True,True,False
q_proj,16,2025,adamw,10,1.4054948614584073,1.435990448058936,1.4054948614584073,0.030495586600528757,0.0,0.2808506457584157,0.19092325988479708,0.1475920877268313,1.7216381139092535e-15,6.55614764685372e-16,0.23329344461592363,0.9724079838175959,1.8326418981795013e-15,1.0000000000000144,0.7806816487864766,1.4571178950168202e-15,False,True,False,False,True,True,False
q_proj,16,2025,adamw,50,0.05285212361921381,0.06969665307813958,0.05285212361921378,0.016844529458925762,3.469446951953614e-17,1.1853037304262142,0.3842498124250593,0.2617532966557392,1.7041799332476315e-15,1.3904874268121377e-15,0.41346459144424635,0.9105255483132797,2.078800284001409e-15,0.9999999999999926,1.0477338859666314,1.5798719823334924e-15,False,True,False,False,True,True,False
q_proj,17,2025,adamw,1,1.4217183672769362,1.4217183672769365,1.4217183672769365,2.220446049250313e-16,2.220446049250313e-16,1.6208624705696266e-15,0.020889240070648605,0.027703302258549528,1.3162178850103033e-16,2.2052133908872382e-16,0.03528207740226429,0.9993773955191734,2.5955775366585884e-16,1.0000000000000135,0.7150270637517959,1.1953745684677022e-16,False,True,False,False,True,True,False
q_proj,17,2025,adamw,10,1.2406944447499324,1.266966642529093,1.2406944447499324,0.026272197779160678,0.0,0.3093356812588265,0.13501657331724326,0.16111208938136265,5.284569478858541e-16,7.056430602106136e-16,0.20617726191205363,0.9785897559841944,8.892776887087064e-16,1.0000000000000027,0.6773676452820101,5.238798189898205e-16,False,True,False,False,True,True,False
q_proj,17,2025,adamw,50,0.18053130056018268,0.1714444856613779,0.18053130056018252,0.00908681489880478,1.6653345369377348e-16,1.3107046835367941,0.24554830430076754,0.3260066116243678,1.4336646537902621e-15,1.8142237638516878e-15,0.3372368721410001,0.9416760334518519,2.0001782783100434e-15,0.9999999999999968,1.207014850489174,1.4387884120782258e-15,False,True,False,False,True,True,False
q_proj,18,2025,adamw,1,1.3989720086229778,1.3989720086229778,1.3989720086229778,0.0,0.0,2.067057278386588e-15,0.021250254958708078,0.02750380677364417,1.5892499065102858e-16,7.451879012344616e-16,0.034876584082082975,0.9993920143078072,7.560289321184556e-16,1.0000000000000007,0.8117184321714366,1.591546672783157e-16,False,True,False,False,True,True,False
q_proj,18,2025,adamw,10,1.2240009582560687,1.2487530903559692,1.224000958256069,0.02475213209990046,2.220446049250313e-16,0.31201187686116433,0.13961858460324486,0.1613025415574973,5.805863519020353e-16,9.653984844892232e-16,0.20701312971814567,0.9783609563464406,1.1275598645994649e-15,1.0000000000000098,0.8185692751941084,5.798260482948455e-16,False,True,False,False,True,True,False
q_proj,18,2025,adamw,50,0.03964886342501621,0.04495582991743816,0.0396488634250162,0.005306966492421954,6.938893903907228e-18,1.3577041235249014,0.25384082741351977,0.28089589692370237,1.1657225600205408e-15,1.3468221367431334e-15,0.3159444095099919,0.9487883675567848,1.606047975846959e-15,0.9999999999999973,1.668029546974817,1.1481748918237032e-15,False,True,False,False,True,True,False
q_proj,19,2025,adamw,1,1.437822789700166,1.4378227897001663,1.4378227897001663,2.220446049250313e-16,2.220446049250313e-16,1.4646130736046975e-15,0.02369586039907719,0.02773208187320806,2.0200854599176083e-17,3.423446953689513e-16,0.03777166764457569,0.999286608573672,3.3375930026606947e-16,0.9999999999999988,0.8473864271932472,2.2231467413767606e-17,False,True,False,False,True,True,False
q_proj,19,2025,adamw,10,1.2535016668549293,1.2630679644746514,1.2535016668549293,0.009566297619722164,0.0,0.1687403636306614,0.1562402721400856,0.15359070803378738,5.429971873932113e-16,7.098073684357277e-16,0.21704059931808137,0.9762687586207119,9.036670055597044e-16,0.9999999999999805,0.8170052225829373,5.538288128663744e-16,False,True,False,False,True,True,False
q_proj,19,2025,adamw,50,0.055424805525403686,0.06087049460505687,0.05542480552540369,0.0054456890796531834,6.938893903907228e-18,1.0918755436064824,0.31802731548904617,0.24407063387045175,1.2041069318895368e-15,1.3477235939724348e-15,0.3669926279523175,0.9323678771731343,1.6325727854971028e-15,1.000000000000021,1.130588063743492,1.1957719670685697e-15,False,True,False,False,True,True,False
q_proj,20,2025,adamw,1,1.433847731111862,1.433847731111862,1.433847731111862,0.0,0.0,1.991242270061663e-15,0.02650015361461477,0.029213461228155796,8.30394943759477e-16,2.1853715835236346e-16,0.03988491586937487,0.9992046699432964,8.832133623173555e-16,0.9999999999999941,0.762705944544392,1.1132622070318086e-15,False,True,False,False,True,True,False
q_proj,20,2025,adamw,10,1.2529542610502102,1.279517168813833,1.2529542610502102,0.02656290776362269,0.0,0.30493754110032395,0.17271198143324984,0.17553622559687945,1.0036647748793671e-15,7.126651999226303e-16,0.24314270329259238,0.9700214354404586,1.2562828221841449e-15,1.0000000000000069,0.7278933549023872,1.2183682960607835e-15,False,True,False,False,True,True,False
q_proj,20,2025,adamw,50,0.08343661998561278,0.1098254668443062,0.08343661998561284,0.02638884685869343,6.938893903907228e-17,1.2090597424903133,0.3321185640410997,0.3105162511877859,1.3437009834161601e-15,1.461461503974672e-15,0.3950576881953625,0.9186576720692476,1.815107442781364e-15,1.0000000000000082,1.5906235053976523,1.4101867780565297e-15,False,True,False,False,True,True,False
q_proj,21,2025,adamw,1,1.3985859692150429,1.3985859692150429,1.3985859692150429,0.0,0.0,1.951930792678828e-15,0.03745856376973321,0.028244119578776754,6.424979503916411e-16,2.375306444178023e-16,0.04655733821535267,0.998915841814392,6.772172183355443e-16,0.999999999999982,0.946251655859246,1.4397168903931687e-15,False,True,False,False,True,True,False
q_proj,21,2025,adamw,10,1.221517928677945,1.2254663053782824,1.221517928677945,0.00394837670033743,0.0,0.10840802476627652,0.24241391005931615,0.16302420480851312,9.13190999758414e-16,8.557725667268478e-16,0.28481021485488667,0.9586519974626935,1.2743898373093183e-15,0.999999999999998,0.9751032071874348,1.4882816317056907e-15,False,True,False,False,True,True,False
q_proj,21,2025,adamw,50,0.04356168737428131,0.04726000350852541,0.04356168737428129,0.003698316134244102,2.0816681711721685e-17,0.7535059736707119,0.5230069572145585,0.2512854373448587,1.3945198394177012e-15,1.2805994915180806e-15,0.5492450648066781,0.8386313194040007,1.7545960757185336e-15,1.0000000000000018,1.0116943651945876,1.6022246219610666e-15,False,True,False,False,True,True,False
q_proj,22,2025,adamw,1,1.4397283523728925,1.4397283523728925,1.4397283523728925,0.0,0.0,2.055087305050222e-15,0.03861089017328389,0.026485741529455778,8.376523023838367e-16,3.519463935999265e-16,0.047497791312188245,0.9988724826694767,9.549509489678427e-16,1.0000000000000036,0.8999128325632986,7.914184207748056e-16,False,True,False,False,True,True,False
q_proj,22,2025,adamw,10,1.2685796194865389,1.27377055703305,1.2685796194865389,0.005190937546511121,0.0,0.12324309304790215,0.2492627129848939,0.13974721934624,1.7419489113576149e-15,8.312146902410996e-16,0.2828311977797921,0.9592739442570621,2.0161878581188682e-15,0.9999999999999947,0.9048391165132942,1.1373892418228436e-15,False,True,False,False,True,True,False
q_proj,22,2025,adamw,50,0.05872869936313554,0.06849805863440554,0.05872869936313542,0.009769359271270005,1.1796119636642288e-16,0.6141325283306434,0.548137537702357,0.23317752062250682,1.936685308754267e-15,2.0316129335357067e-15,0.565866047196683,0.8275575339567608,2.3917759963183305e-15,1.0000000000000155,1.0248992876752467,1.634321943126874e-15,False,True,False,False,True,True,False
q_proj,23,2025,adamw,1,1.5026165106293012,1.502616510629301,1.502616510629301,2.220446049250313e-16,2.220446049250313e-16,1.9095372647578615e-15,0.04145051339908914,0.0269840132073154,3.297012954986126e-17,2.9143481291546055e-17,0.052956262928181674,0.9985974417757253,5.621268024685974e-17,0.9999999999999967,0.9158238313498094,5.931904902098131e-17,False,True,False,False,True,True,False
q_proj,23,2025,adamw,10,1.3248871393112451,1.333008168020974,1.3248871393112451,0.008121028709728861,0.0,0.16259370992456187,0.25993035457035063,0.1442570858246736,7.068641846733945e-16,6.861116316309085e-16,0.2934241174936349,0.9561499845177859,1.0087961095621546e-15,1.0000000000000033,0.9087477876277272,8.693470974152356e-16,False,True,False,False,True,True,False
q_proj,23,2025,adamw,50,0.06956179503282373,0.08688266344118895,0.06956179503282364,0.01732086840836522,8.326672684688674e-17,0.920300120655345,0.5875459488452665,0.2527417962873945,1.3747380876206554e-15,1.5356781946059248e-15,0.6114073550046917,0.7937014692603146,1.8339318160466033e-15,0.9999999999999922,0.9917834731180848,1.3355671418291993e-15,False,True,False,False,True,True,False
k_proj,0,2025,adamw,1,5.389507325914831,5.389507325914832,5.389507325914832,8.881784197001252e-16,8.881784197001252e-16,1.3665714402068348e-15,0.4895668248642061,0.02842150900027047,2.252453175411584e-17,1.775789380227721e-17,0.5939006705856291,0.8656769053701401,3.9997570542226313e-17,1.0000000000000004,241.46094008292818,2.2513368756244036e-17,False,True,False,False,True,True,False
k_proj,0,2025,adamw,10,4.709262657836653,3.7260755370046863,4.709262657836654,0.9831871208319671,8.881784197001252e-16,3.2806044101318896,0.6677003418118286,0.27279633749196724,9.182009502037888e-16,1.1333389885430638e-15,0.6094736642858236,0.8186711522906605,1.4431110984995326e-15,1.0000000000000058,37.13901455804672,1.0324798193841911e-15,False,True,False,False,True,True,False
k_proj,0,2025,adamw,50,0.5897971364202008,0.37344544524224155,0.5897971364202005,0.21635169117795927,3.3306690738754696e-16,3.93296919256098,0.7299629160473585,0.5854914077438358,1.5670775428330425e-15,2.1514479635236084e-15,0.7593490556038763,0.6556890218561742,2.068786086643507e-15,0.9999999999999981,11.447272463881413,1.734822810866225e-15,False,True,False,False,True,True,False
k_proj,1,2025,adamw,1,2.189963573532585,2.189963573532585,2.189963573532585,0.0,0.0,1.1375271053187914e-15,0.0303415918403436,0.028573929147605766,5.794623897749681e-17,5.423207876350263e-16,0.043043578076805256,0.9990733208226863,5.25037207699757e-16,0.9999999999999987,2.5147060204431413,3.996736386234768e-17,False,True,False,False,True,True,False
k_proj,1,2025,adamw,10,1.824319503865764,1.6787358029601869,1.8243195038657642,0.14558370090557715,2.220446049250313e-16,1.1428430087946284,0.23376798466820872,0.17022925170834036,7.050437620119273e-16,8.844288526379237e-16,0.2809374369093995,0.9614938278081016,1.1087330640297135e-15,0.9999999999999885,1.9282553281463293,7.53895211918021e-16,False,True,False,False,True,True,False
k_proj,1,2025,adamw,50,0.09922524860867894,0.1171451192246669,0.09922524860867887,0.01791987061598796,6.938893903907228e-17,2.635416239949435,0.4619613464406184,0.47797934310284956,1.4490156076609182e-15,1.7752831165276981e-15,0.5226109309342168,0.8534415588032376,1.9560447271612383e-15,0.9999999999999933,1.1819721567492087,1.4252555432410832e-15,False,True,False,False,True,True,False
k_proj,2,2025,adamw,1,2.180879972733605,2.180879972733605,2.180879972733605,0.0,0.0,1.015725709806184e-15,0.02051185639084965,0.028235147659100495,2.002657950173146e-17,8.980159460226041e-17,0.03547209639969,0.9993706781044726,9.558094879554763e-17,0.9999999999999973,0.8519913889843225,2.062546804637912e-17,False,True,False,False,True,True,False
k_proj,2,2025,adamw,10,1.7826199982957924,1.7262762275769006,1.7826199982957929,0.05634377071889185,4.440892098500626e-16,0.22509685839166432,0.16307317911613142,0.15529863346667205,9.038147955219819e-16,1.6114659159974778e-15,0.22732458874343517,0.9739596434932998,1.7788579967332775e-15,1.0000000000000022,0.7809353522234231,9.566405662336769e-16,False,True,False,False,True,True,False
k_proj,2,2025,adamw,50,0.03399285512541741,0.026372080049362794,0.03399285512541744,0.007620775076054614,3.469446951953614e-17,0.9424792408580852,0.32161018667709795,0.2336869639889467,2.600795273013743e-15,2.8148322373746445e-15,0.363785884705757,0.9333316275834357,3.0328768995355426e-15,0.9999999999999978,1.253704496296805,2.6325423402077185e-15,False,True,False,False,True,True,False
k_proj,3,2025,adamw,1,1.9300903020568683,1.9300903020568683,1.9300903020568683,0.0,0.0,9.945969208916587e-16,0.019648470607062415,0.026289063734666197,3.294901513523572e-17,1.6181904412258937e-17,0.0337528344864037,0.9994302988528581,4.6988144016279255e-17,0.9999999999999987,1.065340741513957,3.5209929530229994e-17,False,True,False,False,True,True,False
k_proj,3,2025,adamw,10,1.5574131102884101,1.5158219312039842,1.5574131102884101,0.04159117908442589,0.0,0.23243587127723328,0.1539268590673222,0.1483655066635178,7.491529734854169e-16,5.723616074674835e-16,0.21520149407772382,0.9766068234855954,9.571243331762278e-16,1.0000000000000018,0.9484775396378803,8.856321899855819e-16,False,True,False,False,True,True,False
k_proj,3,2025,adamw,50,0.052423152135278955,0.05168408154382035,0.05242315213527895,0.0007390705914586057,6.938893903907228e-18,1.233760155322603,0.32430940110127854,0.21567607528150914,1.1126269491100103e-15,1.25632824426672e-15,0.36302172657268195,0.9345854602343469,1.5491357618048717e-15,1.0000000000000069,1.3868374583150371,1.2159905218705012e-15,False,True,False,False,True,True,False
k_proj,4,2025,adamw,1,1.5961991649464033,1.5961991649464036,1.5961991649464036,2.220446049250313e-16,2.220446049250313e-16,1.054734891998764e-15,0.02257938618901744,0.02806589006916924,1.8499737925980386e-17,1.749053473891037e-17,0.03830402055150907,0.9992664270711864,3.710215098146905e-17,0.999999999999998,1.4216805163509214,1.62376429688718e-17,False,True,False,False,True,True,False
k_proj,4,2025,adamw,10,1.2865471903313341,1.2333757427404288,1.2865471903313341,0.05317144759090531,0.0,0.6376135408350887,0.17923298003994384,0.15774858308219178,6.582761030019224e-16,5.583411399925496e-16,0.24438263872972463,0.9696918611807759,8.79228016456092e-16,0.9999999999999911,1.2420240040067068,6.430727631995226e-16,False,True,False,False,True,True,False
k_proj,4,2025,adamw,50,0.04282130746292968,0.031123318131980122,0.042821307462929704,0.011697989330949555,2.7755575615628914e-17,1.9221215946039227,0.3786832071449318,0.25170951192867486,1.19890217075157e-15,1.395290936210559e-15,0.42393946492218587,0.912109204813808,1.6471359325409623e-15,0.9999999999999958,1.3894277590913808,1.1199281727383111e-15,False,True,False,False,True,True,False
k_proj,5,2025,adamw,1,1.6094487226481153,1.609448722648115,1.609448722648115,4.440892098500626e-16,4.440892098500626e-16,1.0168512214169748e-15,0.021003023753859016,0.02577258697652783,3.57472989102181e-17,1.8167497037818612e-17,0.03382677544582482,0.999427906652368,4.651653593838663e-17,1.0000000000000042,1.4018597789963316,2.727122858453017e-17,False,True,False,False,True,True,False
k_proj,5,2025,adamw,10,1.2907095174518868,1.2596424626575968,1.2907095174518868,0.03106705479428995,0.0,0.21000514326515224,0.16779308125143672,0.14989451914992455,6.530695676829704e-16,5.474532621230666e-16,0.2264013961252917,0.9740825579014413,8.661658952624538e-16,1.0000000000000069,1.3075890632616356,6.325017157766987e-16,False,True,False,False,True,True,False
k_proj,5,2025,adamw,50,0.04203766036884038,0.03659365749358654,0.04203766036884029,0.005444002875253838,9.020562075079397e-17,1.5370480667988153,0.34900927335294774,0.23077483949061137,1.3649875894491893e-15,1.6572332479232644e-15,0.3818249992971714,0.9291033046258117,1.7646754232440851e-15,0.9999999999999991,1.3413291905156202,1.3106491862472087e-15,False,True,False,False,True,True,False
k_proj,6,2025,adamw,1,1.7126930242950482,1.7126930242950482,1.7126930242950482,0.0,0.0,1.003811405515773e-15,0.017580149127258825,0.027110760270406275,3.12841900949218e-17,1.2712347421531005e-17,0.03289656648031184,0.9994607566871918,4.412649312163782e-17,0.9999999999999941,1.3994188799700442,6.382323126658468e-17,False,True,False,False,True,True,False
k_proj,6,2025,adamw,10,1.3632889361003198,1.322582271474303,1.3632889361003195,0.0407066646260168,2.220446049250313e-16,0.2781945835861706,0.13972179610717994,0.1504202286916527,7.997279467726253e-16,7.879309353936444e-16,0.2071693021056109,0.9783125196002765,1.127334620040013e-15,0.9999999999999992,1.215855098448322,8.05149716572962e-16,False,True,False,False,True,True,False
k_proj,6,2025,adamw,50,0.06343757183062944,0.039889205447895294,0.06343757183062938,0.023548366382734144,5.551115123125783e-17,0.8009336405528412,0.3041220912621225,0.23774077200021596,1.4721644298911479e-15,1.5230207758048025e-15,0.34862589163498314,0.9395656930917555,1.856331147113155e-15,0.9999999999999976,1.3054800681465972,1.3462272413922753e-15,False,True,False,False,True,True,False
k_proj,7,2025,adamw,1,1.6801618169305932,1.6801618169305927,1.6801618169305927,4.440892098500626e-16,4.440892098500626e-16,1.0415067993282187e-15,0.01574910646132119,0.02876575274309682,1.6166476000103973e-17,2.3070607939984418e-17,0.03349987150102777,0.999439061604101,4.264543234620234e-17,1.0000000000000007,0.7675479717195854,1.4561391761303242e-17,False,True,False,False,True,True,False
k_proj,7,2025,adamw,10,1.3718017540274658,1.3675079206554779,1.3718017540274658,0.004293833371987965,0.0,0.09453715373571893,0.12304831581264157,0.1592568456514158,5.826294803553057e-16,6.270507014844777e-16,0.20032164849313833,0.9797429389711031,8.754191975386555e-16,0.999999999999997,1.0192617786022384,5.829812233772629e-16,False,True,False,False,True,True,False
k_proj,7,2025,adamw,50,0.04761999474922663,0.04895937501304301,0.04761999474922657,0.0013393802638163796,6.245004513516506e-17,0.7628920949687854,0.25408996097208264,0.23838747605212873,9.335305793819473e-16,1.1388774234067435e-15,0.3038774919194526,0.9537793084515706,1.3900792895092842e-15,1.0000000000000118,1.3137686123757917,9.124016428156446e-16,False,True,False,False,True,True,False
k_proj,8,2025,adamw,1,2.060670601127829,2.0606706011278284,2.0606706011278284,4.440892098500626e-16,4.440892098500626e-16,1.1027766805460777e-15,0.023269586798627877,0.027142232382962143,5.716065533262937e-17,2.0796474560043688e-17,0.036166849036274054,0.9993464648677819,6.577789732905471e-17,1.0000000000000027,1.7200557419477625,5.155580566095481e-17,False,True,False,False,True,True,False
k_proj,8,2025,adamw,10,1.7205565372256348,1.641531455282611,1.7205565372256342,0.07902508194302382,6.661338147750939e-16,0.5624828386325178,0.18663989332655342,0.1584057091396608,7.962990472187121e-16,6.141686092170309e-16,0.24593353627010814,0.969380598154173,1.0025143863660653e-15,1.0000000000000044,1.5135468622918409,8.064281112064837e-16,False,True,False,False,True,True,False
k_proj,8,2025,adamw,50,0.1298243915997721,0.06199332939822072,0.1298243915997719,0.06783106220155138,1.942890293094024e-16,2.423766400646223,0.463655456006791,0.4831340748599768,1.5738041684781129e-15,1.7486035118947414e-15,0.5420938422478889,0.8448982566857464,1.9569959657814507e-15,0.9999999999999925,1.273043619873084,1.5743758733909994e-15,False,True,False,False,True,True,False
k_proj,9,2025,adamw,1,1.5358632710803992,1.5358632710803992,1.5358632710803992,0.0,0.0,9.458906126733687e-16,0.03054164610592379,0.02723101361004872,2.4518227908510693e-15,3.35046185421851e-17,0.0425604954577014,0.9990942969927787,2.5334435355045323e-15,0.9999999999999939,1.252714254444213,3.014717058571105e-15,False,True,False,False,True,True,False
k_proj,9,2025,adamw,10,1.2262876169598944,1.193891051472378,1.2262876169598944,0.03239656548751646,0.0,0.29123162704875144,0.2408996539114839,0.14419125428675406,2.3372813218041278e-15,1.0330745350072836e-15,0.28457638081276715,0.958956094050954,2.612246930381541e-15,0.9999999999999942,1.1998097638503844,2.8432796088242643e-15,False,True,False,False,True,True,False
k_proj,9,2025,adamw,50,0.05178758851960639,0.04633478805963959,0.0517875885196064,0.0054528004599668015,1.3877787807814457e-17,1.3449661904766623,0.4717040855413002,0.21059059971098837,2.0631829944203876e-15,1.4493559358437075e-15,0.4983195620110442,0.8757894122021443,2.392076260521286e-15,0.9999999999999978,1.0696845583173489,2.283594133852903e-15,False,True,False,False,True,True,False
k_proj,10,2025,adamw,1,1.4670077140229514,1.4670077140229514,1.4670077140229514,0.0,0.0,1.1430804536747063e-15,0.030043362225930518,0.024774066614905547,7.232267231069612e-17,9.769846447963493e-18,0.039228838759456056,0.9992303132546534,7.979282917248869e-17,0.9999999999999933,1.5361679620826418,5.117482355932213e-17,False,True,False,False,True,True,False
k_proj,10,2025,adamw,10,1.1707824856994284,1.1068582980802713,1.1707824856994284,0.06392418761915719,0.0,0.878373306096278,0.24446120397931356,0.13858590079160457,6.653705032894842e-16,9.526389753594263e-16,0.28073677281030474,0.9599866235165136,1.234476720265902e-15,0.9999999999999925,1.2594021390077585,7.336759971487364e-16,False,True,False,False,True,True,False
k_proj,10,2025,adamw,50,0.037223866746922546,0.03948627079565922,0.037223866746922595,0.002262404048736677,4.85722573273506e-17,2.465686288784261,0.5079636237901274,0.25155128236446506,1.2048065844581166e-15,1.1957183270105015e-15,0.5450522482214684,0.8482317161921968,1.6160872893262437e-15,0.9999999999999946,1.0948314120618443,1.2542312103493483e-15,False,True,False,False,True,True,False
k_proj,11,2025,adamw,1,1.4724524533632712,1.4724524533632717,1.4724524533632717,4.440892098500626e-16,4.440892098500626e-16,1.4198811478140407e-15,0.032763266131205095,0.028463841728448538,8.226733512720204e-17,8.65235355561252e-17,0.044594313374463845,0.9990056856704348,1.2651286530668746e-16,1.0000000000000042,1.115426389257183,7.492429794854441e-17,False,True,False,False,True,True,False
k_proj,11,2025,adamw,10,1.212980885222166,1.1978762559002716,1.212980885222166,0.01510462932189438,0.0,0.21168418352098653,0.24233759039019737,0.15908763039195073,6.396962393000123e-16,5.393250497727914e-16,0.28223382528007473,0.9597589080178406,8.481691520165277e-16,0.9999999999999896,1.1262067318714344,6.835695873566954e-16,False,True,False,False,True,True,False
k_proj,11,2025,adamw,50,0.0416211836946724,0.05001222085928777,0.04162118369467229,0.008391037164615367,1.1102230246251565e-16,0.8318951255289805,0.49208148888294784,0.2858105997790812,1.3295570667270165e-15,1.562624121401885e-15,0.5228151693495887,0.8584884995778537,1.7246288368886192e-15,1.0000000000000004,1.2783173647352375,1.373093725462946e-15,False,True,False,False,True,True,False
k_proj,12,2025,adamw,1,1.6188995814580627,1.6188995814580627,1.6188995814580627,0.0,0.0,9.867830127510245e-16,0.031142317065377116,0.028308859291935728,1.323393925206503e-16,2.184083704060604e-16,0.04483456637484287,0.9989945163885758,2.4911776119633325e-16,0.9999999999999988,1.5764562363713324,2.2493725262028173e-16,False,True,False,False,True,True,False
k_proj,12,2025,adamw,10,1.3023878149094004,1.2403196378332977,1.3023878149094006,0.06206817707610268,2.220446049250313e-16,0.8940354978756418,0.2476297648648305,0.16821131447430443,6.770365301518519e-16,6.04394663116825e-16,0.31091208820834554,0.950895830311066,9.249201987603769e-16,0.9999999999999989,1.2911234576522477,6.46552689532831e-16,False,True,False,False,True,True,False
k_proj,12,2025,adamw,50,0.034599748633667785,0.02964527828737122,0.03459974863366779,0.004954470346296563,6.938893903907228e-18,1.9995590557877472,0.5254361084033261,0.31090929837660314,1.2589529936517485e-15,1.4179000695130372e-15,0.5703672728948042,0.832589168608433,1.6289614530857518e-15,0.9999999999999963,1.093512759806571,1.2357877137707351e-15,False,True,False,False,True,True,False
k_proj,13,2025,adamw,1,1.6040970147573397,1.6040970147573397,1.6040970147573397,0.0,0.0,1.0455651288820587e-15,0.030993380266925066,0.02524234424808756,1.9719374673142766e-16,1.5012750623163424e-17,0.040535888610655706,0.999178453221403,1.944891148850414e-16,0.9999999999999967,1.084045432323799,1.9752006517953366e-16,False,True,False,False,True,True,False
k_proj,13,2025,adamw,10,1.2720111765586386,1.2526099198684102,1.2720111765586388,0.019401256690228408,2.220446049250313e-16,0.14983777963489897,0.24125577497640954,0.14728055681804508,7.499680955675377e-16,5.556809026808655e-16,0.27709284756636465,0.9612154421954219,9.547233610864783e-16,0.9999999999999933,1.0691741101870622,6.581305923556144e-16,False,True,False,False,True,True,False
k_proj,13,2025,adamw,50,0.04683978523764815,0.041801020255890796,0.04683978523764815,0.005038764981757357,0.0,0.9654316995047464,0.47359236096830937,0.19830216496309094,1.0455877793131296e-15,1.1196024208113455e-15,0.49245325534622797,0.8808557790277758,1.481292118020632e-15,0.9999999999999911,1.1298869400946185,9.70878515759906e-16,False,True,False,False,True,True,False
k_proj,14,2025,adamw,1,1.3910368226841976,1.3910368226841976,1.3910368226841976,0.0,0.0,1.4466927613930492e-15,0.027560213684171834,0.02719562237533179,1.4250058304021298e-16,1.5595788517657497e-17,0.03946408880042425,0.9992211056423541,1.3196942192424958e-16,0.9999999999999962,1.2368188256278885,1.5868966816911387e-16,False,True,False,False,True,True,False
k_proj,14,2025,adamw,10,1.1163891168877922,1.0962528349157445,1.116389116887792,0.020136281972047643,2.220446049250313e-16,0.28579647020328286,0.21563361903077022,0.159232231799165,8.742483018087679e-16,8.636337522124693e-16,0.26266684670892504,0.9651296283689493,1.2364110248362024e-15,0.9999999999999998,1.2107395105233076,9.091652908403676e-16,False,True,False,False,True,True,False
k_proj,14,2025,adamw,50,0.023021389508217607,0.019067204142805994,0.02302138950821761,0.003954185365411613,3.469446951953614e-18,1.48278145269268,0.4410915620888941,0.23553349032388288,1.2307156754715631e-15,1.3931724674178682e-15,0.4585935375613988,0.8995809650053748,1.6486301312253113e-15,1.0000000000000018,1.2740221902976518,1.2603731023111398e-15,False,True,False,False,True,True,False
k_proj,15,2025,adamw,1,1.5489484594148581,1.5489484594148577,1.5489484594148577,4.440892098500626e-16,4.440892098500626e-16,1.0861699258110688e-15,0.028268508556514617,0.02981334266733782,1.8214905357822295e-17,2.2640744033537167e-17,0.041589798479019134,0.9991352458382733,4.256474895498155e-17,1.0000000000000087,1.116810527321727,3.6168035708094257e-17,False,True,False,False,True,True,False
k_proj,15,2025,adamw,10,1.2381775227975036,1.2283680797257552,1.2381775227975036,0.009809443071748358,0.0,0.16779790323821983,0.22246688268013481,0.16665961281397626,5.985900711779515e-16,7.492304793112808e-16,0.2716718264352485,0.9625513738741773,9.82314833996879e-16,0.9999999999999996,1.1126871866554975,7.190876266217493e-16,False,True,False,False,True,True,False
k_proj,15,2025,adamw,50,0.040211235675617706,0.04620992947358915,0.040211235675617775,0.005998693797971445,6.938893903907228e-17,0.5820257377594005,0.43559959329412,0.27028446086644164,1.2657139658058473e-15,1.4015229260385238e-15,0.46795461489679474,0.8899706477728537,1.6428243313838414e-15,1.0000000000000042,1.1538572277935941,1.3389664295063299e-15,False,True,False,False,True,True,False
k_proj,16,2025,adamw,1,1.4625187241135247,1.4625187241135247,1.4625187241135247,0.0,0.0,1.167872735682491e-15,0.02904676103867581,0.02587013901521243,7.161037525312756e-17,1.7591200068443984e-17,0.04058276436213334,0.999177724918411,7.858753658381023e-17,1.0000000000000047,0.7953852421358845,7.028828235309012e-17,False,True,False,False,True,True,False
k_proj,16,2025,adamw,10,1.1640629812840764,1.213005867059605,1.1640629812840764,0.04894288577552852,0.0,0.25563510285466307,0.22380768674136978,0.1464187917084854,7.336299588993897e-16,4.600204157922204e-16,0.260910709028878,0.9653929254377073,8.707822044267687e-16,1.0000000000000004,0.8077144535812275,6.944751284872085e-16,False,True,False,False,True,True,False
k_proj,16,2025,adamw,50,0.02281667018450352,0.028615834198093628,0.02281667018450351,0.005799164013590107,1.0408340855860843e-17,1.3182142501116403,0.3739636667603137,0.24193439790890972,1.0582026398129069e-15,1.047485678074889e-15,0.39205002873472783,0.9199595513429495,1.4070290288513143e-15,1.000000000000006,1.192960673837799,1.0428245164700853e-15,False,True,False,False,True,True,False
k_proj,17,2025,adamw,1,1.4490901215069212,1.4490901215069212,1.4490901215069212,0.0,0.0,1.0710688531032083e-15,0.02086194898535564,0.02792296069591119,1.5363773556361142e-16,2.5262195551765416e-17,0.03581998513586433,0.9993591377887141,1.6373677482716365e-16,0.9999999999999972,0.718876543118013,1.392154819803626e-16,False,True,False,False,True,True,False
k_proj,17,2025,adamw,10,1.1625603128219522,1.2038942099264343,1.1625603128219517,0.0413338971044821,4.440892098500626e-16,0.28748468225778684,0.15776678874226194,0.1690539946833994,8.399610210610705e-16,5.727616910604786e-16,0.2295373255267809,0.973570319245456,9.920992795264622e-16,1.0000000000000053,0.7660456114994101,7.549605184236177e-16,False,True,False,False,True,True,False
k_proj,17,2025,adamw,50,0.024095579002907347,0.04061228530718975,0.02409557900290732,0.016516706304282404,2.7755575615628914e-17,1.0412643197125506,0.23775697449121888,0.2619686029166608,1.0519839324011733e-15,1.1294710592436177e-15,0.2897171903541322,0.9571663096248075,1.439599613380172e-15,0.9999999999999979,1.2116187128461968,1.0423585703048871e-15,False,True,False,False,True,True,False
k_proj,18,2025,adamw,1,1.4741825966902369,1.4741825966902369,1.4741825966902369,0.0,0.0,7.139393292558463e-16,0.021214139667290112,0.026904275050791314,1.5844531834289957e-17,1.8886203736803207e-17,0.03703468520114851,0.9993140315960303,3.9189497645056803e-17,0.9999999999999997,0.8555453420988995,1.3892861068289023e-17,False,True,False,False,True,True,False
k_proj,18,2025,adamw,10,1.1895023103873508,1.2330405253550756,1.1895023103873508,0.04353821496772481,0.0,0.2566160151912657,0.15752124326074604,0.1572935852381303,5.342812528177588e-16,4.675816547885094e-16,0.21876251973004643,0.975858103197588,7.342188822548366e-16,0.9999999999999954,0.9196094290776343,5.454054820357685e-16,False,True,False,False,True,True,False
k_proj,18,2025,adamw,50,0.03958964620449843,0.0795347143289372,0.03958964620449846,0.03994506812443877,2.7755575615628914e-17,0.9488964535523345,0.2541160418064806,0.28144211176418543,1.1368242002856878e-15,1.6082208107862715e-15,0.32099629921215533,0.9471437995865236,1.6606382479668369e-15,0.9999999999999967,1.5608590549411265,1.1285585937873054e-15,False,True,False,False,True,True,False
k_proj,19,2025,adamw,1,1.468955335335444,1.4689553353354439,1.4689553353354439,2.220446049250313e-16,2.220446049250313e-16,1.2025847041877879e-15,0.02370002763420672,0.028289853523890983,2.3798773428602538e-17,1.286797513646067e-16,0.03819054153968838,0.9992707630137849,1.3922601327290772e-16,1.0000000000000042,0.8587472683299084,2.0864867391367275e-17,False,True,False,False,True,True,False
k_proj,19,2025,adamw,10,1.1813441476824142,1.1993839003918925,1.1813441476824142,0.01803975270947822,0.0,0.15605293387429925,0.18157545235029252,0.15554818943959575,5.84708960548171e-16,5.920046709465996e-16,0.23164372566023816,0.9729010099532527,8.681384382191997e-16,1.0000000000000018,0.9541125406484445,6.074279968909947e-16,False,True,False,False,True,True,False
k_proj,19,2025,adamw,50,0.03641932073632556,0.031087387149935624,0.036419320736325554,0.005331933586389937,6.938893903907228e-18,1.0233829384834197,0.34019665753692274,0.25541079182276977,1.150798893341691e-15,1.1669665735915953e-15,0.3739889790049656,0.9284410575079094,1.528394267295025e-15,1.000000000000005,1.1122584088532432,1.1832004905189008e-15,False,True,False,False,True,True,False
k_proj,20,2025,adamw,1,1.4448357687735982,1.444835768773598,1.444835768773598,2.220446049250313e-16,2.220446049250313e-16,9.364150511895952e-16,0.0264720353048056,0.02855405014407785,4.749646532209206e-16,8.23030462496764e-18,0.041522819026029736,0.9991376464695104,4.780655615746102e-16,0.999999999999996,0.7731452839688405,8.47541020374693e-16,False,True,False,False,True,True,False
k_proj,20,2025,adamw,10,1.1525704191305814,1.1963163228279405,1.1525704191305817,0.04374590369735909,2.220446049250313e-16,0.3049704363699954,0.20101416569383998,0.17701717216387425,7.125836168793522e-16,6.806021841577131e-16,0.269734769934658,0.963094759705077,9.837300246017531e-16,1.0000000000000056,0.7808917713773637,9.86567855108627e-16,False,True,False,False,True,True,False
k_proj,20,2025,adamw,50,0.03397892932017612,0.04044155866207714,0.033978929320176134,0.006462629341901019,1.3877787807814457e-17,1.0513197426775531,0.32516586643141676,0.2661138428643026,1.0774631489041998e-15,1.116544723791007e-15,0.36949104351687706,0.9293613319815166,1.4523620509661501e-15,0.9999999999999905,1.2020627583912185,1.1920025039831348e-15,False,True,False,False,True,True,False
k_proj,21,2025,adamw,1,1.3959644397109825,1.3959644397109825,1.3959644397109825,0.0,0.0,1.0959486559324644e-15,0.03744532154783643,0.028541603163919422,2.9428524677168014e-16,1.4934934043554743e-17,0.05096920061230773,0.9987018740503995,3.0458763389733084e-16,1.0000000000000058,0.9554370114408186,6.535065968579842e-16,False,True,False,False,True,True,False
k_proj,21,2025,adamw,10,1.1127068463431986,1.1187499816815158,1.1127068463431986,0.00604313533831724,0.0,0.15827092214490637,0.28591461455546363,0.160585505414194,6.902343918575566e-16,5.254667301244165e-16,0.3319825086382676,0.9433048202923286,8.965564183446428e-16,1.0000000000000022,0.9678147044951115,8.572531807559699e-16,False,True,False,False,True,True,False
k_proj,21,2025,adamw,50,0.04044729456207466,0.0412178480081541,0.040447294562074625,0.0007705534460794375,3.469446951953614e-17,0.7074835104188875,0.5306934067620986,0.27553574724400626,1.0292381565980307e-15,1.049473088796354e-15,0.5511443011861488,0.8364250872289059,1.4047317825228891e-15,0.9999999999999977,1.1820152235980688,1.0861301002543287e-15,False,True,False,False,True,True,False
k_proj,22,2025,adamw,1,1.2441225997479026,1.2441225997479026,1.2441225997479026,0.0,0.0,1.1270207578678235e-15,0.038505005581580674,0.025995164050106132,1.2028229398034043e-17,1.6974797695089724e-17,0.049809711050091826,0.9987594363006291,3.574397364637277e-17,1.0000000000000016,0.896338927736462,1.8966222229230226e-17,False,True,False,False,True,True,False
k_proj,22,2025,adamw,10,1.0007509928218825,1.0109129089898774,1.0007509928218823,0.010161916167994889,2.220446049250313e-16,0.14431574677771178,0.2866676393595856,0.14014367096791422,6.37393213321155e-16,5.332833475025671e-16,0.31116377397972034,0.9504514700859581,8.766646927511364e-16,1.0000000000000064,0.912712552497078,6.475040865017029e-16,False,True,False,False,True,True,False
k_proj,22,2025,adamw,50,0.019606117196209864,0.019568137921497888,0.019606117196209864,3.7979274711975874e-05,0.0,1.05383665946607,0.5301725750480765,0.22049004787719262,1.0945787481741218e-15,1.256171426025853e-15,0.5410561050087976,0.8425859692473024,1.4872439146264672e-15,0.9999999999999998,0.9957485181276281,1.0696206797701079e-15,False,True,False,False,True,True,False
k_proj,23,2025,adamw,1,1.358564708135088,1.3585647081350885,1.3585647081350885,4.440892098500626e-16,4.440892098500626e-16,8.659695871769776e-16,0.04154137520378607,0.02648991053256077,2.132319606568534e-17,9.962768258981951e-18,0.05366002629784652,0.99855928416075,3.7665068606280554e-17,0.9999999999999964,0.908757527791786,1.6658151660141735e-17,False,True,False,False,True,True,False
k_proj,23,2025,adamw,10,1.0970932578850219,1.1128586045973516,1.0970932578850219,0.015765346712329764,0.0,0.15807829757395525,0.31044621397246724,0.1428147981008046,4.524462334870655e-16,4.566284729835634e-16,0.3471269541815941,0.9378201736955529,6.690243323297584e-16,0.9999999999999967,0.9070759948421139,4.940663052233185e-16,False,True,False,False,True,True,False
k_proj,23,2025,adamw,50,0.030039529385066693,0.031037673747994914,0.03003952938506668,0.0009981443629282216,1.3877787807814457e-17,0.9269110138517913,0.574292844206933,0.23464223523991248,1.0603408117681247e-15,1.3075687376528805e-15,0.5839463948229073,0.8129653189841629,1.4954816666916723e-15,0.9999999999999952,0.935967778299284,1.1145102383343372e-15,False,True,False,False,True,True,False
v_proj,0,2025,adamw,1,1.0530327774870938,1.053032777487094,1.053032777487094,2.220446049250313e-16,2.220446049250313e-16,9.521759970268984e-16,0.4894627600613067,9.01070264496898e-18,1.6449665849193594e-17,9.01070264496898e-18,0.5508079700780146,0.8788133476734385,2.9624123740490705e-17,1.0000000000000002,259.03087195092075,3.6291683961065195e-17,False,True,False,True,True,False,False
v_proj,0,2025,adamw,10,0.8188098021071172,0.8946521454491635,0.8188098021071172,0.07584234334204631,0.0,1.1964619589868062,0.398325980866927,0.2658810286921158,4.1618218232282903e-16,4.652520079992272e-16,0.47400546201825017,0.8805761114522852,6.534852031131674e-16,0.9999999999999969,146.96462685263793,4.642364955624299e-16,False,True,False,True,True,False,False
v_proj,0,2025,adamw,50,0.02345448006639209,0.05492176836743488,0.023454480066392072,0.031467288301042784,1.734723475976807e-17,1.0980216232412945,0.5860383757073672,0.4670895193192346,7.36477932421097e-16,7.408212302829474e-16,0.6645479694552457,0.7482798061167728,1.0680269155064279e-15,0.9999999999999971,208.999678096072,8.239841790387921e-16,False,True,False,True,True,False,False
v_proj,1,2025,adamw,1,1.1270329767293876,1.1270329767293876,1.1270329767293876,0.0,0.0,7.813394197823917e-16,0.03032541910738249,1.0280988228637945e-15,5.4119720706252446e-14,1.0280988228637945e-15,0.031563643371408705,0.9995019888841528,5.394948448550756e-14,1.0000000000000027,2.5122552287068625,6.288150048747872e-14,False,True,False,True,True,False,False
v_proj,1,2025,adamw,10,0.8836768202469921,0.8281737945791506,0.8836768202469925,0.05550302566784149,3.3306690738754696e-16,2.3590270421742585,0.20622846057501665,0.09211858581204721,5.1294499830738696e-14,1.2736340331687055e-14,0.2143715945883025,0.9772997333568327,5.0392478775833375e-14,0.9999999999999873,1.2942468407752734,5.893347987258577e-14,False,True,False,True,True,False,False
v_proj,1,2025,adamw,50,0.022498812986997865,0.018276847562456688,0.02249881298699781,0.004221965424541178,5.551115123125783e-17,2.42471400632254,0.3302656700046975,0.18604255370535683,4.361881138864973e-14,2.0865674547550834e-14,0.35035882722556533,0.9394177265195542,4.5836114440008396e-14,1.0000000000000062,1.4108668010971261,4.8818393002748795e-14,False,True,False,True,True,False,False
v_proj,2,2025,adamw,1,1.0916683629170698,1.0916683629170696,1.0916683629170696,2.220446049250313e-16,2.220446049250313e-16,7.797225159999699e-16,0.02052583926753264,1.3818589190687785e-17,2.338507888810375e-16,1.3818589190687785e-17,0.02098603371644406,0.9997797700291002,2.2027469710236292e-16,1.0000000000000036,0.8399741765402235,4.559696518196452e-16,False,True,False,True,True,False,False
v_proj,2,2025,adamw,10,0.8434384714998573,0.8188571475821815,0.8434384714998574,0.024581323917675757,1.1102230246251565e-16,0.44329279748938843,0.1551814565732218,0.03383132376353216,4.404442874890024e-16,4.485195634507836e-16,0.15832492363807968,0.9873924021018288,6.447498702182999e-16,0.999999999999999,0.728922765264737,5.855920355474052e-16,False,True,False,True,True,False,False
v_proj,2,2025,adamw,50,0.018058425960338822,0.01622502283460332,0.018058425960338825,0.0018334031257355027,3.469446951953614e-18,1.9550745709918065,0.27332854946160356,0.07980047028020987,9.14388761988564e-16,7.672587059805289e-16,0.2787328463712298,0.9617762398215844,1.1886467841328822e-15,1.0000000000000049,1.0156464276274653,9.721892481634613e-16,False,True,False,True,True,False,False
v_proj,3,2025,adamw,1,1.2307920391874119,1.2307920391874119,1.2307920391874119,0.0,0.0,9.6901390994507e-16,0.019647412542621562,4.3242697624946807e-16,1.7727083759083482e-17,4.3242697624946807e-16,0.020953204348433768,0.9997806472761654,4.300460567776878e-16,0.9999999999999932,1.2597492205412393,1.8076543537245698e-17,False,True,False,True,True,False,False
v_proj,3,2025,adamw,10,0.9730641314566402,0.9490482770340818,0.9730641314566405,0.02401585442255838,3.3306690738754696e-16,0.3379057875041251,0.15173096150678603,0.03648892276547707,5.329197197581561e-16,6.258941217640921e-16,0.1580817619003175,0.9874394554748802,8.433491829212784e-16,1.0000000000000064,1.1101749368018738,5.5232894223260025e-16,False,True,False,True,True,False,False
v_proj,3,2025,adamw,50,0.033645021594043145,0.029562351085845245,0.03364502159404311,0.0040826705081979005,3.469446951953614e-17,1.5848547284424672,0.28667994766425425,0.07271135432658743,1.0433282631721685e-15,1.104129814278634e-15,0.291608369590165,0.9591939194484919,1.4365699070629793e-15,0.9999999999999969,0.9712226145818774,1.0705738418432302e-15,False,True,False,True,True,False,False
v_proj,4,2025,adamw,1,1.3286253004176065,1.3286253004176063,1.3286253004176063,2.220446049250313e-16,2.220446049250313e-16,8.952714931938067e-16,0.022554576887375905,1.835584523902717e-17,1.662134273846846e-16,1.835584523902717e-17,0.024105827935418312,0.999709422619301,1.7141085842717426e-16,1.0000000000000053,1.501164141464491,2.189320540491208e-16,False,True,False,True,True,False,False
v_proj,4,2025,adamw,10,1.0291343589845752,0.9761706967808262,1.0291343589845752,0.05296366220374893,0.0,0.6180825092683062,0.1786224541969559,0.048047268192315244,5.162994215640057e-16,6.118667448684383e-16,0.18743354861782963,0.9824190898914178,8.339378476097286e-16,1.0000000000000009,1.2517966644035097,5.279298380653581e-16,False,True,False,True,True,False,False
v_proj,4,2025,adamw,50,0.02934545508899693,0.025915787809119475,0.02934545508899693,0.0034296672798774554,0.0,1.9061516851552756,0.3553043770774491,0.08823762508102657,7.973257644765081e-16,7.413346947381022e-16,0.3677490712594523,0.9384084894167328,1.120802347063886e-15,1.0000000000000075,1.258347850473071,8.344333217523378e-16,False,True,False,True,True,False,False
v_proj,5,2025,adamw,1,1.1832392284948543,1.1832392284948539,1.1832392284948539,4.440892098500626e-16,4.440892098500626e-16,7.774143058113454e-16,0.021004100863360305,3.97274703267793e-17,3.462594922651866e-16,3.97274703267793e-17,0.0230433360835673,0.9997345290663712,3.5723963260606834e-16,1.0000000000000029,1.2231890365540579,3.402244368353466e-16,False,True,False,True,True,False,False
v_proj,5,2025,adamw,10,0.9230369220547022,0.9038167920814831,0.9230369220547022,0.01922012997321909,0.0,0.2525998920976763,0.15885136381462478,0.039431077853278144,5.380115046689505e-16,5.125498752809142e-16,0.16217700743318259,0.9870191416227696,7.528512272672968e-16,1.0000000000000013,1.178226270307936,5.229010138236948e-16,False,True,False,True,True,False,False
v_proj,5,2025,adamw,50,0.022609600781968917,0.022416524705681885,0.022609600781968924,0.0001930760762870326,6.938893903907228e-18,1.065675886478705,0.31672404473882704,0.06792973376295576,9.090216905167587e-16,1.0147909194357944e-15,0.3203920584317133,0.952429196806576,1.2624585271624339e-15,1.0000000000000062,1.0024396482767914,9.033546636456652e-16,False,True,False,True,True,False,False
v_proj,6,2025,adamw,1,1.2966978917221335,1.2966978917221335,1.2966978917221335,0.0,0.0,8.40305798247073e-16,0.017589346102501742,1.203669219758197e-17,3.965435902806477e-17,1.203669219758197e-17,0.01863973634261892,0.9998262772948086,5.031653086591762e-17,1.0000000000000004,1.075135028451304,4.166443822862625e-17,False,True,False,True,True,False,False
v_proj,6,2025,adamw,10,1.0441809161371387,1.0198265596768674,1.0441809161371387,0.024354356460271287,0.0,0.35733271629338786,0.1385431355480086,0.043992325999552315,4.997444000414854e-16,4.793595487488201e-16,0.14875807510702518,0.988932935173258,7.090380147638229e-16,0.9999999999999969,1.1303305460545527,5.109957219849436e-16,False,True,False,True,True,False,False
v_proj,6,2025,adamw,50,0.03286180931491153,0.030562280537246217,0.03286180931491151,0.002299528777665316,2.0816681711721685e-17,1.3991675852277814,0.275555256968547,0.11874252019729747,1.0995534335132122e-15,1.1745157615261894e-15,0.2866943084421411,0.9615341868246983,1.421219978917423e-15,0.9999999999999949,1.0327068649105897,1.0991449818724833e-15,False,True,False,True,True,False,False
v_proj,7,2025,adamw,1,1.1923315223080164,1.1923315223080164,1.1923315223080164,0.0,0.0,1.044120066278998e-15,0.015760034905887295,1.0817495370546393e-17,3.902556416913096e-17,1.0817495370546393e-17,0.01668822931500522,0.9998607454577662,4.8221067083106046e-17,1.0,0.9376429656118735,3.4632261177081847e-17,False,True,False,True,True,False,False
v_proj,7,2025,adamw,10,0.9264058221336535,0.9222537809570666,0.9264058221336532,0.0041520411765869625,3.3306690738754696e-16,0.07430126857276251,0.12234618031051003,0.031548073281497876,4.976453333826144e-16,5.114743717483356e-16,0.12499849210497786,0.9922914127336644,7.372365348625312e-16,1.0000000000000004,1.063542959052854,4.914473065610272e-16,False,True,False,True,True,False,False
v_proj,7,2025,adamw,50,0.018472311140697268,0.01964835266092486,0.01847231114069727,0.0011760415202275928,3.469446951953614e-18,0.43415509696016563,0.2258476987139708,0.039063343576917396,1.0206151207588667e-15,1.0218785196289484e-15,0.2244371788336045,0.9761526073804035,1.3493474618692252e-15,0.9999999999999989,0.8725157786856151,1.0061409671546334e-15,False,True,False,True,True,False,False
v_proj,8,2025,adamw,1,1.2113064172086527,1.2113064172086527,1.2113064172086527,0.0,0.0,9.338582176662547e-16,0.023260048944825088,1.6744081968329777e-17,1.142130806968378e-16,1.6744081968329777e-17,0.02489743670148228,0.999690640145235,1.1876032413741987e-16,1.0000000000000027,1.5620597989270717,1.8902117071396862e-16,False,True,False,True,True,False,False
v_proj,8,2025,adamw,10,0.9611948512462339,0.9222583273950544,0.9611948512462339,0.038936523851179516,0.0,0.836856638244287,0.1758937269961633,0.05688282977872003,6.152988140421491e-16,5.14936336658241e-16,0.1908099024274634,0.982089368173756,8.011554140988363e-16,0.9999999999999977,1.2677642244683562,6.702760154596754e-16,False,True,False,True,True,False,False
v_proj,8,2025,adamw,50,0.028169147680989538,0.024827795081165564,0.02816914768098952,0.003341352599823974,1.734723475976807e-17,2.6184408399585624,0.36826483693663725,0.10333352618819085,9.788658624498898e-16,9.696351084303283e-16,0.3836174743376839,0.9317896773069033,1.2542463635771674e-15,0.9999999999999978,1.1355368752477084,1.005569091240568e-15,False,True,False,True,True,False,False
v_proj,9,2025,adamw,1,1.338508879786673,1.338508879786673,1.338508879786673,0.0,0.0,7.715176512136522e-16,0.030551282593321214,1.2988074540039133e-17,1.8579661266041783e-17,1.2988074540039133e-17,0.033969585902706795,0.999422869785541,3.757435227360497e-17,1.0000000000000018,1.1987626348428178,1.5034522310579564e-17,False,True,False,True,True,False,False
v_proj,9,2025,adamw,10,1.0638355279279437,1.0356148264926313,1.063835527927944,0.028220701435312412,2.220446049250313e-16,0.3336197406897741,0.23492465519608963,0.04985096313588531,4.510379518446523e-16,4.880130690539863e-16,0.24460319669972236,0.9700090146414648,6.830131834031214e-16,1.0000000000000027,1.183659118063367,4.920778924802998e-16,False,True,False,True,True,False,False
v_proj,9,2025,adamw,50,0.04824519909142361,0.03902378783762703,0.04824519909142363,0.00922141125379658,2.0816681711721685e-17,1.2061467151565342,0.46275856625683975,0.10947396218813327,1.1750801308719541e-15,1.3858435452299512e-15,0.4732684019709893,0.88983339784509,1.5271271584830575e-15,0.9999999999999954,1.0719123631733822,1.134472274600091e-15,False,True,False,True,True,False,False
v_proj,10,2025,adamw,1,1.3613945530035805,1.3613945530035807,1.3613945530035807,2.220446049250313e-16,2.220446049250313e-16,8.333026934638878e-16,0.030040409975165407,7.27923075188418e-18,3.930607975233118e-17,7.27923075188418e-18,0.03116225585900227,0.999514452981467,4.873926698993994e-17,1.0000000000000062,1.532113900220857,4.743341463407818e-17,False,True,False,True,True,False,False
v_proj,10,2025,adamw,10,1.0898211092532308,1.0314834352037832,1.0898211092532308,0.058337674049447674,0.0,0.9922043517032516,0.23850417414311711,0.07183536998396949,4.683936277121224e-16,5.921218515979133e-16,0.24990049628677657,0.9688060205092739,7.727552794006619e-16,0.999999999999993,1.2492570449261085,5.102119145529991e-16,False,True,False,True,True,False,False
v_proj,10,2025,adamw,50,0.03656921547701294,0.03576529406512672,0.03656921547701292,0.0008039214118862187,2.0816681711721685e-17,2.556832589872747,0.48925592780878446,0.13770742736183134,1.012130894203843e-15,1.1054526461246273e-15,0.5075010684376079,0.8738091215745127,1.4070060913457143e-15,0.9999999999999959,1.1211184241446963,1.0592495617124891e-15,False,True,False,True,True,False,False
v_proj,11,2025,adamw,1,1.2612645858707394,1.2612645858707394,1.2612645858707394,0.0,0.0,9.433934839009912e-16,0.032783743876752744,9.36849320128259e-18,2.3393379236259674e-15,9.36849320128259e-18,0.03692084782180756,0.9993182262155423,2.370263984564662e-15,1.000000000000006,1.1351215353092183,2.6319799288936843e-15,False,True,False,True,True,False,False
v_proj,11,2025,adamw,10,1.0035599805853408,0.9925869832883626,1.0035599805853408,0.010972997296978204,0.0,0.1831971999251197,0.2416398091905705,0.036545319493558416,2.2420837589325442e-15,8.522326852983867e-16,0.24804809154020366,0.9692457403037926,2.422669672444314e-15,0.9999999999999971,1.1196515645755063,2.52285010886509e-15,False,True,False,True,True,False,False
v_proj,11,2025,adamw,50,0.028992983692708512,0.028644152882128338,0.028992983692708512,0.0003488308105801738,0.0,0.749192486179853,0.45899439925508123,0.07058038763551389,1.9347519253922798e-15,1.1463857513350481e-15,0.4542340697317624,0.8989579255349469,2.20983705883396e-15,1.0,1.1268608671524243,2.1596510536207892e-15,False,True,False,True,True,False,False
v_proj,12,2025,adamw,1,1.31700528696214,1.31700528696214,1.31700528696214,0.0,0.0,6.372416742699414e-16,0.031127088150544883,2.6776096387398635e-15,3.9234127129980976e-16,2.6776096387398635e-15,0.03541519457757486,0.9993727292233454,2.6106561512029273e-15,1.0000000000000067,1.4532343824733192,3.30337809541454e-16,False,True,False,True,True,False,False
v_proj,12,2025,adamw,10,1.0473338775670082,0.9909995602724807,1.0473338775670082,0.056334317294527536,0.0,0.8806297598144379,0.2392469123143186,0.06870489010035169,1.2030087653632975e-15,2.631743297210657e-15,0.25870022299751777,0.9667876615740474,2.7043055313911514e-15,1.0000000000000093,1.2677562783396268,1.1876164801178178e-15,False,True,False,True,True,False,False
v_proj,12,2025,adamw,50,0.023826726854488795,0.02212135833169583,0.02382672685448875,0.001705368522792964,4.5102810375396984e-17,2.9175250818411858,0.5013950822623869,0.1377782302711983,1.967990263305369e-15,2.2569560319710232e-15,0.5071655715458424,0.8749354934919427,2.466409000634199e-15,1.0000000000000073,1.0943349729942558,1.9981073929339024e-15,False,True,False,True,True,False,False
v_proj,13,2025,adamw,1,1.280844996143081,1.2808449961430812,1.2808449961430812,2.220446049250313e-16,2.220446049250313e-16,7.984634438719211e-16,0.031039276080122694,1.6801188175192802e-17,1.7377200033922055e-17,1.6801188175192802e-17,0.03361320426424696,0.9994349271567786,3.771740162307205e-17,0.9999999999999973,1.0824268435751934,2.4720092837459596e-17,False,True,False,True,True,False,False
v_proj,13,2025,adamw,10,0.9815618051277495,0.9668346822950366,0.9815618051277498,0.014727122832712936,3.3306690738754696e-16,0.1494207474516754,0.24195709255238976,0.02263960318646983,4.868518252524618e-16,4.571324418336269e-16,0.24775603380775169,0.9693453055516815,6.883428990194529e-16,1.000000000000011,1.0791188728745127,5.347033028592052e-16,False,True,False,True,True,False,False
v_proj,13,2025,adamw,50,0.03239686644532315,0.030503502119279394,0.03239686644532316,0.001893364326043756,6.938893903907228e-18,0.6949270499473175,0.4492341669759751,0.043631174994233204,9.469136303997272e-16,9.252959066143352e-16,0.4453010591281553,0.9037232808150146,1.320391512827248e-15,0.9999999999999912,1.044331762019208,9.35232443704008e-16,False,True,False,True,True,False,False
v_proj,14,2025,adamw,1,1.4372182976541321,1.4372182976541321,1.4372182976541321,0.0,0.0,7.567122412227951e-16,0.027555376726274203,1.2718415455520817e-17,2.076442929389314e-16,1.2718415455520817e-17,0.030882618491124728,0.9995230334926688,2.1408635137034944e-16,1.0000000000000033,1.2315697627214746,2.1645072382795372e-16,False,True,False,True,True,False,False
v_proj,14,2025,adamw,10,1.1506152277552906,1.1280292983206952,1.1506152277552903,0.022585929434595364,2.220446049250313e-16,0.24558445628686382,0.20963642793932033,0.044355382451076675,5.727182763569656e-16,5.396338439002722e-16,0.21916602038771085,0.9763819494744019,8.020579276572914e-16,1.0000000000000024,1.1958481178459277,5.93505383314608e-16,False,True,False,True,True,False,False
v_proj,14,2025,adamw,50,0.035902024504398,0.03409407912843449,0.03590202450439799,0.0018079453759635086,6.938893903907228e-18,1.1210631001356302,0.42535617565383166,0.10028943647040756,9.583853891822822e-16,1.031491590475712e-15,0.43219929026155846,0.9155138201101063,1.301736732109142e-15,0.9999999999999974,1.113825664693034,1.016431326986904e-15,False,True,False,True,True,False,False
v_proj,15,2025,adamw,1,1.392380420754489,1.392380420754489,1.392380420754489,0.0,0.0,7.683247986776925e-16,0.02823833236739083,1.5695492286690448e-17,1.4089868653693463e-15,1.5695492286690448e-17,0.029757027690210186,0.9995571635954621,1.2481656568328958e-15,1.0000000000000044,1.1279790185610903,1.1444299825507637e-15,False,True,False,True,True,False,False
v_proj,15,2025,adamw,10,1.1005325621374558,1.0861081510867259,1.1005325621374558,0.01442441105072989,0.0,0.0952178563896295,0.21482853745035752,0.039712891105645846,1.4080842019211804e-15,7.427854769237113e-16,0.2163813143946496,0.9767824994521437,1.5083659176594347e-15,1.0000000000000022,1.1517163113388507,1.193985109910136e-15,False,True,False,True,True,False,False
v_proj,15,2025,adamw,50,0.0456410985761058,0.04830451665442372,0.04564109857610573,0.0026634180783179223,6.938893903907228e-17,0.5260068643619353,0.4080824948171668,0.05497174029117996,1.4879898735095763e-15,1.2919489465638643e-15,0.4075090140534035,0.922395605560233,1.825389058859847e-15,1.0000000000000044,1.0426272337746394,1.3590981376649834e-15,False,True,False,True,True,False,False
v_proj,16,2025,adamw,1,1.2932496785986711,1.2932496785986711,1.2932496785986711,0.0,0.0,8.384243736788578e-16,0.029002320155278365,3.643914915307529e-15,2.2047542213744862e-15,3.643914915307529e-15,0.029467322186156338,0.9995675747437245,4.1541046153356455e-15,0.9999999999999952,0.7833175352356667,3.0735297565897406e-15,False,True,False,True,True,False,False
v_proj,16,2025,adamw,10,1.0058022574671448,1.0552676520871083,1.005802257467145,0.049465394619963465,2.220446049250313e-16,0.262924055613269,0.22021018295617376,0.0534054101113174,4.499426090477362e-15,3.2040010189879567e-15,0.21817341030451232,0.976400631054267,5.5139747567453254e-15,1.0000000000000058,0.7819949035206908,4.679226141000557e-15,False,True,False,True,True,False,False
v_proj,16,2025,adamw,50,0.0251892750648713,0.037654821680064655,0.025189275064871338,0.012465546615193356,3.8163916471489756e-17,1.0227749298885507,0.35488323746785694,0.15499794143713097,5.556105226967717e-15,4.188756189809712e-15,0.34408420226228154,0.9391381573773617,5.838025914363139e-15,1.0000000000000018,1.0806486786456897,5.151962953579808e-15,False,True,False,True,True,False,False
v_proj,17,2025,adamw,1,1.3706362753671417,1.3706362753671415,1.3706362753671415,2.220446049250313e-16,2.220446049250313e-16,8.801202331870303e-16,0.020865910229396815,9.516895002321804e-18,3.887259276655904e-17,9.516895002321804e-18,0.021991249669076524,0.9997582034161168,4.505377494700706e-17,0.9999999999999984,0.7062166011902512,3.94546649696111e-17,False,True,False,True,True,False,False
v_proj,17,2025,adamw,10,1.0952835380598718,1.1395004585518802,1.095283538059872,0.04421692049200843,2.220446049250313e-16,0.2419584475413946,0.15800128377862646,0.05407325515370315,4.6949151808289345e-16,6.376953310937966e-16,0.1604869896844774,0.9873985946221312,8.121659108516323e-16,0.9999999999999966,0.775063413216929,4.7795317189044405e-16,False,True,False,True,True,False,False
v_proj,17,2025,adamw,50,0.025766742331086296,0.03700462661093865,0.02576674233108629,0.011237884279852357,6.938893903907228e-18,0.8768882273958846,0.22594427731369374,0.12531252915125846,1.0700684793939333e-15,1.2246843284640839e-15,0.22154181775716567,0.9752536483100593,1.4321537873650118e-15,0.9999999999999989,1.0595690773846158,1.0876274886564787e-15,False,True,False,True,True,False,False
v_proj,18,2025,adamw,1,1.5737434451461276,1.5737434451461276,1.5737434451461276,0.0,0.0,9.7966268736709e-16,0.02121882068672507,1.321952767631962e-17,1.7827173423968954e-16,1.321952767631962e-17,0.0225058387822544,0.999746725347279,1.8120867386530936e-16,1.0000000000000027,0.9839259671156656,1.6407300639457232e-16,False,True,False,True,True,False,False
v_proj,18,2025,adamw,10,1.2762495197337387,1.3274228399262744,1.276249519733739,0.05117332019253573,2.220446049250313e-16,0.22235437937086172,0.16174091215883465,0.06594873605450444,6.187681105779886e-16,6.196911111759028e-16,0.16992027466061205,0.9858334824988771,8.952549477164514e-16,0.9999999999999938,0.94466170716916,6.182189402525586e-16,False,True,False,True,True,False,False
v_proj,18,2025,adamw,50,0.03846271741817055,0.05472397163029246,0.038462717418170526,0.016261254212121913,2.0816681711721685e-17,1.0734470805406253,0.2593239663760166,0.19025140549433694,1.1945885914054942e-15,1.5799484831428633e-15,0.2705678185359767,0.962701657747689,1.7248895075107188e-15,1.0,1.1630156292148903,1.1683551397843676e-15,False,True,False,True,True,False,False
v_proj,19,2025,adamw,1,1.4537890826928976,1.4537890826928976,1.4537890826928976,0.0,0.0,8.61327651077677e-16,0.023700439378133598,1.883253082722379e-17,1.8183337095649143e-16,1.883253082722379e-17,0.02591601889431521,0.9996641978978282,1.9005929302951724e-16,0.9999999999999968,0.8828613882676303,2.0357969074229055e-16,False,True,False,True,True,False,False
v_proj,19,2025,adamw,10,1.1747596523515043,1.188353635175295,1.1747596523515043,0.013593982823790762,0.0,0.11369957174949497,0.18116794346352144,0.04016285880576848,1.2699239734513497e-15,6.758803143675438e-16,0.18558716361596883,0.9828831501731405,1.4692344104777632e-15,1.0000000000000042,0.9814448818347854,1.3718785757731061e-15,False,True,False,True,True,False,False
v_proj,19,2025,adamw,50,0.028567457219622647,0.031104666637458214,0.028567457219622644,0.002537209417835567,3.469446951953614e-18,1.1110729131344041,0.323597870041398,0.08466501057267796,1.3179201362675404e-15,1.0382238327527229e-15,0.3177795156376917,0.9502868845257346,1.6146521337951918e-15,0.9999999999999998,1.080602830367782,1.3282325010338206e-15,False,True,False,True,True,False,False
v_proj,20,2025,adamw,1,1.5234586431781683,1.5234586431781683,1.5234586431781683,0.0,0.0,1.0795596781870164e-15,0.026455658525965656,4.2288639955680666e-16,1.190779353424627e-16,4.2288639955680666e-16,0.028463659669843402,0.9995948298374799,4.3656056855079974e-16,1.000000000000003,0.8110881426541925,1.7046324736879347e-16,False,True,False,True,True,False,False
v_proj,20,2025,adamw,10,1.2241097057819565,1.2728917152461579,1.2241097057819565,0.048782009464201304,0.0,0.26001912321245213,0.2041741646461964,0.05243060693353382,5.641735156215066e-16,6.986445237191518e-16,0.2126002701831903,0.9774976590819086,8.976799709184418e-16,1.0000000000000069,0.8237759715716335,5.94285071875105e-16,False,True,False,True,True,False,False
v_proj,20,2025,adamw,50,0.03919102084643144,0.05113201677508791,0.03919102084643144,0.011940995928656474,0.0,0.838407683547993,0.33079913564320035,0.14258201373801774,1.2758747752334219e-15,1.3578043416881557e-15,0.3248063675227191,0.9458704331635237,1.5837381008004504e-15,1.000000000000004,1.368209513192628,1.2799768647832115e-15,False,True,False,True,True,False,False
v_proj,21,2025,adamw,1,1.8705682379586088,1.870568237958609,1.870568237958609,2.220446049250313e-16,2.220446049250313e-16,9.83700940467961e-16,0.03742684265616651,1.434184790120694e-17,6.534697952154063e-17,1.434184790120694e-17,0.043285113087118986,0.9990650336325793,7.224979450053842e-17,1.0000000000000016,0.9324051285633073,3.27433104230404e-17,False,True,False,True,True,False,False
v_proj,21,2025,adamw,10,1.5298242347211726,1.5410908479507288,1.5298242347211728,0.011266613229556244,2.220446049250313e-16,0.08702567872181878,0.2842939550223648,0.043839834592665654,1.003034490792753e-15,6.915756998466121e-16,0.3088560922902958,0.9512351367461649,1.247738652441986e-15,1.0000000000000044,0.9475248501720904,7.18087928398762e-16,False,True,False,True,True,False,False
v_proj,21,2025,adamw,50,0.08159010347366952,0.08588633816179947,0.08159010347366946,0.004296234688129952,5.551115123125783e-17,0.38101469236289387,0.5426979311677566,0.08696853624730291,1.3528842684773685e-15,1.3165200145366587e-15,0.5429569264084948,0.8448165118435025,1.7571034527474103e-15,1.0000000000000004,0.9608709416054637,1.1866377125410436e-15,False,True,False,True,True,False,False
v_proj,22,2025,adamw,1,1.6865535893633377,1.6865535893633379,1.6865535893633379,2.220446049250313e-16,2.220446049250313e-16,7.892957239458981e-16,0.038479310819226446,1.3768326431283104e-17,2.5900136943125763e-16,1.3768326431283104e-17,0.044000876635212856,0.9990317955717576,2.566935707758559e-16,0.9999999999999902,0.8991031123064883,9.770366410179591e-17,False,True,False,True,True,False,False
v_proj,22,2025,adamw,10,1.3306061801194022,1.3455585825945935,1.3306061801194022,0.014952402475191251,0.0,0.07972422682991614,0.2955657783139232,0.0313603188610549,5.425402505769762e-16,5.5471568404227815e-16,0.31034271674545477,0.9510676649337334,8.009654948312559e-16,0.999999999999999,0.9291447720070093,5.136807263875853e-16,False,True,False,True,True,False,False
v_proj,22,2025,adamw,50,0.03456203835077418,0.037114715947875604,0.034562038350774205,0.002552677597101427,2.7755575615628914e-17,0.5610537792351665,0.5414027889788656,0.06122909666120859,9.31938389074389e-16,1.169416769134911e-15,0.5373489412357765,0.8475589403303568,1.3646895727192432e-15,0.9999999999999907,0.9531867468984518,9.508125371365429e-16,False,True,False,True,True,False,False
v_proj,23,2025,adamw,1,1.6726011657984765,1.6726011657984767,1.6726011657984767,2.220446049250313e-16,2.220446049250313e-16,9.182503263546846e-16,0.04141894680473166,1.5740826204954274e-17,2.300025182889353e-17,1.5740826204954274e-17,0.047304963480139656,0.9988806940313382,4.207871678493374e-17,0.9999999999999978,0.9099101776808239,3.7670603802837e-17,False,True,False,True,True,False,False
v_proj,23,2025,adamw,10,1.325068228329536,1.3496926287302522,1.3250682283295363,0.024624400400716118,2.220446049250313e-16,0.09842029325312023,0.3170003820233189,0.018695666800005274,5.865660288992332e-16,5.83130119707417e-16,0.3206109618394609,0.947665186221258,8.375283060823902e-16,1.0000000000000022,0.9050277343980115,6.509693980038171e-16,False,True,False,True,True,False,False
v_proj,23,2025,adamw,50,0.05688253517515494,0.0634058317445138,0.056882535175154986,0.0065232965693588565,4.85722573273506e-17,0.361659939890425,0.5849398505375746,0.053674491747925206,1.0696574621521299e-15,1.0398647375068613e-15,0.577013536232871,0.8201677934050058,1.4362605492998148e-15,0.9999999999999956,0.9194909258948254,1.0553616431248228e-15,False,True,False,True,True,False,False
o_proj,0,2025,adamw,1,1.2010532829845202,1.20105328298452,1.20105328298452,2.220446049250313e-16,2.220446049250313e-16,1.473320515412719e-15,1.0581248011254237e-15,1.4398198593864088e-14,1.0581248011254237e-15,1.4398198593864088e-14,1.4137755181204552e-14,1.0000000000000056,1.4137755181204552e-14,1.0000000000000056,1.4751505804060938e-15,1.4751505804060938e-15,True,True,True,True,False,False,False
o_proj,0,2025,adamw,10,1.0508054134398006,1.0508054134398004,1.0508054134398004,2.220446049250313e-16,2.220446049250313e-16,6.802441041457596e-15,4.2653830468597744e-15,1.4189314878184056e-14,4.2653830468597744e-15,1.4189314878184056e-14,1.4514614692898357e-14,1.000000000000004,1.4514614692898357e-14,1.000000000000004,6.9885954658597795e-15,6.9885954658597795e-15,True,True,True,True,False,False,False
o_proj,0,2025,adamw,50,0.042267056158951925,0.04226705615895181,0.04226705615895181,1.1796119636642288e-16,1.1796119636642288e-16,1.407825237515804e-13,7.355849113668158e-15,1.0780069929081005e-14,7.355849113668158e-15,1.0780069929081005e-14,1.0474485731842265e-14,0.9999999999999922,1.0474485731842265e-14,0.9999999999999922,5.5858962044234326e-14,5.5858962044234326e-14,True,True,True,True,False,False,False
o_proj,1,2025,adamw,1,1.2232419238854715,1.2232419238854715,1.2232419238854715,0.0,0.0,1.5742088993924233e-15,1.1033229489636772e-15,3.757649385261833e-16,1.1033229489636772e-15,3.757649385261833e-16,1.1396237433044479e-15,1.0000000000000002,1.1396237433044479e-15,1.0000000000000002,1.5751618642230452e-15,1.5751618642230452e-15,True,True,True,True,False,False,False
o_proj,1,2025,adamw,10,1.059580640152431,1.0595806401524313,1.0595806401524313,2.220446049250313e-16,2.220446049250313e-16,1.6511612532556962e-15,1.1383158895439614e-15,5.683262986714745e-16,1.1383158895439614e-15,5.683262986714745e-16,1.2540949466421845e-15,0.9999999999999871,1.2540949466421845e-15,0.9999999999999871,9.503919331418942e-16,9.503919331418942e-16,True,True,True,True,False,False,False
o_proj,1,2025,adamw,50,0.0373479597820424,0.03734795978204239,0.03734795978204239,1.3877787807814457e-17,1.3877787807814457e-17,1.2016488398132623e-13,1.2498778160767785e-15,1.1795414309838624e-15,1.2498778160767785e-15,1.1795414309838624e-15,1.4999445065801445e-15,0.9999999999999993,1.4999445065801445e-15,0.9999999999999993,5.827073072680443e-14,5.827073072680443e-14,True,True,True,True,False,False,False
o_proj,2,2025,adamw,1,1.2054145409823338,1.2054145409823338,1.2054145409823338,0.0,0.0,1.5535432112923764e-15,2.367798452090772e-15,5.343097944888466e-17,2.367798452090772e-15,5.343097944888466e-17,2.4181601067392054e-15,0.9999999999999887,2.4181601067392054e-15,0.9999999999999887,1.5551111602720747e-15,1.5551111602720747e-15,True,True,True,True,False,False,False
o_proj,2,2025,adamw,10,1.043532156657381,1.0435321566573812,1.0435321566573812,2.220446049250313e-16,2.220446049250313e-16,2.502228168467666e-15,2.256552756007032e-15,5.200209283678881e-16,2.256552756007032e-15,5.200209283678881e-16,2.3639212685926955e-15,0.9999999999999873,2.3639212685926955e-15,0.9999999999999873,9.918530906500817e-16,9.918530906500817e-16,True,True,True,True,False,False,False
o_proj,2,2025,adamw,50,0.04429430053724219,0.04429430053724218,0.04429430053724218,6.938893903907228e-18,6.938893903907228e-18,9.798408608254527e-14,1.9387139348193343e-15,1.0232511459590342e-15,1.9387139348193343e-15,1.0232511459590342e-15,2.086544797724411e-15,0.9999999999999863,2.086544797724411e-15,0.9999999999999863,4.295735927790731e-14,4.295735927790731e-14,True,True,True,True,False,False,False
o_proj,3,2025,adamw,1,1.2676036038021348,1.2676036038021348,1.2676036038021348,0.0,0.0,1.5043401837840485e-15,3.9382976448328575e-15,2.3408147299594914e-16,3.9382976448328575e-15,2.3408147299594914e-16,4.019160890046164e-15,0.9999999999999922,4.019160890046164e-15,0.9999999999999922,1.5073282338050821e-15,1.5073282338050821e-15,True,True,True,True,False,False,False
o_proj,3,2025,adamw,10,1.094726036033551,1.094726036033551,1.094726036033551,0.0,0.0,3.705830616932251e-15,3.7509908441396514e-15,1.2979839262424773e-15,3.7509908441396514e-15,1.2979839262424773e-15,3.997807021455058e-15,0.9999999999999994,3.997807021455058e-15,0.9999999999999994,2.994258380680856e-15,2.994258380680856e-15,True,True,True,True,False,False,False
o_proj,3,2025,adamw,50,0.04842377769440686,0.04842377769440687,0.04842377769440687,1.3877787807814457e-17,1.3877787807814457e-17,1.0095633184495945e-13,3.817750237561069e-15,2.731778044375921e-15,3.817750237561069e-15,2.731778044375921e-15,4.084588638139048e-15,1.0000000000000167,4.084588638139048e-15,1.0000000000000167,5.573594214159242e-14,5.573594214159242e-14,True,True,True,True,False,False,False
o_proj,4,2025,adamw,1,1.3182090271946225,1.3182090271946225,1.3182090271946225,0.0,0.0,1.308952116369724e-15,2.399965542761263e-16,1.5080337011745425e-16,2.399965542761263e-16,1.5080337011745425e-16,2.886597313162911e-16,1.0000000000000155,2.886597313162911e-16,1.0000000000000155,1.3133611178059557e-15,1.3133611178059557e-15,True,True,True,True,False,False,False
o_proj,4,2025,adamw,10,1.1489879278102444,1.1489879278102444,1.1489879278102444,0.0,0.0,1.826115362407765e-15,4.576368117102845e-16,4.1297134513072213e-16,4.576368117102845e-16,4.1297134513072213e-16,6.346498617380641e-16,1.0000000000000089,6.346498617380641e-16,1.0000000000000089,7.944112907821474e-16,7.944112907821474e-16,True,True,True,True,False,False,False
o_proj,4,2025,adamw,50,0.05478223444344444,0.05478223444344442,0.05478223444344442,2.0816681711721685e-17,2.0816681711721685e-17,7.262575138267186e-14,7.218634300143638e-16,7.509164823502421e-16,7.218634300143638e-16,7.509164823502421e-16,9.528433620778272e-16,0.9999999999999896,9.528433620778272e-16,0.9999999999999896,4.6206288368424926e-14,4.6206288368424926e-14,True,True,True,True,False,False,False
o_proj,5,2025,adamw,1,1.3121078910742838,1.3121078910742838,1.3121078910742838,0.0,0.0,1.441339390817697e-15,3.4195539330461286e-16,3.0822088463564215e-16,3.4195539330461286e-16,3.0822088463564215e-16,4.661404920115657e-16,1.000000000000016,4.661404920115657e-16,1.000000000000016,1.4409644485948447e-15,1.4409644485948447e-15,True,True,True,True,False,False,False
o_proj,5,2025,adamw,10,1.143584797583188,1.143584797583188,1.143584797583188,0.0,0.0,2.2813395009386642e-15,5.882146636783692e-16,5.785155188985514e-16,5.882146636783692e-16,5.785155188985514e-16,8.342987232694142e-16,1.0000000000000107,8.342987232694142e-16,1.0000000000000107,1.0020530085187869e-15,1.0020530085187869e-15,True,True,True,True,False,False,False
o_proj,5,2025,adamw,50,0.04003614569044968,0.0400361456904497,0.0400361456904497,2.0816681711721685e-17,2.0816681711721685e-17,8.917412197997188e-14,1.0923592408949789e-15,1.318625021904776e-15,1.0923592408949789e-15,1.318625021904776e-15,1.4307364136676452e-15,0.9999999999999811,1.4307364136676452e-15,0.9999999999999811,2.844566897552104e-14,2.844566897552104e-14,True,True,True,True,False,False,False
o_proj,6,2025,adamw,1,1.266670215128848,1.2666702151288476,1.2666702151288476,4.440892098500626e-16,4.440892098500626e-16,1.301094406959488e-15,3.705478317234702e-16,4.0987444131279144e-16,3.705478317234702e-16,4.0987444131279144e-16,5.418192058720641e-16,0.9999999999999942,5.418192058720641e-16,0.9999999999999942,1.303630302024462e-15,1.303630302024462e-15,True,True,True,True,False,False,False
o_proj,6,2025,adamw,10,1.1122674824494188,1.1122674824494188,1.1122674824494188,0.0,0.0,1.825608072908932e-15,6.167493766892e-16,6.402861853320763e-16,6.167493766892e-16,6.402861853320763e-16,8.934336222686044e-16,0.9999999999999827,8.934336222686044e-16,0.9999999999999827,8.922127110470745e-16,8.922127110470745e-16,True,True,True,True,False,False,False
o_proj,6,2025,adamw,50,0.04696587189385209,0.04696587189385214,0.04696587189385214,4.85722573273506e-17,4.85722573273506e-17,5.888135328843535e-14,1.2037481337084555e-15,1.7099784390649761e-15,1.2037481337084555e-15,1.7099784390649761e-15,1.6462506488066228e-15,0.9999999999999838,1.6462506488066228e-15,0.9999999999999838,1.8971344573812104e-14,1.8971344573812104e-14,True,True,True,True,False,False,False
o_proj,7,2025,adamw,1,1.3116665780635965,1.3116665780635965,1.3116665780635965,0.0,0.0,1.4002937752826166e-15,2.745904881707067e-16,2.7607679699275917e-17,2.745904881707067e-16,2.7607679699275917e-17,2.8348065812493364e-16,1.0000000000000022,2.8348065812493364e-16,1.0000000000000022,1.4026769718893671e-15,1.4026769718893671e-15,True,True,True,True,False,False,False
o_proj,7,2025,adamw,10,1.1408922157732548,1.1408922157732548,1.1408922157732548,0.0,0.0,1.7416924539446755e-15,5.051851601875686e-16,4.932699342259867e-16,5.051851601875686e-16,4.932699342259867e-16,7.165858772187616e-16,0.999999999999995,7.165858772187616e-16,0.999999999999995,7.48640724566478e-16,7.48640724566478e-16,True,True,True,True,False,False,False
o_proj,7,2025,adamw,50,0.0414117565172,0.041411756517200006,0.041411756517200006,6.938893903907228e-18,6.938893903907228e-18,9.593923340859931e-14,8.750506806599177e-16,9.42192462871438e-16,8.750506806599177e-16,9.42192462871438e-16,1.1324330308966079e-15,0.9999999999999936,1.1324330308966079e-15,0.9999999999999936,2.8235054589497578e-14,2.8235054589497578e-14,True,True,True,True,False,False,False
o_proj,8,2025,adamw,1,1.3022360207578896,1.3022360207578894,1.3022360207578894,2.220446049250313e-16,2.220446049250313e-16,1.3081151983158817e-15,2.1068641193030317e-15,3.003315220548867e-16,2.1068641193030317e-15,3.003315220548867e-16,2.081966057600918e-15,0.9999999999999943,2.081966057600918e-15,0.9999999999999943,1.311210687520555e-15,1.311210687520555e-15,True,True,True,True,False,False,False
o_proj,8,2025,adamw,10,1.1324605110658676,1.1324605110658676,1.1324605110658676,0.0,0.0,1.999499933483156e-15,2.0178878371877106e-15,4.993061856308368e-16,2.0178878371877106e-15,4.993061856308368e-16,2.0442603683516725e-15,0.9999999999999749,2.0442603683516725e-15,0.9999999999999749,8.521014464120958e-16,8.521014464120958e-16,True,True,True,True,False,False,False
o_proj,8,2025,adamw,50,0.04260839881378921,0.0426083988137892,0.0426083988137892,6.938893903907228e-18,6.938893903907228e-18,9.413328017785916e-14,1.6713630826359801e-15,7.334712740001061e-16,1.6713630826359801e-15,7.334712740001061e-16,1.7280854630518676e-15,1.0000000000000162,1.7280854630518676e-15,1.0000000000000162,2.1683089384388785e-14,2.1683089384388785e-14,True,True,True,True,False,False,False
o_proj,9,2025,adamw,1,1.2714889794880588,1.2714889794880588,1.2714889794880588,0.0,0.0,1.5607722895678088e-15,1.793251558403511e-17,2.5838776152993045e-16,1.793251558403511e-17,2.5838776152993045e-16,2.553222749690254e-16,0.9999999999999961,2.553222749690254e-16,0.9999999999999961,1.5622239791436408e-15,1.5622239791436408e-15,True,True,True,True,False,False,False
o_proj,9,2025,adamw,10,1.1117153911550128,1.1117153911550128,1.1117153911550128,0.0,0.0,2.2582929812142487e-15,4.772389948048831e-16,4.884308667457623e-16,4.772389948048831e-16,4.884308667457623e-16,6.93305794098536e-16,1.0000000000000024,6.93305794098536e-16,1.0000000000000024,9.030957688857582e-16,9.030957688857582e-16,True,True,True,True,False,False,False
o_proj,9,2025,adamw,50,0.04035677892308762,0.04035677892308761,0.04035677892308761,1.3877787807814457e-17,1.3877787807814457e-17,9.445966566447587e-14,8.467001930256111e-16,9.568468136752844e-16,8.467001930256111e-16,9.568468136752844e-16,1.0853634064740632e-15,1.0000000000000013,1.0853634064740632e-15,1.0000000000000013,3.048746890051897e-14,3.048746890051897e-14,True,True,True,True,False,False,False
o_proj,10,2025,adamw,1,1.3257879582133962,1.3257879582133962,1.3257879582133962,0.0,0.0,1.5573795882570193e-15,1.026162395554908e-15,4.486391348574443e-16,1.026162395554908e-15,4.486391348574443e-16,1.1232709761575057e-15,0.9999999999999725,1.1232709761575057e-15,0.9999999999999725,1.5579327348684093e-15,1.5579327348684093e-15,True,True,True,True,False,False,False
o_proj,10,2025,adamw,10,1.1508035839516548,1.150803583951655,1.150803583951655,2.220446049250313e-16,2.220446049250313e-16,1.5530092372758423e-15,1.1083033348830353e-15,7.026638668754947e-16,1.1083033348830353e-15,7.026638668754947e-16,1.3303112310658815e-15,1.000000000000017,1.3303112310658815e-15,1.000000000000017,8.768131504077995e-16,8.768131504077995e-16,True,True,True,True,False,False,False
o_proj,10,2025,adamw,50,0.0482120680911012,0.04821206809110118,0.04821206809110118,2.0816681711721685e-17,2.0816681711721685e-17,6.86285053829529e-14,1.165957199641128e-15,8.938569372872066e-16,1.165957199641128e-15,8.938569372872066e-16,1.362815612867591e-15,1.000000000000013,1.362815612867591e-15,1.000000000000013,4.3474063642869337e-14,4.3474063642869337e-14,True,True,True,True,False,False,False
o_proj,11,2025,adamw,1,1.2904365050932063,1.2904365050932063,1.2904365050932063,0.0,0.0,1.3956037275211793e-15,1.9416153749802787e-17,5.401738556926127e-17,1.9416153749802787e-17,5.401738556926127e-17,6.387827498296183e-17,1.0000000000000102,6.387827498296183e-17,1.0000000000000102,1.3971191081195239e-15,1.3971191081195239e-15,True,True,True,True,False,False,False
o_proj,11,2025,adamw,10,1.1216618087173889,1.121661808717389,1.121661808717389,2.220446049250313e-16,2.220446049250313e-16,1.6806133312198536e-15,4.806133385117261e-16,4.194947583932969e-16,4.806133385117261e-16,4.194947583932969e-16,6.508436527999324e-16,0.9999999999999944,6.508436527999324e-16,0.9999999999999944,7.504877333033356e-16,7.504877333033356e-16,True,True,True,True,False,False,False
o_proj,11,2025,adamw,50,0.0576087873628892,0.05760878736288921,0.05760878736288921,1.3877787807814457e-17,1.3877787807814457e-17,7.38380154153831e-14,7.173656475099589e-16,6.71100254384274e-16,7.173656475099589e-16,6.71100254384274e-16,9.202480795999324e-16,1.0000000000000013,9.202480795999324e-16,1.0000000000000013,3.906872736879443e-14,3.906872736879443e-14,True,True,True,True,False,False,False
o_proj,12,2025,adamw,1,1.3129590396980064,1.3129590396980064,1.3129590396980064,0.0,0.0,1.357000443169187e-15,6.099071904978041e-17,1.605504656317544e-15,6.099071904978041e-17,1.605504656317544e-15,1.6184674746327895e-15,1.0000000000000002,1.6184674746327895e-15,1.0000000000000002,1.358891038182137e-15,1.358891038182137e-15,True,True,True,True,False,False,False
o_proj,12,2025,adamw,10,1.1391135635509952,1.1391135635509952,1.1391135635509952,0.0,0.0,1.85696648641201e-15,4.892592141448702e-16,1.6436214968256973e-15,4.892592141448702e-16,1.6436214968256973e-15,1.7371837387921134e-15,1.000000000000002,1.7371837387921134e-15,1.000000000000002,8.168583556734295e-16,8.168583556734295e-16,True,True,True,True,False,False,False
o_proj,12,2025,adamw,50,0.08342110851889413,0.08342110851889406,0.08342110851889406,6.938893903907228e-17,6.938893903907228e-17,6.145170577742927e-14,1.3567134946264596e-15,2.061652671088208e-15,1.3567134946264596e-15,2.061652671088208e-15,1.9702999927064923e-15,0.9999999999999978,1.9702999927064923e-15,0.9999999999999978,2.7045044712118448e-14,2.7045044712118448e-14,True,True,True,True,False,False,False
o_proj,13,2025,adamw,1,1.327896454344722,1.327896454344722,1.327896454344722,0.0,0.0,1.6359062275413054e-15,7.813554067443677e-17,1.613555377223434e-17,7.813554067443677e-17,1.613555377223434e-17,8.411019730778649e-17,0.9999999999999962,8.411019730778649e-17,0.9999999999999962,1.6361359879861266e-15,1.6361359879861266e-15,True,True,True,True,False,False,False
o_proj,13,2025,adamw,10,1.159097554240456,1.159097554240456,1.159097554240456,0.0,0.0,1.9380016171396125e-15,4.631497201993222e-16,4.2811610649672937e-16,4.631497201993222e-16,4.2811610649672937e-16,6.381892397844363e-16,1.0000000000000129,6.381892397844363e-16,1.0000000000000129,7.246384842892186e-16,7.246384842892186e-16,True,True,True,True,False,False,False
o_proj,13,2025,adamw,50,0.07689559769210536,0.0768955976921056,0.0768955976921056,2.498001805406602e-16,2.498001805406602e-16,6.722146619878415e-14,1.3565529112788845e-15,1.838711874550496e-15,1.3565529112788845e-15,1.838711874550496e-15,1.9049855721203187e-15,1.0000000000000036,1.9049855721203187e-15,1.0000000000000036,2.2158464183121998e-14,2.2158464183121998e-14,True,True,True,True,False,False,False
o_proj,14,2025,adamw,1,1.324246244535858,1.324246244535858,1.324246244535858,0.0,0.0,1.4850424953958024e-15,2.03617684340676e-16,3.6109439492787656e-17,2.03617684340676e-16,3.6109439492787656e-17,2.1430096761856624e-16,0.9999999999999895,2.1430096761856624e-16,0.9999999999999895,1.4851030008775936e-15,1.4851030008775936e-15,True,True,True,True,False,False,False
o_proj,14,2025,adamw,10,1.1573693208655367,1.1573693208655367,1.1573693208655367,0.0,0.0,1.646412176619389e-15,4.751999615389476e-16,4.3789701239060035e-16,4.751999615389476e-16,4.3789701239060035e-16,6.598290556824916e-16,1.0000000000000164,6.598290556824916e-16,1.0000000000000164,7.457725833511792e-16,7.457725833511792e-16,True,True,True,True,False,False,False
o_proj,14,2025,adamw,50,0.05193262233632342,0.05193262233632339,0.05193262233632339,2.7755575615628914e-17,2.7755575615628914e-17,5.563143342967892e-14,9.941958855478097e-16,1.0066766547860708e-15,9.941958855478097e-16,1.0066766547860708e-15,1.1881197887707566e-15,0.9999999999999976,1.1881197887707566e-15,0.9999999999999976,3.837400154187853e-14,3.837400154187853e-14,True,True,True,True,False,False,False
o_proj,15,2025,adamw,1,1.3195554780921508,1.3195554780921508,1.3195554780921508,0.0,0.0,1.4058603709375248e-15,4.7153999760341235e-17,7.180034711654368e-17,4.7153999760341235e-17,7.180034711654368e-17,8.984211557940604e-17,1.0000000000000109,8.984211557940604e-17,1.0000000000000109,1.406765115858026e-15,1.406765115858026e-15,True,True,True,True,False,False,False
o_proj,15,2025,adamw,10,1.1491459282556327,1.1491459282556327,1.1491459282556327,0.0,0.0,1.1858892939483255e-15,4.2246980255937113e-16,4.7566134692014e-16,4.2246980255937113e-16,4.7566134692014e-16,6.440849115112167e-16,1.000000000000029,6.440849115112167e-16,1.000000000000029,5.825337259342839e-16,5.825337259342839e-16,True,True,True,True,False,False,False
o_proj,15,2025,adamw,50,0.04576597216426663,0.04576597216426663,0.04576597216426663,0.0,0.0,1.0181050006112592e-13,8.062966274969064e-16,8.991556804430548e-16,8.062966274969064e-16,8.991556804430548e-16,1.043195136736636e-15,0.9999999999999968,1.043195136736636e-15,0.9999999999999968,2.2929729696875042e-14,2.2929729696875042e-14,True,True,True,True,False,False,False
o_proj,16,2025,adamw,1,1.3936946202447915,1.3936946202447915,1.3936946202447915,0.0,0.0,1.3170700697471043e-15,2.6022134711486505e-17,3.874682769452763e-14,2.6022134711486505e-17,3.874682769452763e-14,3.8921471223886014e-14,1.0000000000000089,3.8921471223886014e-14,1.0000000000000089,1.3186560673587242e-15,1.3186560673587242e-15,True,True,True,True,False,False,False
o_proj,16,2025,adamw,10,1.221949207727467,1.2219492077274667,1.2219492077274667,2.220446049250313e-16,2.220446049250313e-16,1.8194094030819102e-14,1.2073813383545201e-14,3.8112437161059167e-14,1.2073813383545201e-14,3.8112437161059167e-14,4.0667120973985626e-14,0.9999999999999998,4.0667120973985626e-14,0.9999999999999998,2.168579788457836e-14,2.168579788457836e-14,True,True,True,True,False,False,False
o_proj,16,2025,adamw,50,0.06252110719025486,0.06252110719025847,0.06252110719025847,3.608224830031759e-15,3.608224830031759e-15,3.0072079402897783e-13,2.2630356402410295e-14,4.1174878133677146e-14,2.2630356402410295e-14,4.1174878133677146e-14,3.831664964266627e-14,1.0000000000000386,3.831664964266627e-14,1.0000000000000386,1.755833914573272e-13,1.755833914573272e-13,True,True,True,True,False,False,False
o_proj,17,2025,adamw,1,1.34988356913958,1.34988356913958,1.34988356913958,0.0,0.0,1.5686921368526995e-15,2.0118647999713026e-16,3.194045699974888e-17,2.0118647999713026e-16,3.194045699974888e-17,2.0231007195304318e-16,1.0000000000000027,2.0231007195304318e-16,1.0000000000000027,1.5692153014313092e-15,1.5692153014313092e-15,True,True,True,True,False,False,False
o_proj,17,2025,adamw,10,1.1647986822437353,1.1647986822437353,1.1647986822437353,0.0,0.0,1.7436311429170137e-15,5.584017063288897e-16,5.234818423144683e-16,5.584017063288897e-16,5.234818423144683e-16,7.706094343968695e-16,0.9999999999999967,7.706094343968695e-16,0.9999999999999967,8.321451125654739e-16,8.321451125654739e-16,True,True,True,True,False,False,False
o_proj,17,2025,adamw,50,0.050965533921822334,0.05096553392182231,0.05096553392182231,2.0816681711721685e-17,2.0816681711721685e-17,9.644174551045604e-14,8.378882531676655e-16,8.381660673113997e-16,8.378882531676655e-16,8.381660673113997e-16,1.0681143092474024e-15,1.0000000000000089,1.0681143092474024e-15,1.0000000000000089,3.8765994646998866e-14,3.8765994646998866e-14,True,True,True,True,False,False,False
o_proj,18,2025,adamw,1,1.3510321787735056,1.3510321787735053,1.3510321787735053,2.220446049250313e-16,2.220446049250313e-16,1.375467928100601e-15,6.773411903530066e-17,8.190384264004541e-17,6.773411903530066e-17,8.190384264004541e-17,1.1134419640720197e-16,0.9999999999999906,1.1134419640720197e-16,0.9999999999999906,1.3774354415228516e-15,1.3774354415228516e-15,True,True,True,True,False,False,False
o_proj,18,2025,adamw,10,1.1725426065086928,1.1725426065086928,1.1725426065086928,0.0,0.0,1.4665958545848745e-15,4.3990289910242216e-16,4.150471445318368e-16,4.3990289910242216e-16,4.150471445318368e-16,6.152634283455898e-16,0.9999999999999942,6.152634283455898e-16,0.9999999999999942,7.552236264923968e-16,7.552236264923968e-16,True,True,True,True,False,False,False
o_proj,18,2025,adamw,50,0.04414078277124457,0.04414078277124457,0.04414078277124457,0.0,0.0,8.268890167294744e-14,7.270534590677981e-16,8.34448366318238e-16,7.270534590677981e-16,8.34448366318238e-16,9.925804566339394e-16,0.9999999999999805,9.925804566339394e-16,0.9999999999999805,3.7327643149160974e-14,3.7327643149160974e-14,True,True,True,True,False,False,False
o_proj,19,2025,adamw,1,1.310478276059005,1.3104782760590052,1.3104782760590052,2.220446049250313e-16,2.220446049250313e-16,1.3453002474848773e-15,2.4796557716409886e-15,2.2763057868724287e-16,2.4796557716409886e-15,2.2763057868724287e-16,2.5638295237759283e-15,0.9999999999999951,2.5638295237759283e-15,0.9999999999999951,1.3446789561290714e-15,1.3446789561290714e-15,True,True,True,True,False,False,False
o_proj,19,2025,adamw,10,1.1278519337932598,1.1278519337932598,1.1278519337932598,0.0,0.0,2.645729869666164e-15,2.3707113402430528e-15,9.209560202126649e-16,2.3707113402430528e-15,9.209560202126649e-16,2.6484971214439003e-15,0.9999999999999856,2.6484971214439003e-15,0.9999999999999856,1.3439620215286526e-15,1.3439620215286526e-15,True,True,True,True,False,False,False
o_proj,19,2025,adamw,50,0.03538777583060913,0.03538777583060911,0.03538777583060911,2.0816681711721685e-17,2.0816681711721685e-17,8.788116067811965e-14,2.002261814497633e-15,1.078243242210399e-15,2.002261814497633e-15,1.078243242210399e-15,2.1829758750330014e-15,0.9999999999999946,2.1829758750330014e-15,0.9999999999999946,4.193782360983363e-14,4.193782360983363e-14,True,True,True,True,False,False,False
o_proj,20,2025,adamw,1,1.3929625280152418,1.3929625280152418,1.3929625280152418,0.0,0.0,1.1944000280770108e-15,1.7029348678327685e-15,2.8096507814298842e-15,1.7029348678327685e-15,2.8096507814298842e-15,3.250496285610911e-15,1.0000000000000036,3.250496285610911e-15,1.0000000000000036,1.1947079263435706e-15,1.1947079263435706e-15,True,True,True,True,False,False,False
o_proj,20,2025,adamw,10,1.2183862079114136,1.2183862079114136,1.2183862079114136,0.0,0.0,2.4963519743156936e-15,1.8566762088027875e-15,2.8362042186263662e-15,1.8566762088027875e-15,2.8362042186263662e-15,3.3121640787323067e-15,1.000000000000006,3.3121640787323067e-15,1.000000000000006,1.980678292541733e-15,1.980678292541733e-15,True,True,True,True,False,False,False
o_proj,20,2025,adamw,50,0.041503661529422656,0.04150366152942268,0.04150366152942268,2.0816681711721685e-17,2.0816681711721685e-17,1.1843149330955867e-13,2.1627027089475804e-15,2.7976148795161924e-15,2.1627027089475804e-15,2.7976148795161924e-15,2.8384415405434184e-15,0.9999999999999903,2.8384415405434184e-15,0.9999999999999903,1.6138257811555868e-14,1.6138257811555868e-14,True,True,True,True,False,False,False
o_proj,21,2025,adamw,1,1.4899360793278051,1.4899360793278051,1.4899360793278051,0.0,0.0,1.9206737979560297e-15,3.1987962140070567e-16,5.574095288905543e-17,3.1987962140070567e-16,5.574095288905543e-17,3.239761344087542e-16,0.9999999999999869,3.239761344087542e-16,0.9999999999999869,1.923567705798651e-15,1.923567705798651e-15,True,True,True,True,False,False,False
o_proj,21,2025,adamw,10,1.3069737498621707,1.3069737498621707,1.3069737498621707,0.0,0.0,1.5896655752134638e-15,5.653706194780674e-16,4.950871513246282e-16,5.653706194780674e-16,4.950871513246282e-16,7.622312301462061e-16,1.0000000000000024,7.622312301462061e-16,1.0000000000000024,8.313559185267422e-16,8.313559185267422e-16,True,True,True,True,False,False,False
o_proj,21,2025,adamw,50,0.06846080807709923,0.06846080807709923,0.06846080807709923,0.0,0.0,5.1611030189622766e-14,9.687321759135152e-16,1.1415504467549689e-15,9.687321759135152e-16,1.1415504467549689e-15,1.263830171332058e-15,0.9999999999999838,1.263830171332058e-15,0.9999999999999838,2.0709514712145208e-14,2.0709514712145208e-14,True,True,True,True,False,False,False
o_proj,22,2025,adamw,1,1.4504625955264576,1.4504625955264576,1.4504625955264576,0.0,0.0,1.5772386123529347e-15,4.401053025060926e-16,1.840702997090573e-17,4.401053025060926e-16,1.840702997090573e-17,4.483322338368272e-16,0.9999999999999895,4.483322338368272e-16,0.9999999999999895,1.578434581350719e-15,1.578434581350719e-15,True,True,True,True,False,False,False
o_proj,22,2025,adamw,10,1.2626848242667332,1.2626848242667332,1.2626848242667332,0.0,0.0,2.1134590187089483e-15,6.730495137466795e-16,4.467809481421444e-16,6.730495137466795e-16,4.467809481421444e-16,8.206850078100602e-16,0.9999999999999869,8.206850078100602e-16,0.9999999999999869,7.085353364624403e-16,7.085353364624403e-16,True,True,True,True,False,False,False
o_proj,22,2025,adamw,50,0.046623047669495446,0.04662304766949546,0.04662304766949546,1.3877787807814457e-17,1.3877787807814457e-17,6.608976267863314e-14,8.51591311881725e-16,7.895305791466036e-16,8.51591311881725e-16,7.895305791466036e-16,1.0680785302030777e-15,0.9999999999999885,1.0680785302030777e-15,0.9999999999999885,2.3512841898150672e-14,2.3512841898150672e-14,True,True,True,True,False,False,False
o_proj,23,2025,adamw,1,1.4462717851380988,1.4462717851380988,1.4462717851380988,0.0,0.0,1.3744465129414313e-15,7.264824860246773e-16,2.9873979712376737e-16,7.264824860246773e-16,2.9873979712376737e-16,7.998084293135774e-16,1.000000000000015,7.998084293135774e-16,1.000000000000015,1.3771874136524894e-15,1.3771874136524894e-15,True,True,True,True,False,False,False
o_proj,23,2025,adamw,10,1.2601096758335888,1.2601096758335888,1.2601096758335888,0.0,0.0,1.5540881129441024e-15,8.224321471720151e-16,5.286276927878563e-16,8.224321471720151e-16,5.286276927878563e-16,1.0065627377166295e-15,0.9999999999999793,1.0065627377166295e-15,0.9999999999999793,7.297269056829969e-16,7.297269056829969e-16,True,True,True,True,False,False,False
o_proj,23,2025,adamw,50,0.07808334703194143,0.07808334703194138,0.07808334703194138,5.551115123125783e-17,5.551115123125783e-17,8.906520384968446e-14,9.203852174972694e-16,8.822698549367082e-16,9.203852174972694e-16,8.822698549367082e-16,1.1785066931901422e-15,1.0000000000000147,1.1785066931901422e-15,1.0000000000000147,2.3712524384556543e-14,2.3712524384556543e-14,True,True,True,True,False,False,False
gate_proj,0,2025,adamw,1,1.492261508413037,1.492261508413037,1.492261508413037,0.0,0.0,2.340944090598803e-15,0.026233855892921723,8.740799399906942e-15,6.625863347242104e-16,8.740799399906942e-15,0.03597609115809965,0.9993556332282967,9.10388112738538e-15,1.000000000000037,1.3040934042803956,7.163880996529893e-16,False,True,False,True,True,False,False
gate_proj,0,2025,adamw,10,1.3255863890769408,1.309925338088526,1.3255863890769406,0.01566105098841475,2.220446049250313e-16,0.8137007672722588,0.11767795101259268,0.05021744121755831,1.9948068396377767e-15,8.046156471768836e-15,0.12318316346618542,0.992677930523715,8.470259409984229e-15,0.9999999999999736,0.6970979427424119,2.042505685872496e-15,False,True,False,True,True,False,False
gate_proj,0,2025,adamw,50,0.06401197393413637,0.05655988481514071,0.06401197393413642,0.007452089118995656,5.551115123125783e-17,1.1946166910627634,0.19830622081283483,0.11578462825226962,3.625483895303874e-15,5.099745079939088e-15,0.208120071956807,0.9783032301291938,5.075207930101384e-15,1.0000000000000153,0.6066761101682449,3.703651188190386e-15,False,True,False,True,True,False,False
gate_proj,1,2025,adamw,1,1.4929229909471071,1.4929229909471076,1.4929229909471076,4.440892098500626e-16,4.440892098500626e-16,2.60299634353996e-15,0.012253440170248557,3.807320127768343e-15,9.649609242979108e-15,3.807320127768343e-15,0.0165258844643909,0.9998634501088995,1.0261798995926765e-14,0.9999999999999629,522.8945423986833,7.736500456862218e-15,False,True,False,True,True,False,False
gate_proj,1,2025,adamw,10,1.3331366603272856,1.8484651133473544,1.3331366603272856,0.5153284530200688,0.0,1.0760144668729006,0.2572332504697058,0.3787281098286946,9.21352912421919e-15,3.9552521893507e-15,0.4528786383600005,0.89257398182131,9.84471091309321e-15,1.0000000000000187,9928.92096422203,7.478830167393514e-15,False,True,False,True,True,False,False
gate_proj,1,2025,adamw,50,0.07148629053546697,1.2850960053463425,0.0714862905354668,1.2136097148108755,1.6653345369377348e-16,1.0669249397351819,0.6789137834942661,1.0144394832675558,7.005139195572255e-15,3.0672225024583786e-15,1.006463540741701,0.2261895453342229,7.261519683927427e-15,0.9999999999999689,7014.652325158752,5.968780194189814e-15,False,True,False,True,True,False,False
gate_proj,2,2025,adamw,1,1.5099313498084406,1.5099313498084406,1.5099313498084406,0.0,0.0,2.66614377982821e-15,0.013220181441811779,5.132677387116314e-15,1.1649578587946536e-15,5.132677387116314e-15,0.018826221271269757,0.9998227774930522,5.38856664573521e-15,1.000000000000004,658.209998496948,9.446714785525648e-16,False,True,False,True,True,False,False
gate_proj,2,2025,adamw,10,1.3507851197145686,10.269779296394962,1.3507851197145686,8.918994176680393,0.0,1.0094117156117242,0.2506057239425543,0.3698865047242047,1.5082208543932213e-15,4.396487209506982e-15,0.4445098721324056,0.8990605172720278,4.79944795518911e-15,0.9999999999999796,10289.244067549464,1.33833507110293e-15,False,True,False,True,True,False,False
gate_proj,2,2025,adamw,50,0.057376193862137284,1.521028436465417,0.05737619386213725,1.4636522426032796,3.469446951953614e-17,0.9835492809407448,0.6811046469875717,1.0264176149603905,1.7748222553109998e-15,2.2858750767617817e-15,1.0102312862643519,0.1817011187924898,2.4777114098681686e-15,1.000000000000037,12145.601800519238,1.7886048021213056e-15,False,True,False,True,True,False,False
gate_proj,3,2025,adamw,1,1.4551945349845483,1.4551945349845483,1.4551945349845483,0.0,0.0,2.0821766949112457e-15,0.020254740141689577,1.0698737642900679e-14,1.722965094634299e-17,1.0698737642900679e-14,0.030022522716581977,0.9995495156474227,1.1177904884550034e-14,1.0000000000000169,335.41424892698313,1.5583625868162176e-17,False,True,False,True,True,False,False
gate_proj,3,2025,adamw,10,1.3002298096615963,6.290942037668651,1.300229809661596,4.990712228007054,2.220446049250313e-16,1.0086477463948944,0.2518433786514132,0.3670311051768138,2.3384835700665403e-15,1.0387135451090948e-14,0.4523319304901849,0.8949931911194874,1.1031584163548278e-14,1.0000000000000446,4816.779582389459,2.258527372599033e-15,False,True,False,True,True,False,False
gate_proj,3,2025,adamw,50,0.07246242383753537,1.4284959813966842,0.07246242383753514,1.356033557559149,2.3592239273284576e-16,1.056673252036263,0.6692244660287155,1.0129742736450096,3.871621033459441e-15,9.34423067819203e-15,1.0040393744934935,0.19853309067811675,7.451279311082441e-15,0.9999999999999997,6609.4464151796965,3.852801410880675e-15,False,True,False,True,True,False,False
gate_proj,4,2025,adamw,1,1.4518880312725817,1.4518880312725817,1.4518880312725817,0.0,0.0,3.0249864746975654e-15,0.016142156492745797,2.851199354360787e-15,8.464307154437753e-17,2.851199354360787e-15,0.02224607837693716,0.9997527107850421,2.791058527688765e-15,1.0000000000000044,249.6284534240119,7.94251250215148e-17,False,True,False,True,True,False,False
gate_proj,4,2025,adamw,10,1.3032305008446607,2.8490396579039903,1.303230500844661,1.5458091570593295,2.220446049250313e-16,1.0169616177323306,0.25063314125325215,0.3613670274224333,7.440577964534309e-16,2.7954134102136286e-15,0.42988295164868356,0.9057723870300055,2.8275216707233104e-15,1.000000000000019,1667.6769787685973,7.82312005119655e-16,False,True,False,True,True,False,False
gate_proj,4,2025,adamw,50,0.05849595913065311,1.264585218844287,0.058495959130653065,1.206089259713634,4.163336342344337e-17,0.9877738306672968,0.6467470460113978,0.967995052020757,1.7470580455906306e-15,2.8755448852279e-15,0.9751228932377449,0.2818741820259233,2.774826967176278e-15,1.0000000000000486,2591.7580416846686,1.7450623364439247e-15,False,True,False,True,True,False,False
gate_proj,5,2025,adamw,1,1.5276741419524795,1.5276741419524795,1.5276741419524795,0.0,0.0,2.9458164927140535e-15,0.020380533698377213,1.4818968612122138e-14,4.7065740815763025e-17,1.4818968612122138e-14,0.028083865681855728,0.9996056908924486,1.4308019381037675e-14,1.0000000000000169,1380.2181898661881,4.3844748587827987e-17,False,True,False,True,True,False,False
gate_proj,5,2025,adamw,10,1.366559775939865,12.98054783358405,1.3665597759398647,11.613988057644184,4.440892098500626e-16,1.0024170460061992,0.2656416526480112,0.396383164890064,3.617644473000594e-15,1.4672419728228664e-14,0.4811971964151454,0.8789315772176592,1.4451046879614448e-14,1.000000000000041,81238.01281270181,3.704962688731078e-15,False,True,False,True,True,False,False
gate_proj,5,2025,adamw,50,0.06872613123185835,1.7552657007590402,0.06872613123185811,1.6865395695271819,2.3592239273284576e-16,1.0050429451597447,0.7062679472574178,1.0842522852478655,9.049604961157139e-15,1.0446649750810813e-14,1.0374128677366197,0.12531145425940465,1.1087235092231601e-14,0.9999999999999902,31443.122204098276,8.871240191545443e-15,False,True,False,True,True,False,False
gate_proj,6,2025,adamw,1,1.4232295367738015,1.4232295367738015,1.4232295367738015,0.0,0.0,2.358679754357164e-15,0.017413243825564334,7.647223332713196e-15,5.429285821351626e-16,7.647223332713196e-15,0.022767676899488068,0.9997409496771719,7.767532570168171e-15,0.9999999999999956,668.2844048254293,4.3903587849298565e-16,False,True,False,True,True,False,False
gate_proj,6,2025,adamw,10,1.2798125119705674,1.6182639829890748,1.2798125119705674,0.33845147101850737,0.0,1.1564500343380186,0.2521203233923232,0.38624624848936534,1.5257281446080355e-15,7.114890451252442e-15,0.4531862621046869,0.8915445974440896,7.434455386119994e-15,0.9999999999999993,15896.180817390588,1.5335084293335102e-15,False,True,False,True,True,False,False
gate_proj,6,2025,adamw,50,0.05561461562063322,1.3026186518666365,0.05561461562063323,1.2470040362460033,1.3877787807814457e-17,1.0079462188114479,0.6917652785254643,1.0353667035896186,3.630633956183869e-15,6.03317019454993e-15,1.0216750279328513,0.20269666748062581,5.413961667031752e-15,0.9999999999999645,4223.431160335511,3.644324743686802e-15,False,True,False,True,True,False,False
gate_proj,7,2025,adamw,1,1.404283898251057,1.404283898251057,1.404283898251057,0.0,0.0,3.701904179407907e-15,0.018625705437903414,2.949946791439842e-15,1.0187615113103022e-16,2.949946791439842e-15,0.02215301868233276,0.9997546524464063,2.892357499463251e-15,1.000000000000008,392.83961853611635,1.008526080026426e-16,False,True,False,True,True,False,False
gate_proj,7,2025,adamw,10,1.2563232459898308,1.4383470259377888,1.2563232459898308,0.18202377994795804,0.0,1.618041600845521,0.25843260405038865,0.3767990638069502,8.534233830189425e-16,2.960577716695345e-15,0.4462795695500895,0.8951130874874178,3.034271707206355e-15,0.999999999999989,1980.4167880603823,8.591655318482907e-16,False,True,False,True,True,False,False
gate_proj,7,2025,adamw,50,0.05029015092952541,1.1465701151289638,0.050290150929525455,1.0962799641994383,4.85722573273506e-17,1.1127201050250974,0.6652719492694295,0.9878579276039607,2.0238016663715944e-15,2.4612611530656983e-15,0.9930897317278305,0.26675244994640124,2.577983000542664e-15,0.9999999999999739,71.03738977313675,2.031226630439752e-15,False,True,False,True,True,False,False
gate_proj,8,2025,adamw,1,1.4097663822487045,1.4097663822487045,1.4097663822487045,0.0,0.0,3.0109652607443614e-15,0.01976540147534701,8.307236202994436e-15,3.1329807094215604e-16,8.307236202994436e-15,0.02344744562292594,0.9997256194673054,8.268123971334187e-15,0.9999999999999967,578.9543170340321,2.5056300116808126e-16,False,True,False,True,True,False,False
gate_proj,8,2025,adamw,10,1.2603374798900713,1.558393185396953,1.2603374798900713,0.29805570550688176,0.0,1.049058708853164,0.2615763951505202,0.3807985249232024,1.6413076742196823e-15,7.533371546796912e-15,0.4513745149090882,0.8926415042682982,7.70540913801454e-15,0.9999999999999891,11475.631843124267,1.6641323705338303e-15,False,True,False,True,True,False,False
gate_proj,8,2025,adamw,50,0.050568945172542235,1.280222314235251,0.0505689451725422,1.2296533690627087,3.469446951953614e-17,1.0230240096363028,0.6936937068472949,1.029846602759533,3.2973553817041163e-15,5.7441939543862465e-15,1.0143292600373113,0.21553970486718566,5.264250028408903e-15,0.9999999999999979,1785.7927806533946,3.437640988199458e-15,False,True,False,True,True,False,False
gate_proj,9,2025,adamw,1,1.3682196050971402,1.3682196050971405,1.3682196050971405,2.220446049250313e-16,2.220446049250313e-16,2.329904570829319e-15,0.0229635267600955,1.839571888674987e-15,9.664661180545649e-16,1.839571888674987e-15,0.02771839960938003,0.9996166822334358,2.0704217960927446e-15,1.0000000000000373,2441.0410151046603,1.2240995034233629e-15,False,True,False,True,True,False,False
gate_proj,9,2025,adamw,10,1.2293314811247908,13.157696677497393,1.2293314811247908,11.928365196372603,0.0,1.0046558062063768,0.25966112969059135,0.39304796112222307,1.2085801286334673e-15,2.0458421401731555e-15,0.45875057413942255,0.891314624022204,2.378801969119307e-15,1.000000000000063,89415.99182011158,1.4072080041564304e-15,False,True,False,True,True,False,False
gate_proj,9,2025,adamw,50,0.06055523049756627,1.6120081203137773,0.06055523049756616,1.551452889816211,1.0408340855860843e-16,1.0166676567067443,0.7024211468577852,1.0882829759939985,2.0119167592442306e-15,2.058690097686615e-15,1.041502468457675,0.119573631617414,2.4961868737297006e-15,0.9999999999999744,46805.55479671956,2.056614926776042e-15,False,True,False,True,True,False,False
gate_proj,10,2025,adamw,1,1.4007571553292335,1.4007571553292335,1.4007571553292335,0.0,0.0,4.113804960592011e-15,0.024611904313049188,3.8728468497030566e-15,5.8972018847092804e-15,3.8728468497030566e-15,0.031222479789686817,0.9995148884023517,6.866705866587923e-15,1.0000000000000084,1.1158093798942614,4.097362938859803e-15,False,True,False,True,True,False,False
gate_proj,10,2025,adamw,10,1.2443264449698517,1.2363097542935757,1.244326444969852,0.008016690676275973,2.220446049250313e-16,0.2699449799864103,0.14111426911880057,0.03060560103060368,5.71690160725015e-15,3.881139520871666e-15,0.1512198279650617,0.9887302702988843,6.701345384641318e-15,0.9999999999999745,1.054280844353289,4.093749598238618e-15,False,True,False,True,True,False,False
gate_proj,10,2025,adamw,50,0.05027835116465808,0.048087620830418905,0.05027835116465808,0.002190730334239173,0.0,1.6632969225112801,0.38071280567735377,0.07155730739449002,4.766506348621777e-15,3.0381411857877607e-15,0.39058317009953697,0.9307912696290641,5.205864983588086e-15,1.000000000000027,1.1191695450763401,3.8256518977431555e-15,False,True,False,True,True,False,False
gate_proj,11,2025,adamw,1,1.3378893828960583,1.3378893828960587,1.3378893828960587,4.440892098500626e-16,4.440892098500626e-16,2.6608962046772023e-15,0.024716450426943655,1.2561716554794463e-15,3.1503950908976084e-16,1.2561716554794463e-15,0.029576969838051654,0.9995645184626408,1.2791291785351933e-15,1.0000000000000093,1.0285273413075653,2.8661981564839514e-16,False,True,False,True,True,False,False
gate_proj,11,2025,adamw,10,1.1948780033892565,1.1900375867239197,1.1948780033892565,0.004840416665336855,0.0,0.1651654690527972,0.13285611256030885,0.027232907914700677,8.447233835894151e-16,1.4821491640091406e-15,0.13555494865278184,0.9909031501395482,1.6865257074792179e-15,0.999999999999995,1.0091166731880699,8.271855600826093e-16,False,True,False,True,True,False,False
gate_proj,11,2025,adamw,50,0.05179789831640793,0.04928885182886809,0.05179789831640787,0.0025090464875398427,6.245004513516506e-17,1.008114559930627,0.3725362506957287,0.06437183607595144,1.9712450868775583e-15,2.7348962595875632e-15,0.3778866750539799,0.9344123792289345,2.7376599196373137e-15,1.0000000000000018,0.9829158079235824,2.0020541659366468e-15,False,True,False,True,True,False,False
gate_proj,12,2025,adamw,1,1.349976020015425,1.349976020015425,1.349976020015425,0.0,0.0,3.0347693128254524e-15,0.02403052252929094,2.581820147127063e-15,2.26227396405867e-15,2.581820147127063e-15,0.02912155843282213,0.999576400288843,3.348128166531299e-15,0.9999999999999523,1.0594437818657698,1.0803406811595721e-14,False,True,False,True,True,False,False
gate_proj,12,2025,adamw,10,1.2060370382886172,1.2000328293909863,1.2060370382886172,0.006004208897630869,0.0,0.2227682882243578,0.13013580712031705,0.03200311520416303,3.2494429529377966e-15,3.535919532627538e-15,0.1327611440949988,0.9913207336440337,4.712374764030675e-15,1.0000000000000016,1.019520056602362,1.0602342427208781e-14,False,True,False,True,True,False,False
gate_proj,12,2025,adamw,50,0.0524457455654089,0.04958350085555686,0.052445745565408965,0.002862244709852045,6.245004513516506e-17,1.1130236427089897,0.37130391990699607,0.07659729554907718,4.951318918920666e-15,5.325412809937434e-15,0.3799556653568913,0.934213802448945,6.18011894520522e-15,0.9999999999999751,1.0044553366758793,8.768002875490604e-15,False,True,False,True,True,False,False
gate_proj,13,2025,adamw,1,1.3328935025237532,1.3328935025237525,1.3328935025237525,6.661338147750939e-16,6.661338147750939e-16,3.2645094571960317e-15,0.022366873290637464,2.958406247677963e-15,1.091303659713533e-16,2.958406247677963e-15,0.02757546325487761,0.9996199893244146,2.9365132549036594e-15,1.0000000000000149,0.9769576397275391,1.213710809950064e-16,False,True,False,True,True,False,False
gate_proj,13,2025,adamw,10,1.1875794900296661,1.1838251449577912,1.1875794900296661,0.003754345071874887,0.0,0.12121306049279498,0.12155102867143795,0.023364365736078804,8.341281961403923e-16,2.926855604489629e-15,0.12267565092507719,0.992578325466738,3.0152089077574465e-15,1.0000000000000435,0.9674528498942497,8.327637423439723e-16,False,True,False,True,True,False,False
gate_proj,13,2025,adamw,50,0.07156754376265327,0.07177712390123363,0.071567543762653,0.0002095801385803564,2.7755575615628914e-16,0.6699007512198225,0.33090360118570883,0.04606925710456165,1.6772471835737855e-15,2.7786098969821874e-15,0.33366470501539613,0.9491562875881709,2.7380242614033337e-15,1.0000000000000113,0.9350556629935238,1.7282112380910762e-15,False,True,False,True,True,False,False
gate_proj,14,2025,adamw,1,1.3608416835356436,1.3608416835356434,1.3608416835356434,2.220446049250313e-16,2.220446049250313e-16,2.756075749737252e-15,0.01947390424805364,1.247437123977024e-14,1.9874340686308597e-17,1.247437123977024e-14,0.022244500207870277,0.9997526812675661,1.2189173281930382e-14,1.0000000000000453,0.826343320086208,2.1012658778801173e-17,False,True,False,True,True,False,False
gate_proj,14,2025,adamw,10,1.2146639914023496,1.214671250657128,1.2146639914023496,7.25925477840228e-06,0.0,0.05841692456317349,0.1048857969192096,0.02016732332291015,2.215757402083862e-15,1.2119943679600051e-14,0.10382541286311098,0.9946843342417937,1.204935356123328e-14,0.9999999999999902,0.8343273266796472,2.240366812002402e-15,False,True,False,True,True,False,False
gate_proj,14,2025,adamw,50,0.04680255467697994,0.04697760378893986,0.04680255467698004,0.00017504911195991707,9.71445146547012e-17,0.4362853655389926,0.2817509906349752,0.03532855053336806,5.885596892387811e-15,6.748873065734068e-15,0.2810617190098569,0.9636933527499645,7.409045034303747e-15,1.0000000000000167,0.8660095185263881,6.1963495597679975e-15,False,True,False,True,True,False,False
gate_proj,15,2025,adamw,1,1.3463418706761399,1.3463418706761399,1.3463418706761399,0.0,0.0,2.53806216319416e-15,0.019541032199646206,1.9043728917945533e-15,1.7513352706855044e-15,1.9043728917945533e-15,0.02346533824644561,0.9997247928895148,2.5824097031802053e-15,0.999999999999975,0.7504750467774459,3.2281420156215353e-15,False,True,False,True,True,False,False
gate_proj,15,2025,adamw,10,1.1980590135037354,1.201123614367999,1.1980590135037352,0.0030646008642636335,2.220446049250313e-16,0.08804648311389976,0.10571474822232037,0.01840186242292398,2.004646953257941e-15,2.2602546432714673e-15,0.10473088531130915,0.9945657274023645,3.0152580795236566e-15,0.9999999999998965,0.7714255047880298,3.4509517115202268e-15,False,True,False,True,True,False,False
gate_proj,15,2025,adamw,50,0.04553681112507902,0.04716931476595951,0.045536811125078985,0.001632503640880488,3.469446951953614e-17,1.0189384824815544,0.26467970784922173,0.038282336274779505,3.2404459394089806e-15,4.309860112932158e-15,0.2602240171158691,0.9682717573621615,4.373890011600061e-15,1.000000000000036,0.8602078640382931,3.78368827320666e-15,False,True,False,True,True,False,False
gate_proj,16,2025,adamw,1,1.383201594067507,1.3832015940675069,1.3832015940675069,2.220446049250313e-16,2.220446049250313e-16,2.802362595351229e-15,0.018527779530676525,4.412448113915358e-15,1.1239223150149553e-15,4.412448113915358e-15,0.02472864352267098,0.9996943378103877,4.579293645079817e-15,0.999999999999993,0.6065254432267291,9.22229930746094e-16,False,True,False,True,True,False,False
gate_proj,16,2025,adamw,10,1.2362273120205514,1.2476381444612916,1.2362273120205511,0.01141083244074026,2.220446049250313e-16,0.22111016387452215,0.09089807717491868,0.036182733759510546,1.427662887257917e-15,4.324782674170065e-15,0.09701589943676592,0.9953237077613257,4.549616620301412e-15,0.9999999999999483,0.5625847591278086,1.2815466923779572e-15,False,True,False,True,True,False,False
gate_proj,16,2025,adamw,50,0.05292284319632021,0.06070226284798784,0.05292284319632028,0.007779419651667632,6.938893903907228e-17,1.1694224433778582,0.20207510713264787,0.11329855252533354,2.018856561972283e-15,2.5801306290147493e-15,0.20504209163417778,0.9788399202821718,2.7011254132151444e-15,0.9999999999999736,1.002065799418536,1.9499174615125603e-15,False,True,False,True,True,False,False
gate_proj,17,2025,adamw,1,1.4262890488411504,1.4262890488411508,1.4262890488411508,4.440892098500626e-16,4.440892098500626e-16,2.6324748440257176e-15,0.022805330237686494,6.4231807917842506e-15,6.190576329213853e-17,6.4231807917842506e-15,0.0314202978158212,0.9995065006378262,6.3167874781073344e-15,1.0000000000000009,0.7115400938456632,7.805536960936208e-17,False,True,False,True,True,False,False
gate_proj,17,2025,adamw,10,1.2733557839840945,1.2947886765710739,1.2733557839840948,0.021432892586979335,2.220446049250313e-16,0.32808931883426357,0.11559013812928391,0.05660146421407449,9.303728671884566e-16,6.129497703141694e-15,0.12730629343816588,0.9919229859469747,6.039775754863155e-15,0.9999999999999709,0.6367975209207456,9.663595209701073e-16,False,True,False,True,True,False,False
gate_proj,17,2025,adamw,50,0.04978361279108366,0.069879164332588,0.049783612791083634,0.020095551541504345,2.7755575615628914e-17,1.227591258505778,0.22953419300115357,0.1945743826274178,1.6089098319613133e-15,3.773777654073388e-15,0.24803592788327697,0.9688206052399697,3.46432149251436e-15,1.0000000000000149,1.0846907656570743,1.6279208423056429e-15,False,True,False,True,True,False,False
gate_proj,18,2025,adamw,1,1.3920106473725,1.3920106473725005,1.3920106473725005,4.440892098500626e-16,4.440892098500626e-16,2.9664962490538425e-15,0.022976145474564624,1.473542705861858e-15,4.868466793861393e-16,1.473542705861858e-15,0.030084687886428083,0.9995474297678092,1.5239098630275858e-15,1.0000000000000522,0.7109424798816836,4.968114060661381e-16,False,True,False,True,True,False,False
gate_proj,18,2025,adamw,10,1.2453514440307178,1.2656927692279625,1.2453514440307178,0.02034132519724463,0.0,0.31853421894819905,0.11604258657826479,0.06172204462200643,8.320822461150615e-16,1.586417041199396e-15,0.12772945513786343,0.9918664490300606,1.7616531745973847e-15,0.9999999999999978,0.6518617478667513,8.436859118553175e-16,False,True,False,True,True,False,False
gate_proj,18,2025,adamw,50,0.06444807829731537,0.08331305056560141,0.06444807829731541,0.01886497226828604,4.163336342344337e-17,1.151744131059485,0.2431429439928736,0.2010967160729136,1.6188278473553412e-15,2.2937584578824594e-15,0.25879874837961897,0.9659312697498712,2.3288456906900955e-15,1.000000000000009,1.1545500737573595,1.639582103480099e-15,False,True,False,True,True,False,False
gate_proj,19,2025,adamw,1,1.38612352576536,1.3861235257653597,1.3861235257653597,2.220446049250313e-16,2.220446049250313e-16,2.6042484354387648e-15,0.023864139179581457,1.3974403031456176e-15,2.6944536765876086e-15,1.3974403031456176e-15,0.03223076219927019,0.9994804774531998,3.022518900297738e-15,1.0000000000000535,0.7126816408114807,2.3293632103107973e-15,False,True,False,True,True,False,False
gate_proj,19,2025,adamw,10,1.2316881309755188,1.2592782568052738,1.231688130975519,0.027590125829755063,2.220446049250313e-16,0.38958856146015214,0.12547691509034914,0.06808069854809692,2.7737754389478117e-15,5.486262311125297e-15,0.13775358232562243,0.9905375363592342,6.10619111828939e-15,1.0000000000000036,0.6286066763486677,2.476915133280821e-15,False,True,False,True,True,False,False
gate_proj,19,2025,adamw,50,0.05019650253246259,0.07568943484044566,0.05019650253246273,0.025492932307983066,1.3877787807814457e-16,0.936961632456164,0.22429908652890396,0.24500494059698094,3.2720929261919153e-15,4.335883048394409e-15,0.2603177215758792,0.9669549810095839,4.544179046963913e-15,1.0000000000000233,0.8545446271848098,3.1521712065965786e-15,False,True,False,True,True,False,False
gate_proj,20,2025,adamw,1,1.3718040151454374,1.3718040151454376,1.3718040151454376,2.220446049250313e-16,2.220446049250313e-16,2.4342201544122524e-15,0.024623124473275613,6.383588157131703e-15,1.2628780390760398e-16,6.383588157131703e-15,0.029489534872969965,0.9995651653158465,6.407931581203958e-15,1.000000000000026,0.7293329451133426,1.7793151860640908e-16,False,True,False,True,True,False,False
gate_proj,20,2025,adamw,10,1.2222798661426695,1.2518645184660464,1.22227986614267,0.029584652323376925,4.440892098500626e-16,0.42076397207042177,0.13086460215443338,0.08068940574197357,1.1636092643254722e-15,6.044058193425858e-15,0.14781284518495857,0.9890697822408381,6.153634677075461e-15,0.9999999999999631,0.6449822836168043,1.171772982276594e-15,False,True,False,True,True,False,False
gate_proj,20,2025,adamw,50,0.049135918548897456,0.07489373671669557,0.04913591854889752,0.02575781816779811,6.245004513516506e-17,0.9138878199813001,0.2073951644656702,0.24809782886883208,2.564781921402251e-15,3.619846085196582e-15,0.25100364882431175,0.9710748739240919,3.563330009489713e-15,1.0000000000000246,0.8434611791018098,2.5653706364963082e-15,False,True,False,True,True,False,False
gate_proj,21,2025,adamw,1,1.3727104674557629,1.3727104674557629,1.3727104674557629,0.0,0.0,2.219651225290307e-15,0.02787873928273301,4.074840036590541e-15,5.6245964380142815e-15,4.074840036590541e-15,0.03803984890929351,0.9992766263066379,6.9091859854166484e-15,1.0000000000000107,1.430499871074996,6.206404330639512e-15,False,True,False,True,True,False,False
gate_proj,21,2025,adamw,10,1.222809353405075,1.2496757450300462,1.222809353405075,0.026866391624971175,0.0,0.4216179529706736,0.14824670506313914,0.09307606229960041,7.0334693683876926e-15,4.128180600166088e-15,0.1717155377841126,0.9852198922985853,8.079371171976866e-15,0.9999999999999734,1.6310265861114788,7.769250601608529e-15,False,True,False,True,True,False,False
gate_proj,21,2025,adamw,50,0.05317453228627667,0.09210194135413222,0.053174532286276645,0.038927409067855544,2.7755575615628914e-17,0.9088975480831385,0.3166896059568911,0.2805161590365159,5.7668629693261e-15,3.2853413654514426e-15,0.3639784629445435,0.9327900242405709,6.281489439854504e-15,0.9999999999999893,2.1358495509102964,6.3284255777369176e-15,False,True,False,True,True,False,False
gate_proj,22,2025,adamw,1,1.367414944906782,1.367414944906782,1.367414944906782,0.0,0.0,2.68103016203047e-15,0.02584002531959338,4.3070611493055445e-15,3.474609903850166e-16,4.3070611493055445e-15,0.031449156272504254,0.9995054076260391,4.418112965346398e-15,0.9999999999999911,2828.048170521558,4.242917135237533e-16,False,True,False,True,True,False,False
gate_proj,22,2025,adamw,10,1.2215478649021678,220.3402204336445,1.2215478649021678,219.11867256874234,0.0,1.0013581369904874,0.2725129114056344,0.3757076883555328,1.7314376421679065e-15,4.1803800702218934e-15,0.4600848656469891,0.8906878480097496,4.551463270322986e-15,0.9999999999999616,174136.05408531235,1.763734699544091e-15,False,True,False,True,True,False,False
gate_proj,22,2025,adamw,50,0.05786228734132998,2.220750788276622,0.05786228734133015,2.162888500935292,1.734723475976807e-16,1.002067054431164,0.695374820402252,1.0441231408830989,3.0034244979009415e-15,3.819111663970969e-15,1.0210651724105837,0.16134729530551165,3.917656904416022e-15,0.9999999999999969,402428.9718092537,3.021775919946254e-15,False,True,False,True,True,False,False
gate_proj,23,2025,adamw,1,1.3536554652552273,1.3536554652552273,1.3536554652552273,0.0,0.0,2.8760673579736773e-15,0.02995545816654707,1.0486587049292944e-14,9.812434561650605e-17,1.0486587049292944e-14,0.03907317837804843,0.9992363714261482,1.0562996912880192e-14,1.0000000000000488,406.66333879069464,9.2262972962182e-17,False,True,False,True,True,False,False
gate_proj,23,2025,adamw,10,1.2030873421569346,1.4504507486048472,1.2030873421569346,0.24736340644791266,0.0,1.1374933660764535,0.26361424520581833,0.38620539357137296,2.611369979670739e-15,1.047339329072067e-14,0.4636005633322761,0.8862213164435098,1.0738852372531707e-14,0.9999999999999973,9908.031492353266,2.6429347569500595e-15,False,True,False,True,True,False,False
gate_proj,23,2025,adamw,50,0.058239010379656404,1.2513969206064965,0.05823901037965671,1.1931579102268401,3.0531133177191805e-16,0.9707824653232162,0.682405647799199,1.0358277891378496,5.8544272342236446e-15,1.2972608649748018e-14,1.018290100188522,0.21463299179450832,1.1642084079547705e-14,1.0000000000000366,767.6203997067779,5.977648123178167e-15,False,True,False,True,True,False,False
up_proj,0,2025,adamw,1,1.2934404431486526,1.2934404431486526,1.2934404431486526,0.0,0.0,2.7976772142037457e-15,0.026249507507608513,3.327414757399525e-15,7.318800375495737e-14,3.327414757399525e-15,0.03250508658302875,0.9994727733106772,7.354592288679108e-14,0.9999999999999377,1.3343254782746412,7.961564640773873e-14,False,True,False,True,True,False,False
up_proj,0,2025,adamw,10,1.1494527039798734,1.1344985875927205,1.1494527039798732,0.014954116387152938,2.220446049250313e-16,0.9197755048496593,0.1211939051627529,0.055240557568583766,7.035011287324073e-14,1.0839141479149525e-14,0.12616470005221816,0.9923793940498865,7.186956480210595e-14,1.0000000000000207,0.7109350158862422,7.60670133915492e-14,False,True,False,True,True,False,False
up_proj,0,2025,adamw,50,0.044273090594625114,0.038811134075449415,0.044273090594625024,0.005461956519175699,9.020562075079397e-17,0.8472282685351616,0.19495232174318647,0.13653596772350798,5.2575421995023095e-14,1.3396777616310609e-14,0.21200275747583244,0.9776266496773509,5.270191316094794e-14,0.9999999999999809,0.5364334223439836,5.660375634635817e-14,False,True,False,True,True,False,False
up_proj,1,2025,adamw,1,1.2566989176205343,1.256698917620534,1.256698917620534,2.220446049250313e-16,2.220446049250313e-16,2.396864767445109e-15,0.01226364253338589,5.250552804267417e-15,6.794717340437694e-16,5.250552804267417e-15,0.014923806692979826,0.9998887221607609,5.384292274280218e-15,1.00000000000004,1087.5837279658258,7.086552118028667e-16,False,True,False,True,True,False,False
up_proj,1,2025,adamw,10,1.1192916337928853,7.3187708281146735,1.1192916337928853,6.199479194321788,0.0,1.004952431472284,0.2670717180389876,0.37013845395820416,1.5348006837355624e-15,5.255108078034203e-15,0.4385266060597634,0.9016902782429512,5.455299383336732e-15,1.0000000000000284,8550.739736558653,1.5690515088987222e-15,False,True,False,True,True,False,False
up_proj,1,2025,adamw,50,0.0379999683981585,1.261018257601616,0.037999968398158564,1.2230182892034576,6.245004513516506e-17,1.0103691896818399,0.6840959719814816,1.0394619191215526,3.5417990614780266e-15,4.866514821080169e-15,1.0187428418710527,0.17483273391191942,5.279255564479963e-15,0.9999999999999989,10884.391421514898,3.565774306462821e-15,False,True,False,True,True,False,False
up_proj,2,2025,adamw,1,1.2607160101917374,1.2607160101917374,1.2607160101917374,0.0,0.0,2.891765001663465e-15,0.013241954115048206,1.9337584433113852e-15,6.807796638211344e-17,1.9337584433113852e-15,0.01683246087649789,0.9998584363894099,1.9079380271602553e-15,1.0000000000000424,1178.0969929220357,6.197709720620714e-17,False,True,False,True,True,False,False
up_proj,2,2025,adamw,10,1.126664331656782,10.062130038433907,1.126664331656782,8.935465706777125,0.0,1.005063494826148,0.26023017301110696,0.3711030582204096,7.199369181895067e-16,2.0839823049453047e-15,0.43888869568468175,0.90152003413094,2.1765654401386997e-15,1.0000000000000082,10808.197004746844,7.234397234683739e-16,False,True,False,True,True,False,False
up_proj,2,2025,adamw,50,0.04588125039561118,1.2786701676702161,0.04588125039561116,1.232788917274605,2.0816681711721685e-17,1.0197101967682132,0.6831720487278432,1.0405473361306705,1.4211950074707453e-15,1.9318657600772397e-15,1.0182701517708688,0.17406782408874508,2.0543426465964337e-15,1.0000000000000018,25621.381357588565,1.4241473568946238e-15,False,True,False,True,True,False,False
up_proj,3,2025,adamw,1,1.2676399847552213,1.2676399847552213,1.2676399847552213,0.0,0.0,3.0892948090961686e-15,0.020286068975583344,7.337740384042787e-15,9.680117295379481e-17,7.337740384042787e-15,0.027680214554288263,0.9996177161430907,7.34784368173097e-15,0.999999999999982,843.3062454379701,1.1686703278762303e-16,False,True,False,True,True,False,False
up_proj,3,2025,adamw,10,1.1332854096828375,2.631366379927945,1.1332854096828378,1.4980809702451074,2.220446049250313e-16,1.0125750036823389,0.26292216337442,0.395591794356833,1.3066516239444816e-15,7.250768585498614e-15,0.4638439137864607,0.8888742206078315,7.186191028029654e-15,0.9999999999999754,10152.700708377497,1.3314245050138437e-15,False,True,False,True,True,False,False
up_proj,3,2025,adamw,50,0.04147626254475853,1.2223741259605863,0.04147626254475862,1.1808978634158278,9.020562075079397e-17,1.0245804993817902,0.6828451673473627,1.085615652010913,3.905414787926587e-15,5.379429958250562e-15,1.0397998718571766,0.1333807429603839,5.177250984187073e-15,0.9999999999999482,13926.18287806737,3.863744949727618e-15,False,True,False,True,True,False,False
up_proj,4,2025,adamw,1,1.2811921209524975,1.281192120952497,1.281192120952497,4.440892098500626e-16,4.440892098500626e-16,3.236957703223607e-15,0.01614048518275101,1.4987155478819105e-15,6.440225171946307e-17,1.4987155478819105e-15,0.020046700522076726,0.9997991715378511,1.4647026634713943e-15,0.9999999999999858,491.98644611076793,6.297355846932774e-17,False,True,False,True,True,False,False
up_proj,4,2025,adamw,10,1.1416398217753452,1.7278883442916875,1.1416398217753454,0.5862485225163423,2.220446049250313e-16,1.0384245712941749,0.2596812119098979,0.3904553144608498,6.651531886869455e-16,1.6279078430757437e-15,0.4561943879270093,0.8927994559207674,1.7252056175395812e-15,1.000000000000011,2998.8006057352122,6.683195897998294e-16,False,True,False,True,True,False,False
up_proj,4,2025,adamw,50,0.0429083166870474,1.1381424694704554,0.04290831668704735,1.095234152783408,4.85722573273506e-17,1.043866274470529,0.6583956585487639,1.050897241304058,1.397515529235721e-15,1.7581566583063945e-15,1.0200464900609956,0.18931710191213194,1.9340813760385194e-15,0.9999999999999754,6556.3857199430395,1.4141366108254835e-15,False,True,False,True,True,False,False
up_proj,5,2025,adamw,1,1.2634628598627766,1.2634628598627766,1.2634628598627766,0.0,0.0,3.1294751005777596e-15,0.020388262411559947,7.0612256060288456e-15,5.860646713841525e-16,7.0612256060288456e-15,0.025146933825407454,0.9996838362979421,7.219749294604277e-15,1.0000000000000488,2244.224335419096,5.806988825922897e-16,False,True,False,True,True,False,False
up_proj,5,2025,adamw,10,1.1277436201329978,45.529118627763886,1.1277436201329978,44.40137500763089,0.0,1.0021963769049147,0.26172875633284,0.37237812963410744,1.2263047088494878e-15,6.800670834432832e-15,0.4392241641520534,0.9012903662486313,7.0565066693869176e-15,1.0000000000000284,41443.40213969534,1.1932989312602505e-15,False,True,False,True,True,False,False
up_proj,5,2025,adamw,50,0.03944518656822668,1.381207097052612,0.03944518656822665,1.3417619104843854,2.7755575615628914e-17,1.0001541552382816,0.6898487259516027,1.0554050400050485,2.403778457738066e-15,6.716939880176857e-15,1.0268470705600004,0.15292590249767307,5.5285527956231754e-15,1.0000000000000586,77771.60645551236,2.348838147403739e-15,False,True,False,True,True,False,False
up_proj,6,2025,adamw,1,1.2919138093638256,1.2919138093638256,1.2919138093638256,0.0,0.0,2.4499487865898605e-15,0.017413489339676565,1.939005236268989e-15,1.173570775880267e-16,1.939005236268989e-15,0.02128643300757218,0.9997734862556075,1.900452848871761e-15,1.0000000000000546,1389.0507489288684,1.0195699521808439e-16,False,True,False,True,True,False,False
up_proj,6,2025,adamw,10,1.1580375664526061,18.267117217861532,1.158037566452606,17.109079651408926,2.220446049250313e-16,1.0020227011964244,0.259820790721867,0.369304890260276,1.1414430500622897e-15,2.2771188477315106e-15,0.435711162289189,0.9028263572842011,2.468462098351323e-15,1.000000000000023,17725.30396867987,1.1100526580398387e-15,False,True,False,True,True,False,False
up_proj,6,2025,adamw,50,0.04031966315835921,1.33941183965755,0.040319663158359255,1.299092176499191,4.163336342344337e-17,0.9995337609694182,0.6915234556958294,1.0530155054105748,3.3016326229089217e-15,4.768001395158472e-15,1.026619555932904,0.15227658090033397,4.376763643000312e-15,1.0000000000000897,36197.10227926536,3.2671618767831523e-15,False,True,False,True,True,False,False
up_proj,7,2025,adamw,1,1.307556375495392,1.307556375495392,1.307556375495392,0.0,0.0,2.6783789023637438e-15,0.018623620511962636,6.90500803701193e-16,2.8074641036794783e-16,6.90500803701193e-16,0.023206664070550193,0.999730736608692,7.47484737530038e-16,0.9999999999999802,603.4171235232402,2.699856867959579e-16,False,True,False,True,True,False,False
up_proj,7,2025,adamw,10,1.1665834437021965,2.1609198749657073,1.1665834437021962,0.9943364312635108,2.220446049250313e-16,1.0267218614948759,0.25897083487299805,0.39358439112330107,7.159742352457359e-16,9.540709820273802e-16,0.4555679120221026,0.8928729883280194,1.200931053902316e-15,0.9999999999999788,5719.65799899824,7.030216206671772e-16,False,True,False,True,True,False,False
up_proj,7,2025,adamw,50,0.04197628435708939,1.2235832930996426,0.0419762843570894,1.1816070087425532,1.3877787807814457e-17,1.0722559504500089,0.6790430191922683,1.0714343605881116,1.252780297729113e-15,1.3550443065654422e-15,1.0315604159245306,0.1527748748446099,1.6415553018150154e-15,1.0000000000000409,8840.52574904024,1.2550324381535347e-15,False,True,False,True,True,False,False
up_proj,8,2025,adamw,1,1.3131059978891464,1.3131059978891464,1.3131059978891464,0.0,0.0,2.6790581997062114e-15,0.019758466568958057,7.574830538402316e-15,4.629725590219273e-16,7.574830538402316e-15,0.02433971587094526,0.9997039721733633,7.528232809357337e-15,1.0000000000000475,1314.8488730840795,4.571402277390836e-16,False,True,False,True,True,False,False
up_proj,8,2025,adamw,10,1.1711934237761463,4.826721822691371,1.1711934237761463,3.6555283989152247,0.0,1.0069785678245613,0.2661625903521599,0.3958903668077731,1.5063252337717892e-15,7.436220088113198e-15,0.4614075959974677,0.8897803211312636,7.498457579173682e-15,1.0000000000000302,27616.110401329384,1.5632428574017931e-15,False,True,False,True,True,False,False
up_proj,8,2025,adamw,50,0.040482829935681815,1.3443686372092971,0.040482829935681856,1.3038858072736152,4.163336342344337e-17,0.9890958968485226,0.6970839136665081,1.0941606884169126,2.9013368207727324e-15,4.0286985255637615e-15,1.0460911461272682,0.11505638500828949,4.1575622778886446e-15,1.0000000000000289,21040.082090772135,2.995675676632332e-15,False,True,False,True,True,False,False
up_proj,9,2025,adamw,1,1.3006652432207366,1.3006652432207364,1.3006652432207364,2.220446049250313e-16,2.220446049250313e-16,2.469824635227327e-15,0.02295240343048256,5.5746413164410966e-15,3.2320980295795625e-16,5.5746413164410966e-15,0.0283834832423584,0.9995980302067567,5.556612149203856e-15,1.0000000000000306,2190.6975956122114,4.539795073732309e-16,False,True,False,True,True,False,False
up_proj,9,2025,adamw,10,1.1557789616861924,47.130266950143906,1.155778961686192,45.97448798845771,4.440892098500626e-16,1.0015425335499595,0.27170982097413837,0.37463220725293284,1.0462579071843838e-15,5.382742581006425e-15,0.4476447674866102,0.8974262125335477,5.518179206248402e-15,1.0000000000000386,44203.54880738831,1.0343230439848775e-15,False,True,False,True,True,False,False
up_proj,9,2025,adamw,50,0.06266164797867903,1.4268364468799508,0.06266164797867928,1.3641747989012718,2.498001805406602e-16,1.026654906981241,0.6868821552002958,1.0383996251926457,3.883412172380199e-15,6.1872864712206915e-15,1.0180427771253047,0.16916819279661804,5.692164659930086e-15,0.9999999999999728,107023.54842001955,3.845104861780077e-15,False,True,False,True,True,False,False
up_proj,10,2025,adamw,1,1.3124536178010644,1.3124536178010644,1.3124536178010644,0.0,0.0,2.764116693214688e-15,0.024621899940507563,3.1909948534084097e-15,6.264668476226207e-17,3.1909948534084097e-15,0.029104451904945487,0.9995782909763644,3.055432488605788e-15,1.0000000000000302,1.1819404895456085,7.543837503853664e-17,False,True,False,True,True,False,False
up_proj,10,2025,adamw,10,1.173468575075864,1.1652312474556372,1.173468575075864,0.008237327620226775,0.0,0.2796170361961052,0.13191859183961005,0.03284584092785062,8.090716713340571e-16,3.2002642026232048e-15,0.13206150865772354,0.991417327376335,3.16022425493705e-15,1.0000000000000258,1.0820258652774712,8.462792954032233e-16,False,True,False,True,True,False,False
up_proj,10,2025,adamw,50,0.04722059442788899,0.04580466058949664,0.04722059442788898,0.0014159338383923498,1.3877787807814457e-17,1.746486935182613,0.3810947767646521,0.1017548351325355,1.785178751765096e-15,3.240920890909485e-15,0.39257971478611664,0.9296628737144663,2.88710716061263e-15,0.9999999999999849,1.05887205977859,1.8454011628925882e-15,False,True,False,True,True,False,False
up_proj,11,2025,adamw,1,1.323292126703848,1.3232921267038478,1.3232921267038478,2.220446049250313e-16,2.220446049250313e-16,2.5205885042460684e-15,0.024684621609731363,2.9278094568856697e-15,1.1055919974827027e-16,2.9278094568856697e-15,0.028811526123121288,0.9995851830319935,2.86012578237088e-15,0.9999999999999926,1.0511000177458112,8.936873318984085e-17,False,True,False,True,True,False,False
up_proj,11,2025,adamw,10,1.1809425544317207,1.1756788817208612,1.1809425544317202,0.005263672710859479,4.440892098500626e-16,0.18556767821063316,0.1357712448772632,0.030767842471661925,1.0846967735573525e-15,2.752829418541347e-15,0.13389178407960892,0.9911733055717658,2.911385351546356e-15,0.9999999999999735,1.0210108036685275,1.0636146648538792e-15,False,True,False,True,True,False,False
up_proj,11,2025,adamw,50,0.043710881504692926,0.04238193651023748,0.043710881504692906,0.0013289449944554471,2.0816681711721685e-17,1.4571647208900615,0.3707626649454941,0.06668275653916336,2.312788994033678e-15,2.345282453762754e-15,0.3758013606354222,0.935847606351311,2.8260045967183806e-15,1.0000000000000167,0.9459625385315222,2.315634681923801e-15,False,True,False,True,True,False,False
up_proj,12,2025,adamw,1,1.3184841258756412,1.3184841258756412,1.3184841258756412,0.0,0.0,2.608546673505541e-15,0.02403053024287288,1.3312626256199646e-15,4.291307180880432e-17,1.3312626256199646e-15,0.029173908869811745,0.9995749231006923,1.278861356454177e-15,1.0000000000000124,1.1018962224755489,4.130805027579367e-17,False,True,False,True,True,False,False
up_proj,12,2025,adamw,10,1.1738770185951333,1.1663391928456117,1.1738770185951333,0.007537825749521554,0.0,0.2041952321624947,0.13070980867594745,0.03233875429084109,6.5670560998296e-16,1.4522338315611497e-15,0.1307045763033949,0.9915540995130131,1.5586950634253034e-15,1.0000000000000437,1.0407894787928553,6.906242155882743e-16,False,True,False,True,True,False,False
up_proj,12,2025,adamw,50,0.03460229693704708,0.0338188875782098,0.0346022969370471,0.0007834093588372851,1.3877787807814457e-17,1.5649834143511046,0.36810847587891843,0.06509930691889189,1.2590694076046993e-15,1.647060184413594e-15,0.37463286936333484,0.9355166968397859,1.794509652332232e-15,0.9999999999999685,0.9569453391728505,1.2757151452254226e-15,False,True,False,True,True,False,False
up_proj,13,2025,adamw,1,1.3388993834833496,1.3388993834833498,1.3388993834833498,2.220446049250313e-16,2.220446049250313e-16,2.9561727393111998e-15,0.022362513706452036,3.964797090946523e-15,4.637446989098296e-15,3.964797090946523e-15,0.02785131213117242,0.999612261691192,6.146622682203574e-15,1.0000000000000104,0.9994791042866592,3.358657157754488e-15,False,True,False,True,True,False,False
up_proj,13,2025,adamw,10,1.1924939833917334,1.1887397758362424,1.1924939833917334,0.0037542075554910515,0.0,0.1220599320611258,0.12137776888207608,0.02558707840404102,4.906345858356891e-15,4.192358905204172e-15,0.12050014256865328,0.992842220616526,6.445256764549135e-15,0.999999999999972,0.971026014794658,3.748543881515181e-15,False,True,False,True,True,False,False
up_proj,13,2025,adamw,50,0.04739572969826203,0.04525055205720569,0.04739572969826197,0.002145177641056338,6.245004513516506e-17,0.8680085975596004,0.32939989324780616,0.0563103667679375,4.508851404872229e-15,4.101027428245965e-15,0.33397457532134617,0.9491836607764372,5.253478068796763e-15,0.9999999999999519,0.980488983165335,4.092479505397826e-15,False,True,False,True,True,False,False
up_proj,14,2025,adamw,1,1.327841512009715,1.3278415120097147,1.3278415120097147,2.220446049250313e-16,2.220446049250313e-16,2.8063961526808238e-15,0.0194697454853519,4.872341001446472e-16,5.0898873485233035e-17,4.872341001446472e-16,0.024175487857296063,0.9997077687814118,4.775623780882221e-16,0.9999999999999744,0.842840873513136,4.673128566409653e-17,False,True,False,True,True,False,False
up_proj,14,2025,adamw,10,1.1837870758369213,1.183281184956728,1.183787075836921,0.0005058908801933715,2.220446049250313e-16,0.05486266919919521,0.10207344458334439,0.019265389082010996,6.39621538036089e-16,9.293489971888975e-16,0.09957572236564137,0.9951020949931355,1.1219485230878273e-15,0.9999999999999627,0.8477194422007627,6.793480183268149e-16,False,True,False,True,True,False,False
up_proj,14,2025,adamw,50,0.0445966855361652,0.044650580076531644,0.0445966855361652,5.389454036644481e-05,0.0,0.39861855261282125,0.2762869807878616,0.03868557508980415,1.4278886282914693e-15,1.5042025253261141e-15,0.27587850530107894,0.9649626447653927,1.8165493407411727e-15,0.9999999999999805,0.8169917789124845,1.4440256942308797e-15,False,True,False,True,True,False,False
up_proj,15,2025,adamw,1,1.3516634657585116,1.3516634657585116,1.3516634657585116,0.0,0.0,2.760000363615324e-15,0.019555836119252275,4.902697134685603e-15,2.5553538914851808e-17,4.902697134685603e-15,0.024367324374951982,0.999703397520351,4.899813482313467e-15,1.0000000000000275,0.7706825624028887,2.1981573007688312e-17,False,True,False,True,True,False,False
up_proj,15,2025,adamw,10,1.2014676695184696,1.2053519008605074,1.20146766951847,0.0038842313420377472,4.440892098500626e-16,0.08622235202869885,0.10538599491070955,0.019967777841855702,8.654057871081805e-16,3.0548145124321603e-15,0.1028230236109533,0.9947598156576178,3.1253395590104053e-15,0.9999999999999682,0.7712773829939341,8.623517386839644e-16,False,True,False,True,True,False,False
up_proj,15,2025,adamw,50,0.04137754058586071,0.04283974419579293,0.0413775405858607,0.001462203609932218,1.3877787807814457e-17,0.8107962325517056,0.2659782658228943,0.040706991945503986,1.652065960481418e-15,2.343009714901763e-15,0.2609958309086233,0.967999089289068,2.4611069042378732e-15,0.9999999999999767,0.8014663546099221,1.649427235925584e-15,False,True,False,True,True,False,False
up_proj,16,2025,adamw,1,1.3228987801098093,1.3228987801098093,1.3228987801098093,0.0,0.0,2.995067087034244e-15,0.018533866669373743,3.0494856971414633e-15,5.796272400802926e-16,3.0494856971414633e-15,0.022342088912380098,0.9997505401798215,3.099838100849766e-15,1.0000000000000329,0.6054289213584813,7.913009149341877e-16,False,True,False,True,True,False,False
up_proj,16,2025,adamw,10,1.1800577982815106,1.1931640197527773,1.1800577982815106,0.013106221471266721,0.0,0.23209598778072668,0.09601972112540522,0.03898101036387492,9.129572898495161e-16,3.0272394720374186e-15,0.0988728254167942,0.9951511280542948,3.1831324441264762e-15,1.0000000000000044,0.5630264657690754,1.0301917511283858e-15,False,True,False,True,True,False,False
up_proj,16,2025,adamw,50,0.04513815681122914,0.05271521741240124,0.04513815681122916,0.007577060601172102,2.0816681711721685e-17,1.3334273073708882,0.2022798475070383,0.09885961034317357,1.8858586631973255e-15,3.830207519357801e-15,0.1994811393611009,0.9800308932436199,3.3347486588871987e-15,0.9999999999999429,0.9776255647710705,1.9258813099255215e-15,False,True,False,True,True,False,False
up_proj,17,2025,adamw,1,1.3019063204863466,1.3019063204863468,1.3019063204863468,2.220446049250313e-16,2.220446049250313e-16,2.6955128849603473e-15,0.02282237276663434,1.4852266953080773e-15,8.323158260609462e-16,1.4852266953080773e-15,0.026658651661032855,0.999644868053825,1.6862981515808733e-15,1.0000000000000369,0.7043132951922166,7.405357926794853e-16,False,True,False,True,True,False,False
up_proj,17,2025,adamw,10,1.1641076824784242,1.1852335818246031,1.1641076824784242,0.021125899346178922,0.0,0.33487961657155507,0.11959049416188705,0.06373423974549725,1.1106829809722762e-15,1.6758250953712846e-15,0.129061258024478,0.9916847664954085,1.995634740051071e-15,0.9999999999999678,0.6464466771861787,1.0415128817386288e-15,False,True,False,True,True,False,False
up_proj,17,2025,adamw,50,0.04621360949642709,0.0603586542012976,0.04621360949642707,0.014145044704870512,2.0816681711721685e-17,1.094449566559676,0.22648979135915667,0.17263139249990267,1.5723473569477485e-15,1.605901034141381e-15,0.23298438097623858,0.9725489379513537,1.9759720471647653e-15,1.000000000000001,1.280459319628537,1.5589257740788959e-15,False,True,False,True,True,False,False
up_proj,18,2025,adamw,1,1.3242115709955666,1.3242115709955664,1.3242115709955664,2.220446049250313e-16,2.220446049250313e-16,3.411952401996553e-15,0.022988602231827176,4.56627557781355e-15,1.1071631151810508e-16,4.56627557781355e-15,0.027600994734257922,0.9996190936806852,4.4823014383266336e-15,1.0000000000000036,0.706260829502207,9.413485721602484e-17,False,True,False,True,True,False,False
up_proj,18,2025,adamw,10,1.1811780667975866,1.203045679027002,1.1811780667975866,0.021867612229415467,0.0,0.3103858842775779,0.1198453579120227,0.06124378396969369,8.257349404233285e-16,4.466814148581683e-15,0.12793572955898416,0.9918548337843274,4.489892635743825e-15,0.9999999999999643,0.6574855271607759,8.41671620985953e-16,False,True,False,True,True,False,False
up_proj,18,2025,adamw,50,0.043788719155571726,0.05950068660008267,0.04378871915557169,0.015711967444510942,3.469446951953614e-17,1.1167384894598307,0.2377510511668078,0.17629280051157983,1.4461030986934746e-15,2.95073929964573e-15,0.24336255669626877,0.9699360212327792,2.8289594879091137e-15,0.99999999999997,1.132279515224144,1.4688834560210456e-15,False,True,False,True,True,False,False
up_proj,19,2025,adamw,1,1.341555641391512,1.3415556413915117,1.3415556413915117,2.220446049250313e-16,2.220446049250313e-16,3.076099046540405e-15,0.023872834719118892,4.19574266061852e-15,9.132992750108033e-17,4.19574266061852e-15,0.029750679776991508,0.9995574025366777,4.167574158236528e-15,1.0000000000000218,0.7081058861088376,8.61311762964647e-17,False,True,False,True,True,False,False
up_proj,19,2025,adamw,10,1.1977682499590965,1.2256949987026802,1.1977682499590965,0.027926748743583696,0.0,0.38023616205067184,0.12358395470001739,0.08067041454692997,1.0746752009542671e-15,4.0174798151509375e-15,0.14091726906128538,0.9900673512280127,4.164263374245658e-15,1.0000000000000164,0.6391320570863246,1.0787098942183887e-15,False,True,False,True,True,False,False
up_proj,19,2025,adamw,50,0.051165173427256294,0.0754129375783661,0.05116517342725634,0.02424776415110981,4.85722573273506e-17,0.963509060200679,0.221493215388697,0.2454535552653777,2.1205096457821188e-15,3.2464594830264877e-15,0.2577297262139047,0.9678100195556062,3.2197893702426176e-15,0.999999999999978,1.4555145114949741,2.118622592582805e-15,False,True,False,True,True,False,False
up_proj,20,2025,adamw,1,1.3734257965736552,1.3734257965736552,1.3734257965736552,0.0,0.0,2.6003241984807514e-15,0.024616857668842626,1.5793573066701445e-15,2.223897970357086e-16,1.5793573066701445e-15,0.029445545871417893,0.9995664304950775,1.567348925435141e-15,0.9999999999999873,0.7275021486089375,2.448865759674532e-16,False,True,False,True,True,False,False
up_proj,20,2025,adamw,10,1.231784503729366,1.2627589571830955,1.231784503729366,0.03097445345372951,0.0,0.3935730064409677,0.12573696434633858,0.08873458591422767,7.789363502077295e-16,1.7850201235086055e-15,0.14807521384251826,0.989008227098549,1.9248095607142626e-15,0.999999999999997,0.6609510244152408,7.773791800736493e-16,False,True,False,True,True,False,False
up_proj,20,2025,adamw,50,0.0417823965765882,0.07601862373973475,0.0417823965765882,0.03423622716314655,0.0,1.0065486188640322,0.21508603960325956,0.27459635006351135,1.3767076392932186e-15,1.7709203277417093e-15,0.2678218317344587,0.9673041852003098,1.9568274230900182e-15,1.0000000000000087,0.9471591349355534,1.3771185030097286e-15,False,True,False,True,True,False,False
up_proj,21,2025,adamw,1,1.379971115497453,1.379971115497453,1.379971115497453,0.0,0.0,2.6769882257057312e-15,0.02789087163967867,2.4306173202911012e-15,1.428626054157331e-15,2.4306173202911012e-15,0.03487058432788475,0.9993922988152344,2.7966223591701373e-15,0.9999999999999796,1.9922601421517334,1.5804644941048768e-15,False,True,False,True,True,False,False
up_proj,21,2025,adamw,10,1.2294729728063198,1.260631272550192,1.2294729728063198,0.031158299743872186,0.0,0.40626103828894305,0.15365602309670243,0.0959946925080063,1.6763778931717149e-15,2.5818089987729034e-15,0.17481918033550226,0.9847087048151392,3.056881118330218e-15,0.9999999999999968,1.537904658523889,1.820959476012745e-15,False,True,False,True,True,False,False
up_proj,21,2025,adamw,50,0.04328303786612457,0.08892603656108128,0.04328303786612457,0.04564299869495671,0.0,0.9443412431190829,0.33037286836780916,0.304080294219724,2.3683808232807907e-15,2.1962584736537724e-15,0.37264696984438506,0.9298598242555096,2.8533903400715658e-15,1.0000000000000067,2.4323997740113557,2.4558516006335606e-15,False,True,False,True,True,False,False
up_proj,22,2025,adamw,1,1.3925403420691176,1.3925403420691174,1.3925403420691174,2.220446049250313e-16,2.220446049250313e-16,2.6301027959921012e-15,0.025839941741111667,2.6693841102536902e-15,2.2978898453547918e-16,2.6693841102536902e-15,0.03201309129683096,0.9994877766456853,2.6963347050236016e-15,1.0000000000000493,3278.3916700560894,2.5216873477906836e-16,False,True,False,True,True,False,False
up_proj,22,2025,adamw,10,1.2400179507288043,55.18415590116335,1.2400179507288043,53.944137950434545,0.0,1.0013272974653333,0.27200576706905455,0.39472254628899095,9.013061973981925e-16,2.652642966352286e-15,0.46403536550104224,0.8884272238568746,2.829508343187444e-15,0.9999999999999709,288898.2086136537,8.847595738457109e-16,False,True,False,True,True,False,False
up_proj,22,2025,adamw,50,0.04979553534439816,2.545296688613311,0.04979553534439816,2.4955011532689126,0.0,1.0001923579931755,0.7038916538340901,1.0898664172772448,1.6845881649925087e-15,2.2635549969559697e-15,1.0415668116096493,0.11851647211106017,2.3908971239443806e-15,1.0000000000000402,70974.88421218471,1.6769658476531351e-15,False,True,False,True,True,False,False
up_proj,23,2025,adamw,1,1.3542162253419427,1.3542162253419427,1.3542162253419427,0.0,0.0,2.5868590638305707e-15,0.02996288809924584,2.7862766249728665e-15,3.937554760889679e-16,2.7862766249728665e-15,0.03614997735246379,0.9993465351412592,2.8843945335713783e-15,1.0000000000000293,819.7910462374252,3.576395170003925e-16,False,True,False,True,True,False,False
up_proj,23,2025,adamw,10,1.2145959127162627,23.018390254087077,1.2145959127162629,21.803794341370814,2.220446049250313e-16,1.002709753477179,0.26283499905737934,0.36885942864303817,9.740215642215514e-16,2.774488188374754e-15,0.4389538928412887,0.9012653306256144,2.993102976813462e-15,1.0000000000000049,12265.194812970984,9.406984523876263e-16,False,True,False,True,True,False,False
up_proj,23,2025,adamw,50,0.04206616217392225,1.413047949085226,0.0420661621739223,1.3709817869113037,4.85722573273506e-17,0.9977920180647191,0.7004178955459458,1.0459330027874225,2.5357063880673872e-15,3.2182950101841694e-15,1.0211720328750378,0.16061400473956977,3.266465679289195e-15,1.0000000000000384,25991.983602184744,2.4781001942180165e-15,False,True,False,True,True,False,False
down_proj,0,2025,adamw,1,2.5884760991573654,2.588476099157365,2.588476099157365,4.440892098500626e-16,4.440892098500626e-16,3.0603059777323978e-15,1.7854414123354087e-15,1.5345024348080932e-16,1.7854414123354087e-15,1.5345024348080932e-16,1.824504525998354e-15,1.0000000000000215,1.824504525998354e-15,1.0000000000000215,3.060917573878804e-15,3.060917573878804e-15,True,True,True,True,False,False,False
down_proj,0,2025,adamw,10,2.186583079664995,2.186583079664995,2.186583079664995,0.0,0.0,3.9744979773246145e-14,1.9496932047968026e-15,1.3760633079128893e-15,1.9496932047968026e-15,1.3760633079128893e-15,2.4089802902678702e-15,1.000000000000013,2.4089802902678702e-15,1.000000000000013,1.616829291193914e-14,1.616829291193914e-14,True,True,True,True,False,False,False
down_proj,0,2025,adamw,50,0.1901396175944615,0.19013961759446343,0.19013961759446343,1.942890293094024e-15,1.942890293094024e-15,1.390630804040301e-12,4.579062944478816e-15,1.4428794284594358e-14,4.579062944478816e-15,1.4428794284594358e-14,1.4531195933008996e-14,1.000000000000018,1.4531195933008996e-14,1.000000000000018,5.71484479076429e-13,5.71484479076429e-13,True,True,True,True,False,False,False
down_proj,1,2025,adamw,1,2.485883135225211,2.4858831352252118,2.4858831352252118,8.881784197001252e-16,8.881784197001252e-16,3.6441783543146955e-15,3.302175527889685e-15,5.686376658459929e-17,3.302175527889685e-15,5.686376658459929e-17,3.3912314289461325e-15,1.0000000000000093,3.3912314289461325e-15,1.0000000000000093,3.645268323617216e-15,3.645268323617216e-15,True,True,True,True,False,False,False
down_proj,1,2025,adamw,10,2.1002885994496747,2.1002885994496747,2.1002885994496747,0.0,0.0,3.1618854338920974e-14,3.4303749866002833e-15,1.3460907276877383e-15,3.4303749866002833e-15,1.3460907276877383e-15,3.760784333887856e-15,1.0000000000000169,3.760784333887856e-15,1.0000000000000169,1.527152497437977e-14,1.527152497437977e-14,True,True,True,True,False,False,False
down_proj,1,2025,adamw,50,0.137500792559721,0.1375007925597208,0.1375007925597208,1.942890293094024e-16,1.942890293094024e-16,1.5246305250935112e-12,4.098144630936801e-15,4.941461833767606e-15,4.098144630936801e-15,4.941461833767606e-15,6.300920965168324e-15,0.9999999999999789,6.300920965168324e-15,0.9999999999999789,7.293706998618169e-13,7.293706998618169e-13,True,True,True,True,False,False,False
down_proj,2,2025,adamw,1,2.5015118815340665,2.5015118815340665,2.5015118815340665,0.0,0.0,3.5434606050477703e-15,1.6922054107692413e-15,6.262700100297117e-17,1.6922054107692413e-15,6.262700100297117e-17,1.7011112535776535e-15,1.0000000000000053,1.7011112535776535e-15,1.0000000000000053,3.5435774669325624e-15,3.5435774669325624e-15,True,True,True,True,False,False,False
down_proj,2,2025,adamw,10,2.1523392011539086,2.1523392011539095,2.1523392011539095,8.881784197001252e-16,8.881784197001252e-16,2.7049880917541854e-14,1.9608858971666693e-15,1.4155673491290168e-15,1.9608858971666693e-15,1.4155673491290168e-15,2.4505866162016845e-15,1.0000000000000318,2.4505866162016845e-15,1.0000000000000318,1.369414304256387e-14,1.369414304256387e-14,True,True,True,True,False,False,False
down_proj,2,2025,adamw,50,0.18919213554957845,0.18919213554958048,0.18919213554958048,2.0261570199409107e-15,2.0261570199409107e-15,7.913028264913296e-13,3.295671855229132e-15,8.170118412796774e-15,3.295671855229132e-15,8.170118412796774e-15,8.552195469612577e-15,1.0000000000000497,8.552195469612577e-15,1.0000000000000497,4.055625035944607e-13,4.055625035944607e-13,True,True,True,True,False,False,False
down_proj,3,2025,adamw,1,2.4938608969625116,2.4938608969625116,2.4938608969625116,0.0,0.0,2.916042945419961e-15,4.126192261530627e-14,7.67870343817495e-17,4.126192261530627e-14,7.67870343817495e-17,4.0017240573474515e-14,1.0000000000000067,4.0017240573474515e-14,1.0000000000000067,2.9174414518180184e-15,2.9174414518180184e-15,True,True,True,True,False,False,False
down_proj,3,2025,adamw,10,2.154570697268241,2.154570697268241,2.154570697268241,0.0,0.0,5.487990980854226e-14,4.1106815699839416e-14,4.043852645977284e-15,4.1106815699839416e-14,4.043852645977284e-15,4.001662250562352e-14,1.0000000000000067,4.001662250562352e-14,1.0000000000000067,2.19405663351898e-14,2.19405663351898e-14,True,True,True,True,False,False,False
down_proj,3,2025,adamw,50,0.11066842245497191,0.11066842245497176,0.11066842245497176,1.5265566588595902e-16,1.5265566588595902e-16,1.0134562745927786e-12,4.01514806268897e-14,1.7161589376142616e-14,4.01514806268897e-14,1.7161589376142616e-14,4.2723188401413323e-14,1.0000000000000386,4.2723188401413323e-14,1.0000000000000386,5.488030452029761e-13,5.488030452029761e-13,True,True,True,True,False,False,False
down_proj,4,2025,adamw,1,2.529543656679442,2.529543656679442,2.529543656679442,0.0,0.0,3.108833823314834e-15,4.563644230987389e-16,7.721645565023123e-17,4.563644230987389e-16,7.721645565023123e-17,4.645470385293077e-16,1.0000000000000007,4.645470385293077e-16,1.0000000000000007,3.1095313202588458e-15,3.1095313202588458e-15,True,True,True,True,False,False,False
down_proj,4,2025,adamw,10,2.1464038732460673,2.1464038732460673,2.1464038732460673,0.0,0.0,4.0806916188716403e-14,9.770957449391907e-16,1.4474612300986082e-15,9.770957449391907e-16,1.4474612300986082e-15,1.7614411232208596e-15,1.0000000000000107,1.7614411232208596e-15,1.0000000000000107,1.4895018736705318e-14,1.4895018736705318e-14,True,True,True,True,False,False,False
down_proj,4,2025,adamw,50,0.07622458209336168,0.07622458209336178,0.07622458209336178,9.71445146547012e-17,9.71445146547012e-17,1.194441323462185e-12,2.6338325566079837e-15,3.5230237273997996e-15,2.6338325566079837e-15,3.5230237273997996e-15,4.3676742443326365e-15,0.9999999999999569,4.3676742443326365e-15,0.9999999999999569,9.034558134863662e-13,9.034558134863662e-13,True,True,True,True,False,False,False
down_proj,5,2025,adamw,1,2.3817467617190364,2.3817467617190373,2.3817467617190373,8.881784197001252e-16,8.881784197001252e-16,3.752006863966766e-15,1.08041967832816e-14,1.3193283853396082e-17,1.08041967832816e-14,1.3193283853396082e-17,1.0563134331987068e-14,0.999999999999974,1.0563134331987068e-14,0.999999999999974,3.752682104964054e-15,3.752682104964054e-15,True,True,True,True,False,False,False
down_proj,5,2025,adamw,10,2.038338464183979,2.038338464183979,2.038338464183979,0.0,0.0,2.496270859175874e-14,1.0664806614568834e-14,2.1925774874926824e-15,1.0664806614568834e-14,2.1925774874926824e-15,1.0794605480673641e-14,0.9999999999999637,1.0794605480673641e-14,0.9999999999999637,1.515768056190984e-14,1.515768056190984e-14,True,True,True,True,False,False,False
down_proj,5,2025,adamw,50,0.07339499109712433,0.07339499109712438,0.07339499109712438,5.551115123125783e-17,5.551115123125783e-17,1.1626220471992948e-12,1.0957952552802593e-14,4.482371564665471e-15,1.0957952552802593e-14,4.482371564665471e-15,1.1786446782538152e-14,1.000000000000004,1.1786446782538152e-14,1.000000000000004,6.073389694910843e-13,6.073389694910843e-13,True,True,True,True,False,False,False
down_proj,6,2025,adamw,1,2.6490285920580883,2.6490285920580883,2.6490285920580883,0.0,0.0,4.19931091970569e-15,1.992330368492325e-14,1.0766305049602028e-15,1.992330368492325e-14,1.0766305049602028e-15,2.0560486955943646e-14,0.9999999999999802,2.0560486955943646e-14,0.9999999999999802,4.200241326321764e-15,4.200241326321764e-15,True,True,True,True,False,False,False
down_proj,6,2025,adamw,10,2.218565358175147,2.218565358175147,2.218565358175147,0.0,0.0,3.774463705957494e-14,2.013682771499512e-14,2.8626611664239658e-15,2.013682771499512e-14,2.8626611664239658e-15,2.0959918713084563e-14,0.9999999999999515,2.0959918713084563e-14,0.9999999999999515,2.328154492027014e-14,2.328154492027014e-14,True,True,True,True,False,False,False
down_proj,6,2025,adamw,50,0.09796583931501601,0.0979658393150158,0.0979658393150158,2.0816681711721685e-16,2.0816681711721685e-16,2.0301242310482637e-12,2.0501392804869013e-14,1.2986456214977651e-14,2.0501392804869013e-14,1.2986456214977651e-14,2.4567996842389186e-14,0.9999999999999918,2.4567996842389186e-14,0.9999999999999918,1.2232551137615504e-12,1.2232551137615504e-12,True,True,True,True,False,False,False
down_proj,7,2025,adamw,1,2.709616142349584,2.7096161423495846,2.7096161423495846,4.440892098500626e-16,4.440892098500626e-16,3.610532220946958e-15,8.99315819754317e-16,1.9954545481431236e-17,8.99315819754317e-16,1.9954545481431236e-17,9.110628482231268e-16,0.9999999999999944,9.110628482231268e-16,0.9999999999999944,3.611428459898674e-15,3.611428459898674e-15,True,True,True,True,False,False,False
down_proj,7,2025,adamw,10,2.298739987105843,2.2987399871058436,2.2987399871058436,4.440892098500626e-16,4.440892098500626e-16,3.2266346482911066e-14,1.2579176394078019e-15,1.3548216204221e-15,1.2579176394078019e-15,1.3548216204221e-15,1.8624089809446696e-15,1.0000000000000207,1.8624089809446696e-15,1.0000000000000207,1.2819009217196831e-14,1.2819009217196831e-14,True,True,True,True,False,False,False
down_proj,7,2025,adamw,50,0.13992207127948225,0.13992207127948322,0.13992207127948322,9.71445146547012e-16,9.71445146547012e-16,9.093797762342521e-13,3.087622448210165e-15,4.99986026146751e-15,3.087622448210165e-15,4.99986026146751e-15,5.766348287842195e-15,0.9999999999999525,5.766348287842195e-15,0.9999999999999525,4.4405626877038255e-13,4.4405626877038255e-13,True,True,True,True,False,False,False
down_proj,8,2025,adamw,1,2.710726098700746,2.710726098700746,2.710726098700746,0.0,0.0,3.4104923688225268e-15,3.72238373254289e-16,3.3365925816939085e-17,3.72238373254289e-16,3.3365925816939085e-17,3.755809783535885e-16,1.0000000000000189,3.755809783535885e-16,1.0000000000000189,3.411472246852061e-15,3.411472246852061e-15,True,True,True,True,False,False,False
down_proj,8,2025,adamw,10,2.3006768469375936,2.3006768469375936,2.3006768469375936,0.0,0.0,2.447479946180286e-14,1.0030034992632856e-15,1.307210527161722e-15,1.0030034992632856e-15,1.307210527161722e-15,1.6600496268580643e-15,0.9999999999999731,1.6600496268580643e-15,0.9999999999999731,1.3668961037035408e-14,1.3668961037035408e-14,True,True,True,True,False,False,False
down_proj,8,2025,adamw,50,0.0761323410102339,0.07613234101023403,0.07613234101023403,1.249000902703301e-16,1.249000902703301e-16,1.2112485977299051e-12,2.8126381040355223e-15,4.194232305997285e-15,2.8126381040355223e-15,4.194232305997285e-15,5.015931685975246e-15,0.999999999999933,5.015931685975246e-15,0.999999999999933,6.22348200367611e-13,6.22348200367611e-13,True,True,True,True,False,False,False
down_proj,9,2025,adamw,1,2.6497786769656506,2.6497786769656515,2.6497786769656515,8.881784197001252e-16,8.881784197001252e-16,2.8170109982776494e-15,2.4426934124444193e-16,5.28690462624851e-16,2.4426934124444193e-16,5.28690462624851e-16,5.840306438260679e-16,1.0000000000000158,5.840306438260679e-16,1.0000000000000158,2.817494401488066e-15,2.817494401488066e-15,True,True,True,True,False,False,False
down_proj,9,2025,adamw,10,2.260577280196255,2.260577280196255,2.260577280196255,0.0,0.0,2.7300853608312498e-14,8.699601181807551e-16,1.453887804634146e-15,8.699601181807551e-16,1.453887804634146e-15,1.7121666289292515e-15,0.9999999999999686,1.7121666289292515e-15,0.9999999999999686,1.5978671036356603e-14,1.5978671036356603e-14,True,True,True,True,False,False,False
down_proj,9,2025,adamw,50,0.08404379291547666,0.08404379291547663,0.08404379291547663,2.7755575615628914e-17,2.7755575615628914e-17,1.1479579176672748e-12,2.6883891012150162e-15,3.1278338536423162e-15,2.6883891012150162e-15,3.1278338536423162e-15,4.105632321043163e-15,0.9999999999999323,4.105632321043163e-15,0.9999999999999323,6.799943336534921e-13,6.799943336534921e-13,True,True,True,True,False,False,False
down_proj,10,2025,adamw,1,2.5748065263565416,2.5748065263565407,2.5748065263565407,8.881784197001252e-16,8.881784197001252e-16,2.794339854856083e-15,6.383412489476632e-14,6.518820122396226e-17,6.383412489476632e-14,6.518820122396226e-17,6.612301769714997e-14,0.9999999999999595,6.612301769714997e-14,0.9999999999999595,2.794837947951757e-15,2.794837947951757e-15,True,True,True,True,False,False,False
down_proj,10,2025,adamw,10,2.250103443723631,2.2501034437236296,2.2501034437236296,1.3322676295501878e-15,1.3322676295501878e-15,5.6616516708415336e-14,6.358514060602562e-14,7.761957496581482e-15,6.358514060602562e-14,7.761957496581482e-15,6.617015000617102e-14,1.0000000000000024,6.617015000617102e-14,1.0000000000000024,5.90280144199433e-14,5.90280144199433e-14,True,True,True,True,False,False,False
down_proj,10,2025,adamw,50,0.19602309811606394,0.19602309811605906,0.19602309811605906,4.884981308350689e-15,4.884981308350689e-15,1.1942888515066605e-12,6.252022325984125e-14,3.332818634612468e-14,6.252022325984125e-14,3.332818634612468e-14,7.31920911839631e-14,1.0000000000000284,7.31920911839631e-14,1.0000000000000284,5.393799602612894e-13,5.393799602612894e-13,True,True,True,True,False,False,False
down_proj,11,2025,adamw,1,2.6349228008972125,2.6349228008972125,2.6349228008972125,0.0,0.0,2.8068489169170725e-15,3.661308938392248e-15,9.516832453323931e-15,3.661308938392248e-15,9.516832453323931e-15,1.0224247550633883e-14,0.9999999999999809,1.0224247550633883e-14,0.9999999999999809,2.808641037311869e-15,2.808641037311869e-15,True,True,True,True,False,False,False
down_proj,11,2025,adamw,10,2.2319773066076163,2.231977306607616,2.231977306607616,4.440892098500626e-16,4.440892098500626e-16,3.614257216944384e-14,4.026326776243615e-15,9.857590357642185e-15,4.026326776243615e-15,9.857590357642185e-15,1.0646250804663137e-14,1.0000000000000089,1.0646250804663137e-14,1.0000000000000089,1.7094101090691842e-14,1.7094101090691842e-14,True,True,True,True,False,False,False
down_proj,11,2025,adamw,50,0.08402105162413716,0.08402105162413707,0.08402105162413707,8.326672684688674e-17,8.326672684688674e-17,1.6760199732580414e-12,5.595146797964654e-15,1.1855810768049178e-14,5.595146797964654e-15,1.1855810768049178e-14,1.26404830141155e-14,1.0000000000000022,1.26404830141155e-14,1.0000000000000022,9.034351217573165e-13,9.034351217573165e-13,True,True,True,True,False,False,False
down_proj,12,2025,adamw,1,2.7776907082296853,2.777690708229686,2.777690708229686,4.440892098500626e-16,4.440892098500626e-16,3.3375702403572908e-15,2.170450596177575e-16,6.341540733990543e-15,2.170450596177575e-16,6.341540733990543e-15,6.424735720510751e-15,0.9999999999999776,6.424735720510751e-15,0.9999999999999776,3.337684258733872e-15,3.337684258733872e-15,True,True,True,True,False,False,False
down_proj,12,2025,adamw,10,2.375805068158646,2.375805068158646,2.375805068158646,0.0,0.0,3.355920410057404e-14,1.3203824944120577e-15,6.730390486956765e-15,1.3203824944120577e-15,6.730390486956765e-15,6.9395620303842564e-15,0.999999999999985,6.9395620303842564e-15,0.999999999999985,1.8126252231163824e-14,1.8126252231163824e-14,True,True,True,True,False,False,False
down_proj,12,2025,adamw,50,0.087311954012773,0.08731195401277347,0.08731195401277347,4.718447854656915e-16,4.718447854656915e-16,1.7631220576404848e-12,3.323192047702552e-15,7.947210147413832e-15,3.323192047702552e-15,7.947210147413832e-15,8.320289635379663e-15,0.9999999999999349,8.320289635379663e-15,0.9999999999999349,6.511419930625325e-13,6.511419930625325e-13,True,True,True,True,False,False,False
down_proj,13,2025,adamw,1,2.743409202776788,2.743409202776788,2.743409202776788,0.0,0.0,3.2850954793735605e-15,9.871527758332627e-16,1.741186841094469e-16,9.871527758332627e-16,1.741186841094469e-16,1.0175794979310767e-15,1.000000000000027,1.0175794979310767e-15,1.000000000000027,3.2855697697354763e-15,3.2855697697354763e-15,True,True,True,True,False,False,False
down_proj,13,2025,adamw,10,2.349594300834252,2.349594300834252,2.349594300834252,0.0,0.0,1.9860974639043946e-14,1.3491979747576804e-15,1.4488089905717892e-15,1.3491979747576804e-15,1.4488089905717892e-15,1.996173558312744e-15,1.0000000000000218,1.996173558312744e-15,1.0000000000000218,1.4062279665614986e-14,1.4062279665614986e-14,True,True,True,True,False,False,False
down_proj,13,2025,adamw,50,0.10600972218650394,0.10600972218650394,0.10600972218650394,0.0,0.0,1.036687523371121e-12,2.511599153598147e-15,6.304226011918078e-15,2.511599153598147e-15,6.304226011918078e-15,6.591883055045411e-15,1.0000000000000007,6.591883055045411e-15,1.0000000000000007,4.886111077894208e-13,4.886111077894208e-13,True,True,True,True,False,False,False
down_proj,14,2025,adamw,1,2.7535029343780355,2.753502934378035,2.753502934378035,4.440892098500626e-16,4.440892098500626e-16,2.830156271894597e-15,3.5613543385465754e-14,1.4243670125053996e-16,3.5613543385465754e-14,1.4243670125053996e-16,3.4507666000465725e-14,1.0000000000000118,3.4507666000465725e-14,1.0000000000000118,2.8310569483345123e-15,2.8310569483345123e-15,True,True,True,True,False,False,False
down_proj,14,2025,adamw,10,2.327048103013412,2.3270481030134116,2.3270481030134116,4.440892098500626e-16,4.440892098500626e-16,4.2987148692987614e-14,3.536732743122616e-14,3.907048908463379e-15,3.536732743122616e-14,3.907048908463379e-15,3.4365365211082036e-14,1.0000000000000275,3.4365365211082036e-14,1.0000000000000275,2.5668607107220924e-14,2.5668607107220924e-14,True,True,True,True,False,False,False
down_proj,14,2025,adamw,50,0.07948889700093652,0.07948889700093664,0.07948889700093664,1.249000902703301e-16,1.249000902703301e-16,7.827362588572408e-13,3.47057386070884e-14,1.2743762208757505e-14,3.47057386070884e-14,1.2743762208757505e-14,3.684085552556518e-14,0.9999999999999831,3.684085552556518e-14,0.9999999999999831,1.0030528429724856e-12,1.0030528429724856e-12,True,True,True,True,False,False,False
down_proj,15,2025,adamw,1,2.831722142464955,2.831722142464956,2.831722142464956,8.881784197001252e-16,8.881784197001252e-16,3.2256332170890876e-15,6.841870555054885e-14,7.871366474847352e-17,6.841870555054885e-14,7.871366474847352e-17,6.643348581422152e-14,0.9999999999999573,6.643348581422152e-14,0.9999999999999573,3.226608880749644e-15,3.226608880749644e-15,True,True,True,True,False,False,False
down_proj,15,2025,adamw,10,2.4225104249341327,2.4225104249341345,2.4225104249341345,1.7763568394002505e-15,1.7763568394002505e-15,1.0450869750766139e-13,6.82146996962912e-14,9.580777626026661e-15,6.82146996962912e-14,9.580777626026661e-15,6.75276455552179e-14,0.9999999999999856,6.75276455552179e-14,0.9999999999999856,6.304466111327889e-14,6.304466111327889e-14,True,True,True,True,False,False,False
down_proj,15,2025,adamw,50,0.13811844825058228,0.1381184482505844,0.1381184482505844,2.1094237467877974e-15,2.1094237467877974e-15,1.6666594192274572e-12,6.724448482167772e-14,4.0386580211467635e-14,6.724448482167772e-14,4.0386580211467635e-14,7.506939074823076e-14,1.0000000000000253,7.506939074823076e-14,1.0000000000000253,8.671779342017013e-13,8.671779342017013e-13,True,True,True,True,False,False,False
down_proj,16,2025,adamw,1,2.691446009920676,2.6914460099206754,2.6914460099206754,4.440892098500626e-16,4.440892098500626e-16,3.5002373517371505e-15,6.3284658932422814e-15,2.1233032328732966e-16,6.3284658932422814e-15,2.1233032328732966e-16,6.248186289563471e-15,1.0000000000000067,6.248186289563471e-15,1.0000000000000067,3.5007489727762237e-15,3.5007489727762237e-15,True,True,True,True,False,False,False
down_proj,16,2025,adamw,10,2.3326674007684454,2.3326674007684454,2.3326674007684454,0.0,0.0,3.03121288331687e-14,6.408801172233993e-15,1.659217679433255e-15,6.408801172233993e-15,1.659217679433255e-15,6.5807192419553735e-15,1.0000000000000129,6.5807192419553735e-15,1.0000000000000129,1.5906798772396467e-14,1.5906798772396467e-14,True,True,True,True,False,False,False
down_proj,16,2025,adamw,50,0.0932294863679583,0.09322948636795823,0.09322948636795823,6.938893903907228e-17,6.938893903907228e-17,8.046555985765155e-13,6.944264056616755e-15,5.936727491792656e-15,6.944264056616755e-15,5.936727491792656e-15,8.767380718324702e-15,1.0000000000000049,8.767380718324702e-15,1.0000000000000049,7.393721182950612e-13,7.393721182950612e-13,True,True,True,True,False,False,False
down_proj,17,2025,adamw,1,2.6007911766781,2.6007911766781,2.6007911766781,0.0,0.0,3.3710310727994473e-15,2.026496624071063e-15,2.1376938979014497e-14,2.026496624071063e-15,2.1376938979014497e-14,2.150052738804207e-14,0.999999999999978,2.150052738804207e-14,0.999999999999978,3.3717032024050047e-15,3.3717032024050047e-15,True,True,True,True,False,False,False
down_proj,17,2025,adamw,10,2.1906797422318234,2.190679742231822,2.190679742231822,1.3322676295501878e-15,1.3322676295501878e-15,4.184873176054854e-14,3.619638612563897e-15,2.220803933210288e-14,3.619638612563897e-15,2.220803933210288e-14,2.2465739298680442e-14,1.0000000000000249,2.2465739298680442e-14,1.0000000000000249,3.3649040379990085e-14,3.3649040379990085e-14,True,True,True,True,False,False,False
down_proj,17,2025,adamw,50,0.11268740110345546,0.11268740110345465,0.11268740110345465,8.049116928532385e-16,8.049116928532385e-16,1.130457864028871e-12,6.328422917887786e-15,2.7860441914124394e-14,6.328422917887786e-15,2.7860441914124394e-14,2.7300860647409563e-14,0.9999999999999745,2.7300860647409563e-14,0.9999999999999745,1.1246362274517615e-12,1.1246362274517615e-12,True,True,True,True,False,False,False
down_proj,18,2025,adamw,1,2.8071014243953774,2.8071014243953765,2.8071014243953765,8.881784197001252e-16,8.881784197001252e-16,3.647156682731262e-15,2.1284052188781572e-15,5.747453324035451e-17,2.1284052188781572e-15,5.747453324035451e-17,2.0731964013594256e-15,0.9999999999999838,2.0731964013594256e-15,0.9999999999999838,3.64805280397641e-15,3.64805280397641e-15,True,True,True,True,False,False,False
down_proj,18,2025,adamw,10,2.377187119658975,2.377187119658974,2.377187119658974,8.881784197001252e-16,8.881784197001252e-16,4.112314940762004e-14,2.4917846152912924e-15,1.4025434896636122e-15,2.4917846152912924e-15,1.4025434896636122e-15,2.8333963642448524e-15,1.0000000000000289,2.8333963642448524e-15,1.0000000000000289,2.1107154497266353e-14,2.1107154497266353e-14,True,True,True,True,False,False,False
down_proj,18,2025,adamw,50,0.10846560902621045,0.10846560902621052,0.10846560902621052,6.938893903907228e-17,6.938893903907228e-17,1.094044365154942e-12,4.09629791020594e-15,4.799204203830787e-15,4.09629791020594e-15,4.799204203830787e-15,6.232243068057061e-15,0.9999999999999903,6.232243068057061e-15,0.9999999999999903,9.425102189411511e-13,9.425102189411511e-13,True,True,True,True,False,False,False
down_proj,19,2025,adamw,1,2.869434676338033,2.869434676338033,2.869434676338033,0.0,0.0,3.4772887373943723e-15,2.5395360028540118e-15,1.5491831427603183e-15,2.5395360028540118e-15,1.5491831427603183e-15,3.002962944822345e-15,0.9999999999999769,3.002962944822345e-15,0.9999999999999769,3.4780637532275756e-15,3.4780637532275756e-15,True,True,True,True,False,False,False
down_proj,19,2025,adamw,10,2.4503473969236853,2.4503473969236853,2.4503473969236853,0.0,0.0,3.709260484526731e-14,2.7459903424314162e-15,2.153158301173544e-15,2.7459903424314162e-15,2.153158301173544e-15,3.5166074339762244e-15,1.0000000000000382,3.5166074339762244e-15,1.0000000000000382,1.7519649183440958e-14,1.7519649183440958e-14,True,True,True,True,False,False,False
down_proj,19,2025,adamw,50,0.07845015360623475,0.07845015360623472,0.07845015360623472,2.7755575615628914e-17,2.7755575615628914e-17,1.471116962708373e-12,3.870347913115498e-15,3.328670925891831e-15,3.870347913115498e-15,3.328670925891831e-15,5.0284666352803675e-15,1.0000000000000033,5.0284666352803675e-15,1.0000000000000033,8.390632682225778e-13,8.390632682225778e-13,True,True,True,True,False,False,False
down_proj,20,2025,adamw,1,2.8479125691909437,2.8479125691909437,2.8479125691909437,0.0,0.0,3.748789553554578e-15,7.024202925800391e-14,4.89566635993983e-14,7.024202925800391e-14,4.89566635993983e-14,8.608106660194793e-14,1.0000000000000022,8.608106660194793e-14,1.0000000000000022,3.749545965337419e-15,3.749545965337419e-15,True,True,True,True,False,False,False
down_proj,20,2025,adamw,10,2.4257214509895055,2.425721450989504,2.425721450989504,1.3322676295501878e-15,1.3322676295501878e-15,9.490732719375878e-14,7.024961068691334e-14,5.041167615283487e-14,7.024961068691334e-14,5.041167615283487e-14,8.646484752799783e-14,1.0000000000000142,8.646484752799783e-14,1.0000000000000142,9.459512090438796e-14,9.459512090438796e-14,True,True,True,True,False,False,False
down_proj,20,2025,adamw,50,0.08657957767291592,0.08657957767291823,0.08657957767291823,2.3037127760972e-15,2.3037127760972e-15,1.5586198887615104e-12,6.973739458500744e-14,6.671276896253637e-14,6.973739458500744e-14,6.671276896253637e-14,9.485110843265707e-14,1.0000000000000604,9.485110843265707e-14,1.0000000000000604,7.996339364669759e-13,7.996339364669759e-13,True,True,True,True,False,False,False
down_proj,21,2025,adamw,1,2.987018985750807,2.9870189857508067,2.9870189857508067,4.440892098500626e-16,4.440892098500626e-16,4.155234680085036e-15,2.3188732200942504e-14,3.6683949753367214e-16,2.3188732200942504e-14,3.6683949753367214e-16,2.3571278606996355e-14,1.000000000000023,2.3571278606996355e-14,1.000000000000023,4.1554279896133605e-15,4.1554279896133605e-15,True,True,True,True,False,False,False
down_proj,21,2025,adamw,10,2.511179885519504,2.5111798855195038,2.5111798855195038,4.440892098500626e-16,4.440892098500626e-16,4.7234168714670334e-14,2.2971659814130998e-14,2.081045092864008e-15,2.2971659814130998e-14,2.081045092864008e-15,2.3338360926635163e-14,1.0000000000000253,2.3338360926635163e-14,1.0000000000000253,2.25307994358481e-14,2.25307994358481e-14,True,True,True,True,False,False,False
down_proj,21,2025,adamw,50,0.10113322173721044,0.10113322173721058,0.10113322173721058,1.3877787807814457e-16,1.3877787807814457e-16,1.4839646654615196e-12,2.2524932606293687e-14,6.985733241087638e-15,2.2524932606293687e-14,6.985733241087638e-15,2.3728853596919487e-14,0.9999999999999953,2.3728853596919487e-14,0.9999999999999953,9.44242695002928e-13,9.44242695002928e-13,True,True,True,True,False,False,False
down_proj,22,2025,adamw,1,3.170511669245678,3.170511669245678,3.170511669245678,0.0,0.0,2.9203574952429183e-15,1.7281833594715535e-15,8.78678637815381e-17,1.7281833594715535e-15,8.78678637815381e-17,1.706734746229871e-15,0.9999999999999941,1.706734746229871e-15,0.9999999999999941,2.9214726256927276e-15,2.9214726256927276e-15,True,True,True,True,False,False,False
down_proj,22,2025,adamw,10,2.705668180926738,2.705668180926738,2.705668180926738,0.0,0.0,3.627994833890085e-14,1.93224554376966e-15,1.4492754198818846e-15,1.93224554376966e-15,1.4492754198818846e-15,2.4295326993443676e-15,1.0000000000000222,2.4295326993443676e-15,1.0000000000000222,1.6574918758813967e-14,1.6574918758813967e-14,True,True,True,True,False,False,False
down_proj,22,2025,adamw,50,0.1068545932715914,0.10685459327159164,0.10685459327159164,2.3592239273284576e-16,2.3592239273284576e-16,1.1787856161247783e-12,3.380389108035458e-15,5.149043377903136e-15,3.380389108035458e-15,5.149043377903136e-15,5.979828003384109e-15,0.999999999999978,5.979828003384109e-15,0.999999999999978,6.379951373950603e-13,6.379951373950603e-13,True,True,True,True,False,False,False
down_proj,23,2025,adamw,1,2.630136707558924,2.6301367075589237,2.6301367075589237,4.440892098500626e-16,4.440892098500626e-16,2.955827883879532e-15,3.302351128785901e-14,2.087259025360332e-17,3.302351128785901e-14,2.087259025360332e-17,3.428133161353594e-14,0.9999999999999888,3.428133161353594e-14,0.9999999999999888,2.956728000990786e-15,2.956728000990786e-15,True,True,True,True,False,False,False
down_proj,23,2025,adamw,10,2.279260675472554,2.2792606754725537,2.2792606754725537,4.440892098500626e-16,4.440892098500626e-16,4.6032320880480864e-14,3.293790250006941e-14,4.213302401209457e-15,3.293790250006941e-14,4.213302401209457e-15,3.450284678118388e-14,1.0000000000000013,3.450284678118388e-14,1.0000000000000013,3.224217689491089e-14,3.224217689491089e-14,True,True,True,True,False,False,False
down_proj,23,2025,adamw,50,0.1558931829675736,0.15589318296757515,0.15589318296757515,1.5543122344752192e-15,1.5543122344752192e-15,1.6038222231196327e-12,3.2736231100869074e-14,1.123841183393325e-14,3.2736231100869074e-14,1.123841183393325e-14,3.6381555078386536e-14,1.0000000000000133,3.6381555078386536e-14,1.0000000000000133,7.587166290263781e-13,7.587166290263781e-13,True,True,True,True,False,False,False
q_proj,0,7,adamw,1,4.455726459083048,4.455726459083048,4.455726459083048,0.0,0.0,1.870838587971008e-15,0.5002445981548711,0.028619877001843066,2.862719401598433e-15,3.9553344830992644e-15,0.6351131382773981,0.8507359528891973,5.002024154821367e-15,0.9999999999999967,233.9489544262852,1.0094920095777987e-15,False,True,False,False,True,True,False
q_proj,0,7,adamw,10,4.063027903891386,4.309677041649568,4.063027903891386,0.2466491377581823,0.0,1.409124303445247,0.44291674493821614,0.2851749809886951,2.925871741892315e-15,3.95050679044349e-15,0.49395217288572735,0.8718418607158109,4.968116928152154e-15,0.9999999999999826,69.77978842637823,1.627177867938053e-15,False,True,False,False,True,True,False
q_proj,0,7,adamw,50,0.4992665467962431,0.5494495732000948,0.4992665467962428,0.050183026403851694,2.7755575615628914e-16,1.5668660668683634,0.8159646012533753,0.6810692138640958,2.3706753034387083e-15,2.922889074929493e-15,0.7940291630598755,0.6078819568957667,2.9724703641032418e-15,1.0000000000000029,18.66825686374349,2.0684983983604487e-15,False,True,False,False,True,True,False
q_proj,1,7,adamw,1,1.7876155473687576,1.7876155473687578,1.7876155473687578,2.220446049250313e-16,2.220446049250313e-16,2.1917933555201057e-15,0.029896487775460834,0.028989663943186007,3.5230113765738165e-14,1.7924273696241353e-15,0.040655859327736125,0.999175076724399,3.436326107703139e-14,0.9999999999999845,3.0164468120562953,3.3664935375477905e-14,False,True,False,False,True,True,False
q_proj,1,7,adamw,10,1.5231866260516895,1.4741167434308189,1.52318662605169,0.04906988262087064,4.440892098500626e-16,4.001901041188382,0.204006954982873,0.17990375692509789,3.836687726187463e-14,1.1378923484740569e-14,0.26376034471031023,0.9651957479274108,3.847692661226852e-14,1.0000000000000022,1.0283614858412684,3.688993431051161e-14,False,True,False,False,True,True,False
q_proj,1,7,adamw,50,0.06507786381902239,0.05611372666151248,0.06507786381902284,0.008964137157509912,4.440892098500626e-16,3.0812916212844885,0.3786360262968064,0.31516105598892086,3.397475344230987e-14,2.1833800539895335e-14,0.43918485878517277,0.9019542296193881,3.565633237242968e-14,0.9999999999999905,1.010796662657584,3.275028892242012e-14,False,True,False,False,True,True,False
q_proj,2,7,adamw,1,1.632018507976704,1.632018507976704,1.632018507976704,0.0,0.0,1.6725446650326325e-15,0.020507847534274905,0.028683182534664006,2.4497778730562464e-17,5.602490282954497e-17,0.037165460279226764,0.999309308541984,6.97961153703299e-17,0.9999999999999964,0.8289643785861766,2.3252016582652024e-17,False,True,False,False,True,True,False
q_proj,2,7,adamw,10,1.4255999749291128,1.4098096804223386,1.4255999749291128,0.01579029450677427,0.0,0.3897894395307795,0.13474665233443192,0.1572868109239788,4.928645927911842e-16,7.232478039976145e-16,0.20819844645014085,0.9781360853686958,8.831236334249147e-16,0.9999999999999696,0.6977148048611123,4.891205846820588e-16,False,True,False,False,True,True,False
q_proj,2,7,adamw,50,0.056485078612398563,0.05254908904296205,0.056485078612398563,0.003935989569436513,0.0,1.8521925654983205,0.2976263953247933,0.2509249012952767,1.0737822180645574e-15,1.2681653655060861e-15,0.36008679060864396,0.9343883144068785,1.5534408036230282e-15,1.0000000000000027,1.0722355922017082,1.0693760556142867e-15,False,True,False,False,True,True,False
q_proj,3,7,adamw,1,1.517066350679853,1.5170663506798532,1.5170663506798532,2.220446049250313e-16,2.220446049250313e-16,2.278007546073552e-15,0.019593674241749907,0.02741351502945525,6.596245514483383e-17,5.733712033233345e-17,0.03449207421735061,0.9994052600298653,8.981639964706027e-17,0.9999999999999859,0.8976923270232752,9.31786863433058e-17,False,True,False,False,True,True,False
q_proj,3,7,adamw,10,1.2939160171594852,1.276929253031939,1.2939160171594852,0.016986764127546294,0.0,0.3080999573912873,0.13857163548469503,0.15496052527838572,5.283784776656706e-16,6.885451908093678e-16,0.20473196483416806,0.9788210126691594,8.770667406135142e-16,0.9999999999999867,0.8471617944240788,5.486049290444485e-16,False,True,False,False,True,True,False
q_proj,3,7,adamw,50,0.05058104115425342,0.054973473081632696,0.05058104115425341,0.004392431927379273,1.3877787807814457e-17,1.3807077184242398,0.30247198700202227,0.23965056689255124,1.1356121673133817e-15,1.1488844587437763e-15,0.35547759832967124,0.9370782117041798,1.5572888835441092e-15,1.0000000000000262,1.0812884597919759,1.125358607012375e-15,False,True,False,False,True,True,False
q_proj,4,7,adamw,1,1.5212313201411152,1.5212313201411152,1.5212313201411152,0.0,0.0,2.0101725292225934e-15,0.022533652586994628,0.029010326877623623,1.5943424623795514e-16,1.0822760891767126e-16,0.03821788887983255,0.9992698218947544,1.9637301416537288e-16,0.9999999999999974,1.5292399866092552,1.73675153810614e-16,False,True,False,False,True,True,False
q_proj,4,7,adamw,10,1.320028063190595,1.2961448654277028,1.320028063190595,0.02388319776289216,0.0,0.8125754621976335,0.1566704344842404,0.16483574356781316,6.025222410998199e-16,6.472649713267135e-16,0.22735033531686294,0.9738377203080993,8.834033588734667e-16,1.000000000000002,1.156047926577606,6.112009831528442e-16,False,True,False,False,True,True,False
q_proj,4,7,adamw,50,0.04924564576683389,0.06036484243484879,0.04924564576683391,0.011119196668014898,2.0816681711721685e-17,1.9246904080006852,0.38012858244760767,0.31033048789247397,1.0903279828786435e-15,1.430500678805516e-15,0.45071890698069916,0.8982590035580618,1.572366645670193e-15,0.9999999999999944,1.0459243990705427,1.1345735743332723e-15,False,True,False,False,True,True,False
q_proj,5,7,adamw,1,1.4884023248142977,1.4884023248142977,1.4884023248142977,0.0,0.0,2.346796907190565e-15,0.02092451366598031,0.027026849137340266,6.33652450012593e-17,1.1706292252416122e-16,0.03632559046505518,0.9993400109526702,1.335786963111902e-16,0.999999999999977,1.157270954549597,9.023301884063398e-17,False,True,False,False,True,True,False
q_proj,5,7,adamw,10,1.2925158544484527,1.2797860124811327,1.2925158544484527,0.012729841967320077,0.0,0.2199976620507348,0.13970815513675,0.14906585622336646,6.037109838094502e-16,6.929989217308751e-16,0.2035085503951871,0.9791443656123274,9.162519602493304e-16,0.9999999999999888,1.1360038270861512,6.606811075981124e-16,False,True,False,False,True,True,False
q_proj,5,7,adamw,50,0.05006970512145918,0.04545596369380349,0.0500697051214592,0.004613741427655693,2.0816681711721685e-17,1.3819463391652491,0.3399142441181003,0.21794031347415052,1.1912327948687459e-15,1.340562833788263e-15,0.3816707311475904,0.9291750628973988,1.6577805954716662e-15,1.0000000000000027,1.064442812554307,1.2060102147920508e-15,False,True,False,False,True,True,False
q_proj,6,7,adamw,1,1.514370280353511,1.514370280353511,1.514370280353511,0.0,0.0,2.321345885076322e-15,0.017475026289292168,0.027823404765603865,3.034852838461252e-16,5.339180427883939e-16,0.033234245414820604,0.9994477913933688,6.315543341019239e-16,1.0000000000000266,1.1305329728278788,3.177206670968657e-16,False,True,False,False,True,True,False
q_proj,6,7,adamw,10,1.3129276390280529,1.2978475994061671,1.3129276390280527,0.015080039621885755,2.220446049250313e-16,0.346893425853572,0.12182021808697588,0.16166371697835388,7.113819912664889e-16,8.790044368233839e-16,0.20247796623761913,0.9792868195726885,1.1436997755104643e-15,0.9999999999999845,1.0238929516665765,7.177254864431543e-16,False,True,False,False,True,True,False
q_proj,6,7,adamw,50,0.05448127721279981,0.054522553679743645,0.054481277212799786,4.1276466943837575e-05,2.0816681711721685e-17,1.7785920135192372,0.28568839619435865,0.2504217660509221,1.1601263352046286e-15,1.3036420474378735e-15,0.3453676815609062,0.9409208190056704,1.620805002019346e-15,1.0000000000000002,1.3766864470023013,1.1577711602888405e-15,False,True,False,False,True,True,False
q_proj,7,7,adamw,1,1.4978566510602016,1.4978566510602016,1.4978566510602016,0.0,0.0,1.7856700966511897e-15,0.015721631682119964,0.028449276777757368,1.6892058048248126e-15,3.225778700553617e-16,0.03433046577168671,0.9994111554164098,1.685624137179531e-15,1.0000000000000009,0.7595342108515312,1.5246448841071467e-15,False,True,False,False,True,True,False
q_proj,7,7,adamw,10,1.3011339347127322,1.2997570465072723,1.301133934712732,0.0013768882054598919,2.220446049250313e-16,0.07403368392992467,0.10271188516444232,0.15863328343819982,1.6857900800137722e-15,8.457390972218932e-16,0.1875500571230301,0.9822551825876294,1.8589785133048254e-15,1.0000000000000229,0.8414893717536778,1.5475864493581218e-15,False,True,False,False,True,True,False
q_proj,7,7,adamw,50,0.04691681337362964,0.05117977148754725,0.0469168133736296,0.004262958113917609,4.163336342344337e-17,0.7916737902486299,0.23671938055457242,0.23768734443723885,1.75041279274266e-15,1.4613926396785334e-15,0.30280825334530503,0.9540037379225723,2.064627916547662e-15,0.999999999999992,0.921421553184476,1.6950427643648196e-15,False,True,False,False,True,True,False
q_proj,8,7,adamw,1,1.654176379069742,1.6541763790697415,1.6541763790697415,4.440892098500626e-16,4.440892098500626e-16,1.6488373968762186e-15,0.022975776900508612,0.02847149629712479,5.5260755361466146e-17,1.3761521703719114e-16,0.03841727337533077,0.99926234192873,1.5201072668867029e-16,1.0000000000000147,1.5548162586216498,5.5269570917688935e-17,False,True,False,False,True,True,False
q_proj,8,7,adamw,10,1.450166965581017,1.424276092820178,1.4501669655810168,0.0258908727608389,2.220446049250313e-16,0.6416192463168042,0.15969272908634838,0.16087262473917585,5.458652462178348e-16,7.270081196737101e-16,0.2254195614368742,0.9743374717477485,9.063048014693204e-16,0.9999999999999669,1.2456750075414886,6.111278516281516e-16,False,True,False,False,True,True,False
q_proj,8,7,adamw,50,0.05197100133867381,0.05620496241016728,0.051971001338673814,0.004233961071493472,6.938893903907228e-18,1.9198521906270558,0.4010455671959341,0.2695745117317307,1.0642436314981047e-15,1.2100391460059822e-15,0.4573884966892042,0.8982166876398368,1.5189852482286086e-15,1.0000000000000102,1.0312338747897014,1.0557899388807247e-15,False,True,False,False,True,True,False
q_proj,9,7,adamw,1,1.45272689213822,1.45272689213822,1.45272689213822,0.0,0.0,2.0569489038628833e-15,0.03044953065368405,0.026945577182587194,8.122007384623349e-17,3.2574048963450625e-16,0.044918253844352676,0.998992433320256,3.3295178920118095e-16,0.9999999999999879,1.2462499616279221,8.245949934472382e-17,False,True,False,False,True,True,False
q_proj,9,7,adamw,10,1.2625079511301343,1.2486194148450396,1.2625079511301345,0.013888536285094677,2.220446049250313e-16,0.26063260227145507,0.1993646720024089,0.14873478475989815,5.663040264691862e-16,8.090916856129246e-16,0.24447168786442136,0.9697928813172775,9.889436950953196e-16,1.0000000000000102,1.156145129157934,5.581178272416459e-16,False,True,False,False,True,True,False
q_proj,9,7,adamw,50,0.05910224709954516,0.050388779310771334,0.05910224709954511,0.008713467788773827,4.85722573273506e-17,1.4258038143586764,0.4702074720150015,0.22661655892851781,1.1874749554626502e-15,1.428163053213634e-15,0.500554351976266,0.8759433095282596,1.6287278905598837e-15,0.9999999999999899,1.1717640475357456,1.2142190996839662e-15,False,True,False,False,True,True,False
q_proj,10,7,adamw,1,1.3849178351872145,1.3849178351872145,1.3849178351872145,0.0,0.0,1.6496922103205552e-15,0.0298166107943733,0.025492329156676142,3.4769835953020253e-15,7.587549982606685e-16,0.044492053356656305,0.9990140118780204,3.575727543678429e-15,1.0000000000000062,1.731782743830371,3.5051204824901672e-15,False,True,False,False,True,True,False
q_proj,10,7,adamw,10,1.2077002438629998,1.186325849832284,1.2077002438629996,0.021374394030715838,2.220446049250313e-16,1.0394017474024,0.19582512891994672,0.14293597096200383,3.334824185007727e-15,1.3197310498586727e-15,0.24042305746161938,0.9708703424454801,3.5707824390187694e-15,1.0000000000000124,1.215361140173814,3.359904409505978e-15,False,True,False,False,True,True,False
q_proj,10,7,adamw,50,0.05248078293514145,0.04654293457575328,0.052480782935141565,0.005937848359388168,1.1796119636642288e-16,1.4272008135351013,0.49546644981620486,0.26346024169834187,2.8799852484654038e-15,2.1506779423971444e-15,0.5400739308667115,0.8522292552196997,3.4042737578044314e-15,1.0,1.0412700777518158,2.889598334466078e-15,False,True,False,False,True,True,False
q_proj,11,7,adamw,1,1.3678516368194895,1.3678516368194895,1.3678516368194895,0.0,0.0,1.858518163989248e-15,0.03239164987714154,0.029611136784221486,2.513361501853346e-16,4.150632064708223e-15,0.04978275847955259,0.9987615207580006,3.9325745885271295e-15,0.9999999999999865,1.1285686997168876,3.584378315480911e-16,False,True,False,False,True,True,False
q_proj,11,7,adamw,10,1.19190844644918,1.1878544396122226,1.1919084464491798,0.004054006836957447,2.220446049250313e-16,0.18863121890440682,0.20506001116674052,0.1625660249651827,1.6876224535120783e-15,4.2229492666736535e-15,0.25923911782285436,0.9658538549550445,4.320073148641218e-15,0.9999999999999949,1.102278839697914,1.6929386995731715e-15,False,True,False,False,True,True,False
q_proj,11,7,adamw,50,0.06068288101387582,0.05389936587421143,0.060682881013875735,0.006783515139664388,8.326672684688674e-17,1.2357569914942113,0.4692295932260307,0.25751771246352145,2.868817682843859e-15,3.930477713441158e-15,0.5101219510103904,0.8667063828658914,3.873733679533839e-15,0.9999999999999916,1.0847288525033463,2.8651866445370287e-15,False,True,False,False,True,True,False
q_proj,12,7,adamw,1,1.4540987437798567,1.4540987437798567,1.4540987437798567,0.0,0.0,1.526279328065847e-15,0.030795549632965866,0.028923359565418343,2.043850182489967e-17,9.994264129423791e-17,0.04480879427658451,0.9989965682137218,1.0289525117279082e-16,1.0000000000000133,1.5298177863086102,2.5158983034220334e-17,False,True,False,False,True,True,False
q_proj,12,7,adamw,10,1.2612157567832751,1.2374742441761628,1.2612157567832751,0.023741512607112325,0.0,1.1517889107049777,0.21576468745908225,0.16555768185894115,5.098568669091126e-16,6.594481221777367e-16,0.27186580518486625,0.9625262726993671,8.447703145804611e-16,1.0000000000000142,1.1808326112780418,5.001596287162141e-16,False,True,False,False,True,True,False
q_proj,12,7,adamw,50,0.1012239386698519,0.07528350288273387,0.10122393866985192,0.02594043578711802,2.7755575615628914e-17,3.5478288055764424,0.5483452566659922,0.5334168430811571,1.3288846391699012e-15,1.4516971467321938e-15,0.6632790735694446,0.7490534100096595,1.7481093560073241e-15,1.0000000000000104,1.0399237682895075,1.2996682446364262e-15,False,True,False,False,True,True,False
q_proj,13,7,adamw,1,1.4741229993091303,1.4741229993091303,1.4741229993091303,0.0,0.0,2.3174000526950866e-15,0.030739049384657227,0.026539242114961246,8.231324258725466e-15,3.004727431211359e-16,0.046020437487155084,0.9989422540982856,8.240895122062868e-15,1.0000000000000142,1.1110176737284123,1.7051710914546903e-14,False,True,False,False,True,True,False
q_proj,13,7,adamw,10,1.2804611075068677,1.2741986542340225,1.2804611075068675,0.0062624532728452476,2.220446049250313e-16,0.15397732534418562,0.19976541423886804,0.1457887385400723,8.036482305957943e-15,4.2169376613039436e-15,0.24461864778545114,0.9698549285804416,9.262489194578582e-15,1.000000000000001,1.0748885896541907,1.60614009998047e-14,False,True,False,False,True,True,False
q_proj,13,7,adamw,50,0.0467386451854725,0.049831406711969936,0.04673864518547254,0.0030927615264974354,4.163336342344337e-17,1.0105205815927474,0.4617712903310966,0.2146005810094278,7.18214599101505e-15,4.433509633188445e-15,0.48808239803777054,0.8821390155315869,7.762561425360346e-15,1.0000000000000075,1.0534613399760784,1.2432467284771437e-14,False,True,False,False,True,True,False
q_proj,14,7,adamw,1,1.4170630639962343,1.4170630639962345,1.4170630639962345,2.220446049250313e-16,2.220446049250313e-16,1.7030582292786356e-15,0.02751896841719203,0.02763689666534956,1.8440766172236218e-15,1.7203594120373484e-15,0.04169393955264036,0.9991313001150435,2.6096524803609623e-15,1.0000000000000033,1.2668214575233536,1.5070954601035e-14,False,True,False,False,True,True,False
q_proj,14,7,adamw,10,1.2281112146866202,1.2203434730074627,1.2281112146866202,0.007767741679157503,0.0,0.3042042708082361,0.18459453043759486,0.15167937129136683,4.360304135733899e-15,3.940691590018282e-15,0.23628751240659732,0.9719097548858922,5.9013671158061255e-15,0.9999999999999739,1.1780266420670495,1.456575334398249e-14,False,True,False,False,True,True,False
q_proj,14,7,adamw,50,0.08644326513951986,0.08427480223357423,0.08644326513952033,0.002168462905945634,4.718447854656915e-16,1.10739694763227,0.4236063357863696,0.27409116535685674,1.1281509077974234e-14,1.434633750422349e-14,0.4741200126975593,0.8899469061840217,1.3915509415552474e-14,0.9999999999999974,1.1699706136948342,1.5454363235510548e-14,False,True,False,False,True,True,False
q_proj,15,7,adamw,1,1.422859714148287,1.4228597141482873,1.4228597141482873,2.220446049250313e-16,2.220446049250313e-16,2.3655413072441696e-15,0.028161067629077746,0.030396337402496247,1.0880561583027223e-15,1.2779542599220017e-16,0.04593876960793196,0.9989447732332484,1.0895307221779448e-15,1.0000000000000067,1.0969453378912426,1.7171832001593432e-15,False,True,False,False,True,True,False
q_proj,15,7,adamw,10,1.227412156261588,1.2230983993096658,1.227412156261588,0.004313756951922265,0.0,0.1360047152948164,0.18728507372890574,0.17833324620503938,1.3637329724483334e-15,6.702972033014661e-16,0.2556820221254219,0.9668652593920921,1.5317762310352446e-15,1.0000000000000155,1.1004544137913943,1.7075620110239769e-15,False,True,False,False,True,True,False
q_proj,15,7,adamw,50,0.03843015213272137,0.03876429737599248,0.03843015213272137,0.00033414524327111256,0.0,0.8728928091224164,0.41592774786013215,0.2641366429557214,1.4050299545978964e-15,1.1632661734624968e-15,0.46029213163622934,0.8958845475931851,1.7633477706974037e-15,1.0000000000000144,1.0209310080632716,1.6268493698452731e-15,False,True,False,False,True,True,False
q_proj,16,7,adamw,1,1.6062011910191265,1.6062011910191265,1.6062011910191265,0.0,0.0,1.817556189683687e-15,0.02941619367973606,0.02616542525544813,5.372446358481657e-17,7.711497033223439e-17,0.0418480522907485,0.9991254145654239,1.0345193301116691e-16,1.0,0.7923624080560375,6.489184403695075e-17,False,True,False,False,True,True,False
q_proj,16,7,adamw,10,1.3885606466407394,1.4202826177580068,1.3885606466407396,0.03172197111726738,2.220446049250313e-16,0.28721498138803286,0.19749310847394896,0.15203224762493436,6.746912909803945e-16,6.806599833076586e-16,0.24209777671595795,0.9702983961758997,9.844351851305298e-16,0.9999999999999998,0.7861340725572276,5.443086820323295e-16,False,True,False,False,True,True,False
q_proj,16,7,adamw,50,0.05088634903909911,0.06737951696344881,0.0508863490390991,0.016493167924349697,6.938893903907228e-18,1.1718422828632824,0.3730647515848625,0.26055897020044405,1.1261471210920175e-15,1.207929293309657e-15,0.39754835492441276,0.9176354683900062,1.5195176089909697e-15,1.0000000000000036,1.2466269150533167,1.0904349284607684e-15,False,True,False,False,True,True,False
q_proj,17,7,adamw,1,1.5318836258055388,1.5318836258055388,1.5318836258055388,0.0,0.0,1.856042169735016e-15,0.020740965010484873,0.02822756148916711,7.207191502631467e-15,1.0801829202364108e-14,0.03683186428211987,0.999321985675599,1.2991268788892607e-14,1.0000000000000069,0.6859220488903266,6.016017210082748e-15,False,True,False,False,True,True,False
q_proj,17,7,adamw,10,1.3472700788175924,1.371032138522223,1.3472700788175924,0.023762059704630634,0.0,0.28622141171972976,0.12936802188126498,0.16743006264574878,8.1220234363101e-15,1.1497148294989965e-14,0.20602890179526187,0.9785469219915318,1.3920211172447394e-14,0.9999999999999962,0.7411435038624967,7.198618292500558e-15,False,True,False,False,True,True,False
q_proj,17,7,adamw,50,0.06311389663191487,0.09182455988130059,0.06311389663191484,0.028710663249385718,2.7755575615628914e-17,0.9490541858832611,0.2446831977319843,0.30932944627665226,1.0327006967773246e-14,1.0874703919306534e-14,0.32434201563723997,0.946062133747658,1.2056929333057289e-14,1.0000000000000135,1.5555580669221019,1.0007614153104827e-14,False,True,False,False,True,True,False
q_proj,18,7,adamw,1,1.4284382537357143,1.4284382537357143,1.4284382537357143,0.0,0.0,1.7206411926718901e-15,0.021053772225960696,0.02816284780837505,4.986598065490024e-16,7.729912853111576e-16,0.03533503708422704,0.9993755552848835,9.0079451444914e-16,0.9999999999999969,0.7650082008304493,5.056736013763527e-16,False,True,False,False,True,True,False
q_proj,18,7,adamw,10,1.2319098149354477,1.2596558252677013,1.2319098149354477,0.027746010332253546,0.0,0.3009271475801198,0.14315634675816355,0.16942546153213991,1.0370984476685775e-15,1.3626141925117792e-15,0.2146236334909963,0.9767622576760016,1.6731305706927247e-15,0.9999999999999754,0.8888594642496973,1.0629608444800644e-15,False,True,False,False,True,True,False
q_proj,18,7,adamw,50,0.03442806965299649,0.05045131994165392,0.03442806965299649,0.016023250288657434,0.0,1.1840825434913975,0.24644248878074107,0.26725445561702993,1.9639589525167935e-15,2.153939475285478e-15,0.3053110117508278,0.9522528518585438,2.5143340362353613e-15,0.9999999999999999,1.7665886502272077,1.892111404199565e-15,False,True,False,False,True,True,False
q_proj,19,7,adamw,1,1.4298440810354927,1.4298440810354924,1.4298440810354924,2.220446049250313e-16,2.220446049250313e-16,1.6896964795056152e-15,0.023475702430220225,0.0282970603548647,2.6823505082272197e-16,1.1802439520457692e-16,0.038989490003210316,0.9992398681752823,2.960119388210972e-16,1.000000000000019,0.8109160198438177,2.273490685014007e-16,False,True,False,False,True,True,False
q_proj,19,7,adamw,10,1.2633565891885472,1.2689683851796714,1.2633565891885474,0.005611795991124158,2.220446049250313e-16,0.14615661711446762,0.13984191666731127,0.15592033346336728,6.9970312213276e-16,7.74232866181144e-16,0.20622856549708235,0.9785262641947763,1.0344239772955795e-15,0.9999999999999978,0.9201004582724259,6.773452626771748e-16,False,True,False,False,True,True,False
q_proj,19,7,adamw,50,0.08496241033712086,0.09527594910126294,0.0849624103371209,0.01031353876414208,4.163336342344337e-17,0.9963273131514071,0.31896183840593084,0.2795663671533633,1.7112591530114594e-15,2.145375477606399e-15,0.38207910837493264,0.9253121810846667,2.343162684034397e-15,1.000000000000013,1.337555481891119,1.6779523647816446e-15,False,True,False,False,True,True,False
q_proj,20,7,adamw,1,1.456021118051688,1.4560211180516878,1.4560211180516878,2.220446049250313e-16,2.220446049250313e-16,2.047834958519683e-15,0.026055004875770473,0.029592749631957346,7.784494403542935e-16,3.6773846844785603e-16,0.04292571517158989,0.9990784949053341,8.539077274776194e-16,1.000000000000005,0.7505566754672207,9.876510404308332e-16,False,True,False,False,True,True,False
q_proj,20,7,adamw,10,1.2599543156536679,1.2862330502527186,1.2599543156536677,0.026278734599050724,2.220446049250313e-16,0.28348330577968217,0.1638477878682142,0.17951041353944838,9.816712409343497e-16,7.943523037448467e-16,0.23659742681012655,0.9716133232910331,1.262892315470869e-15,0.9999999999999949,0.733138104434845,1.1882181957524802e-15,False,True,False,False,True,True,False
q_proj,20,7,adamw,50,0.04492268101998457,0.061180031301744583,0.0449226810199846,0.016257350281760015,3.469446951953614e-17,1.2166951546082245,0.3239385136582245,0.2814731488053366,1.3199078893363837e-15,1.4183937055189303e-15,0.3766105712273966,0.9263853443630635,1.7763203804283796e-15,0.9999999999999878,1.0529953346759315,1.4489518545991335e-15,False,True,False,False,True,True,False
q_proj,21,7,adamw,1,1.4947375978206199,1.4947375978206199,1.4947375978206199,0.0,0.0,1.9933758054094378e-15,0.03632157037988735,0.0288089874856886,7.738283375147344e-14,3.64991505365912e-17,0.04972673209083481,0.9987628661384642,7.762162123549731e-14,1.000000000000027,0.9416366089107379,2.996197745056503e-14,False,True,False,False,True,True,False
q_proj,21,7,adamw,10,1.2945648777172338,1.2985360974427467,1.2945648777172338,0.003971219725512842,0.0,0.09426408809369552,0.2381603935248993,0.16360675689875281,7.283509106921451e-14,1.0651504690801037e-14,0.28175135344687036,0.9594905875319111,7.299775295793199e-14,1.000000000000012,0.9558439556887711,2.8656159006206e-14,False,True,False,False,True,True,False
q_proj,21,7,adamw,50,0.04701239008294407,0.05146581681336795,0.04701239008294396,0.0044534267304238775,1.1102230246251565e-16,0.7570696531989243,0.5327166027315368,0.24633663857870108,5.3531893360969744e-14,1.8305158193784843e-14,0.5530359718713682,0.8356184705038856,5.5160400817850015e-14,0.999999999999992,0.9637904769582016,2.6342581028977228e-14,False,True,False,False,True,True,False
q_proj,22,7,adamw,1,1.410724079507969,1.4107240795079687,1.4107240795079687,2.220446049250313e-16,2.220446049250313e-16,1.780761115642502e-15,0.03715192467392975,0.027081897811997338,7.35599066403813e-17,7.803455420048166e-16,0.051137084802530826,0.9986923465900335,6.980687133487841e-16,1.0000000000000058,0.8904205813175238,1.6977584877662305e-16,False,True,False,False,True,True,False
q_proj,22,7,adamw,10,1.2310323457703964,1.2363208681173816,1.2310323457703964,0.0052885223469851805,0.0,0.1086461326816751,0.22535429458257664,0.14627914789419746,5.84678811728173e-16,9.74364348707904e-16,0.26459865442035113,0.9644583424786579,1.0882448717257928e-15,0.9999999999999931,0.9017522710505094,6.311264856861415e-16,False,True,False,False,True,True,False
q_proj,22,7,adamw,50,0.04828016308372043,0.05257380537516805,0.04828016308372043,0.004293642291447623,0.0,0.8090870985009254,0.5073660120443149,0.21352406140541988,1.1689437903714302e-15,1.317714991509409e-15,0.5245031354593873,0.8552982233682573,1.6213723896872803e-15,1.0000000000000009,0.9320331748452926,1.1435408052293383e-15,False,True,False,False,True,True,False
q_proj,23,7,adamw,1,1.4273494057121432,1.4273494057121434,1.4273494057121434,2.220446049250313e-16,2.220446049250313e-16,2.163331520539187e-15,0.039254218314471276,0.026992856319641777,2.1417258417391707e-17,5.740375424794576e-17,0.054911212554761085,0.9984916070476781,6.475212948276924e-17,1.0000000000000016,0.9046804485697723,4.2763501063092427e-17,False,True,False,False,True,True,False
q_proj,23,7,adamw,10,1.239515762196003,1.249258187483904,1.2395157621960031,0.009742425287901035,2.220446049250313e-16,0.14131581606904825,0.2429902876056453,0.152913694500314,5.254865004810086e-16,6.414303539027853e-16,0.28393736795744556,0.9588570747409177,8.338242955023746e-16,0.9999999999999958,0.8987420763061518,5.136374411939279e-16,False,True,False,False,True,True,False
q_proj,23,7,adamw,50,0.05405591727294203,0.053548854022544425,0.054055917272941977,0.0005070632503976075,5.551115123125783e-17,1.1569165029342754,0.536913301053362,0.24184303751834801,1.0552609451065342e-15,1.2040306537088264e-15,0.5629107060319531,0.8280835473899496,1.5028675223547902e-15,0.9999999999999907,0.9867620300406643,1.0597649027280567e-15,False,True,False,False,True,True,False
k_proj,0,7,adamw,1,6.85426728183473,6.8542672818347326,6.8542672818347326,2.6645352591003757e-15,2.6645352591003757e-15,1.3740576410213263e-15,0.5040990441022198,0.03020979140019202,2.013954794692938e-17,2.9103348312332644e-17,0.5174607230902819,0.8913965687879506,4.969535346906212e-17,1.0000000000000042,239.84152807622834,3.2638908427145515e-17,False,True,False,False,True,True,False
k_proj,0,7,adamw,10,6.1376530228700865,5.089163395513389,6.137653022870087,1.0484896273566973,8.881784197001252e-16,3.8425834606821834,0.7756179860396482,0.3120546230493378,9.036753810301381e-16,7.778713710598391e-16,0.7054879821936967,0.7965301482695757,1.2088667001045527e-15,1.000000000000005,25.92653451103016,9.256453961546194e-16,False,True,False,False,True,True,False
k_proj,0,7,adamw,50,1.059174170186718,0.4409951075411471,1.0591741701867181,0.6181790626455708,2.220446049250313e-16,12.233493297891858,0.8158973720425083,0.6399525795925846,2.251540218429803e-15,2.618784696467036e-15,0.7900580161703985,0.6130497085714149,2.5831274190950696e-15,0.9999999999999977,3.0354262855212255,2.163136735309291e-15,False,True,False,False,True,True,False
k_proj,1,7,adamw,1,2.457556268534732,2.457556268534732,2.457556268534732,0.0,0.0,1.1536268118722538e-15,0.029922095998395508,0.02970226619616887,1.4561675013861938e-17,1.2417408422953291e-17,0.04192331378421841,0.9991225434738591,3.449426548097587e-17,0.9999999999999987,2.7601065598095094,1.5653113960555424e-17,False,True,False,False,True,True,False
k_proj,1,7,adamw,10,2.056528965309499,1.884737968959693,2.0565289653094996,0.1717909963498061,4.440892098500626e-16,0.9737908269970177,0.2315082674530583,0.17830394084701418,6.868822278937748e-16,6.098293429020363e-16,0.28277844366859667,0.9615784825484937,9.307598423378443e-16,0.9999999999999991,1.9519470383154025,8.558470597303774e-16,False,True,False,False,True,True,False
k_proj,1,7,adamw,50,0.1996802858233675,0.10971115292873253,0.19968028582336717,0.08996913289463497,3.3306690738754696e-16,4.78470992286607,0.4163725771401254,0.4150555419131741,1.5102265971950438e-15,1.8997594256419664e-15,0.4827585114469417,0.8781797896569541,2.0888733021435833e-15,0.9999999999999871,1.0740153532198626,1.5637548691947118e-15,False,True,False,False,True,True,False
k_proj,2,7,adamw,1,2.3284478159070123,2.3284478159070123,2.3284478159070123,0.0,0.0,1.1511709872462356e-15,0.020519938766651234,0.029026468646319168,1.8349511275564508e-16,1.5978934835645595e-17,0.03621034997785953,0.9993443886274347,1.6754098211998187e-16,0.9999999999999917,0.8206252237833226,2.3592422003086855e-16,False,True,False,False,True,True,False
k_proj,2,7,adamw,10,1.9571388024766876,1.9015698055017716,1.9571388024766876,0.05556899697491602,0.0,0.22865427336808386,0.15940696734270493,0.14547780815193395,1.1376642165297765e-15,8.516796044518733e-16,0.21365418250207918,0.9770436299705845,1.4295622281503913e-15,0.9999999999999879,0.7341381193127287,8.695733550784161e-16,False,True,False,False,True,True,False
k_proj,2,7,adamw,50,0.07571295633726978,0.07215127769847396,0.07571295633726975,0.0035616786387958205,2.7755575615628914e-17,1.3317222854068476,0.3405627161757948,0.2631760149567221,1.7023694754269607e-15,2.0480026945872357e-15,0.38122731493155637,0.9260132614850216,2.2413189920003107e-15,1.0,0.791635571288898,1.710808117223139e-15,False,True,False,False,True,True,False
k_proj,3,7,adamw,1,1.7784961183367312,1.7784961183367312,1.7784961183367312,0.0,0.0,1.0188340266791065e-15,0.019610549468257663,0.029049913751972554,1.8812008931630052e-17,1.0961260179650109e-15,0.03721911173170208,0.9993075791999858,1.1349767048405518e-15,0.9999999999999939,1.1107893785900782,2.5032924351398487e-17,False,True,False,False,True,True,False
k_proj,3,7,adamw,10,1.45477319325813,1.424563676756662,1.45477319325813,0.03020951650146797,0.0,0.23781054010728295,0.15362554687047886,0.1522106604343922,1.22263939734479e-15,1.088010905892404e-15,0.22103159791402044,0.975314719119503,1.6428021024423765e-15,0.9999999999999994,0.8377246992049202,1.3371296817074923e-15,False,True,False,False,True,True,False
k_proj,3,7,adamw,50,0.03806014992167402,0.03757478853664873,0.03806014992167404,0.000485361385025293,1.3877787807814457e-17,1.2709305169610798,0.32296381424512616,0.2663096100181654,1.6111899867716057e-15,1.8114610291543875e-15,0.3707251142393628,0.9307229357518647,2.052807510910046e-15,0.9999999999999936,1.0360734098619784,1.727402901363122e-15,False,True,False,False,True,True,False
k_proj,4,7,adamw,1,1.6356277637249284,1.6356277637249288,1.6356277637249288,4.440892098500626e-16,4.440892098500626e-16,1.1828904522686688e-15,0.022517831981559905,0.030305258694625,2.105224960732962e-16,2.0949175818269345e-17,0.03786811779494307,0.9992834340416235,1.927221492462283e-16,1.00000000000001,1.5463901617846991,2.786589383301178e-16,False,True,False,False,True,True,False
k_proj,4,7,adamw,10,1.2986763314489265,1.2342956954488287,1.2986763314489267,0.0643806360000978,2.220446049250313e-16,0.5423551823303031,0.1840242032769415,0.17006941504534845,6.933156154335968e-16,8.383188974597517e-16,0.24938977144412652,0.968409072977395,1.0958745470678239e-15,1.0000000000000022,1.2428134257999908,7.433472341603164e-16,False,True,False,False,True,True,False
k_proj,4,7,adamw,50,0.047016122382338904,0.04299143380113024,0.04701612238233894,0.004024688581208663,3.469446951953614e-17,2.104758383055236,0.3861561301314874,0.25701819061064335,1.3991796046826405e-15,1.7252115157898858e-15,0.4384480815206148,0.9072385391140307,1.8179449543390628e-15,0.9999999999999949,1.129809829197463,1.4104462118048739e-15,False,True,False,False,True,True,False
k_proj,5,7,adamw,1,1.601455764151665,1.601455764151665,1.601455764151665,0.0,0.0,1.3280932418849475e-15,0.020907828541093725,0.027101373161759788,1.5640597347140906e-16,9.896067655587404e-17,0.03338140463868524,0.9994426860480676,1.715483679891434e-16,0.9999999999999917,1.196658804953532,1.0356658137241522e-16,False,True,False,False,True,True,False
k_proj,5,7,adamw,10,1.3045028241879135,1.281720827980536,1.3045028241879135,0.02278199620737742,0.0,0.21404801923592137,0.16880434321088794,0.15297073760822905,7.068503186694573e-16,6.883168212367898e-16,0.22398080465686904,0.9747453950774964,1.0024807555648226e-15,1.0000000000000038,1.0805667111169228,6.722441013315196e-16,False,True,False,False,True,True,False
k_proj,5,7,adamw,50,0.0422743205403241,0.05269369100156691,0.04227432054032421,0.010419370461242805,1.1102230246251565e-16,1.1566661224723944,0.36309775810748507,0.2581908854722666,1.179391376275905e-15,1.5748636059105262e-15,0.3951134215310684,0.9237818676989176,1.7351900479739452e-15,0.9999999999999873,1.1771238557451993,1.1636172381045022e-15,False,True,False,False,True,True,False
k_proj,6,7,adamw,1,1.531006646788225,1.531006646788225,1.531006646788225,0.0,0.0,1.1589896651549293e-15,0.017480460101672514,0.02940822191664591,1.9667672660740992e-17,9.967200515142414e-18,0.034201650884315246,0.9994149850903047,3.3574304931508265e-17,0.9999999999999986,1.1776759744762086,2.347033509800593e-17,False,True,False,False,True,True,False
k_proj,6,7,adamw,10,1.217569648758585,1.1806705339472896,1.217569648758585,0.036899114811295375,0.0,0.31791339211881836,0.14139422885872557,0.1587918979937543,8.635049402588085e-16,5.990356596307557e-16,0.21393370869552447,0.976850324097662,1.0329560418238613e-15,1.0000000000000004,1.0270143333251827,8.2908817905944e-16,False,True,False,False,True,True,False
k_proj,6,7,adamw,50,0.07096801944631545,0.052536947115813415,0.0709680194463155,0.018431072330502035,5.551115123125783e-17,0.8708750547812133,0.3055610909470945,0.2852303807286393,1.3487423004237858e-15,1.8564792232836097e-15,0.3695556560136734,0.9312689975806558,1.952139184479868e-15,0.9999999999999947,1.3003504497351408,1.3861157296147177e-15,False,True,False,False,True,True,False
k_proj,7,7,adamw,1,1.6424945235908794,1.6424945235908794,1.6424945235908794,0.0,0.0,8.828975578667769e-16,0.015709131223736156,0.03086773976464479,2.1102219720826065e-17,5.7297965538198545e-18,0.03409198942823519,0.9994191028556959,3.0771673412510414e-17,1.0000000000000016,0.8005825615139568,1.930008984041701e-17,False,True,False,False,True,True,False
k_proj,7,7,adamw,10,1.3104635023239408,1.3085873044880647,1.3104635023239404,0.0018761978358761144,4.440892098500626e-16,0.09617390329511445,0.12842447606569202,0.1500194675938198,5.035884336545259e-16,6.483065602227775e-16,0.19657580123082738,0.9805245203383706,8.169857372099102e-16,0.9999999999999991,0.779259447899087,4.93316695122857e-16,False,True,False,False,True,True,False
k_proj,7,7,adamw,50,0.04473309298715014,0.0400454371207635,0.04473309298715017,0.004687655866386642,2.7755575615628914e-17,0.7422892135903628,0.2553815531238468,0.23073564951082534,1.1466499082463498e-15,1.2802467390051618e-15,0.30149916103851454,0.9544400872168433,1.5210621370452538e-15,1.0000000000000115,0.934068867573734,1.122228169172792e-15,False,True,False,False,True,True,False
k_proj,8,7,adamw,1,1.790073706658782,1.790073706658782,1.790073706658782,0.0,0.0,1.2734832223549373e-15,0.022929699068991748,0.030072153133924022,2.130071755844044e-17,1.6023479773872015e-17,0.038271124716536375,0.9992678753459658,3.8252081339892044e-17,0.9999999999999944,1.6273290301561683,2.5312389731940966e-17,False,True,False,False,True,True,False
k_proj,8,7,adamw,10,1.4480053218923168,1.3845464030135644,1.4480053218923168,0.06345891887875243,0.0,0.5283913940867901,0.18428751942126212,0.16650597788240934,9.941024836300768e-16,7.395450135536649e-16,0.25416340254045283,0.9676156949273376,1.243121290531839e-15,0.9999999999999953,1.314786576208922,9.64081130558799e-16,False,True,False,False,True,True,False
k_proj,8,7,adamw,50,0.03570290679507819,0.02739447664675025,0.0357029067950782,0.008308430148327939,6.938893903907228e-18,2.090036461736687,0.3995282732552239,0.2527794945049837,1.3830187966270145e-15,1.8519927726063446e-15,0.45305958469102514,0.9062694624912011,1.9703172624178166e-15,1.000000000000001,1.0861458753382662,1.4261913868955274e-15,False,True,False,False,True,True,False
k_proj,9,7,adamw,1,1.4508248832105182,1.4508248832105182,1.4508248832105182,0.0,0.0,1.2829492874199267e-15,0.030348595919034983,0.027341685523633204,3.2578917261778635e-15,3.740727487645353e-17,0.04259137833576357,0.9990925773706721,2.940255254273719e-15,1.0000000000000022,1.227500667543463,3.3604266121117478e-15,False,True,False,False,True,True,False
k_proj,9,7,adamw,10,1.2028204037383678,1.1815605497942634,1.2028204037383674,0.021259853944104457,4.440892098500626e-16,0.3338168590365018,0.2282839570494183,0.13671830939868831,3.136231228835774e-15,1.204669543168499e-15,0.2717885706291081,0.9626438493090744,3.2160817731311235e-15,1.0000000000000013,1.1276629020253077,3.228428210447206e-15,False,True,False,False,True,True,False
k_proj,9,7,adamw,50,0.10215642705632168,0.17244914903909417,0.10215642705632162,0.07029272198277249,5.551115123125783e-17,2.5231474384746475,0.502405873656859,0.370838787198761,3.96247802920796e-15,4.366499563911962e-15,0.5504602876807156,0.8396070404388705,4.5650599190834344e-15,0.9999999999999972,1.0941272710757204,3.993902241238133e-15,False,True,False,False,True,True,False
k_proj,10,7,adamw,1,1.4305191706567737,1.4305191706567737,1.4305191706567737,0.0,0.0,8.342081412420519e-16,0.02975732158446132,0.02583807539261268,2.099065612688268e-16,1.5827156879095017e-17,0.04065694958268665,0.9991732674452167,1.8837006207734892e-16,1.0000000000000067,1.6781270029416908,4.818011069167662e-16,False,True,False,False,True,True,False
k_proj,10,7,adamw,10,1.1638875920564538,1.1001588429695095,1.1638875920564538,0.06372874908694426,0.0,1.2333013895265383,0.23630906316320072,0.1472467690422355,6.777134018308496e-16,7.280090301096544e-16,0.2865171848138268,0.9584627275143597,1.0026729930748881e-15,1.0000000000000024,1.290991858765886,7.471167386508721e-16,False,True,False,False,True,True,False
k_proj,10,7,adamw,50,0.050749901764944205,0.05214232346803229,0.05074990176494415,0.0013924217030880856,5.551115123125783e-17,2.8067666697450977,0.5203430988226221,0.27674239524348526,1.4049776613385244e-15,1.7685109087496673e-15,0.5620171510111109,0.8375305377049401,1.8860702134448217e-15,0.9999999999999976,1.133775840377231,1.341982967505132e-15,False,True,False,False,True,True,False
k_proj,11,7,adamw,1,1.4266125996001329,1.4266125996001329,1.4266125996001329,0.0,0.0,1.1333558593733893e-15,0.03233896148447529,0.029451931144082275,2.944531410518743e-17,1.3203058550339611e-17,0.04305268915101654,0.9990733969517126,4.5036949316210075e-17,1.0000000000000004,1.1378076106583421,2.995038869352524e-17,False,True,False,False,True,True,False
k_proj,11,7,adamw,10,1.1544191265647392,1.1457973375513726,1.1544191265647392,0.008621789013366632,0.0,0.22294642046102003,0.2544011388433061,0.16477050549024516,5.005567176626663e-16,5.477887622381665e-16,0.30177708404622205,0.9536747067507942,7.578817015881515e-16,1.0000000000000016,1.0992385986407642,5.853512214612369e-16,False,True,False,False,True,True,False
k_proj,11,7,adamw,50,0.03629986371572253,0.030866682562701128,0.03629986371572253,0.005433181153021403,0.0,0.9047079817754857,0.4873680049299838,0.2624764108785108,9.305009890703113e-16,1.1568369401248905e-15,0.5150104081941549,0.8665602812906907,1.3670724592527062e-15,1.0000000000000042,1.1367366521814328,1.0462449069876004e-15,False,True,False,False,True,True,False
k_proj,12,7,adamw,1,1.495044473930868,1.495044473930868,1.495044473930868,0.0,0.0,9.511731376086205e-16,0.03074828154891234,0.030285709864833775,1.9321908290301642e-16,1.9383127923034837e-17,0.04386864726220967,0.9990373303087032,1.7644617375891508e-16,1.0000000000000007,1.5894435652065766,2.1065981307264716e-16,False,True,False,False,True,True,False
k_proj,12,7,adamw,10,1.2094893202062706,1.1443217335867104,1.2094893202062709,0.06516758661956024,2.220446049250313e-16,0.8119146586659877,0.24408461796311667,0.16740338339659683,4.4229742241481084e-16,5.101838082805392e-16,0.3039830931354502,0.9529437194083408,6.929793806904058e-16,0.999999999999996,1.2855112276792913,4.744791077140539e-16,False,True,False,False,True,True,False
k_proj,12,7,adamw,50,0.039544626186429004,0.02907412995082868,0.03954462618642905,0.010470496235600323,4.85722573273506e-17,3.2570388273990627,0.5208265082915831,0.2838599206684368,1.0921562214938705e-15,1.2523871722240952e-15,0.5700975006966043,0.8351942594182643,1.515617533799475e-15,1.0000000000000022,1.2355700608639966,1.077951623348183e-15,False,True,False,False,True,True,False
k_proj,13,7,adamw,1,1.4902012205548356,1.4902012205548358,1.4902012205548358,2.220446049250313e-16,2.220446049250313e-16,1.1791792279848675e-15,0.030673168038082295,0.02816749258862808,8.599023181304173e-17,3.233372475253308e-17,0.04218922807899042,0.9991096641128738,9.373852206198717e-17,0.9999999999999934,1.089721300662995,6.487673632315851e-17,False,True,False,False,True,True,False
k_proj,13,7,adamw,10,1.2051731601956632,1.1934278363076103,1.2051731601956635,0.011745323888052939,2.220446049250313e-16,0.16432558113053153,0.23922608693572558,0.1479544842061926,8.187855974863201e-16,1.3949362986511682e-15,0.2848329184286825,0.9589831092233655,1.620280947021271e-15,1.0000000000000022,1.0617857679616893,8.631090261874218e-16,False,True,False,False,True,True,False
k_proj,13,7,adamw,50,0.03810495094302923,0.03260631449312127,0.038104950943029244,0.005498636449907959,1.3877787807814457e-17,0.7772692432109213,0.4688507676853016,0.26526420377801757,1.3658891143875394e-15,1.4707655225916754e-15,0.5057638699056551,0.8705400765573919,1.7905572141476154e-15,0.999999999999996,1.0505981406719551,1.3489213121277989e-15,False,True,False,False,True,True,False
k_proj,14,7,adamw,1,1.4284005803588802,1.4284005803588802,1.4284005803588802,0.0,0.0,1.1807059160191639e-15,0.027504441521123458,0.028865452922752274,4.0205904667471565e-15,2.0870310778032653e-17,0.039863002470626525,0.9992053697695205,4.2700737596997506e-15,1.0000000000000029,1.3465863674117629,2.98926593258121e-15,False,True,False,False,True,True,False
k_proj,14,7,adamw,10,1.160356950278573,1.1393872974145667,1.160356950278573,0.020969652864006427,0.0,0.3255940581144487,0.21392689112336313,0.153410589577604,3.787871191606426e-15,1.057058513989516e-15,0.2614040509392375,0.9653928844232137,4.144876005217841e-15,1.000000000000004,1.19208118423865,2.8359243000744702e-15,False,True,False,False,True,True,False
k_proj,14,7,adamw,50,0.09093118966805798,0.12239017562057164,0.09093118966805824,0.03145898595251366,2.636779683484747e-16,1.1859859073868873,0.49757319876154904,0.4791170196655525,4.0468674798157764e-15,3.5103508769222227e-15,0.5773712078437359,0.819246124278297,4.462047263986387e-15,1.0000000000000062,1.7353576008240386,3.566137095956086e-15,False,True,False,False,True,True,False
k_proj,15,7,adamw,1,1.4519046562938518,1.4519046562938518,1.4519046562938518,0.0,0.0,8.603735255136759e-16,0.02817849363118246,0.03091975309710006,6.590251141280157e-16,2.3607253526775128e-17,0.04378022645562712,0.9990426407305888,5.935472195395576e-16,1.0000000000000013,1.1503539269586744,6.18838412638608e-15,False,True,False,False,True,True,False
k_proj,15,7,adamw,10,1.1847291317337478,1.175964906805464,1.1847291317337476,0.00876422492828377,2.220446049250313e-16,0.1592639229477492,0.2111321732270933,0.16759409543815787,1.1850002079044903e-15,1.6752826223817953e-15,0.26889985755779605,0.9633390230795359,2.084438818315687e-15,0.9999999999999998,1.0953202514163813,5.805115037312233e-15,False,True,False,False,True,True,False
k_proj,15,7,adamw,50,0.03550199774738436,0.029846476716715337,0.035501997747384294,0.0056555210306690265,6.938893903907228e-17,0.7250433980235774,0.4319652022461952,0.28723786038714505,2.843055957344143e-15,3.561365553608267e-15,0.47552483691663144,0.8865761147818243,3.58432327649627e-15,0.999999999999998,1.2592061859823824,5.039969312846747e-15,False,True,False,False,True,True,False
k_proj,16,7,adamw,1,1.4174530682228028,1.4174530682228028,1.4174530682228028,0.0,0.0,1.0334616648366402e-15,0.02933731734119038,0.026153513548977023,5.829534887854013e-16,1.582503536134987e-17,0.03832825114302734,0.9992668197620986,6.209881714394486e-16,0.9999999999999977,0.7876952134723854,5.771503511223798e-16,False,True,False,False,True,True,False
k_proj,16,7,adamw,10,1.1144364849999835,1.1743744095932727,1.1144364849999835,0.05993792459328917,0.0,0.21712691476854454,0.23112351310294255,0.14889255259543144,3.737672217809986e-15,8.290752557608867e-16,0.2655768295964812,0.9642407890854827,3.63968979091691e-15,1.0,0.7856768699147328,1.9298187994409367e-15,False,True,False,False,True,True,False
k_proj,16,7,adamw,50,0.027758349687796086,0.036512424971533404,0.027758349687796096,0.008754075283737318,1.0408340855860843e-17,1.284082504508204,0.3820583976934332,0.25265590978863306,2.8531049848204987e-15,1.234696105887273e-15,0.3951033534776015,0.9186381588514445,3.0070819202636783e-15,0.9999999999999981,1.1158708856596857,1.659260845244428e-15,False,True,False,False,True,True,False
k_proj,17,7,adamw,1,1.4068603678801743,1.4068603678801743,1.4068603678801743,0.0,0.0,9.005593675700628e-16,0.020704643151296526,0.028567213460851167,3.024152129438947e-17,1.0269701639587882e-17,0.034922409227928816,0.9993900585649788,4.0911064122506413e-17,0.9999999999999979,0.7113093998995421,4.1598075896224445e-17,False,True,False,False,True,True,False
k_proj,17,7,adamw,10,1.144179253779628,1.1896353538749083,1.144179253779628,0.04545610009528023,0.0,0.25793587371345067,0.16230700856791597,0.15325462652419783,6.334351054482124e-16,5.623442871907416e-16,0.21620445598747542,0.9765083082497965,8.656883941624625e-16,0.9999999999999991,0.6825410743884057,6.344422851038369e-16,False,True,False,False,True,True,False
k_proj,17,7,adamw,50,0.0527107890103371,0.09563020143219182,0.052710789010337065,0.04291941242185472,3.469446951953614e-17,1.081656941556213,0.2926877602630844,0.3342699448469556,1.1445097440147764e-15,1.2771037258992017e-15,0.3526070083777283,0.9359237604709109,1.5674557536501811e-15,1.0000000000000053,1.507540339929875,1.1428234057729138e-15,False,True,False,False,True,True,False
k_proj,18,7,adamw,1,1.456824677884233,1.456824677884233,1.456824677884233,0.0,0.0,8.297768992505196e-16,0.021038295074494874,0.02808464633779155,1.7172125103534866e-17,2.824041289569344e-17,0.03533029166341704,0.9993772704323864,4.201103327903776e-17,1.0000000000000018,0.759926106325161,1.593550695572178e-17,False,True,False,False,True,True,False
k_proj,18,7,adamw,10,1.1831994126940901,1.2318200115607134,1.1831994126940903,0.04862059886662329,2.220446049250313e-16,0.24338882854923805,0.1595255746275299,0.1598340150104698,6.803041979978595e-16,5.247880333487094e-16,0.22489202475465836,0.9745474746696562,8.666094014936764e-16,0.9999999999999987,0.727958965070479,6.327542927221954e-16,False,True,False,False,True,True,False
k_proj,18,7,adamw,50,0.08493827258935126,0.111152222500018,0.08493827258935138,0.026213949910666737,1.249000902703301e-16,1.1552174273193219,0.2536762727507092,0.30302309649535675,1.1446736577464929e-15,1.3607107325581468e-15,0.323355985485723,0.9463009757187479,1.573537635671148e-15,1.0,0.9881609643316714,1.1240234574975723e-15,False,True,False,False,True,True,False
k_proj,19,7,adamw,1,1.3928967283176215,1.3928967283176217,1.3928967283176217,2.220446049250313e-16,2.220446049250313e-16,1.0690801921290196e-15,0.023456323683039477,0.02842887242805211,2.118613850206081e-17,1.7561114001667184e-17,0.0372216770521178,0.9993072589205005,4.007223850536893e-17,0.9999999999999954,0.8428261280329286,2.562355097204805e-17,False,True,False,False,True,True,False
k_proj,19,7,adamw,10,1.1293740393490521,1.1476981823251535,1.1293740393490521,0.01832414297610141,0.0,0.1489946363059117,0.1813997171542423,0.15087604951299327,5.405986037068936e-16,7.438836803974354e-16,0.23167877809808818,0.9729071348878207,9.15000910765257e-16,1.0,0.8152654886986958,5.89489628325749e-16,False,True,False,False,True,True,False
k_proj,19,7,adamw,50,0.10374961503356055,0.08310394440817111,0.10374961503356062,0.02064567062538944,6.938893903907228e-17,1.0507992515533873,0.34017272334807286,0.2929283571617505,1.2032782235921377e-15,1.4333289777351655e-15,0.38813413072670094,0.9224470170580157,1.6555795010365741e-15,0.9999999999999942,0.842522705092516,1.228817927615938e-15,False,True,False,False,True,True,False
k_proj,20,7,adamw,1,1.3398552524290857,1.3398552524290857,1.3398552524290857,0.0,0.0,9.710894355485856e-16,0.02602813087168914,0.031084806588189344,1.271054255452079e-16,1.2810813565354262e-17,0.03975785272084463,0.9992094280998094,1.318278256207509e-16,0.9999999999999966,0.7398989799243962,1.777693503360135e-16,False,True,False,False,True,True,False
k_proj,20,7,adamw,10,1.0576749663131044,1.1102398153180324,1.0576749663131044,0.05256484900492797,0.0,0.26717451227212674,0.20528374307580874,0.17156604926486357,6.985369414376598e-16,6.1040776604748925e-16,0.259475940380347,0.9659652772782098,9.41326059277697e-16,1.0000000000000007,0.7013619191416783,8.075116607634293e-16,False,True,False,False,True,True,False
k_proj,20,7,adamw,50,0.053710068308937015,0.10774912113691455,0.05371006830893701,0.05403905282797754,6.938893903907228e-18,1.2918809169729146,0.36189657636307226,0.3387415308239028,1.0245767497379767e-15,1.116265342613304e-15,0.4128276356831537,0.910876572572608,1.4145928033570067e-15,0.9999999999999922,1.4308950942394858,1.0616489027475592e-15,False,True,False,False,True,True,False
k_proj,21,7,adamw,1,1.3132889406672463,1.313288940667246,1.313288940667246,2.220446049250313e-16,2.220446049250313e-16,8.749268337693513e-16,0.03633737540914395,0.03005255606416022,1.883229210409922e-17,2.092652982249982e-17,0.04769655404443647,0.9988668157198277,3.9663527345448756e-17,1.0000000000000044,0.9302643476240862,2.101664320658943e-17,False,True,False,False,True,True,False
k_proj,21,7,adamw,10,1.0649546510693366,1.0777072413302953,1.0649546510693366,0.012752590260958652,0.0,0.13656183464815755,0.2760284347291907,0.1531344975420723,5.74725141866834e-16,6.494272505146573e-16,0.31658288193928613,0.9485651792449259,8.879880183402607e-16,1.0000000000000016,0.9036177243166774,5.539270265362708e-16,False,True,False,False,True,True,False
k_proj,21,7,adamw,50,0.11833139673447661,0.1026579545587205,0.11833139673447697,0.015673442175756114,3.608224830031759e-16,0.6855212469165441,0.5148564048150527,0.33211650875030857,2.2143148919444954e-15,2.5669889594333124e-15,0.5580341114881358,0.8303335815784243,2.7025700104012277e-15,0.9999999999999993,1.0512037491080717,2.2149820709319543e-15,False,True,False,False,True,True,False
k_proj,22,7,adamw,1,1.2193440646381355,1.2193440646381355,1.2193440646381355,0.0,0.0,9.772021421293164e-16,0.03720490677581501,0.027523234803722606,4.4795661551429484e-17,1.0376072371634079e-17,0.045362832997326206,0.9989705988325359,5.494282202717857e-17,1.0000000000000033,0.896695068219985,1.1145508112309744e-16,False,True,False,False,True,True,False
k_proj,22,7,adamw,10,0.9728688671072937,0.9838787364262305,0.9728688671072937,0.011009869318936771,0.0,0.12782211534759588,0.2800202515827143,0.13798889756661709,4.60896896425676e-16,6.101622186238716e-16,0.30476007981483805,0.9526959761911284,7.803346209568877e-16,0.9999999999999999,0.885927570280036,5.560200239986674e-16,False,True,False,False,True,True,False
k_proj,22,7,adamw,50,0.03892276941232394,0.050402037801624354,0.038922769412323956,0.011479268389300412,1.3877787807814457e-17,0.830856798611212,0.5166658334312746,0.25885359343688324,8.98988194711448e-16,1.3888742294860978e-15,0.5341240711723957,0.847557155284268,1.4699403736148359e-15,1.0000000000000013,1.1074466705197932,1.010013835706616e-15,False,True,False,False,True,True,False
k_proj,23,7,adamw,1,1.2604625758216104,1.2604625758216106,1.2604625758216106,2.220446049250313e-16,2.220446049250313e-16,7.743889976207633e-16,0.03933796224910525,0.027341892570089215,1.3792182379364737e-17,1.1389611868122845e-17,0.04762882093658449,0.9988660591243297,2.751404824627488e-17,0.9999999999999989,0.9138248764566226,2.3418026021572085e-17,False,True,False,False,True,True,False
k_proj,23,7,adamw,10,1.0032799127312433,1.019146588295751,1.003279912731243,0.015866675564507826,2.220446049250313e-16,0.1659067136840892,0.29811993241966384,0.14267305940148362,5.546953085750563e-16,5.083861918638324e-16,0.32350824390635124,0.9463663492607255,7.448634270730123e-16,0.9999999999999915,0.9139564980785886,5.469551756033161e-16,False,True,False,False,True,True,False
k_proj,23,7,adamw,50,0.042599411554985256,0.05879976814640162,0.04259941155498531,0.016200356591416366,5.551115123125783e-17,0.8102068364861735,0.5500052077441084,0.26371119828733375,1.0926129327494529e-15,1.2669300078931912e-15,0.5577559683624166,0.8307421182891152,1.488588477085824e-15,1.0000000000000062,1.061467434341891,1.064705501171445e-15,False,True,False,False,True,True,False
v_proj,0,7,adamw,1,1.102534890111395,1.102534890111395,1.102534890111395,0.0,0.0,9.502050208173218e-16,0.5025468394112271,1.2708644430808892e-17,1.7292887107653102e-17,1.2708644430808892e-17,0.5000522325080515,0.8962807129830994,3.482865453284656e-17,0.9999999999999996,232.43915783284692,3.0402906435118555e-17,False,True,False,True,True,False,False
v_proj,0,7,adamw,10,0.8779143864082529,0.8953468956394134,0.8779143864082529,0.017432509231160465,0.0,1.3034214918471605,0.4365153476473495,0.26480770780065754,4.641283937594011e-16,4.608948459428358e-16,0.4633624621068555,0.8867830165104567,6.683291539622527e-16,1.000000000000004,102.62464215993076,5.175683310703098e-16,False,True,False,True,True,False,False
v_proj,0,7,adamw,50,0.04426525540504097,0.0627537766824957,0.044265255405041004,0.018488521277454727,3.469446951953614e-17,1.0271256114052532,0.6035633109119048,0.5378368693377605,9.523109460806088e-16,8.96132011979554e-16,0.6932808514904929,0.7207260176367348,1.1786346473305268e-15,1.0000000000000049,85.86259123895884,9.80335525244238e-16,False,True,False,True,True,False,False
v_proj,1,7,adamw,1,1.0956754700792768,1.095675470079277,1.095675470079277,2.220446049250313e-16,2.220446049250313e-16,7.748766274994509e-16,0.02989534829946012,2.6435398062557136e-17,4.293460570932504e-17,2.6435398062557136e-17,0.02847528132160749,0.9995947108912028,5.847218535681073e-17,0.9999999999999921,2.889562422108682,5.789025697808941e-17,False,True,False,True,True,False,False
v_proj,1,7,adamw,10,0.8573482839829673,0.7921088510007257,0.8573482839829673,0.06523943298224155,0.0,2.599970075769157,0.2117270138073545,0.10006691406736,3.600432995571176e-16,4.868691489605305e-16,0.22036636496041304,0.9757307148901984,6.279695854770734e-16,0.999999999999992,1.4838664073465218,3.256546231823921e-16,False,True,False,True,True,False,False
v_proj,1,7,adamw,50,0.026528518487797196,0.020692836241207612,0.026528518487797203,0.005835682246589584,6.938893903907228e-18,3.129964428606735,0.32952135834812224,0.20053322273736815,8.728241945380889e-16,8.902849246281119e-16,0.3593963502731239,0.9376967286234144,1.1686184806574782e-15,0.9999999999999944,1.2952917140764078,8.726311455643159e-16,False,True,False,True,True,False,False
v_proj,2,7,adamw,1,1.1358094666486973,1.1358094666486973,1.1358094666486973,0.0,0.0,9.690979435490942e-16,0.020499664218719512,1.6340312122030086e-17,6.249766091344368e-16,1.6340312122030086e-17,0.020178541302782373,0.999796392612253,6.871754157068221e-16,1.000000000000005,0.8268043978729334,8.049116932644826e-16,False,True,False,True,True,False,False
v_proj,2,7,adamw,10,0.9060206537671949,0.8809311353161533,0.906020653767195,0.02508951845104157,1.1102230246251565e-16,0.3819326479959111,0.1561818969311676,0.036520080944628185,7.597712860929953e-16,5.573220911659605e-16,0.15686401584039178,0.9876218035834504,9.91515039401471e-16,1.000000000000004,0.6955709432852634,9.389762878773128e-16,False,True,False,True,True,False,False
v_proj,2,7,adamw,50,0.021922098261664802,0.018318575190694963,0.021922098261664778,0.0036035230709698385,2.42861286636753e-17,1.7095276933028676,0.2894558996589941,0.09023854678554152,1.0955742539625177e-15,1.0311861417201656e-15,0.29325499216051604,0.9576210647184161,1.32208954866795e-15,0.9999999999999998,0.8308033798275862,1.196332821182054e-15,False,True,False,True,True,False,False
v_proj,3,7,adamw,1,1.1974877556753556,1.1974877556753556,1.1974877556753556,0.0,0.0,8.007004855603948e-16,0.01960053889118168,1.7105725868994128e-17,1.9755196163583026e-16,1.7105725868994128e-17,0.01985947140601887,0.9998029022245416,2.1877356519069021e-16,0.999999999999998,0.9988939552069481,2.4166075140311586e-16,False,True,False,True,True,False,False
v_proj,3,7,adamw,10,0.9635140936625746,0.9438358041942112,0.9635140936625746,0.019678289468363364,0.0,0.30146851992814006,0.1481345363619383,0.032761103424360984,1.0990217978930637e-15,5.463302329908494e-16,0.15229927178052363,0.98840746462003,1.2612069646530018e-15,0.9999999999999987,0.8636759113942024,9.871975904638843e-16,False,True,False,True,True,False,False
v_proj,3,7,adamw,50,0.024191873548277645,0.019839808946810037,0.024191873548277665,0.004352064601467608,2.0816681711721685e-17,1.3862477467921344,0.29299124962761064,0.07742862519265044,1.3805212613944881e-15,1.2017533492088936e-15,0.2975237057487136,0.9574636331964668,1.5875160670510556e-15,0.9999999999999926,1.0565176369564133,1.3120961460501922e-15,False,True,False,True,True,False,False
v_proj,4,7,adamw,1,1.2865594170750445,1.2865594170750443,1.2865594170750443,2.220446049250313e-16,2.220446049250313e-16,9.08978566959159e-16,0.022512800454873513,5.938835709420192e-17,1.0182227953414666e-16,5.938835709420192e-17,0.02288217324179593,0.9997385217605059,1.110925648987588e-16,0.9999999999999982,1.5476147422985262,1.3120673582386142e-16,False,True,False,True,True,False,False
v_proj,4,7,adamw,10,1.0241457475011237,0.9780095954209246,1.0241457475011237,0.046136152080199166,0.0,0.682835658667513,0.18197097118044345,0.06174350980386853,6.579768104468148e-16,5.055353463661054e-16,0.1935089307383802,0.9812505406060825,8.329219366397872e-16,1.0000000000000027,1.2188752281631812,6.880433727562356e-16,False,True,False,True,True,False,False
v_proj,4,7,adamw,50,0.04790682038678513,0.054132561080661924,0.0479068203867851,0.006225740693876797,2.7755575615628914e-17,2.016313958318525,0.36798705704303725,0.17162903966250012,1.5583231546856015e-15,1.983088166639333e-15,0.39569764760905013,0.9253069011865291,1.9896235885528685e-15,0.9999999999999949,1.3397115107713806,1.588596008307355e-15,False,True,False,True,True,False,False
v_proj,5,7,adamw,1,1.1623202336712428,1.162320233671243,1.162320233671243,2.220446049250313e-16,2.220446049250313e-16,9.201988181305873e-16,0.020930730710016235,1.4549338819573337e-17,3.99833902776115e-16,1.4549338819573337e-17,0.02191680108138074,0.9997599199104878,3.5378574507242833e-16,0.9999999999999991,1.2577066810287036,3.558760310629978e-16,False,True,False,True,True,False,False
v_proj,5,7,adamw,10,0.9211734919040891,0.9030899558793933,0.9211734919040895,0.018083536024695812,3.3306690738754696e-16,0.2000775346510825,0.16065417560943085,0.03665556169232702,6.892196906307403e-16,7.006616258930306e-16,0.1667043937936753,0.9862132178650854,9.715252130924262e-16,0.9999999999999964,1.136218338674614,6.565397535680705e-16,False,True,False,True,True,False,False
v_proj,5,7,adamw,50,0.033334466534729996,0.02711951345365653,0.033334466534729996,0.006214953081073466,0.0,0.9998381290408461,0.31924533602502575,0.1447325359837224,1.6968129342037793e-15,2.415766010534294e-15,0.339581705875093,0.9451878024959242,2.329426109357133e-15,1.0000000000000044,1.3593963791140349,1.6621387949423603e-15,False,True,False,True,True,False,False
v_proj,6,7,adamw,1,1.2398208378938251,1.239820837893825,1.239820837893825,2.220446049250313e-16,2.220446049250313e-16,8.306583782403247e-16,0.017482316538376497,1.1854885342712565e-17,1.792772446201562e-17,1.1854885342712565e-17,0.017480746725975303,0.9998472021137241,3.578551327692198e-17,0.9999999999999962,1.1567032723076276,1.6457284444886872e-17,False,True,False,True,True,False,False
v_proj,6,7,adamw,10,1.0019557644087353,0.977710997244173,1.0019557644087353,0.024244767164562364,0.0,0.3109601237516627,0.1354597601994121,0.040411339908304776,6.190207867496686e-16,5.24469629108927e-16,0.13989022297330436,0.990224392618493,8.336332198247902e-16,1.0000000000000009,0.9709676157689143,5.505202759152803e-16,False,True,False,True,True,False,False
v_proj,6,7,adamw,50,0.028283812265199538,0.028475408882472044,0.02828381226519956,0.00019159661727250615,2.0816681711721685e-17,1.5233503263113255,0.27070451352123687,0.08053965831377478,9.775819145122815e-16,9.15862952417214e-16,0.27764876701595476,0.9645739345548788,1.2972702072642444e-15,1.0000000000000016,1.0316333489582157,9.415079992531317e-16,False,True,False,True,True,False,False
v_proj,7,7,adamw,1,1.2905793893196345,1.2905793893196345,1.2905793893196345,0.0,0.0,9.081149504873624e-16,0.015696694181418974,5.895956047091231e-16,2.4416275502309258e-17,5.895956047091231e-16,0.016794202882252276,0.9998591173165626,6.141580289409155e-16,0.9999999999999962,0.8624109200831906,2.3219282388125532e-17,False,True,False,True,True,False,False
v_proj,7,7,adamw,10,1.0352272265566935,1.0350557502533413,1.0352272265566937,0.00017147630335223596,2.220446049250313e-16,0.03633906945019868,0.11757524569480478,0.015294081784746692,6.083856738332097e-16,7.856007895598913e-16,0.1197514739457904,0.9930046236338737,1.0056221232123865e-15,1.0000000000000036,0.7665997707634035,6.02141623479257e-16,False,True,False,True,True,False,False
v_proj,7,7,adamw,50,0.03334949388055128,0.03394487365669736,0.033349493880551286,0.000595379776146078,6.938893903907228e-18,0.29015230138165116,0.21876562294246704,0.025797033538505827,9.409637487523707e-16,9.532375098471664e-16,0.2161336500787265,0.9780699618968505,1.290863466169212e-15,1.0000000000000042,0.7057537377990185,9.380012997640107e-16,False,True,False,True,True,False,False
v_proj,8,7,adamw,1,1.2261744508153525,1.2261744508153523,1.2261744508153523,2.220446049250313e-16,2.220446049250313e-16,1.0535999918132836e-15,0.022940323470901736,9.859665631389299e-18,4.989047448081972e-17,9.859665631389299e-18,0.025219440321838083,0.9996822790691144,5.887517075444236e-17,0.9999999999999958,1.6546686928668886,6.896098285192656e-17,False,True,False,True,True,False,False
v_proj,8,7,adamw,10,0.9848842825911815,0.943762970267836,0.9848842825911813,0.041121312323345593,2.220446049250313e-16,0.7272034791818884,0.1767537156021036,0.06132652532947813,4.839206604221666e-16,5.965385437185576e-16,0.19274535659276984,0.9816350359139979,7.808875061618623e-16,1.0000000000000049,1.2760120420217789,5.229832993317045e-16,False,True,False,True,True,False,False
v_proj,8,7,adamw,50,0.033243218733239564,0.024301834350614962,0.03324321873323954,0.008941384382624602,2.0816681711721685e-17,2.899112660997906,0.37872441213906083,0.13073048718163513,9.746320620557737e-16,1.2538675375022276e-15,0.40320618573170464,0.9250525383245652,1.4154179055171553e-15,0.9999999999999988,1.3227968664614707,1.0059413476078616e-15,False,True,False,True,True,False,False
v_proj,9,7,adamw,1,1.2804218883483525,1.2804218883483525,1.2804218883483525,0.0,0.0,9.38645212585192e-16,0.030407279057688554,1.5367819042144247e-17,2.195464114052876e-17,1.5367819042144247e-17,0.031149018302857403,0.9995150061174147,3.368004170467717e-17,1.0000000000000027,1.2289379469260748,2.7374990189697055e-17,False,True,False,True,True,False,False
v_proj,9,7,adamw,10,1.0243499168392134,1.000721369379332,1.0243499168392134,0.02362854745988141,0.0,0.2896059094239929,0.23418168236885545,0.04724410488076024,6.115697908842878e-16,5.449578624220037e-16,0.24230717270918115,0.970790330368422,8.336721140698576e-16,1.000000000000006,1.1333983185505037,6.081660526846842e-16,False,True,False,True,True,False,False
v_proj,9,7,adamw,50,0.022131190989270966,0.0197981030911885,0.022131190989270955,0.002333087898082467,1.0408340855860843e-17,1.446208516013951,0.4623544109899478,0.09936522075290254,9.461216673377494e-16,9.517885261869042e-16,0.46561489315048726,0.8947296613226049,1.2505337412210714e-15,1.0000000000000007,1.0758869198317782,9.749530863720518e-16,False,True,False,True,True,False,False
v_proj,10,7,adamw,1,1.3505729600009033,1.3505729600009035,1.3505729600009035,2.220446049250313e-16,2.220446049250313e-16,1.0556446728906501e-15,0.029738560217253608,1.1438371738345414e-17,2.0613816847490445e-17,1.1438371738345414e-17,0.031533620578854706,0.9995028111242019,3.557913082526812e-17,1.0000000000000018,1.6595014198608797,2.0337820282303954e-17,False,True,False,True,True,False,False
v_proj,10,7,adamw,10,1.0981001008522366,1.044285501347206,1.098100100852237,0.053814599505030536,4.440892098500626e-16,1.2318674474704565,0.23235001390614457,0.08213899532430097,5.422713526424924e-16,6.880458804208327e-16,0.2576258129023432,0.9669084596275845,8.91923023620722e-16,1.0000000000000056,1.2471553373976518,4.995980233144173e-16,False,True,False,True,True,False,False
v_proj,10,7,adamw,50,0.03287660638590912,0.027672026263692556,0.032876606385909134,0.005204580122216564,1.3877787807814457e-17,2.113099564810001,0.5112736713028537,0.19105503570791196,9.654037703459597e-16,1.0577335674427649e-15,0.5403631206707665,0.8561759630833088,1.3903770991943265e-15,1.0000000000000013,1.1260327311692953,9.437451180664308e-16,False,True,False,True,True,False,False
v_proj,11,7,adamw,1,1.2511904459652996,1.2511904459652996,1.2511904459652996,0.0,0.0,7.73476949603633e-16,0.03238215442203934,4.1109072288901266e-16,3.57008891273787e-16,4.1109072288901266e-16,0.03233205692617561,0.9994776709023541,5.600370708562899e-16,0.9999999999999932,1.1507606928384742,2.6103126025545736e-16,False,True,False,True,True,False,False
v_proj,11,7,adamw,10,1.0063291228409905,0.9945604070852919,1.0063291228409905,0.0117687157556986,0.0,0.16253826513760844,0.24485532779391453,0.039551271190787,5.686764809348228e-16,6.083680050784789e-16,0.24848922673366813,0.9690580098481707,8.40038274441803e-16,1.0000000000000062,1.0981508731681533,5.064853240306041e-16,False,True,False,True,True,False,False
v_proj,11,7,adamw,50,0.0646178316801182,0.0641625181158372,0.06461783168011799,0.0004553135642809958,2.0816681711721685e-16,0.4339942318918866,0.4734327516041129,0.11091886838951526,1.0519851026727044e-15,1.319043301760334e-15,0.47343419514694446,0.8897090081212202,1.5646590131778838e-15,0.9999999999999941,1.058481377720729,1.092430531392383e-15,False,True,False,True,True,False,False
v_proj,12,7,adamw,1,1.2898615609807453,1.2898615609807451,1.2898615609807451,2.220446049250313e-16,2.220446049250313e-16,9.257431254175535e-16,0.030740209698720298,2.4154070068858118e-17,1.40902305845844e-17,2.4154070068858118e-17,0.03166250955868887,0.9994987801328846,3.735202506326698e-17,0.9999999999999942,1.5510970529651111,1.454730020050176e-17,False,True,False,True,True,False,False
v_proj,12,7,adamw,10,1.0225545263523752,0.9658433942907309,1.0225545263523752,0.056711132061644354,0.0,0.8960102984990483,0.24658881221287368,0.0751836346378522,4.752144782643676e-16,5.39709130565641e-16,0.2657010200005841,0.964768748834061,7.362128671221979e-16,0.9999999999999989,1.2545570981433627,4.611329872747049e-16,False,True,False,True,True,False,False
v_proj,12,7,adamw,50,0.02222512150168667,0.019003674726924897,0.02222512150168668,0.0032214467747617714,1.0408340855860843e-17,2.212632224203219,0.5034352389875173,0.15754277552682888,9.366617039621352e-16,1.1572942180082449e-15,0.5298522719363171,0.8620878170028907,1.3753375899563228e-15,0.9999999999999999,1.1324216079400837,9.43243631223581e-16,False,True,False,True,True,False,False
v_proj,13,7,adamw,1,1.2889058352681133,1.2889058352681133,1.2889058352681133,0.0,0.0,8.284696103340091e-16,0.030685269369131827,9.942915859203677e-18,1.3626535620693871e-16,9.942915859203677e-18,0.0306167486897904,0.9995312619493868,1.3926947279268548e-16,1.0000000000000056,1.11735035398591,7.432866144895487e-17,False,True,False,True,True,False,False
v_proj,13,7,adamw,10,1.0291909632440872,1.0150845873893044,1.0291909632440872,0.014106375854782804,0.0,0.15992091331508143,0.23587950902812468,0.02695598596719619,6.248370748179845e-16,6.429907177378696e-16,0.2404992931042899,0.9713218203386546,9.197677145948209e-16,1.0,1.0814624154029766,5.991474647774035e-16,False,True,False,True,True,False,False
v_proj,13,7,adamw,50,0.06646337782571123,0.06550075184910009,0.06646337782571123,0.0009626259766111339,0.0,0.6135463526777698,0.44239658521781433,0.05008595119312259,1.6355947685483687e-15,1.8344600991155065e-15,0.4472650151432961,0.9048211038167735,1.9361772499238248e-15,1.0000000000000013,1.02230982920215,1.6431947002732278e-15,False,True,False,True,True,False,False
v_proj,14,7,adamw,1,1.31427522753289,1.31427522753289,1.31427522753289,0.0,0.0,9.405729716240483e-16,0.027508150663840627,1.5243076620611777e-17,2.074144458546374e-17,1.5243076620611777e-17,0.029542532555414364,0.999563540043658,3.6812797284606826e-17,0.9999999999999944,1.2914825321325343,1.876805742563372e-17,False,True,False,True,True,False,False
v_proj,14,7,adamw,10,1.0742090587855155,1.0499979508279758,1.0742090587855155,0.02421110795753978,0.0,0.26010706489025476,0.20668748547420748,0.047224066586365104,5.226234768292918e-16,5.611920124877158e-16,0.2170975001145599,0.9767294581149526,7.815870117572088e-16,1.0000000000000022,1.224287603067294,5.190477788438763e-16,False,True,False,True,True,False,False
v_proj,14,7,adamw,50,0.04577607297997486,0.04709293996997707,0.045776072979974915,0.001316866990002212,5.551115123125783e-17,1.2071856040131634,0.4329127253214934,0.11395287159241006,1.3889617585462239e-15,1.783600664700942e-15,0.4440522409181679,0.9090114582758974,1.831558826027959e-15,0.9999999999999971,1.256578267706094,1.391954936366184e-15,False,True,False,True,True,False,False
v_proj,15,7,adamw,1,1.4441230150187152,1.4441230150187152,1.4441230150187152,0.0,0.0,8.152088442316266e-16,0.028151640958225265,1.4602936878882762e-17,4.512411253842867e-17,1.4602936878882762e-17,0.027773505861582032,0.9996148224973699,5.693358242751754e-17,0.9999999999999959,1.1305153613239858,3.758210000872682e-17,False,True,False,True,True,False,False
v_proj,15,7,adamw,10,1.1723881415231097,1.1601539898745752,1.1723881415231097,0.012234151648534475,0.0,0.1213982382263612,0.21604758853891773,0.03385384049907634,6.127166714902706e-16,4.932947646875779e-16,0.22085316222962842,0.9760835672678188,8.07210391691408e-16,1.0000000000000044,1.095676861203796,5.532562960175213e-16,False,True,False,True,True,False,False
v_proj,15,7,adamw,50,0.05361721984353621,0.054421088646910025,0.05361721984353616,0.0008038688033738181,4.85722573273506e-17,0.5738572683466387,0.4203074489025227,0.0872839432376791,1.3176231827887613e-15,1.4871265898704201e-15,0.42352060919119544,0.9171215864267726,1.6757952741031162e-15,1.0000000000000007,1.0687623885556772,1.2347156013748758e-15,False,True,False,True,True,False,False
v_proj,16,7,adamw,1,1.3259541017248255,1.3259541017248253,1.3259541017248253,2.220446049250313e-16,2.220446049250313e-16,9.068274043220358e-16,0.029434552360561365,1.05810676790085e-17,7.031689418839938e-15,1.05810676790085e-17,0.030432841512593505,0.9995376216336684,7.450517766477524e-15,0.9999999999999968,0.7971325813551793,1.666542887609015e-14,False,True,False,True,True,False,False
v_proj,16,7,adamw,10,1.0830382051689347,1.1260921288450614,1.0830382051689347,0.043053923676126704,0.0,0.2444032107680372,0.22141341206987697,0.05688732232658005,6.808960394119861e-15,4.2010501362171704e-15,0.22710894829537437,0.9739706138764125,8.132552187148658e-15,1.0000000000000009,0.7761215255356406,1.5344331126497466e-14,False,True,False,True,True,False,False
v_proj,16,7,adamw,50,0.041196317603128425,0.04962268476663465,0.04119631760312849,0.008426367163506226,6.245004513516506e-17,1.15317268278056,0.3836690715535055,0.19925111585544922,1.1436271945952592e-14,1.2054160871301261e-14,0.37870772773014827,0.9255634226876109,1.2961273232882929e-14,0.9999999999999998,1.0868864592167742,1.5478887857232804e-14,False,True,False,True,True,False,False
v_proj,17,7,adamw,1,1.3573836266175248,1.3573836266175248,1.3573836266175248,0.0,0.0,1.040750044354127e-15,0.020712350697310464,1.0852584971308902e-17,3.699514243179499e-17,1.0852584971308902e-17,0.02029130795106626,0.9997941102155182,4.668911349968823e-17,1.0000000000000038,0.7144173923763705,3.6887385557858146e-17,False,True,False,True,True,False,False
v_proj,17,7,adamw,10,1.0871959398239157,1.1322433907131095,1.087195939823916,0.04504745088919382,2.220446049250313e-16,0.21622957498631848,0.15870544274804244,0.05474444187803814,5.305434901633849e-16,6.195755802065026e-16,0.16438754086674381,0.9867525395291604,8.200366554252559e-16,1.0000000000000107,0.7160838715933188,5.226583819856723e-16,False,True,False,True,True,False,False
v_proj,17,7,adamw,50,0.04423972176630864,0.06654589024656404,0.04423972176630869,0.022306168480255406,5.551115123125783e-17,1.5854339218144147,0.2630758835676722,0.23384197989346084,9.982317230339846e-16,1.1433027612810016e-15,0.2830675603147304,0.959102447903781,1.3795976032015092e-15,0.999999999999985,1.7506656339376558,9.867761423809898e-16,False,True,False,True,True,False,False
v_proj,18,7,adamw,1,1.42091055999268,1.4209105599926801,1.4209105599926801,2.220446049250313e-16,2.220446049250313e-16,9.906671232425152e-16,0.021043495977917607,2.132479903624871e-17,1.375413542598878e-15,2.132479903624871e-17,0.020563497370396734,0.9997885628845224,1.2302854427919065e-15,1.000000000000001,0.8234969922707878,1.3055064441984207e-15,False,True,False,True,True,False,False
v_proj,18,7,adamw,10,1.1439537440003746,1.1919179536309923,1.1439537440003744,0.04796420963061765,2.220446049250313e-16,0.24000187848426618,0.16195037752556712,0.06281798399069731,1.380835469830987e-15,9.982318181608717e-16,0.16881929557679146,0.9860594954465433,1.6457135579798361e-15,0.9999999999999938,0.7949971564776062,1.3232411183731043e-15,False,True,False,True,True,False,False
v_proj,18,7,adamw,50,0.04279649008660416,0.05768125119745412,0.04279649008660404,0.014884761110849958,1.1796119636642288e-16,1.0856776977360918,0.24423742297787443,0.16253874380275038,1.6207814114009738e-15,1.452855141265378e-15,0.24604727303545415,0.9692581847035739,1.9116476247134363e-15,0.999999999999999,1.4396406595085594,1.6160435952433222e-15,False,True,False,True,True,False,False
v_proj,19,7,adamw,1,1.379605298897517,1.379605298897517,1.379605298897517,0.0,0.0,9.1050817736715e-16,0.02348058607102124,1.2205223671659662e-17,9.52029506584054e-17,1.2205223671659662e-17,0.02377729403909276,0.9997173001506287,1.0232784997805416e-16,0.9999999999999981,0.8678429057687471,9.737091719975e-17,False,True,False,True,True,False,False
v_proj,19,7,adamw,10,1.1124034058279664,1.1289068124552248,1.1124034058279664,0.016503406627258466,0.0,0.1086947821025776,0.177229747863359,0.023415321099968456,4.664360998438677e-16,5.214746473197654e-16,0.17995698513331929,0.9840421714212645,7.127243985732808e-16,1.0000000000000036,0.8266734465927136,4.856833900824108e-16,False,True,False,True,True,False,False
v_proj,19,7,adamw,50,0.12639964015984337,0.13080165031597235,0.1263996401598437,0.004402010156128983,3.3306690738754696e-16,0.4221814163161537,0.31419206066045086,0.0702426450257087,1.6234744080862857e-15,1.7939773891601192e-15,0.31014715205926624,0.9533252441425623,1.9830525518648854e-15,0.9999999999999988,0.9062689909790389,1.6159732078274853e-15,False,True,False,True,True,False,False
v_proj,20,7,adamw,1,1.5790714658677591,1.5790714658677591,1.5790714658677591,0.0,0.0,1.2171918403027566e-15,0.026073423640735713,1.7080479745199578e-17,3.9700030510719246e-17,1.7080479745199578e-17,0.02802704571498288,0.9996074071417749,5.1360784479910056e-17,1.0000000000000024,0.7423569893960382,2.825554107962282e-17,False,True,False,True,True,False,False
v_proj,20,7,adamw,10,1.2893425765648308,1.3400748181265374,1.2893425765648308,0.05073224156170664,0.0,0.24355882221087516,0.19383131279079985,0.06032207073212873,7.019392933939625e-16,5.850432204459256e-16,0.20583179394150425,0.978979036175947,9.214504208946453e-16,1.0,0.7022170752064267,7.308283178961615e-16,False,True,False,True,True,False,False
v_proj,20,7,adamw,50,0.043511712905398604,0.0603312207789512,0.043511712905398604,0.016819507873552596,0.0,0.9987356274801408,0.3349436620306146,0.1922654189653759,1.2252552175612097e-15,1.4007007721105736e-15,0.3363828993231631,0.9417498103443254,1.5802962489561851e-15,0.9999999999999987,1.1206705493049463,1.230238330883394e-15,False,True,False,True,True,False,False
v_proj,21,7,adamw,1,1.6477300026165596,1.6477300026165596,1.6477300026165596,0.0,0.0,1.2629351132041448e-15,0.03630712345799701,1.7656716112834875e-17,1.772296328793816e-17,1.7656716112834875e-17,0.038740328744585786,0.9992496563534339,3.6788350263046276e-17,0.9999999999999977,0.972643629760954,3.703465355628581e-17,False,True,False,True,True,False,False
v_proj,21,7,adamw,10,1.351570249704136,1.3625310302079303,1.3515702497041355,0.010960780503794343,4.440892098500626e-16,0.07869808013372155,0.27731574421767613,0.023729005731110985,7.5282853606286e-16,6.722845988923755e-16,0.2846614163670791,0.9589783527006129,1.0339182289738548e-15,1.0000000000000053,0.9290148105257446,6.590357309148718e-16,False,True,False,True,True,False,False
v_proj,21,7,adamw,50,0.056331627731578814,0.05711933255431536,0.056331627731578814,0.0007877048227365457,0.0,0.5160331208879125,0.54264686888338,0.05714195683898705,1.754301780197312e-15,1.5039276128595283e-15,0.5369217391819869,0.847523215516244,2.1115200294823594e-15,0.9999999999999991,0.9319485309869426,1.3512203868008557e-15,False,True,False,True,True,False,False
v_proj,22,7,adamw,1,1.6279600318143979,1.627960031814398,1.627960031814398,2.220446049250313e-16,2.220446049250313e-16,9.150402950239032e-16,0.03722621987243121,1.472991169119167e-17,2.2429029533165987e-17,1.472991169119167e-17,0.03704961869207041,0.9993134894105953,3.878927507355433e-17,1.0000000000000056,0.8960759603160606,2.184197137368773e-17,False,True,False,True,True,False,False
v_proj,22,7,adamw,10,1.2888321039956654,1.3083627928114885,1.2888321039956658,0.019530688815823094,4.440892098500626e-16,0.07766181470451151,0.2937018056426437,0.021153266852961292,4.1885402418567576e-16,4.467676754243562e-16,0.30059224892622677,0.9541601790828156,6.248032109552777e-16,1.0000000000000044,0.8971027750893503,5.132007219604594e-16,False,True,False,True,True,False,False
v_proj,22,7,adamw,50,0.050376053969522376,0.054221055440797084,0.05037605396952244,0.0038450014712747074,6.245004513516506e-17,0.5863475087451824,0.5230944181575147,0.048358819949690636,8.999869550753861e-16,1.1494947090088931e-15,0.5185963442388589,0.8593642438848914,1.3687172698114094e-15,0.9999999999999966,0.9243883530884615,9.493101417354832e-16,False,True,False,True,True,False,False
v_proj,23,7,adamw,1,1.5557461047220655,1.5557461047220655,1.5557461047220655,0.0,0.0,9.410779821356154e-16,0.03925201059706977,1.599447961482654e-17,2.04335012255652e-17,1.599447961482654e-17,0.03705462527038885,0.9993138909205777,3.794544738742265e-17,1.0000000000000007,0.9154436761157108,4.9054831240563235e-17,False,True,False,True,True,False,False
v_proj,23,7,adamw,10,1.2666946217435144,1.2867134755367193,1.2666946217435149,0.020018853793204894,4.440892098500626e-16,0.11748415677087107,0.2999587825444812,0.02575262573601164,4.860518982676212e-16,6.156943909374494e-16,0.3035206236272365,0.9533935416155479,7.863223204005412e-16,1.0000000000000018,0.9101106309866244,6.408128466311539e-16,False,True,False,True,True,False,False
v_proj,23,7,adamw,50,0.060945413648498654,0.06693970993391915,0.060945413648498925,0.005994296285420496,2.706168622523819e-16,0.583699056535353,0.5523291250858149,0.07942495128804862,2.0068330244368817e-15,3.3182264038146317e-15,0.5478715880472013,0.8404256757629953,2.941433978097618e-15,1.0000000000000022,0.9257184664444906,2.2320325962048324e-15,False,True,False,True,True,False,False
o_proj,0,7,adamw,1,1.1645749229965006,1.1645749229965006,1.1645749229965006,0.0,0.0,1.6967506444381304e-15,3.6479070239362195e-17,2.044602687087827e-14,3.6479070239362195e-17,2.044602687087827e-14,2.050201724482196e-14,0.9999999999999825,2.050201724482196e-14,0.9999999999999825,1.7003389735892e-15,1.7003389735892e-15,True,True,True,True,False,False,False
o_proj,0,7,adamw,10,1.0003605428959101,1.0003605428959106,1.0003605428959106,4.440892098500626e-16,4.440892098500626e-16,9.321794324427189e-15,6.464205766997007e-15,2.0154087599386548e-14,6.464205766997007e-15,2.0154087599386548e-14,2.090567090826831e-14,0.9999999999999987,2.090567090826831e-14,0.9999999999999987,8.9132564352919e-15,8.9132564352919e-15,True,True,True,True,False,False,False
o_proj,0,7,adamw,50,0.034092901051412265,0.034092901051411884,0.034092901051411884,3.8163916471489756e-16,3.8163916471489756e-16,2.3202558566178885e-13,1.5707640748415617e-14,2.9170408186538883e-14,1.5707640748415617e-14,2.9170408186538883e-14,2.4977666242844366e-14,1.0000000000000044,2.4977666242844366e-14,1.0000000000000044,9.482351819310682e-14,9.482351819310682e-14,True,True,True,True,False,False,False
o_proj,1,7,adamw,1,1.2197829828863944,1.2197829828863944,1.2197829828863944,0.0,0.0,1.5735052948856578e-15,7.022419660022873e-17,4.431086338509936e-17,7.022419660022873e-17,4.431086338509936e-17,8.61455904441811e-17,0.9999999999999769,8.61455904441811e-17,0.9999999999999769,1.574284135574341e-15,1.574284135574341e-15,True,True,True,True,False,False,False
o_proj,1,7,adamw,10,1.0499261149962114,1.0499261149962114,1.0499261149962114,0.0,0.0,1.8590627168752006e-15,3.9470754347169585e-16,4.1237628811376256e-16,3.9470754347169585e-16,4.1237628811376256e-16,5.815885973094577e-16,1.0000000000000244,5.815885973094577e-16,1.0000000000000244,7.155300096064545e-16,7.155300096064545e-16,True,True,True,True,False,False,False
o_proj,1,7,adamw,50,0.048075780601308876,0.048075780601308876,0.048075780601308876,0.0,0.0,8.893304404023003e-14,7.456319749751566e-16,8.375704188949157e-16,7.456319749751566e-16,8.375704188949157e-16,9.871287989237819e-16,0.999999999999988,9.871287989237819e-16,0.999999999999988,1.86928827731227e-14,1.86928827731227e-14,True,True,True,True,False,False,False
o_proj,2,7,adamw,1,1.2063601655138603,1.2063601655138603,1.2063601655138603,0.0,0.0,1.326282854099775e-15,6.201117498724438e-17,5.86901946185136e-17,6.201117498724438e-17,5.86901946185136e-17,8.794460949959654e-17,0.9999999999999806,8.794460949959654e-17,0.9999999999999806,1.3268350267928659e-15,1.3268350267928659e-15,True,True,True,True,False,False,False
o_proj,2,7,adamw,10,1.037084005524287,1.037084005524287,1.037084005524287,0.0,0.0,2.1068294408793027e-15,3.195068520848982e-16,2.8354105398821654e-16,3.195068520848982e-16,2.8354105398821654e-16,4.4561008175087e-16,0.9999999999999972,4.4561008175087e-16,0.9999999999999972,7.009483162042208e-16,7.009483162042208e-16,True,True,True,True,False,False,False
o_proj,2,7,adamw,50,0.031180066086746325,0.03118006608674633,0.03118006608674633,6.938893903907228e-18,6.938893903907228e-18,8.472108642478714e-14,6.209168035827953e-16,5.832490704077414e-16,6.209168035827953e-16,5.832490704077414e-16,8.070687720188549e-16,0.9999999999999735,8.070687720188549e-16,0.9999999999999735,3.506801062336223e-14,3.506801062336223e-14,True,True,True,True,False,False,False
o_proj,3,7,adamw,1,1.2651161422692585,1.2651161422692587,1.2651161422692587,2.220446049250313e-16,2.220446049250313e-16,1.911837354454004e-15,5.355580785806145e-17,2.896781464231793e-16,5.355580785806145e-17,2.896781464231793e-16,2.924419466086003e-16,1.0000000000000013,2.924419466086003e-16,1.0000000000000013,1.912910925232069e-15,1.912910925232069e-15,True,True,True,True,False,False,False
o_proj,3,7,adamw,10,1.0915331636124588,1.091533163612459,1.091533163612459,2.220446049250313e-16,2.220446049250313e-16,1.4354192578999522e-15,4.047760196382953e-16,4.44716408681984e-16,4.047760196382953e-16,4.44716408681984e-16,6.130863297485587e-16,0.9999999999999926,6.130863297485587e-16,0.9999999999999926,7.140268939963061e-16,7.140268939963061e-16,True,True,True,True,False,False,False
o_proj,3,7,adamw,50,0.037914446411149196,0.0379144464111492,0.0379144464111492,6.938893903907228e-18,6.938893903907228e-18,9.331912996496884e-14,6.925173716318154e-16,6.523095916828735e-16,6.925173716318154e-16,6.523095916828735e-16,8.8698728710981e-16,1.000000000000005,8.8698728710981e-16,1.000000000000005,4.2538606297328055e-14,4.2538606297328055e-14,True,True,True,True,False,False,False
o_proj,4,7,adamw,1,1.300010568910761,1.300010568910761,1.300010568910761,0.0,0.0,1.695587775025338e-15,8.20001641603746e-17,1.0141758206355501e-16,8.20001641603746e-17,1.0141758206355501e-16,1.3062539289580648e-16,1.0000000000000155,1.3062539289580648e-16,1.0000000000000155,1.6962425928435401e-15,1.6962425928435401e-15,True,True,True,True,False,False,False
o_proj,4,7,adamw,10,1.1147360104178534,1.1147360104178534,1.1147360104178534,0.0,0.0,1.6284731341412417e-15,4.321288144195254e-16,3.6453547629713205e-16,4.321288144195254e-16,3.6453547629713205e-16,5.747803756462196e-16,1.0000000000000293,5.747803756462196e-16,1.0000000000000293,5.888549565455799e-16,5.888549565455799e-16,True,True,True,True,False,False,False
o_proj,4,7,adamw,50,0.045570971327004356,0.04557097132700435,0.04557097132700435,6.938893903907228e-18,6.938893903907228e-18,8.334119029392132e-14,7.552557476805237e-16,7.369088110630608e-16,7.552557476805237e-16,7.369088110630608e-16,9.658987128872717e-16,1.000000000000003,9.658987128872717e-16,1.000000000000003,3.2310586266252236e-14,3.2310586266252236e-14,True,True,True,True,False,False,False
o_proj,5,7,adamw,1,1.3144189333850325,1.3144189333850327,1.3144189333850327,2.220446049250313e-16,2.220446049250313e-16,1.82678243245177e-15,1.5568108105822496e-16,7.039026433884718e-16,1.5568108105822496e-16,7.039026433884718e-16,7.22246009437186e-16,1.0000000000000047,7.22246009437186e-16,1.0000000000000047,1.8293249077904142e-15,1.8293249077904142e-15,True,True,True,True,False,False,False
o_proj,5,7,adamw,10,1.1306514509732544,1.1306514509732544,1.1306514509732544,0.0,0.0,1.8353117229212232e-15,4.401271523686149e-16,7.812373846994611e-16,4.401271523686149e-16,7.812373846994611e-16,9.01982310379929e-16,1.0000000000000007,9.01982310379929e-16,1.0000000000000007,7.773269059290523e-16,7.773269059290523e-16,True,True,True,True,False,False,False
o_proj,5,7,adamw,50,0.042057611674268525,0.04205761167426854,0.04205761167426854,1.3877787807814457e-17,1.3877787807814457e-17,8.135073084243715e-14,7.712980398954521e-16,1.0056360128867056e-15,7.712980398954521e-16,1.0056360128867056e-15,1.0927800566456186e-15,0.999999999999997,1.0927800566456186e-15,0.999999999999997,3.2089389586692025e-14,3.2089389586692025e-14,True,True,True,True,False,False,False
o_proj,6,7,adamw,1,1.3188813117632971,1.3188813117632971,1.3188813117632971,0.0,0.0,1.4425842963976908e-15,8.746430130113492e-17,2.854902023102319e-17,8.746430130113492e-17,2.854902023102319e-17,9.404344898485438e-17,0.9999999999999934,9.404344898485438e-17,0.9999999999999934,1.4453072663480149e-15,1.4453072663480149e-15,True,True,True,True,False,False,False
o_proj,6,7,adamw,10,1.144661848180756,1.144661848180756,1.144661848180756,0.0,0.0,1.3984260077342833e-15,3.632939757656449e-16,3.4712518909370266e-16,3.632939757656449e-16,3.4712518909370266e-16,5.184555339476653e-16,1.0000000000000053,5.184555339476653e-16,1.0000000000000053,6.353674424242333e-16,6.353674424242333e-16,True,True,True,True,False,False,False
o_proj,6,7,adamw,50,0.044984842156206656,0.04498484215620667,0.04498484215620667,1.3877787807814457e-17,1.3877787807814457e-17,7.246824182534187e-14,6.983239491052305e-16,8.417385032686939e-16,6.983239491052305e-16,8.417385032686939e-16,9.447008490740532e-16,1.0000000000000084,9.447008490740532e-16,1.0000000000000084,1.6510639794562075e-14,1.6510639794562075e-14,True,True,True,True,False,False,False
o_proj,7,7,adamw,1,1.324215723923115,1.324215723923115,1.324215723923115,0.0,0.0,1.4500355532203337e-15,2.0929682478715666e-15,3.0975311310162357e-16,2.0929682478715666e-15,3.0975311310162357e-16,2.140187574775101e-15,0.9999999999999969,2.140187574775101e-15,0.9999999999999969,1.4522169442549064e-15,1.4522169442549064e-15,True,True,True,True,False,False,False
o_proj,7,7,adamw,10,1.1347506175443254,1.1347506175443254,1.1347506175443254,0.0,0.0,2.256943184498499e-15,2.0070073699470543e-15,5.867718112166211e-16,2.0070073699470543e-15,5.867718112166211e-16,2.1197578128616087e-15,1.0000000000000173,2.1197578128616087e-15,1.0000000000000173,9.09987010899448e-16,9.09987010899448e-16,True,True,True,True,False,False,False
o_proj,7,7,adamw,50,0.046200144127075585,0.04620014412707559,0.04620014412707559,6.938893903907228e-18,6.938893903907228e-18,1.1425676219366853e-13,1.6878209839740642e-15,1.2029663498456177e-15,1.6878209839740642e-15,1.2029663498456177e-15,1.930821475399821e-15,0.9999999999999867,1.930821475399821e-15,0.9999999999999867,2.4635800478960608e-14,2.4635800478960608e-14,True,True,True,True,False,False,False
o_proj,8,7,adamw,1,1.3106705061692607,1.3106705061692607,1.3106705061692607,0.0,0.0,1.7552007861245152e-15,9.565045502584947e-17,9.51919334522924e-17,9.565045502584947e-17,9.51919334522924e-17,1.3554519209362457e-16,1.0000000000000027,1.3554519209362457e-16,1.0000000000000027,1.7556247330981215e-15,1.7556247330981215e-15,True,True,True,True,False,False,False
o_proj,8,7,adamw,10,1.1203457434442083,1.1203457434442081,1.1203457434442081,2.220446049250313e-16,2.220446049250313e-16,1.8319819443473622e-15,4.1050852525822125e-16,3.7674767225686255e-16,4.1050852525822125e-16,3.7674767225686255e-16,5.689138173821388e-16,1.0000000000000067,5.689138173821388e-16,1.0000000000000067,6.283887042375984e-16,6.283887042375984e-16,True,True,True,True,False,False,False
o_proj,8,7,adamw,50,0.03367418308853397,0.033674183088533975,0.033674183088533975,6.938893903907228e-18,6.938893903907228e-18,8.939209763706893e-14,6.81787627571741e-16,6.03948535401403e-16,6.81787627571741e-16,6.03948535401403e-16,8.672643662171765e-16,0.9999999999999842,8.672643662171765e-16,0.9999999999999842,2.8841405413125055e-14,2.8841405413125055e-14,True,True,True,True,False,False,False
o_proj,9,7,adamw,1,1.2678575257901132,1.2678575257901132,1.2678575257901132,0.0,0.0,1.8330864665741146e-15,2.129303599472483e-15,1.0217052891793266e-16,2.129303599472483e-15,1.0217052891793266e-16,2.1679284216570118e-15,0.9999999999999802,2.1679284216570118e-15,0.9999999999999802,1.833816113708077e-15,1.833816113708077e-15,True,True,True,True,False,False,False
o_proj,9,7,adamw,10,1.0913837793114696,1.0913837793114696,1.0913837793114696,0.0,0.0,2.498885042574134e-15,2.087630479110927e-15,5.421138260683873e-16,2.087630479110927e-15,5.421138260683873e-16,2.182642094401339e-15,1.000000000000007,2.182642094401339e-15,1.000000000000007,1.060167447411547e-15,1.060167447411547e-15,True,True,True,True,False,False,False
o_proj,9,7,adamw,50,0.04273446864202896,0.04273446864202896,0.04273446864202896,0.0,0.0,1.078401399572321e-13,1.7904257222395617e-15,9.3279617497954e-16,1.7904257222395617e-15,9.3279617497954e-16,1.9407013964948586e-15,1.0000000000000193,1.9407013964948586e-15,1.0000000000000193,2.5927759868079143e-14,2.5927759868079143e-14,True,True,True,True,False,False,False
o_proj,10,7,adamw,1,1.3327263081028362,1.3327263081028362,1.3327263081028362,0.0,0.0,1.5716217173198723e-15,1.907091197350297e-17,2.6411717061266114e-16,1.907091197350297e-17,2.6411717061266114e-16,2.6674683452743704e-16,0.9999999999999861,2.6674683452743704e-16,0.9999999999999861,1.572252482306727e-15,1.572252482306727e-15,True,True,True,True,False,False,False
o_proj,10,7,adamw,10,1.147710240728016,1.1477102407280158,1.1477102407280158,2.220446049250313e-16,2.220446049250313e-16,2.072425488039595e-15,3.8614584016289537e-16,4.792713344099431e-16,3.8614584016289537e-16,4.792713344099431e-16,6.207666789478644e-16,1.0000000000000036,6.207666789478644e-16,1.0000000000000036,6.189178892239477e-16,6.189178892239477e-16,True,True,True,True,False,False,False
o_proj,10,7,adamw,50,0.04204669952917169,0.04204669952917167,0.04204669952917167,2.0816681711721685e-17,2.0816681711721685e-17,7.147946976810788e-14,7.95041166355281e-16,9.355376811306726e-16,7.95041166355281e-16,9.355376811306726e-16,1.0441148207609286e-15,1.0000000000000075,1.0441148207609286e-15,1.0000000000000075,2.0472373885761293e-14,2.0472373885761293e-14,True,True,True,True,False,False,False
o_proj,11,7,adamw,1,1.315042189842349,1.315042189842349,1.315042189842349,0.0,0.0,1.305279486046553e-15,3.961365437413928e-17,1.0298365193949767e-16,3.961365437413928e-17,1.0298365193949767e-16,1.1409972965607639e-16,1.0000000000000075,1.1409972965607639e-16,1.0000000000000075,1.305756277851114e-15,1.305756277851114e-15,True,True,True,True,False,False,False
o_proj,11,7,adamw,10,1.1427841010870188,1.1427841010870188,1.1427841010870188,0.0,0.0,1.4774743841049086e-15,3.144440916113299e-16,3.5454344146450184e-16,3.144440916113299e-16,3.5454344146450184e-16,4.91210855719667e-16,0.9999999999999987,4.91210855719667e-16,0.9999999999999987,6.055087938804093e-16,6.055087938804093e-16,True,True,True,True,False,False,False
o_proj,11,7,adamw,50,0.08938645474037991,0.08938645474037991,0.08938645474037991,0.0,0.0,3.458529602412769e-14,6.444047495182379e-16,6.442740429070948e-16,6.444047495182379e-16,6.442740429070948e-16,8.530932758947415e-16,0.9999999999999851,8.530932758947415e-16,0.9999999999999851,1.721787636051264e-14,1.721787636051264e-14,True,True,True,True,False,False,False
o_proj,12,7,adamw,1,1.3423940477646426,1.3423940477646426,1.3423940477646426,0.0,0.0,1.5139861259720905e-15,2.0291313201716772e-17,6.053553459971276e-17,2.0291313201716772e-17,6.053553459971276e-17,6.90969974947203e-17,1.0000000000000258,6.90969974947203e-17,1.0000000000000258,1.5162258804368948e-15,1.5162258804368948e-15,True,True,True,True,False,False,False
o_proj,12,7,adamw,10,1.1525456571686015,1.152545657168601,1.152545657168601,4.440892098500626e-16,4.440892098500626e-16,1.5747978504930646e-15,3.360616143770731e-16,3.6383093713136837e-16,3.360616143770731e-16,3.6383093713136837e-16,5.0833690216788015e-16,0.9999999999999936,5.0833690216788015e-16,0.9999999999999936,6.109307835073955e-16,6.109307835073955e-16,True,True,True,True,False,False,False
o_proj,12,7,adamw,50,0.04670043069592712,0.04670043069592711,0.04670043069592711,1.3877787807814457e-17,1.3877787807814457e-17,9.107229477685234e-14,6.226283464522969e-16,6.763920700416079e-16,6.226283464522969e-16,6.763920700416079e-16,8.5531515084738605e-16,0.9999999999999862,8.5531515084738605e-16,0.9999999999999862,4.1952171751138726e-14,4.1952171751138726e-14,True,True,True,True,False,False,False
o_proj,13,7,adamw,1,1.2881137150259194,1.2881137150259194,1.2881137150259194,0.0,0.0,1.4424091848253228e-15,7.716332443291301e-16,5.439451412378747e-16,7.716332443291301e-16,5.439451412378747e-16,9.496367990340013e-16,0.999999999999981,9.496367990340013e-16,0.999999999999981,1.4434013750568227e-15,1.4434013750568227e-15,True,True,True,True,False,False,False
o_proj,13,7,adamw,10,1.1152930488334856,1.1152930488334856,1.1152930488334856,0.0,0.0,2.0247034064001497e-15,8.913672340901924e-16,7.827449378580664e-16,8.913672340901924e-16,7.827449378580664e-16,1.187532036753176e-15,0.9999999999999927,1.187532036753176e-15,0.9999999999999927,1.0303791991093687e-15,1.0303791991093687e-15,True,True,True,True,False,False,False
o_proj,13,7,adamw,50,0.04105991504996474,0.04105991504996475,0.04105991504996475,6.938893903907228e-18,6.938893903907228e-18,7.824062654477453e-14,1.2578252537211837e-15,1.3624431186805504e-15,1.2578252537211837e-15,1.3624431186805504e-15,1.5401003062322507e-15,1.0000000000000036,1.5401003062322507e-15,1.0000000000000036,2.972540624085251e-14,2.972540624085251e-14,True,True,True,True,False,False,False
o_proj,14,7,adamw,1,1.3634470274565924,1.3634470274565924,1.3634470274565924,0.0,0.0,1.444599076347074e-15,8.384972809920103e-17,1.5657523910839165e-16,8.384972809920103e-17,1.5657523910839165e-16,1.7624635075248546e-16,0.9999999999999988,1.7624635075248546e-16,0.9999999999999988,1.4478151374215675e-15,1.4478151374215675e-15,True,True,True,True,False,False,False
o_proj,14,7,adamw,10,1.17654961489181,1.17654961489181,1.17654961489181,0.0,0.0,1.9312965749614514e-15,3.9564007409896045e-16,3.883101858480716e-16,3.9564007409896045e-16,3.883101858480716e-16,5.679121204733667e-16,1.0000000000000138,5.679121204733667e-16,1.0000000000000138,7.247744383700661e-16,7.247744383700661e-16,True,True,True,True,False,False,False
o_proj,14,7,adamw,50,0.05099066229567123,0.05099066229567122,0.05099066229567122,6.938893903907228e-18,6.938893903907228e-18,6.645427652332053e-14,6.958184295921123e-16,6.874190016983031e-16,6.958184295921123e-16,6.874190016983031e-16,9.201684966192678e-16,0.9999999999999862,9.201684966192678e-16,0.9999999999999862,2.244623585590042e-14,2.244623585590042e-14,True,True,True,True,False,False,False
o_proj,15,7,adamw,1,1.3229579847619224,1.3229579847619226,1.3229579847619226,2.220446049250313e-16,2.220446049250313e-16,1.3158180544972417e-15,1.1803092136299787e-14,3.46312921042283e-16,1.1803092136299787e-14,3.46312921042283e-16,1.1445210031607355e-14,1.000000000000009,1.1445210031607355e-14,1.000000000000009,1.3159357273665754e-15,1.3159357273665754e-15,True,True,True,True,False,False,False
o_proj,15,7,adamw,10,1.1470045999573404,1.1470045999573404,1.1470045999573404,0.0,0.0,8.84816763843151e-15,1.1368639114871114e-14,4.1285157051611164e-15,1.1368639114871114e-14,4.1285157051611164e-15,1.1950237764771132e-14,0.9999999999999968,1.1950237764771132e-14,0.9999999999999968,6.402755493691191e-15,6.402755493691191e-15,True,True,True,True,False,False,False
o_proj,15,7,adamw,50,0.04421632020894902,0.04421632020894902,0.04421632020894902,0.0,0.0,1.1255174885359512e-13,1.1110393898741564e-14,6.99763820288021e-15,1.1110393898741564e-14,6.99763820288021e-15,1.1527229421024247e-14,1.000000000000005,1.1527229421024247e-14,1.000000000000005,3.960298968541152e-14,3.960298968541152e-14,True,True,True,True,False,False,False
o_proj,16,7,adamw,1,1.3795249371757825,1.3795249371757825,1.3795249371757825,0.0,0.0,1.2093648063276092e-15,5.751688713562345e-17,4.791538076974404e-16,5.751688713562345e-17,4.791538076974404e-16,4.77122875359209e-16,1.0000000000000058,4.77122875359209e-16,1.0000000000000058,1.2109653971970603e-15,1.2109653971970603e-15,True,True,True,True,False,False,False
o_proj,16,7,adamw,10,1.1959049997110374,1.1959049997110371,1.1959049997110371,2.220446049250313e-16,2.220446049250313e-16,1.512670925745508e-15,4.279171384145904e-16,5.924098273229145e-16,4.279171384145904e-16,5.924098273229145e-16,7.381699965111933e-16,0.9999999999999812,7.381699965111933e-16,0.9999999999999812,6.68759379445148e-16,6.68759379445148e-16,True,True,True,True,False,False,False
o_proj,16,7,adamw,50,0.04282022991151322,0.042820229911513207,0.042820229911513207,1.3877787807814457e-17,1.3877787807814457e-17,8.117451227899893e-14,7.248159319368778e-16,7.627353153056236e-16,7.248159319368778e-16,7.627353153056236e-16,9.442168125134357e-16,1.0000000000000004,9.442168125134357e-16,1.0000000000000004,2.3935005802197135e-14,2.3935005802197135e-14,True,True,True,True,False,False,False
o_proj,17,7,adamw,1,1.340108749208125,1.340108749208125,1.340108749208125,0.0,0.0,1.152824202339484e-15,5.141700871442556e-16,2.4150251996517743e-16,5.141700871442556e-16,2.4150251996517743e-16,5.602715724397662e-16,0.9999999999999923,5.602715724397662e-16,0.9999999999999923,1.1536629148964787e-15,1.1536629148964787e-15,True,True,True,True,False,False,False
o_proj,17,7,adamw,10,1.166260870159234,1.166260870159234,1.166260870159234,0.0,0.0,1.4425119583951505e-15,6.09636362878916e-16,4.722297572660397e-16,6.09636362878916e-16,4.722297572660397e-16,7.764859317827764e-16,1.0000000000000207,7.764859317827764e-16,1.0000000000000207,8.302141243274551e-16,8.302141243274551e-16,True,True,True,True,False,False,False
o_proj,17,7,adamw,50,0.03692084910906833,0.036920849109068316,0.036920849109068316,1.3877787807814457e-17,1.3877787807814457e-17,8.30464035355795e-14,8.720094166738674e-16,8.161741134511706e-16,8.720094166738674e-16,8.161741134511706e-16,1.0920150698370671e-15,1.000000000000016,1.0920150698370671e-15,1.000000000000016,3.109883546945531e-14,3.109883546945531e-14,True,True,True,True,False,False,False
o_proj,18,7,adamw,1,1.3876972563907604,1.3876972563907606,1.3876972563907606,2.220446049250313e-16,2.220446049250313e-16,1.4858376146737036e-15,5.748493689236336e-14,3.206331673045129e-15,5.748493689236336e-14,3.206331673045129e-15,5.853559223221375e-14,1.0000000000000153,5.853559223221375e-14,1.0000000000000153,1.4862449646710844e-15,1.4862449646710844e-15,True,True,True,True,False,False,False
o_proj,18,7,adamw,10,1.1949598274999607,1.1949598274999609,1.1949598274999609,2.220446049250313e-16,2.220446049250313e-16,2.8000471912137863e-14,5.961217142657386e-14,1.6752301852818886e-14,5.961217142657386e-14,1.6752301852818886e-14,6.28264879937424e-14,0.9999999999999856,6.28264879937424e-14,0.9999999999999856,2.5301460077019146e-14,2.5301460077019146e-14,True,True,True,True,False,False,False
o_proj,18,7,adamw,50,0.034135675395208676,0.034135675395208474,0.034135675395208474,2.0122792321330962e-16,2.0122792321330962e-16,1.5379474839593855e-13,4.9460669513570674e-14,1.8600949371747556e-14,4.9460669513570674e-14,1.8600949371747556e-14,5.157957141014876e-14,1.0000000000000042,5.157957141014876e-14,1.0000000000000042,6.300071885735869e-14,6.300071885735869e-14,True,True,True,True,False,False,False
o_proj,19,7,adamw,1,1.305680708935935,1.305680708935935,1.305680708935935,0.0,0.0,1.887204319442997e-15,1.5138543884240925e-16,4.371764606622425e-17,1.5138543884240925e-16,4.371764606622425e-17,1.6277642194983572e-16,1.0000000000000109,1.6277642194983572e-16,1.0000000000000109,1.889464835385047e-15,1.889464835385047e-15,True,True,True,True,False,False,False
o_proj,19,7,adamw,10,1.1322069179746006,1.1322069179746006,1.1322069179746006,0.0,0.0,1.83337846319567e-15,4.9402740402431695e-16,4.751823638396411e-16,4.9402740402431695e-16,4.751823638396411e-16,6.873036878096669e-16,1.000000000000009,6.873036878096669e-16,1.000000000000009,7.636052414969893e-16,7.636052414969893e-16,True,True,True,True,False,False,False
o_proj,19,7,adamw,50,0.040277592541399634,0.04027759254139964,0.04027759254139964,6.938893903907228e-18,6.938893903907228e-18,9.128548730175411e-14,9.82503204629222e-16,8.972720946690866e-16,9.82503204629222e-16,8.972720946690866e-16,1.1881972262065641e-15,1.0000000000000049,1.1881972262065641e-15,1.0000000000000049,2.1711773821762923e-14,2.1711773821762923e-14,True,True,True,True,False,False,False
o_proj,20,7,adamw,1,1.4110010789800636,1.4110010789800636,1.4110010789800636,0.0,0.0,1.6072091906326829e-15,3.8994383310504146e-14,4.1086332409050444e-16,3.8994383310504146e-14,4.1086332409050444e-16,3.963269473004669e-14,1.0000000000000306,3.963269473004669e-14,1.0000000000000306,1.6090572031869904e-15,1.6090572031869904e-15,True,True,True,True,False,False,False
o_proj,20,7,adamw,10,1.213382645053649,1.2133826450536485,1.2133826450536485,4.440892098500626e-16,4.440892098500626e-16,2.105593312012487e-14,3.657055779548458e-14,9.499529334903782e-15,3.657055779548458e-14,9.499529334903782e-15,3.8374323870705757e-14,1.0000000000000133,3.8374323870705757e-14,1.0000000000000133,1.7738415388237418e-14,1.7738415388237418e-14,True,True,True,True,False,False,False
o_proj,20,7,adamw,50,0.036229003994389795,0.03622900399438994,0.03622900399438994,1.457167719820518e-16,1.457167719820518e-16,2.1124310102304416e-13,2.965155757591806e-14,1.544774284507393e-14,2.965155757591806e-14,1.544774284507393e-14,3.175971940511039e-14,1.0000000000000084,3.175971940511039e-14,1.0000000000000084,8.171377421496075e-14,8.171377421496075e-14,True,True,True,True,False,False,False
o_proj,21,7,adamw,1,1.4796331251144796,1.4796331251144799,1.4796331251144799,2.220446049250313e-16,2.220446049250313e-16,1.478865867727882e-15,9.707554314616177e-17,2.1381086097274974e-16,9.707554314616177e-17,2.1381086097274974e-16,2.364109164544662e-16,1.0000000000000009,2.364109164544662e-16,1.0000000000000009,1.4809013985251567e-15,1.4809013985251567e-15,True,True,True,True,False,False,False
o_proj,21,7,adamw,10,1.2763338730501315,1.2763338730501315,1.2763338730501315,0.0,0.0,1.5848701223330435e-15,4.847359450838363e-16,5.294978826052245e-16,4.847359450838363e-16,5.294978826052245e-16,7.312259600330812e-16,1.0000000000000209,7.312259600330812e-16,1.0000000000000209,7.679695158371244e-16,7.679695158371244e-16,True,True,True,True,False,False,False
o_proj,21,7,adamw,50,0.05002823020788502,0.05002823020788502,0.05002823020788502,0.0,0.0,6.525922615639637e-14,8.537945583312709e-16,9.190518156730966e-16,8.537945583312709e-16,9.190518156730966e-16,1.1278954218634373e-15,0.9999999999999978,1.1278954218634373e-15,0.9999999999999978,2.065017786636489e-14,2.065017786636489e-14,True,True,True,True,False,False,False
o_proj,22,7,adamw,1,1.4655853667141951,1.4655853667141954,1.4655853667141954,2.220446049250313e-16,2.220446049250313e-16,1.4840353126619733e-15,1.0293156283808217e-16,4.988954643026156e-17,1.0293156283808217e-16,4.988954643026156e-17,1.1723687175455117e-16,0.9999999999999815,1.1723687175455117e-16,0.9999999999999815,1.4873048915204306e-15,1.4873048915204306e-15,True,True,True,True,False,False,False
o_proj,22,7,adamw,10,1.2700857177607463,1.270085717760746,1.270085717760746,2.220446049250313e-16,2.220446049250313e-16,1.652432675412607e-15,5.860829259778114e-16,5.085707258565671e-16,5.860829259778114e-16,5.085707258565671e-16,7.795641892084582e-16,0.9999999999999947,7.795641892084582e-16,0.9999999999999947,7.381344528638574e-16,7.381344528638574e-16,True,True,True,True,False,False,False
o_proj,22,7,adamw,50,0.10094188460788057,0.10094188460788056,0.10094188460788056,1.3877787807814457e-17,1.3877787807814457e-17,3.452429136905016e-14,1.2870595869929754e-15,1.5913835056372817e-15,1.2870595869929754e-15,1.5913835056372817e-15,1.6052736859335416e-15,0.9999999999999976,1.6052736859335416e-15,0.9999999999999976,2.5350368742683677e-14,2.5350368742683677e-14,True,True,True,True,False,False,False
o_proj,23,7,adamw,1,1.4080899837773224,1.4080899837773224,1.4080899837773224,0.0,0.0,1.2864512450443032e-15,5.034414004227264e-17,9.630363942596128e-17,5.034414004227264e-17,9.630363942596128e-17,1.0984319914517853e-16,1.0000000000000027,1.0984319914517853e-16,1.0000000000000027,1.2874279388642683e-15,1.2874279388642683e-15,True,True,True,True,False,False,False
o_proj,23,7,adamw,10,1.2214378304588205,1.2214378304588203,1.2214378304588203,2.220446049250313e-16,2.220446049250313e-16,1.3003378407640107e-15,3.379706188789967e-16,3.84001891531901e-16,3.379706188789967e-16,3.84001891531901e-16,5.229373328384611e-16,0.9999999999999905,5.229373328384611e-16,0.9999999999999905,6.484058860846344e-16,6.484058860846344e-16,True,True,True,True,False,False,False
o_proj,23,7,adamw,50,0.0822050639587,0.08220506395870003,0.08220506395870003,2.7755575615628914e-17,2.7755575615628914e-17,4.062799857511221e-14,6.286235508109997e-16,6.598046494337343e-16,6.286235508109997e-16,6.598046494337343e-16,8.567733836690638e-16,0.9999999999999882,8.567733836690638e-16,0.9999999999999882,1.8318033801531045e-14,1.8318033801531045e-14,True,True,True,True,False,False,False
gate_proj,0,7,adamw,1,1.4934998745358348,1.4934998745358348,1.4934998745358348,0.0,0.0,3.2130945048336903e-15,0.026224870851967626,8.296008845598606e-15,1.0381508159424963e-15,8.296008845598606e-15,0.03276527854413409,0.9994651451791965,8.113168196720092e-15,1.0000000000000142,1.3683312824804847,1.2259813725313e-15,False,True,False,True,True,False,False
gate_proj,0,7,adamw,10,1.340046121508905,1.3232318271547976,1.340046121508905,0.016814294354107417,0.0,0.9678760228129766,0.11969323430359471,0.0636444710248246,1.8625633992007796e-15,8.036563767638772e-15,0.12974681206713706,0.9918818213043991,8.008433979831168e-15,0.9999999999999988,0.6682340802654602,1.8982502635707765e-15,False,True,False,True,True,False,False
gate_proj,0,7,adamw,50,0.07358420335132512,0.058598990670085095,0.07358420335132483,0.014985212681240027,2.914335439641036e-16,2.690374902758667,0.20603109296426372,0.15501040523559553,2.8844701245899387e-15,4.3970423501560956e-15,0.22753011571818868,0.9741219345799341,4.358154318410011e-15,0.999999999999894,0.6424549540827809,2.8854838477730317e-15,False,True,False,True,True,False,False
gate_proj,1,7,adamw,1,1.499411052429149,1.499411052429149,1.499411052429149,0.0,0.0,2.5560350994622636e-15,0.012290809736324288,2.1310706761731316e-15,1.5578363300804146e-16,2.1310706761731316e-15,0.015154473795218528,0.9998851745009335,2.1021572804250137e-15,0.9999999999999916,1279.9495186681052,2.376262200030432e-16,False,True,False,True,True,False,False
gate_proj,1,7,adamw,10,1.3511650298473636,4.5680491735201585,1.3511650298473636,3.216884143672795,0.0,1.0091251474691165,0.2673009429445439,0.3964493415723804,8.464615478500859e-16,2.2461438627344597e-15,0.47035562316809787,0.8849162071556216,2.3564728942323394e-15,0.9999999999999512,31352.453470219243,8.780414968329697e-16,False,True,False,True,True,False,False
gate_proj,1,7,adamw,50,0.06777343226990978,1.5097373398244267,0.06777343226991003,1.441963907554517,2.498001805406602e-16,1.0137429742128996,0.6982998417032844,1.0785180059169353,2.04701300839107e-15,2.7984669632939858e-15,1.0338723170804547,0.1328563479066301,2.81688055682744e-15,0.9999999999999899,35661.17457965749,2.047489769917948e-15,False,True,False,True,True,False,False
gate_proj,2,7,adamw,1,1.5165431521930488,1.516543152193049,1.516543152193049,2.220446049250313e-16,2.220446049250313e-16,2.6477320299144557e-15,0.013244393815011428,3.3611262478478274e-16,3.726568777155491e-14,3.3611262478478274e-16,0.016896074822726266,0.999857351880287,3.7728825631578996e-14,0.9999999999999991,598.4648199138358,6.683210883134925e-14,False,True,False,True,True,False,False
gate_proj,2,7,adamw,10,1.3652596255370666,1.5980267903770466,1.3652596255370673,0.23276716483998006,6.661338147750939e-16,1.1119529961125765,0.25638874752924795,0.37820183781857025,3.622807177194734e-14,8.639233944503311e-15,0.45265946866033363,0.8919211821459773,3.754861566437175e-14,0.9999999999999998,14364.668016911673,6.39512011191473e-14,False,True,False,True,True,False,False
gate_proj,2,7,adamw,50,0.05313390749640406,1.3818636767323185,0.05313390749640443,1.3287297692359143,3.7470027081099033e-16,1.0139000025092795,0.689865330168762,1.0444055652957722,3.1392801614293516e-14,2.6906437731632947e-14,1.020636812737899,0.1998789027635391,3.5058270085293396e-14,1.0000000000000595,8617.293833692293,4.8739207657883584e-14,False,True,False,True,True,False,False
gate_proj,3,7,adamw,1,1.4813323598436061,1.4813323598436063,1.4813323598436063,2.220446049250313e-16,2.220446049250313e-16,3.235102864233514e-15,0.020437597756026833,5.870422330763037e-16,6.748096766716124e-14,5.870422330763037e-16,0.024590089134165004,0.9996984452067733,6.832861278912006e-14,1.000000000000056,482.86721308147736,6.448068875265207e-14,False,True,False,True,True,False,False
gate_proj,3,7,adamw,10,1.3262799633050926,1.5923090047463584,1.3262799633050926,0.2660290414412658,0.0,1.1954222065954503,0.2836862979292249,0.3796295393868545,6.470652124678732e-14,1.5169779086514557e-14,0.4645493264327838,0.8858475780454748,6.685303868902587e-14,1.0000000000000142,8136.383435536494,6.21445100859602e-14,False,True,False,True,True,False,False
gate_proj,3,7,adamw,50,0.1222450359488921,1.3063137544757488,0.12224503594888235,1.1840687185268568,9.756084828893563e-15,1.0713117647098582,0.6903166800682417,1.0109952266834106,6.244500264745508e-14,5.781245242468012e-14,1.0026925285493322,0.23680264323949962,7.321513231313757e-14,0.9999999999999776,3295.4858361123534,6.211377146504352e-14,False,True,False,True,True,False,False
gate_proj,4,7,adamw,1,1.4720528885629103,1.4720528885629098,1.4720528885629098,4.440892098500626e-16,4.440892098500626e-16,2.682344325335861e-15,0.01603642441086633,2.8139798873527434e-15,2.272224628129844e-15,2.8139798873527434e-15,0.02006664324496624,0.9997986492299624,3.683765649253651e-15,0.9999999999999806,305.47790626072185,4.177273653866459e-15,False,True,False,True,True,False,False
gate_proj,4,7,adamw,10,1.3240081427469546,1.513616304247066,1.3240081427469546,0.1896081615001115,0.0,1.7224963201966812,0.2678300105528906,0.384649128123826,2.5491580629547848e-15,3.096585765646818e-15,0.4574191574425483,0.8894079925521721,4.025481731963914e-15,0.9999999999999678,2080.3895678002364,4.258828668223803e-15,False,True,False,True,True,False,False
gate_proj,4,7,adamw,50,0.09344722152802298,1.2053013194175257,0.09344722152802401,1.1118540978895028,1.0269562977782698e-15,1.7091998102846935,0.6602837257877927,0.9646431042574201,4.451618842132181e-15,5.724678540606403e-15,0.98148046964113,0.2876660800623268,6.059945265695637e-15,0.9999999999999645,121.76388582000897,5.2282775053561465e-15,False,True,False,True,True,False,False
gate_proj,5,7,adamw,1,1.5231224113223931,1.5231224113223931,1.5231224113223931,0.0,0.0,2.7075794745781186e-15,0.02032721974413789,1.942101098822761e-15,4.497798741740283e-16,1.942101098822761e-15,0.024456799892833902,0.9997009571205547,1.9489477005876176e-15,0.99999999999999,2079.1022983017033,2.7479651400462555e-16,False,True,False,True,True,False,False
gate_proj,5,7,adamw,10,1.3702652200852659,2.118684992196948,1.3702652200852659,0.7484197721116823,0.0,1.0540475994873924,0.27530734111209376,0.3888459615475943,8.034666478031239e-16,1.998983659422695e-15,0.46545672712915,0.8852814526730872,2.1091177272517382e-15,1.0000000000000382,69851.13340525876,7.188593570837907e-16,False,True,False,True,True,False,False
gate_proj,5,7,adamw,50,0.11682419435061299,1.600440226378445,0.11682419435061292,1.483616032027832,6.938893903907228e-17,1.0010411326360857,0.6985413948544019,1.0552527936973264,1.853023631402702e-15,2.4289234761055753e-15,1.0225271622410668,0.19425562431645796,2.494203881215672e-15,1.0000000000000397,33961.608754147266,1.8333013168963764e-15,False,True,False,True,True,False,False
gate_proj,6,7,adamw,1,1.4453777225369593,1.4453777225369593,1.4453777225369593,0.0,0.0,2.631993417566856e-15,0.017327072357250256,3.0928924208863282e-15,1.984610334707994e-15,3.0928924208863282e-15,0.022045099839875765,0.9997570208001479,3.774367085469215e-15,0.9999999999999918,1246.1551756136525,1.7325503433424388e-15,False,True,False,True,True,False,False
gate_proj,6,7,adamw,10,1.2941446257589584,17.138957514806727,1.2941446257589586,15.844812889047768,2.220446049250313e-16,1.008033407059889,0.2659269512848052,0.3617957061356007,2.0317897502444687e-15,3.057810007194759e-15,0.44738564224071736,0.8960173386325843,3.7099974998421935e-15,1.0000000000000007,51972.17144502291,1.8197906644070837e-15,False,True,False,True,True,False,False
gate_proj,6,7,adamw,50,0.10953813736621433,1.2889581824618987,0.10953813736621437,1.1794200450956844,4.163336342344337e-17,1.1700558646261014,0.6786171712587197,1.0290116731316996,3.437842695147875e-15,4.946582766979399e-15,1.0132647310106082,0.19349177328416428,4.632456267330467e-15,1.000000000000052,40885.09363135794,3.4057903224589548e-15,False,True,False,True,True,False,False
gate_proj,7,7,adamw,1,1.4357876552670312,1.4357876552670312,1.4357876552670312,0.0,0.0,3.850899803064034e-15,0.018583844975877725,2.4221427553466577e-15,5.254760878846598e-16,2.4221427553466577e-15,0.022118815631326675,0.9997553695410875,2.4452227064291787e-15,1.0000000000000018,722.8976086812661,5.644547645061958e-16,False,True,False,True,True,False,False
gate_proj,7,7,adamw,10,1.2918669292506328,6.957537812933411,1.2918669292506328,5.665670883682778,0.0,1.0047085473813318,0.2704610121856189,0.3690969637184484,1.1237870626462966e-15,2.4906844035851323e-15,0.4486981597001054,0.8965434135655945,2.6971818055288467e-15,1.0000000000000164,6240.812935089169,1.1270008326375318e-15,False,True,False,True,True,False,False
gate_proj,7,7,adamw,50,0.08515802651508358,1.4411828579035602,0.08515802651508383,1.3560248313884766,2.498001805406602e-16,1.0365308281180854,0.6910011235701214,1.0146217652100502,3.888073410574685e-15,5.527212188530479e-15,1.0011568271421207,0.20782232487355773,5.143637494698204e-15,1.0000000000000193,8745.954322892137,3.924996185250936e-15,False,True,False,True,True,False,False
gate_proj,8,7,adamw,1,1.4398322105330144,1.4398322105330144,1.4398322105330144,0.0,0.0,2.3086838261545547e-15,0.01967583751667588,1.0355575049832374e-15,1.179258337489196e-16,1.0355575049832374e-15,0.024961155333565303,0.9996884327877245,1.0517329044233753e-15,0.999999999999958,2165.9356205447866,1.0586174182938094e-16,False,True,False,True,True,False,False
gate_proj,8,7,adamw,10,1.2955603183139845,7.898904904046769,1.2955603183139845,6.603344585732785,0.0,1.006624173535938,0.26500407315560676,0.3952281397891263,6.552670996096422e-16,1.2682528389386373e-15,0.46887861407071935,0.8856103302902167,1.4262092011622606e-15,0.9999999999999817,57292.83339808954,6.776219161944157e-16,False,True,False,True,True,False,False
gate_proj,8,7,adamw,50,0.07721270769275379,1.5513515725806544,0.07721270769275387,1.4741388648879006,8.326672684688674e-17,1.0161558255922276,0.6962905903649919,1.077750082576003,1.235188308665474e-15,1.5284278288390885e-15,1.0342578143777814,0.13594570877675055,1.7636308017419915e-15,0.999999999999958,30421.399175828647,1.2784018805603658e-15,False,True,False,True,True,False,False
gate_proj,9,7,adamw,1,1.400355768974403,1.400355768974403,1.400355768974403,0.0,0.0,2.5262391224198513e-15,0.022841124869629935,1.9487987341270397e-15,1.6681764839502354e-15,1.9487987341270397e-15,0.0290667253511846,0.9995774999448424,2.5429962391553335e-15,1.0000000000000582,3373.7452178945673,1.3826374495012121e-15,False,True,False,True,True,False,False
gate_proj,9,7,adamw,10,1.2596893606915627,23.162839543889493,1.2596893606915627,21.90315018319793,0.0,1.0040995351582231,0.263872799594983,0.3931277910156517,1.7484977180153259e-15,2.049214432954746e-15,0.46626735291603155,0.8869520303306917,2.658222067844411e-15,1.0000000000000369,188913.658397891,1.5087322222603221e-15,False,True,False,True,True,False,False
gate_proj,9,7,adamw,50,0.06088862926074521,1.8515411070485808,0.06088862926074526,1.7906524777878357,4.85722573273506e-17,1.0039198472861763,0.6934065281668028,1.0879555256852946,2.098679337547021e-15,2.7918418650979624e-15,1.0407705899688582,0.12386656769119123,2.8492833882815014e-15,1.0000000000000155,37034.91782159772,2.0213516811545706e-15,False,True,False,True,True,False,False
gate_proj,10,7,adamw,1,1.4156584337678233,1.4156584337678233,1.4156584337678233,0.0,0.0,2.9645721243038208e-15,0.024466668894539113,1.3931614784888132e-15,4.3971207260410683e-16,1.3931614784888132e-15,0.029878569984834756,0.9995536270739264,1.459695271852568e-15,1.0000000000000058,1.175028117741787,6.196782408960047e-16,False,True,False,True,True,False,False
gate_proj,10,7,adamw,10,1.2720881816283414,1.2640182182871826,1.2720881816283414,0.008069963341158726,0.0,0.330063851305598,0.1406686611305132,0.03593858380901116,8.308558123216802e-16,1.5383369115900498e-15,0.1515262459545123,0.9886203287413454,1.7423079113084129e-15,0.9999999999999947,1.0628536010314762,9.600987888207214e-16,False,True,False,True,True,False,False
gate_proj,10,7,adamw,50,0.08452880110034067,0.07512750425919942,0.08452880110034082,0.009401296841141243,1.5265566588595902e-16,2.046343755887981,0.3822029879308409,0.13968103397237053,2.5806522051846095e-15,3.6152804233992574e-15,0.40097090586551826,0.9250051714839594,3.423724527363332e-15,1.0000000000000033,1.0932420469334545,2.545090149646536e-15,False,True,False,True,True,False,False
gate_proj,11,7,adamw,1,1.3634136088461364,1.3634136088461362,1.3634136088461362,2.220446049250313e-16,2.220446049250313e-16,2.896295917764226e-15,0.024573053199700302,2.5492581972199393e-15,7.2500739921473255e-16,2.5492581972199393e-15,0.03051528156040772,0.9995344426110297,2.637165562374096e-15,1.0000000000000124,1.08319475811501,5.519399635017409e-16,False,True,False,True,True,False,False
gate_proj,11,7,adamw,10,1.2203796519978691,1.2160646424923454,1.2203796519978691,0.00431500950552377,0.0,0.19305703199721,0.1386471023485268,0.026338518655996575,1.0932854513418012e-15,2.5603840180976683e-15,0.15078033273658423,0.988748585819333,2.774933843209928e-15,0.999999999999999,1.0060719318326734,1.1455384677760141e-15,False,True,False,True,True,False,False
gate_proj,11,7,adamw,50,0.04833304819304519,0.04524385030242756,0.04833304819304524,0.00308919789061763,5.551115123125783e-17,1.9560752735535643,0.3651661390569226,0.08024508389916334,1.562666009045014e-15,1.859027937552452e-15,0.3738676698632263,0.9354070403104319,2.1277148164162782e-15,1.000000000000018,0.9484814577339794,1.6166876658749951e-15,False,True,False,True,True,False,False
gate_proj,12,7,adamw,1,1.3876117596711959,1.3876117596711959,1.3876117596711959,0.0,0.0,2.9955199355994205e-15,0.02382023488305441,3.609666655936914e-15,4.705639738583395e-16,3.609666655936914e-15,0.029391815007108364,0.9995679716125292,3.5137479247032143e-15,0.9999999999999869,1.079350559062154,4.0796901205192995e-16,False,True,False,True,True,False,False
gate_proj,12,7,adamw,10,1.2460141148236237,1.2403412288528777,1.2460141148236237,0.005672885970746,0.0,0.21446021557258954,0.13416572272611485,0.029109494448943778,9.38947378368508e-16,3.636570742343984e-15,0.14100672657152458,0.9901561349402273,3.7055520014671e-15,0.9999999999999813,1.0018020015966305,9.363887666710678e-16,False,True,False,True,True,False,False
gate_proj,12,7,adamw,50,0.0660442208578895,0.06687153521731166,0.06604422085788961,0.0008273143594221682,1.1102230246251565e-16,1.7030947959530518,0.3701559669212026,0.11850755392517555,1.9517603649396446e-15,2.870179040643277e-15,0.3835139386635695,0.9316675811248645,2.936086803216085e-15,0.9999999999999685,0.9587015425653366,1.9864697207118055e-15,False,True,False,True,True,False,False
gate_proj,13,7,adamw,1,1.3499270477941256,1.3499270477941254,1.3499270477941254,2.220446049250313e-16,2.220446049250313e-16,2.5995521389393365e-15,0.022253806803006662,2.4197673943604105e-15,1.3908315907542069e-16,2.4197673943604105e-15,0.028578372262913054,0.9995918000415884,2.4653277475184757e-15,1.0000000000000606,1.0164647585347808,2.3119779659117257e-16,False,True,False,True,True,False,False
gate_proj,13,7,adamw,10,1.2137740696671757,1.2112285052715428,1.2137740696671764,0.0025455643956329155,6.661338147750939e-16,0.12422052617381572,0.12284119683558421,0.02124339479350133,6.798820881752714e-16,2.405139869258538e-15,0.13608913580822274,0.9908283154193959,2.523554508215407e-15,1.0000000000000218,0.9622479508122272,7.010234799983659e-16,False,True,False,True,True,False,False
gate_proj,13,7,adamw,50,0.05911161154110712,0.05892735011224082,0.05911161154110709,0.00018426142886630165,2.7755575615628914e-17,0.9729006038768614,0.3243291343777331,0.05727259847305045,1.1493524228994515e-15,2.1375942464355353e-15,0.33028284251129886,0.9505105895371768,2.0330848022155054e-15,1.000000000000004,0.941878799511112,1.1810080027069243e-15,False,True,False,True,True,False,False
gate_proj,14,7,adamw,1,1.394324387829611,1.394324387829611,1.394324387829611,0.0,0.0,2.100016033411652e-15,0.0194078340435879,5.147391966055289e-15,1.959941324671376e-15,5.147391966055289e-15,0.02359614572927504,0.9997215971180311,5.553350541531215e-15,0.99999999999996,0.8280937017580349,6.079365255294924e-15,False,True,False,True,True,False,False
gate_proj,14,7,adamw,10,1.2474767561665114,1.2468116785809924,1.2474767561665114,0.0006650775855190361,0.0,0.05089154109598559,0.10806431964433398,0.014341466613862009,2.847032829501522e-15,5.558714933950919e-15,0.11103784572585378,0.9939410103732659,6.2310702482022945e-15,1.000000000000011,0.8410718141627247,6.2064221126158225e-15,False,True,False,True,True,False,False
gate_proj,14,7,adamw,50,0.050404936052900626,0.0503216962438915,0.05040493605290082,8.323980900912242e-05,1.942890293094024e-16,0.33769752345858856,0.27546283535995375,0.03310734148899408,6.6364786669167225e-15,1.1069322679191362e-14,0.2751192180371241,0.9658176600793229,9.48036750175923e-15,0.999999999999997,0.8181330503809018,7.701275860974496e-15,False,True,False,True,True,False,False
gate_proj,15,7,adamw,1,1.378435008847141,1.3784350088471409,1.3784350088471409,2.220446049250313e-16,2.220446049250313e-16,2.6609545870342083e-15,0.019457707578299777,1.943307004937999e-15,4.646074970501643e-16,1.943307004937999e-15,0.0215263603734834,0.9997683029646092,2.0358464075578164e-15,0.999999999999949,0.774992894013111,6.683421438574078e-16,False,True,False,True,True,False,False
gate_proj,15,7,adamw,10,1.2390910870700815,1.242627111271938,1.2390910870700815,0.0035360242018565025,0.0,0.10108930325194987,0.10809495710266682,0.017478011601569962,8.82432924146782e-16,1.8369739292474823e-15,0.1100979935992791,0.9940493087346852,2.05965241470776e-15,1.0000000000000022,0.7788417817933875,1.004930600680949e-15,False,True,False,True,True,False,False
gate_proj,15,7,adamw,50,0.05002168242065972,0.05372101270825252,0.050021682420659755,0.0036993302875927975,3.469446951953614e-17,0.8368196663266692,0.25878774419064215,0.05362764141430756,1.6712499521300886e-15,1.6575248230836258e-15,0.2555666320259266,0.9697786782054207,2.073054983001885e-15,1.00000000000002,0.8798894826997165,1.726267637019383e-15,False,True,False,True,True,False,False
gate_proj,16,7,adamw,1,1.4262785799553162,1.426278579955316,1.426278579955316,2.220446049250313e-16,2.220446049250313e-16,2.485676279319548e-15,0.01835815013558719,2.0094431146359012e-15,9.772895214680336e-17,2.0094431146359012e-15,0.01999105800685642,0.9998002067560482,2.0408502715351746e-15,0.999999999999949,0.6080933640194306,1.3514361684455653e-16,False,True,False,True,True,False,False
gate_proj,16,7,adamw,10,1.2770543262700018,1.2904327879246011,1.2770543262700018,0.013378461654599327,0.0,0.2731410713187201,0.10419212435189779,0.043836267552318564,7.241073173423577e-16,1.9815621207053515e-15,0.11109655102609271,0.9939106050733034,2.13196151784858e-15,1.000000000000015,0.5693931837119833,7.407499211391966e-16,False,True,False,True,True,False,False
gate_proj,16,7,adamw,50,0.08023504904835685,0.0839519554418125,0.08023504904835707,0.003716906393455649,2.220446049250313e-16,1.2708614277866483,0.21918891125703335,0.1925662059550501,1.796463976083359e-15,2.689833729600516e-15,0.24124938931901319,0.9704737912682119,2.7000141648982838e-15,0.9999999999999918,1.2091522042610339,1.786647210005711e-15,False,True,False,True,True,False,False
gate_proj,17,7,adamw,1,1.4578500719744023,1.4578500719744023,1.4578500719744023,0.0,0.0,2.5025088187308497e-15,0.022644880712656114,2.3434509469436354e-15,2.552444235596625e-16,2.3434509469436354e-15,0.02600894097261612,0.9996618081683741,2.276914817842285e-15,0.9999999999999873,0.7030474477838335,2.561711174046862e-16,False,True,False,True,True,False,False
gate_proj,17,7,adamw,10,1.303382865623757,1.3257881316863793,1.303382865623757,0.022405266062622387,0.0,0.3719897887310653,0.12959763004857944,0.06599756762857567,9.731312760626703e-16,2.3732343324545803e-15,0.1421719027114203,0.9899838134695946,2.488759211374586e-15,1.0000000000000522,0.6361948361426316,9.887537400642928e-16,False,True,False,True,True,False,False
gate_proj,17,7,adamw,50,0.08648462035748938,0.09552479148208085,0.08648462035748934,0.009040171124591462,4.163336342344337e-17,0.9477081314804119,0.23878771840961213,0.21497922468543934,1.708452897243702e-15,1.9804837854035583e-15,0.25802276008203895,0.9662106812770055,2.240104674394508e-15,1.000000000000026,1.08747840882943,1.748394709331107e-15,False,True,False,True,True,False,False
gate_proj,18,7,adamw,1,1.4271594696599512,1.4271594696599514,1.4271594696599514,2.220446049250313e-16,2.220446049250313e-16,2.7083420629711797e-15,0.022866152641186365,4.18126694603779e-15,1.864528322111669e-16,4.18126694603779e-15,0.02577751330257939,0.9996677597062856,4.193207579430883e-15,0.9999999999999953,0.7067981973180626,1.6379796550892527e-16,False,True,False,True,True,False,False
gate_proj,18,7,adamw,10,1.286491583881818,1.3051567641602881,1.2864915838818183,0.018665180278470084,2.220446049250313e-16,0.35883659418961844,0.12329514806068136,0.06759958580073885,8.551395453716576e-16,4.1027765127049755e-15,0.13728103788106116,0.9906228808369764,4.2367236665644745e-15,0.9999999999999912,0.6519807993663039,8.436861961210592e-16,False,True,False,True,True,False,False
gate_proj,18,7,adamw,50,0.077059612542738,0.09304390964577332,0.07705961254273806,0.01598429710303531,5.551115123125783e-17,1.1865347052988833,0.26854850718669665,0.2759371098498454,2.1757857928309806e-15,3.942300438200913e-15,0.3009303504191268,0.9537585328891243,3.4852458612635788e-15,1.0000000000000326,0.8286066869945459,2.1499950219885037e-15,False,True,False,True,True,False,False
gate_proj,19,7,adamw,1,1.414990479569139,1.414990479569139,1.414990479569139,0.0,0.0,3.0657420501419642e-15,0.023781842818849534,1.0492691194158427e-15,1.1641202485149305e-16,1.0492691194158427e-15,0.02738112326904972,0.9996250689190157,1.043867966255138e-15,1.0000000000000668,0.711877273744868,1.067668382294311e-16,False,True,False,True,True,False,False
gate_proj,19,7,adamw,10,1.270118657278149,1.2965849436269559,1.270118657278149,0.026466286348806767,0.0,0.4253683167199422,0.1316380517938704,0.08666483022973327,7.066619699761278e-16,1.2279167033277831e-15,0.15245538921390264,0.9883856476303474,1.4043791293480665e-15,0.9999999999999726,0.6180011400404825,7.00525605786594e-16,False,True,False,True,True,False,False
gate_proj,19,7,adamw,50,0.05950455254872765,0.08655513052493546,0.059504552548727656,0.027050577976207815,6.938893903907228e-18,1.0555937620470537,0.2442102336523748,0.291613578603094,1.8059583224712083e-15,2.123741999246876e-15,0.2988096268027553,0.9564349057333679,2.2670503945449242e-15,0.9999999999999659,1.029707376147034,1.814748771941114e-15,False,True,False,True,True,False,False
gate_proj,20,7,adamw,1,1.4004276608719008,1.4004276608719008,1.4004276608719008,0.0,0.0,2.593947801764619e-15,0.02452496019212046,2.1771226162710605e-15,7.666674455359085e-15,2.1771226162710605e-15,0.03039938360094152,0.9995378400581858,8.072516020425656e-15,1.000000000000004,0.7307174841171883,6.656947832990582e-15,False,True,False,True,True,False,False
gate_proj,20,7,adamw,10,1.2555297574910858,1.2861269835803009,1.2555297574910855,0.030597226089215113,2.220446049250313e-16,0.4167380376765632,0.13485907642677158,0.09369009344509995,7.357840574320738e-15,2.9417057596400327e-15,0.15859930057510485,0.9873946460501293,7.999688260575351e-15,1.000000000000023,0.6373123997550312,6.424873250375168e-15,False,True,False,True,True,False,False
gate_proj,20,7,adamw,50,0.06859566644346972,0.10886812963119652,0.06859566644347,0.0402724631877268,2.7755575615628914e-16,1.0114289094062696,0.22365782685778268,0.2895198075025822,6.408730952540755e-15,4.0868049154099694e-15,0.28128088897142645,0.9626950999823405,7.037521112341314e-15,1.0000000000000215,1.8259613305977627,5.873763996724466e-15,False,True,False,True,True,False,False
gate_proj,21,7,adamw,1,1.3944911485861946,1.394491148586195,1.394491148586195,4.440892098500626e-16,4.440892098500626e-16,2.586128200908152e-15,0.02769694304020274,1.4985765251356224e-15,2.2519093762296422e-17,1.4985765251356224e-15,0.03565220127518681,0.9993642667237528,1.4956531344988148e-15,1.0000000000000013,1.6180829383618136,2.336762590318041e-17,False,True,False,True,True,False,False
gate_proj,21,7,adamw,10,1.245660976252666,1.2652440126012456,1.245660976252666,0.019583036348579608,0.0,0.44277284510801196,0.16670346632545002,0.12268641195056668,7.061502694799544e-16,1.5497879425423209e-15,0.2033915662504718,0.9791382433179981,1.6799154016755695e-15,1.0000000000000173,2.614205178063991,7.181841697899412e-16,False,True,False,True,True,False,False
gate_proj,21,7,adamw,50,0.08801594853414996,0.15571326997022403,0.08801594853415007,0.06769732143607407,1.1102230246251565e-16,1.008037388416904,0.4229624527406224,0.5053311747092574,1.8605227877286624e-15,2.8564991682189977e-15,0.513928082550618,0.864151488062584,2.609457195964495e-15,1.0000000000000238,4.0421514594930095,1.8844555719303894e-15,False,True,False,True,True,False,False
gate_proj,22,7,adamw,1,1.369388621985358,1.3693886219853577,1.3693886219853577,2.220446049250313e-16,2.220446049250313e-16,2.431045388908178e-15,0.025715276633715783,6.203182768424668e-15,4.102137810680497e-17,6.203182768424668e-15,0.033478494334231015,0.9994396927374778,6.0827666915343035e-15,1.0000000000000262,2373.724413397015,4.0079026258439215e-17,False,True,False,True,True,False,False
gate_proj,22,7,adamw,10,1.2277474631387373,4.233496197745567,1.2277474631387377,3.00574873460683,4.440892098500626e-16,1.0024714517850248,0.2618356485193914,0.38510777226736537,1.6066845891872996e-15,6.021318169472049e-15,0.46515826703890467,0.8854445938481212,6.076447921239811e-15,0.9999999999999828,270637.11221887387,1.6156917398412564e-15,False,True,False,True,True,False,False
gate_proj,22,7,adamw,50,0.11655966716156752,1.9233111885537355,0.11655966716156828,1.8067515213921679,7.632783294297951e-16,0.9964831459370904,0.6718163974750938,1.029449795625048,4.900423684096736e-15,7.854361010361664e-15,1.013133605291153,0.22128183134162832,7.198589865535882e-15,1.0000000000000375,22766.516641085873,4.9524098093794295e-15,False,True,False,True,True,False,False
gate_proj,23,7,adamw,1,1.4142588040256174,1.4142588040256174,1.4142588040256174,0.0,0.0,3.599797076955659e-15,0.029751952669010092,3.566064369682734e-15,1.5818032367003739e-15,3.566064369682734e-15,0.04098811041008823,0.9991596351168335,3.929792517032361e-15,1.000000000000064,508.0494712308182,1.7212838356207337e-15,False,True,False,True,True,False,False
gate_proj,23,7,adamw,10,1.2603597539111504,2.5441912111597595,1.26035975391115,1.2838314572486091,4.440892098500626e-16,1.0210462033414145,0.2655438581674519,0.38880837842478655,1.818373151205596e-15,3.4306363137692397e-15,0.47357694091177566,0.8812486956942742,3.824696970469646e-15,1.0000000000000602,31986.63128288267,1.946181342207983e-15,False,True,False,True,True,False,False
gate_proj,23,7,adamw,50,0.08241329350420264,1.482364638284225,0.08241329350420301,1.3999513447800225,3.7470027081099033e-16,1.0237599703268359,0.678428989191926,1.0275647143188815,2.7971169111076622e-15,3.902617312084123e-15,1.0122306771751959,0.2151071839866982,3.870862689152623e-15,1.0000000000000502,4226.361750907417,2.837524682241101e-15,False,True,False,True,True,False,False
up_proj,0,7,adamw,1,1.31787932494554,1.3178793249455403,1.3178793249455403,2.220446049250313e-16,2.220446049250313e-16,2.4278059577255214e-15,0.02622139113421193,2.4467985752034994e-15,2.6757363320315673e-14,2.4467985752034994e-15,0.02975109664302309,0.9995579017199341,2.7053538401180848e-14,1.0000000000000213,1.3480508885270805,2.98284783957011e-14,False,True,False,True,True,False,False
up_proj,0,7,adamw,10,1.182248113277324,1.166733614405058,1.182248113277324,0.01551449887226597,0.0,1.1589179057056844,0.12463038496687001,0.07057350346094726,2.7108480848818502e-14,9.152983062458946e-15,0.13610387775639632,0.9910444198516133,2.8843313779563596e-14,0.999999999999986,0.6436102611440941,3.0183898572412325e-14,False,True,False,True,True,False,False
up_proj,0,7,adamw,50,0.10300889153503234,0.09576506741254756,0.10300889153502524,0.007243824122484782,7.105427357601002e-15,2.680127539643893,0.2514216515221486,0.26701145062377774,3.4596879887519263e-14,3.852781951636272e-14,0.29658204811418454,0.9550311720854782,4.38213907214142e-14,0.9999999999999897,0.8783303125485488,3.655464996660267e-14,False,True,False,True,True,False,False
up_proj,1,7,adamw,1,1.2690349524155418,1.2690349524155418,1.2690349524155418,0.0,0.0,2.634348369571383e-15,0.012289234479476288,2.2315304512238e-15,4.8770846807420396e-15,2.2315304512238e-15,0.013263841051639398,0.9999120356871388,5.408709790897135e-15,0.9999999999999863,1510.8576356586304,5.2127993054627e-15,False,True,False,True,True,False,False
up_proj,1,7,adamw,10,1.1369921031092418,1.402503817117629,1.1369921031092416,0.26551171400838713,2.220446049250313e-16,1.2044712056765883,0.26853803722594016,0.3781175293481702,5.169651560062869e-15,3.177121100224971e-15,0.45117607776959595,0.8927015349752397,6.096867297131846e-15,0.9999999999999805,14302.50286841467,5.408120414994149e-15,False,True,False,True,True,False,False
up_proj,1,7,adamw,50,0.041952885813715216,1.1518355731789736,0.041952885813715236,1.1098826873652583,2.0816681711721685e-17,1.006008546847539,0.6819124575105338,1.0122758924605428,5.832386365666512e-15,5.4812557281580534e-15,1.0055814782318062,0.24053335225062195,6.681855423500906e-15,1.0000000000000373,6980.8470697884295,5.955079698636013e-15,False,True,False,True,True,False,False
up_proj,2,7,adamw,1,1.2833159476479887,1.2833159476479892,1.2833159476479892,4.440892098500626e-16,4.440892098500626e-16,2.411981562621953e-15,0.013251592714424849,8.306248578111855e-16,9.459989091864746e-16,8.306248578111855e-16,0.014541998629318511,0.9998942687576109,1.249982552084368e-15,1.0000000000000364,1436.7731276324096,1.180970885893845e-15,False,True,False,True,True,False,False
up_proj,2,7,adamw,10,1.1491832729557994,1.45571790493764,1.1491832729557998,0.3065346319818407,4.440892098500626e-16,1.1222834389540106,0.27084425704399534,0.3797396357257535,1.1999893386981335e-15,1.1577642027139284e-15,0.45321479512346674,0.8916631003313453,1.6605236991766782e-15,0.9999999999999775,18305.271197711965,1.3702113451398982e-15,False,True,False,True,True,False,False
up_proj,2,7,adamw,50,0.07854387842750134,1.1825238505414741,0.07854387842750152,1.1039799721139727,1.8041124150158794e-16,1.029774836934053,0.674035557172433,1.018840792928524,2.0344881313978225e-15,2.208040074499008e-15,1.0074283814822433,0.23486752752247886,2.504494718316065e-15,1.000000000000039,2670.309647211639,2.0792462886344533e-15,False,True,False,True,True,False,False
up_proj,3,7,adamw,1,1.28793478098872,1.28793478098872,1.28793478098872,0.0,0.0,2.6491286946110075e-15,0.020451616009559876,2.9183423974495306e-15,1.3246815290903866e-15,2.9183423974495306e-15,0.021113586141577444,0.9997771385627423,3.2874308506649093e-15,0.999999999999961,1043.578062528857,1.3337497339452617e-15,False,True,False,True,True,False,False
up_proj,3,7,adamw,10,1.1566637526931265,10.509771737415676,1.1566637526931265,9.353107984722548,0.0,1.002241437796437,0.2883877804510132,0.36709401670516834,1.8095362071904274e-15,3.0994972611592103e-15,0.4505702725232158,0.8952394419440199,3.659214191612664e-15,0.9999999999999862,10478.770775905125,1.7844093293008683e-15,False,True,False,True,True,False,False
up_proj,3,7,adamw,50,0.08234737819793467,1.3163631926836787,0.08234737819793428,1.234015814485744,3.885780586188048e-16,1.0642858655917287,0.6954813535556381,1.030311780806209,3.2904423282545824e-15,4.3475464372777594e-15,1.015673006190616,0.1765193763864759,4.448352298571565e-15,0.9999999999999767,10787.805090347127,3.2975726233912262e-15,False,True,False,True,True,False,False
up_proj,4,7,adamw,1,1.308021597255672,1.308021597255672,1.308021597255672,0.0,0.0,2.812756246449558e-15,0.016043575017665443,4.731441609078075e-16,1.0703809836387987e-15,4.731441609078075e-16,0.017565383587361292,0.9998457170255239,1.175644834248337e-15,1.0000000000000164,483.9249574631857,1.063662894669608e-15,False,True,False,True,True,False,False
up_proj,4,7,adamw,10,1.1781928764437861,3.9923547278014317,1.1781928764437863,2.8141618513576456,2.220446049250313e-16,1.0081250202937342,0.2635844128638539,0.36167298500189665,1.3387856884795296e-15,9.54798788894136e-16,0.4337342458220266,0.9038017283151553,1.6567008330767606e-15,1.0000000000000038,3481.228565326504,1.2958656675840359e-15,False,True,False,True,True,False,False
up_proj,4,7,adamw,50,0.08407857708509878,1.2727698945770105,0.08407857708509846,1.1886913174919118,3.191891195797325e-16,1.0912960709629154,0.6723684192261323,1.0072943265523078,1.9667020878739566e-15,2.187142135182433e-15,1.0012574999589068,0.21357895727577964,2.5345469714145565e-15,1.00000000000002,4568.989648306225,1.948012058369574e-15,False,True,False,True,True,False,False
up_proj,5,7,adamw,1,1.272678698467705,1.2726786984677048,1.2726786984677048,2.220446049250313e-16,2.220446049250313e-16,3.007038387433733e-15,0.02032328589867404,4.368137553638344e-15,2.982505931764744e-14,4.368137553638344e-15,0.023128812723505147,0.9997324943871182,3.029623843085003e-14,0.9999999999999873,2625.4689497309987,3.054096849683183e-14,False,True,False,True,True,False,False
up_proj,5,7,adamw,10,1.1401068036773239,84.77803194661107,1.1401068036773239,83.63792514293374,0.0,1.00056607546441,0.2720414352729519,0.36760677167420125,2.896381445068807e-14,1.1120026473621406e-14,0.4427843998185506,0.8993632208164122,3.1487093739726956e-14,0.9999999999999966,86123.22202502664,2.963305542906404e-14,False,True,False,True,True,False,False
up_proj,5,7,adamw,50,0.06335046925504219,1.5373937990644366,0.06335046925504333,1.4740433298093945,1.1379786002407855e-15,1.0065570154488297,0.6894872037465957,1.043895945647848,2.6286955164861624e-14,1.679842360154927e-14,1.021623629947904,0.16459948754743267,2.913285672599419e-14,1.0000000000000613,193105.8415487624,2.7245930738218756e-14,False,True,False,True,True,False,False
up_proj,6,7,adamw,1,1.3246678118423398,1.3246678118423396,1.3246678118423396,2.220446049250313e-16,2.220446049250313e-16,2.4680890231923067e-15,0.01733203297818476,2.088500466553265e-15,1.6463685138990598e-15,2.088500466553265e-15,0.019438118204117623,0.9998110867181893,2.6533138896861247e-15,1.0000000000000222,1861.123072930239,2.5589722885251005e-15,False,True,False,True,True,False,False
up_proj,6,7,adamw,10,1.1838528053589554,33.363720205470635,1.1838528053589554,32.17986740011168,0.0,1.0018990679915254,0.2781148862294281,0.37110606621708003,1.8133100513454952e-15,2.3186957306478863e-15,0.45064162497546567,0.8955631832228328,2.958847288329458e-15,0.9999999999999469,35451.43640347749,2.604683023000129e-15,False,True,False,True,True,False,False
up_proj,6,7,adamw,50,0.049762166083659666,1.4292616515560541,0.04976216608365963,1.3794994854723945,3.469446951953614e-17,1.013849102543021,0.6921762594285233,1.0488328554107154,2.494676849188404e-15,2.6573996280319615e-15,1.022189657342037,0.15864127670050113,3.1323840795206793e-15,1.0000000000000164,61570.07994049736,2.9145147812012368e-15,False,True,False,True,True,False,False
up_proj,7,7,adamw,1,1.3419566594772026,1.3419566594772026,1.3419566594772026,0.0,0.0,2.5988772085805484e-15,0.018580327516015575,1.7208243054523792e-15,1.0562271470203025e-14,1.7208243054523792e-15,0.020995759476898808,0.9997796390679746,1.0720155012762299e-14,1.0000000000000073,643.02392275875,1.3006643114191928e-14,False,True,False,True,True,False,False
up_proj,7,7,adamw,10,1.209799817100186,1.8399595539253422,1.2097998171001862,0.6301597368251561,2.220446049250313e-16,1.0304359824959592,0.2611477575538117,0.3769342431604226,1.0729577164793064e-14,5.024686161253464e-15,0.4521467792387762,0.8927154850580123,1.193678012416313e-14,1.0000000000000284,7308.279924912044,1.2955734906354783e-14,False,True,False,True,True,False,False
up_proj,7,7,adamw,50,0.09326495030950337,1.177446896637284,0.0932649503095038,1.0841819463277806,4.3021142204224816e-16,1.247907751613865,0.6800477390319659,0.9814022749501446,1.0955236811475338e-14,7.558103475465543e-15,0.9890894990395027,0.2591161401642444,1.2068095879837696e-14,0.9999999999999976,4867.195103320908,1.222610715653029e-14,False,True,False,True,True,False,False
up_proj,8,7,adamw,1,1.3501414008692139,1.3501414008692139,1.3501414008692139,0.0,0.0,3.03413537586874e-15,0.0196809562956263,3.323361390038425e-15,4.60008821332092e-16,3.323361390038425e-15,0.022114524346113707,0.9997554744093153,3.400738387006515e-15,1.0000000000000162,1597.0948488856266,4.1053502681322896e-16,False,True,False,True,True,False,False
up_proj,8,7,adamw,10,1.2100439904766842,1.5891284624674542,1.2100439904766842,0.37908447199077,0.0,1.1354877853715755,0.27062747994255676,0.3803211083593778,1.108443793326915e-15,3.4218084201136454e-15,0.45564446151137866,0.8904623766193192,3.618318671993125e-15,0.9999999999999835,22908.05068733022,1.1527145182391748e-15,False,True,False,True,True,False,False
up_proj,8,7,adamw,50,0.06645984840012231,1.2426409882522573,0.06645984840012244,1.176181139852135,1.249000902703301e-16,1.2597509941786487,0.6910755623818051,1.009821367571892,2.5443174666124206e-15,3.5756747806523334e-15,1.001906441389965,0.23949232308572677,3.711843977933139e-15,1.0000000000000093,16054.578064089947,2.7030372391986415e-15,False,True,False,True,True,False,False
up_proj,9,7,adamw,1,1.3300716914010373,1.3300716914010373,1.3300716914010373,0.0,0.0,3.1519334132422823e-15,0.022839989870516084,2.346405423519424e-15,1.0961218771065235e-16,2.346405423519424e-15,0.025126505364921482,0.9996843122781858,2.3699322051653e-15,1.0000000000000422,2246.915155627263,9.142076650540799e-17,False,True,False,True,True,False,False
up_proj,9,7,adamw,10,1.1848835534641387,2.4378119957055104,1.1848835534641382,1.2529284422413718,4.440892098500626e-16,1.020770423744749,0.2799742085260505,0.38350689710843006,1.0214071314336907e-15,2.4730018480533215e-15,0.46684599147694217,0.885130440425886,2.6763229541123756e-15,1.0000000000000209,113552.91176580463,1.0241465117833245e-15,False,True,False,True,True,False,False
up_proj,9,7,adamw,50,0.11084351776068932,1.4356227896724922,0.11084351776068777,1.324779271911803,1.5543122344752192e-15,1.0291706076151599,0.6840932465008522,0.9981305308586812,3.7376081878828085e-15,5.6794223133606325e-15,0.9953142637843346,0.24898476652786,6.092247196134612e-15,1.000000000000071,13555.517674670407,3.708274401920171e-15,False,True,False,True,True,False,False
up_proj,10,7,adamw,1,1.3225109487159423,1.3225109487159423,1.3225109487159423,0.0,0.0,3.116284703752166e-15,0.02444463920447859,1.8662871553135615e-15,3.046476642344902e-16,1.8662871553135615e-15,0.027241535750786323,0.9996289210635978,1.9015296129060622e-15,0.9999999999999871,1.142527436660079,2.849495104964049e-16,False,True,False,True,True,False,False
up_proj,10,7,adamw,10,1.1847247691170895,1.1758782045069491,1.1847247691170895,0.008846564610140328,0.0,0.36555003109124573,0.13821028114993356,0.0391065307559071,8.515631149797122e-16,1.9429070460929565e-15,0.14188207861843039,0.99002896221675,2.136116176128725e-15,1.0000000000000466,1.0456320243864003,8.947421866465144e-16,False,True,False,True,True,False,False
up_proj,10,7,adamw,50,0.06630292099924244,0.054841028156452275,0.06630292099924247,0.011461892842790165,2.7755575615628914e-17,2.904484810014044,0.38304739599690535,0.15831105238775656,1.8383947099904507e-15,2.263353593416247e-15,0.4024531338549926,0.923387208116462,2.426073290426631e-15,0.9999999999999641,1.115454337960065,1.8834309391522046e-15,False,True,False,True,True,False,False
up_proj,11,7,adamw,1,1.3254261630576643,1.3254261630576643,1.3254261630576643,0.0,0.0,2.5898183350945255e-15,0.02456161310803446,2.415240049252535e-15,7.137953372030816e-17,2.415240049252535e-15,0.02752876252029021,0.9996210402545235,2.4395394202886157e-15,1.0000000000000167,1.0467895105876948,5.4682981472383483e-17,False,True,False,True,True,False,False
up_proj,11,7,adamw,10,1.188020992606949,1.1824793404492069,1.188020992606949,0.00554165215774205,0.0,0.21233165537134646,0.13738161802542664,0.02844222271937132,7.582778816083232e-16,2.4438758562587926e-15,0.13852032972773032,0.9905025091176205,2.5957176536342052e-15,0.9999999999999936,0.9971003392503052,7.398625679930389e-16,False,True,False,True,True,False,False
up_proj,11,7,adamw,50,0.05741155579094454,0.055464112730858973,0.05741155579094463,0.0019474430600855686,9.020562075079397e-17,1.8093141893606437,0.3666978930912354,0.08601179871767196,1.7603191320240425e-15,2.4678601042225857e-15,0.3736807698023664,0.9354462113681552,2.5381025665799005e-15,0.9999999999999971,1.0588880513692787,1.7663206695815294e-15,False,True,False,True,True,False,False
up_proj,12,7,adamw,1,1.334708675791374,1.334708675791374,1.334708675791374,0.0,0.0,2.5836291955824064e-15,0.0238318874305132,4.345021733090744e-15,6.481315488319057e-17,4.345021733090744e-15,0.026177016998860925,0.9996573470200236,4.154310788096778e-15,0.9999999999999795,1.0568240069964137,6.857479613757095e-17,False,True,False,True,True,False,False
up_proj,12,7,adamw,10,1.1957559534481434,1.189987335206404,1.1957559534481432,0.005768618241739354,2.220446049250313e-16,0.2653654990934899,0.13530422410088702,0.03270324869053349,1.159335873810054e-15,4.3869110091100465e-15,0.13927026060574793,0.9903779762700555,4.318579065374064e-15,0.9999999999999659,0.9916957378384469,1.1645392980466383e-15,False,True,False,True,True,False,False
up_proj,12,7,adamw,50,0.051346164517831576,0.04489099822212113,0.051346164517831416,0.0064551662957104475,1.5959455978986625e-16,1.8592931323660635,0.3640581770155022,0.1084518341148245,3.3886354160114295e-15,4.641162090658012e-15,0.37626418117718236,0.933927673817518,4.607895309166535e-15,1.0000000000000115,1.055008114692381,3.510423740383444e-15,False,True,False,True,True,False,False
up_proj,13,7,adamw,1,1.369093021740468,1.3690930217404678,1.3690930217404678,2.220446049250313e-16,2.220446049250313e-16,2.875406102596092e-15,0.022258306697329887,1.2020927152535883e-15,3.7323995150099433e-16,1.2020927152535883e-15,0.02492542496586766,0.9996896082585203,1.2660673789546039e-15,0.9999999999999595,0.9908748842640964,2.539507924434376e-16,False,True,False,True,True,False,False
up_proj,13,7,adamw,10,1.2239044160518273,1.2191563669672727,1.2239044160518273,0.0047480490845546175,0.0,0.14880950874981247,0.12805947403914758,0.022610826785108968,8.094414037291147e-16,1.3542877785296202e-15,0.12878811780125246,0.9917938442957839,1.5926398114922343e-15,1.000000000000014,0.9648869532649426,7.666413266644377e-16,False,True,False,True,True,False,False
up_proj,13,7,adamw,50,0.06303820339859685,0.05859132889865093,0.06303820339859696,0.004446874499945921,1.1102230246251565e-16,0.7490861091208834,0.329019685164395,0.06484487077117772,1.8728672233430905e-15,2.3045726183769725e-15,0.33417509835870196,0.9490128219949285,2.437499587245577e-15,0.9999999999999695,1.260448078133056,1.7963074281827333e-15,False,True,False,True,True,False,False
up_proj,14,7,adamw,1,1.3468760453769462,1.3468760453769464,1.3468760453769464,2.220446049250313e-16,2.220446049250313e-16,2.7280468248461792e-15,0.01940927880235384,3.872554373944037e-15,2.483528189536004e-14,3.872554373944037e-15,0.02183434451884911,0.9997616566891672,2.46809482548044e-14,0.9999999999999669,0.8294311440007034,2.527039347826511e-14,False,True,False,True,True,False,False
up_proj,14,7,adamw,10,1.2102949910793634,1.2096528793928052,1.2102949910793634,0.0006421116865582555,0.0,0.05379141445552063,0.10590176792879503,0.014757454988015018,2.3906311582910023e-14,5.2847285231693485e-15,0.1062828609496014,0.9944315389725202,2.4212279312033538e-14,0.9999999999999974,0.8423781238444865,2.4246279621319485e-14,False,True,False,True,True,False,False
up_proj,14,7,adamw,50,0.04588050988253243,0.04669582925121856,0.04588050988253226,0.0008153193686861321,1.6653345369377348e-16,0.3266889339676038,0.27293726176404387,0.03440735381375064,1.8833478218643985e-14,8.511400131941608e-15,0.2726663127655696,0.9663094243310424,1.9013055387593946e-14,1.0000000000000049,0.8147269351452382,1.893368072710243e-14,False,True,False,True,True,False,False
up_proj,15,7,adamw,1,1.3848307395394779,1.3848307395394779,1.3848307395394779,0.0,0.0,2.3881598686690924e-15,0.019461475493887295,3.958825539250847e-15,1.6290475146559061e-15,3.958825539250847e-15,0.022127121872522547,0.9997552414600634,4.316489326871413e-15,0.9999999999999845,0.7618354152907729,1.737430046963364e-15,False,True,False,True,True,False,False
up_proj,15,7,adamw,10,1.2518449977654387,1.254457640286202,1.251844997765439,0.0026126425207633197,2.220446049250313e-16,0.08892878832345137,0.10312862827008751,0.018722500526717853,1.976450466890603e-15,4.1390759349325304e-15,0.10377281368682462,0.9946775650748367,4.596812409108349e-15,0.9999999999999755,0.7718303444305494,2.1167725091128674e-15,False,True,False,True,True,False,False
up_proj,15,7,adamw,50,0.04591528502923945,0.04852903394606653,0.04591528502923959,0.0026137489168270786,1.3877787807814457e-16,0.8251614176512851,0.2577046378832472,0.04061699227625611,3.622705598645901e-15,4.963833028352772e-15,0.253371910263192,0.9701553081118833,5.139011245525428e-15,1.000000000000028,1.0217848152032372,3.727576910436925e-15,False,True,False,True,True,False,False
up_proj,16,7,adamw,1,1.353448856061693,1.3534488560616933,1.3534488560616933,2.220446049250313e-16,2.220446049250313e-16,2.3983516841847297e-15,0.018349545799314346,8.970183795292013e-16,3.2790468276885145e-16,8.970183795292013e-16,0.020258724307438247,0.9997948267965417,9.586763351583904e-16,1.000000000000006,0.5994957735904461,3.557414450012955e-16,False,True,False,True,True,False,False
up_proj,16,7,adamw,10,1.2110788083253605,1.2251672146603332,1.2110788083253605,0.014088406334972658,0.0,0.24700625250140018,0.10110752317215523,0.0457873585824843,8.792470219745538e-16,1.1630089118094984e-15,0.10697612515234306,0.9943317328604309,1.4686316550076755e-15,0.9999999999999959,0.5747010853124328,8.363561312352107e-16,False,True,False,True,True,False,False
up_proj,16,7,adamw,50,0.08296581911898508,0.11088139142486894,0.08296581911898503,0.02791557230588386,5.551115123125783e-17,1.8989157347100214,0.21822458263689049,0.16648377543928794,1.63874092719726e-15,1.6986235556425056e-15,0.2362394926450509,0.97181063561278,2.0910577342190002e-15,0.9999999999999949,2.840303476852463,1.6183557568341782e-15,False,True,False,True,True,False,False
up_proj,17,7,adamw,1,1.3414551607504055,1.3414551607504055,1.3414551607504055,0.0,0.0,3.161868192452353e-15,0.022644235177278087,1.8264703692551136e-15,6.5291052893916125e-15,1.8264703692551136e-15,0.025006999285681415,0.9996873669454568,6.660102841644475e-15,0.9999999999999796,0.6961486284129652,5.955695423650507e-15,False,True,False,True,True,False,False
up_proj,17,7,adamw,10,1.2043459394166485,1.2260945096522773,1.204345939416649,0.021748570235628817,4.440892098500626e-16,0.3589494473449697,0.12227972952298397,0.07506809015679829,6.772779906505508e-15,2.867865932536148e-15,0.13841250370084865,0.9904393967991483,7.314250946661347e-15,0.9999999999999859,0.6473187540293212,6.255151391234367e-15,False,True,False,True,True,False,False
up_proj,17,7,adamw,50,0.072789254420678,0.13654815700977274,0.07278925442067773,0.06375890258909474,2.7755575615628914e-16,1.4604007078597003,0.29923822981676723,0.3353802596280051,6.485278803227526e-15,5.209003487315556e-15,0.35728155819484797,0.9344127836027596,7.317447550020292e-15,1.0000000000000178,3.380880515580017,6.1893331715562515e-15,False,True,False,True,True,False,False
up_proj,18,7,adamw,1,1.362711104980982,1.3627111049809821,1.3627111049809821,2.220446049250313e-16,2.220446049250313e-16,2.929506386160337e-15,0.022860675765865163,1.1510682995880088e-15,5.403784501315376e-16,1.1510682995880088e-15,0.025929887001759445,0.9996639476042255,1.270295924623271e-15,1.0000000000000258,0.700810542845856,4.3206520118461873e-16,False,True,False,True,True,False,False
up_proj,18,7,adamw,10,1.227643423643009,1.2476488966929131,1.227643423643009,0.020005473049904188,0.0,0.33547791120794435,0.12005252698898025,0.06910459730650331,8.521595335794993e-16,1.3749266134822052e-15,0.13453159850140728,0.9909638367387456,1.62268512874658e-15,0.9999999999999991,0.6589139795528592,7.857687331737806e-16,False,True,False,True,True,False,False
up_proj,18,7,adamw,50,0.05456916426643246,0.0911557990471163,0.054569164266432414,0.036586634780683844,4.85722573273506e-17,1.0465020228354587,0.24126937904252158,0.2040177693451495,1.5454963518868814e-15,1.731600652280326e-15,0.2687441321891101,0.9632663062512874,2.005257145515979e-15,0.9999999999999991,3.3833047879540996,1.5328841159019256e-15,False,True,False,True,True,False,False
up_proj,19,7,adamw,1,1.3741619834911718,1.3741619834911718,1.3741619834911718,0.0,0.0,2.5310017496417467e-15,0.023803776351527417,2.813786343677016e-15,9.440396900029422e-17,2.813786343677016e-15,0.02589457791298288,0.999664854513446,2.875560653964316e-15,0.9999999999999697,0.7113242841810835,1.0045840244698486e-16,False,True,False,True,True,False,False
up_proj,19,7,adamw,10,1.232354548717223,1.262117340634651,1.2323545487172227,0.029762791917428144,2.220446049250313e-16,0.41932561486888026,0.13328983961668864,0.09462330011416117,8.639461483872788e-16,2.8727985680187336e-15,0.15768899611146495,0.9875286653391442,3.0620802371691417e-15,0.9999999999999852,0.6259347533457934,8.727466677827798e-16,False,True,False,True,True,False,False
up_proj,19,7,adamw,50,0.14180836673259248,0.15668952887410353,0.14180836673259278,0.014881162141511056,3.0531133177191805e-16,1.0457817658983593,0.2780528896973585,0.3757336721943402,3.5296014886669317e-15,4.571061737641105e-15,0.3497619481508652,0.9401567068045872,4.568546271350775e-15,0.9999999999999766,0.6651329565245625,3.4838361249396992e-15,False,True,False,True,True,False,False
up_proj,20,7,adamw,1,1.3907746228658562,1.3907746228658562,1.3907746228658562,0.0,0.0,2.688017475713501e-15,0.024530781890299388,8.860864093147198e-16,9.815219822735229e-17,8.860864093147198e-16,0.027185909138961694,0.9996305033127013,8.866221121253353e-16,1.000000000000057,0.7276074163993456,9.018591773093348e-17,False,True,False,True,True,False,False
up_proj,20,7,adamw,10,1.246635600209786,1.280709294627982,1.2466356002097863,0.03407369441819608,2.220446049250313e-16,0.42682086225677557,0.13479515612212029,0.1018945445529821,6.891932018411382e-16,1.2098630415503337e-15,0.16191260467753685,0.9868470098582046,1.3901487090575535e-15,1.000000000000002,0.6463820576988015,6.938967115765179e-16,False,True,False,True,True,False,False
up_proj,20,7,adamw,50,0.04715002167283607,0.09033812353111412,0.04715002167283608,0.043188101858278045,6.938893903907228e-18,0.9884689006666699,0.22926892733371454,0.3010422755146979,1.4650948411283938e-15,1.4946503765215871e-15,0.2919276326094067,0.9607110057534647,1.843734316413543e-15,1.0000000000000324,1.5424218291655825,1.4584807614839569e-15,False,True,False,True,True,False,False
up_proj,21,7,adamw,1,1.4024777446815895,1.4024777446815895,1.4024777446815895,0.0,0.0,3.19817134838309e-15,0.02769733332471628,4.283186882275125e-15,9.334261671462532e-15,4.283186882275125e-15,0.030727867302334753,0.9995278931006562,1.009070377988475e-14,1.0000000000000129,2.0642388924786164,8.990765076851375e-15,False,True,False,True,True,False,False
up_proj,21,7,adamw,10,1.259713482864595,1.284930087360281,1.2597134828645948,0.025216604495685857,2.220446049250313e-16,0.4152602208816481,0.1639892775726045,0.1237410133183556,9.920410150553528e-15,6.137104291087829e-15,0.20047479003807628,0.9797425285549932,1.1575096890847781e-14,0.9999999999999913,2.5132859343892604,9.725089026321686e-15,False,True,False,True,True,False,False
up_proj,21,7,adamw,50,0.06965405843724008,0.20133460544153667,0.06965405843724003,0.1316805470042966,5.551115123125783e-17,1.092930053898417,0.3961073154293866,0.4675823818337908,1.2833111739432374e-14,1.1234719361639765e-14,0.5041080041657152,0.8674632936041206,1.4414225357198993e-14,1.0000000000000604,3.117430619121849,1.2830635706804051e-14,False,True,False,True,True,False,False
up_proj,22,7,adamw,1,1.4074158688452065,1.4074158688452065,1.4074158688452065,0.0,0.0,2.346186224666686e-15,0.025695186817414714,2.1722492639630868e-15,1.381015833051278e-16,2.1722492639630868e-15,0.03005613170690663,0.9995482567283888,2.1546692078388786e-15,1.0000000000000007,3842.2162666257254,1.4083270891216665e-16,False,True,False,True,True,False,False
up_proj,22,7,adamw,10,1.2625926748578113,251.8817620325694,1.2625926748578113,250.6191693577116,0.0,1.000126786500511,0.27496588008728623,0.36574171980606346,7.616397626362796e-16,2.266113775994387e-15,0.4462441706112739,0.896359728409284,2.3625572908604248e-15,1.0000000000000133,241962.3951955576,7.745222020248743e-16,False,True,False,True,True,False,False
up_proj,22,7,adamw,50,0.07224102507302374,2.195107536610082,0.07224102507302414,2.122866511537058,4.0245584642661925e-16,1.0068192812363126,0.6992914811310696,1.007774212620957,1.9830465614216587e-15,2.66391788803478e-15,1.0009228221983324,0.2213319687496566,2.8081402577266925e-15,0.9999999999999714,310325.3286170708,1.999420939963837e-15,False,True,False,True,True,False,False
up_proj,23,7,adamw,1,1.406083137643451,1.406083137643451,1.406083137643451,0.0,0.0,2.9955482885373054e-15,0.029776455401752867,3.198712144646915e-15,3.7269083506740545e-16,3.198712144646915e-15,0.0343039495427405,0.9994115419466875,3.2760769388787115e-15,0.9999999999999639,981.3927597545966,4.0459701919911577e-16,False,True,False,True,True,False,False
up_proj,23,7,adamw,10,1.2665900232777187,42.347397355928365,1.266590023277719,41.08080733265064,2.220446049250313e-16,1.0019439757388975,0.26967440653136293,0.36753991153623183,9.654404935527572e-16,3.2345340742050323e-15,0.442580097998245,0.8997849170748962,3.496301114686408e-15,1.0000000000000366,23818.68701232748,9.488810231137754e-16,False,True,False,True,True,False,False
up_proj,23,7,adamw,50,0.06573241812147478,1.5421404092931865,0.06573241812147498,1.4764079911717118,2.0816681711721685e-16,1.0064893037795357,0.7038061530393407,1.0430129163744808,1.9565187331598884e-15,3.0026715860702808e-15,1.019743360526646,0.1610010820215207,3.0235118545551347e-15,1.0000000000000608,33021.4678932828,1.957651651978089e-15,False,True,False,True,True,False,False
down_proj,0,7,adamw,1,2.7078185062194895,2.7078185062194895,2.7078185062194895,0.0,0.0,2.6371720391477323e-15,1.1118763142899872e-13,8.938609420780871e-16,1.1118763142899872e-13,8.938609420780871e-16,1.1182048687753871e-13,1.000000000000048,1.1182048687753871e-13,1.000000000000048,2.637627490238856e-15,2.637627490238856e-15,True,True,True,True,False,False,False
down_proj,0,7,adamw,10,2.3516485132827953,2.3516485132827953,2.3516485132827953,0.0,0.0,9.927222231666e-14,1.171851525041305e-13,2.5738788083354246e-14,1.171851525041305e-13,2.5738788083354246e-14,1.200498877506655e-13,0.9999999999999779,1.200498877506655e-13,0.9999999999999779,1.3529999822684053e-13,1.3529999822684053e-13,True,True,True,True,False,False,False
down_proj,0,7,adamw,50,0.16496852946154178,0.16496852946154497,0.16496852946154497,3.191891195797325e-15,3.191891195797325e-15,1.1243715237392613e-12,1.1888112461631968e-13,6.79364551396529e-14,1.1888112461631968e-13,6.79364551396529e-14,1.3298318913190457e-13,1.0000000000000355,1.3298318913190457e-13,1.0000000000000355,4.715988411619089e-13,4.715988411619089e-13,True,True,True,True,False,False,False
down_proj,1,7,adamw,1,2.5033157117603753,2.5033157117603753,2.5033157117603753,0.0,0.0,2.961932356512125e-15,5.019246138026629e-16,4.70272259302036e-17,5.019246138026629e-16,4.70272259302036e-17,5.023275641114114e-16,0.9999999999999798,5.023275641114114e-16,0.9999999999999798,2.962350596589234e-15,2.962350596589234e-15,True,True,True,True,False,False,False
down_proj,1,7,adamw,10,2.150245434511118,2.150245434511118,2.150245434511118,0.0,0.0,1.7749573338797257e-14,9.02074381354512e-16,1.1880370514996216e-15,9.02074381354512e-16,1.1880370514996216e-15,1.502352660893487e-15,1.0000000000000246,1.502352660893487e-15,1.0000000000000246,1.1211217952161331e-14,1.1211217952161331e-14,True,True,True,True,False,False,False
down_proj,1,7,adamw,50,0.06815149134196716,0.06815149134196719,0.06815149134196719,2.7755575615628914e-17,2.7755575615628914e-17,9.97841159511346e-13,2.123167756568613e-15,3.194174394287903e-15,2.123167756568613e-15,3.194174394287903e-15,3.7537077493371845e-15,0.9999999999999762,3.7537077493371845e-15,0.9999999999999762,6.259296986256844e-13,6.259296986256844e-13,True,True,True,True,False,False,False
down_proj,2,7,adamw,1,2.5906742781556726,2.5906742781556726,2.5906742781556726,0.0,0.0,2.4172789286396874e-15,2.5669250553177317e-15,3.344481575596193e-15,2.5669250553177317e-15,3.344481575596193e-15,4.166752780405961e-15,0.999999999999998,4.166752780405961e-15,0.999999999999998,2.418117722673424e-15,2.418117722673424e-15,True,True,True,True,False,False,False
down_proj,2,7,adamw,10,2.206244900178626,2.2062449001786257,2.2062449001786257,4.440892098500626e-16,4.440892098500626e-16,1.877397488047075e-14,2.6934797543808213e-15,3.6113691674752e-15,2.6934797543808213e-15,3.6113691674752e-15,4.498608139819972e-15,0.9999999999999758,4.498608139819972e-15,0.9999999999999758,1.2569449918335235e-14,1.2569449918335235e-14,True,True,True,True,False,False,False
down_proj,2,7,adamw,50,0.08701889472326563,0.0870188947232658,0.0870188947232658,1.6653345369377348e-16,1.6653345369377348e-16,7.712001438294814e-13,3.5001789880229523e-15,5.200420523714213e-15,3.5001789880229523e-15,5.200420523714213e-15,6.094186548294171e-15,0.999999999999992,6.094186548294171e-15,0.999999999999992,5.727078403954046e-13,5.727078403954046e-13,True,True,True,True,False,False,False
down_proj,3,7,adamw,1,2.5723580878567067,2.5723580878567067,2.5723580878567067,0.0,0.0,2.405482431922107e-15,2.0068695706333298e-15,4.996019739123841e-16,2.0068695706333298e-15,4.996019739123841e-16,2.0728468358920935e-15,0.9999999999999905,2.0728468358920935e-15,0.9999999999999905,2.4058641565276974e-15,2.4058641565276974e-15,True,True,True,True,False,False,False
down_proj,3,7,adamw,10,2.189371611097313,2.1893716110973136,2.1893716110973136,4.440892098500626e-16,4.440892098500626e-16,1.7036835304261456e-14,2.1314128062812666e-15,1.376723931091819e-15,2.1314128062812666e-15,1.376723931091819e-15,2.5404125385774043e-15,1.000000000000039,2.5404125385774043e-15,1.000000000000039,8.272255123823502e-15,8.272255123823502e-15,True,True,True,True,False,False,False
down_proj,3,7,adamw,50,0.16377359420945758,0.1637735942094582,0.1637735942094582,6.106226635438361e-16,6.106226635438361e-16,1.1664613698823903e-12,3.005037861048207e-15,4.16730482956314e-15,3.005037861048207e-15,4.16730482956314e-15,5.053733636956031e-15,1.0000000000000133,5.053733636956031e-15,1.0000000000000133,4.823436668705714e-13,4.823436668705714e-13,True,True,True,True,False,False,False
down_proj,4,7,adamw,1,2.6451357523238475,2.6451357523238475,2.6451357523238475,0.0,0.0,2.265842443921471e-15,9.11017041444125e-15,7.118127438006928e-17,9.11017041444125e-15,7.118127438006928e-17,9.294177621469292e-15,0.9999999999999629,9.294177621469292e-15,0.9999999999999629,2.266566258643808e-15,2.266566258643808e-15,True,True,True,True,False,False,False
down_proj,4,7,adamw,10,2.2743458186119523,2.2743458186119523,2.2743458186119523,0.0,0.0,1.8597395078244134e-14,9.234457246176258e-15,1.5098409954605284e-15,9.234457246176258e-15,1.5098409954605284e-15,9.49581536373122e-15,1.0000000000000393,9.49581536373122e-15,1.0000000000000393,1.0724466094114971e-14,1.0724466094114971e-14,True,True,True,True,False,False,False
down_proj,4,7,adamw,50,0.10086779790241354,0.10086779790241376,0.10086779790241376,2.220446049250313e-16,2.220446049250313e-16,7.539156387504939e-13,9.294322056432077e-15,5.2547378559459155e-15,9.294322056432077e-15,5.2547378559459155e-15,1.0717399695555266e-14,1.0000000000000233,1.0717399695555266e-14,1.0000000000000233,3.682267819722983e-13,3.682267819722983e-13,True,True,True,True,False,False,False
down_proj,5,7,adamw,1,2.5204800014997297,2.5204800014997293,2.5204800014997293,4.440892098500626e-16,4.440892098500626e-16,2.274540870369777e-15,1.5464861372587943e-16,5.071541854002757e-17,1.5464861372587943e-16,5.071541854002757e-17,1.6230145530075221e-16,0.9999999999999604,1.6230145530075221e-16,0.9999999999999604,2.2753533162062322e-15,2.2753533162062322e-15,True,True,True,True,False,False,False
down_proj,5,7,adamw,10,2.177406257266119,2.177406257266119,2.177406257266119,0.0,0.0,1.6865242861161844e-14,6.935871631439349e-16,1.1303907915892465e-15,6.935871631439349e-16,1.1303907915892465e-15,1.3472165634789248e-15,0.9999999999999709,1.3472165634789248e-15,0.9999999999999709,1.1024115287657639e-14,1.1024115287657639e-14,True,True,True,True,False,False,False
down_proj,5,7,adamw,50,0.11414269713929552,0.11414269713929522,0.11414269713929522,3.0531133177191805e-16,3.0531133177191805e-16,7.106466265900506e-13,1.993943208796676e-15,5.16185598369378e-15,1.993943208796676e-15,5.16185598369378e-15,5.4224147186837655e-15,0.9999999999999827,5.4224147186837655e-15,0.9999999999999827,4.747202242808698e-13,4.747202242808698e-13,True,True,True,True,False,False,False
down_proj,6,7,adamw,1,2.702271975179295,2.7022719751792956,2.7022719751792956,4.440892098500626e-16,4.440892098500626e-16,2.2924241936023877e-15,7.28790547835806e-15,7.056350353514806e-15,7.28790547835806e-15,7.056350353514806e-15,1.0041370942642809e-14,1.0000000000000193,1.0041370942642809e-14,1.0000000000000193,2.2931399251079095e-15,2.2931399251079095e-15,True,True,True,True,False,False,False
down_proj,6,7,adamw,10,2.3163784942839802,2.3163784942839807,2.3163784942839807,4.440892098500626e-16,4.440892098500626e-16,2.3022059463945492e-14,7.357692028789378e-15,7.348432600807086e-15,7.357692028789378e-15,7.348432600807086e-15,1.0266944929085669e-14,0.9999999999999668,1.0266944929085669e-14,0.9999999999999668,1.2180144795015742e-14,1.2180144795015742e-14,True,True,True,True,False,False,False
down_proj,6,7,adamw,50,0.11691427181217677,0.11691427181217717,0.11691427181217717,4.0245584642661925e-16,4.0245584642661925e-16,1.0209114007269443e-12,8.046279075479397e-15,1.2810378895926989e-14,8.046279075479397e-15,1.2810378895926989e-14,1.453594229975336e-14,1.0000000000000049,1.453594229975336e-14,1.0000000000000049,5.311549826980071e-13,5.311549826980071e-13,True,True,True,True,False,False,False
down_proj,7,7,adamw,1,2.740151670506481,2.7401516705064815,2.7401516705064815,4.440892098500626e-16,4.440892098500626e-16,1.8502098400108924e-15,5.973246130691261e-16,3.3833162817532692e-15,5.973246130691261e-16,3.3833162817532692e-15,3.435892770411688e-15,0.9999999999999772,3.435892770411688e-15,0.9999999999999772,1.8518169831968177e-15,1.8518169831968177e-15,True,True,True,True,False,False,False
down_proj,7,7,adamw,10,2.379868338019494,2.3798683380194943,2.3798683380194943,4.440892098500626e-16,4.440892098500626e-16,2.958747624766562e-14,1.0661747439382185e-15,3.753463115922675e-15,1.0661747439382185e-15,3.753463115922675e-15,3.894259568731135e-15,1.0000000000000044,3.894259568731135e-15,1.0000000000000044,1.0837407136531944e-14,1.0837407136531944e-14,True,True,True,True,False,False,False
down_proj,7,7,adamw,50,0.2812030537652343,0.28120305376523447,0.28120305376523447,1.6653345369377348e-16,1.6653345369377348e-16,5.366411107547566e-13,2.8603900460850323e-15,8.345851281055956e-15,2.8603900460850323e-15,8.345851281055956e-15,8.429843877319458e-15,0.9999999999999973,8.429843877319458e-15,0.9999999999999973,2.2009138987975149e-13,2.2009138987975149e-13,True,True,True,True,False,False,False
down_proj,8,7,adamw,1,2.7894064043066145,2.789406404306614,2.789406404306614,4.440892098500626e-16,4.440892098500626e-16,2.227357948874141e-15,3.192013775730008e-15,3.7059464473989786e-14,3.192013775730008e-15,3.7059464473989786e-14,3.638972937179808e-14,0.9999999999999554,3.638972937179808e-14,0.9999999999999554,2.2283002817630224e-15,2.2283002817630224e-15,True,True,True,True,False,False,False
down_proj,8,7,adamw,10,2.3983270668016856,2.3983270668016856,2.3983270668016856,0.0,0.0,2.1650436256762078e-14,5.159961215213519e-15,3.675822110013125e-14,5.159961215213519e-15,3.675822110013125e-14,3.6354635952931626e-14,0.999999999999984,3.6354635952931626e-14,0.999999999999984,1.8392622030815222e-14,1.8392622030815222e-14,True,True,True,True,False,False,False
down_proj,8,7,adamw,50,0.12375750289459063,0.1237575028945874,0.1237575028945874,3.2335245592207684e-15,3.2335245592207684e-15,9.287534840039109e-13,1.1464026543438187e-14,4.105173067263067e-14,1.1464026543438187e-14,4.105173067263067e-14,4.0210161972353614e-14,1.0000000000000013,4.0210161972353614e-14,1.0000000000000013,4.711261727444433e-13,4.711261727444433e-13,True,True,True,True,False,False,False
down_proj,9,7,adamw,1,2.6650486074718325,2.6650486074718325,2.6650486074718325,0.0,0.0,3.133279555349552e-15,4.507325874255701e-15,2.2997350206527323e-17,4.507325874255701e-15,2.2997350206527323e-17,4.6281431827650006e-15,0.999999999999985,4.6281431827650006e-15,0.999999999999985,3.1339912441204572e-15,3.1339912441204572e-15,True,True,True,True,False,False,False
down_proj,9,7,adamw,10,2.236278955190023,2.2362789551900235,2.2362789551900235,4.440892098500626e-16,4.440892098500626e-16,3.2057928618643476e-14,4.574907306056904e-15,1.4621367875473475e-15,4.574907306056904e-15,1.4621367875473475e-15,4.975537025917276e-15,1.000000000000032,4.975537025917276e-15,1.000000000000032,1.4846711524002898e-14,1.4846711524002898e-14,True,True,True,True,False,False,False
down_proj,9,7,adamw,50,0.13137125526163076,0.13137125526163082,0.13137125526163082,5.551115123125783e-17,5.551115123125783e-17,9.535931491978289e-13,4.869934047459039e-15,3.4523837034587035e-15,4.869934047459039e-15,3.4523837034587035e-15,5.9420003986015285e-15,1.0000000000000129,5.9420003986015285e-15,1.0000000000000129,5.611969339977115e-13,5.611969339977115e-13,True,True,True,True,False,False,False
down_proj,10,7,adamw,1,2.6180739389392045,2.6180739389392054,2.6180739389392054,8.881784197001252e-16,8.881784197001252e-16,2.299054109325727e-15,4.435938823465671e-16,1.336563810787323e-12,4.435938823465671e-16,1.336563810787323e-12,1.3308327468298027e-12,0.9999999999999682,1.3308327468298027e-12,0.9999999999999682,2.2994881631504467e-15,2.2994881631504467e-15,True,True,True,True,False,False,False
down_proj,10,7,adamw,10,2.2562958048197053,2.256295804819722,2.256295804819722,1.687538997430238e-14,1.687538997430238e-14,7.468999404559328e-13,2.0384409720615175e-13,1.225778671799246e-12,2.0384409720615175e-13,1.225778671799246e-12,1.2375829169073085e-12,0.9999999999999682,1.2375829169073085e-12,0.9999999999999682,6.797085260676144e-13,6.797085260676144e-13,True,True,True,True,False,False,False
down_proj,10,7,adamw,50,0.1465965126188107,0.14659651261905995,0.14659651261905995,2.4924506902834764e-13,2.4924506902834764e-13,3.747150722079033e-12,3.8036310508351997e-13,1.4413562193490699e-12,3.8036310508351997e-13,1.4413562193490699e-12,1.4252481582090122e-12,1.0000000000000464,1.4252481582090122e-12,1.0000000000000464,5.432699859225929e-12,5.432699859225929e-12,True,True,True,True,False,False,False
down_proj,11,7,adamw,1,2.784237622233276,2.7842376222332756,2.7842376222332756,4.440892098500626e-16,4.440892098500626e-16,2.5275092184706007e-15,5.793604678090887e-16,1.7192097329201593e-17,5.793604678090887e-16,1.7192097329201593e-17,5.731655506182972e-16,0.9999999999999889,5.731655506182972e-16,0.9999999999999889,2.5284121964109692e-15,2.5284121964109692e-15,True,True,True,True,False,False,False
down_proj,11,7,adamw,10,2.3972855133574718,2.3972855133574718,2.3972855133574718,0.0,0.0,1.984760092227948e-14,9.768165217038759e-16,1.625313461165816e-15,9.768165217038759e-16,1.625313461165816e-15,1.8964642150638233e-15,0.9999999999999596,1.8964642150638233e-15,0.9999999999999596,8.957433207574275e-15,8.957433207574275e-15,True,True,True,True,False,False,False
down_proj,11,7,adamw,50,0.1484364143657702,0.14843641436577004,0.14843641436577004,1.6653345369377348e-16,1.6653345369377348e-16,7.134038501388527e-13,2.309291956739275e-15,4.9876013102978106e-15,2.309291956739275e-15,4.9876013102978106e-15,5.29067479137343e-15,0.9999999999999825,5.29067479137343e-15,0.9999999999999825,5.795182224676544e-13,5.795182224676544e-13,True,True,True,True,False,False,False
down_proj,12,7,adamw,1,2.667131415426672,2.667131415426672,2.667131415426672,0.0,0.0,2.270693521796026e-15,5.944123622591593e-16,9.736527367825165e-16,5.944123622591593e-16,9.736527367825165e-16,1.1417408624194062e-15,1.0000000000000107,1.1417408624194062e-15,1.0000000000000107,2.2720610354949415e-15,2.2720610354949415e-15,True,True,True,True,False,False,False
down_proj,12,7,adamw,10,2.271434755609082,2.271434755609082,2.271434755609082,0.0,0.0,1.9123966675868954e-14,9.15286314564373e-16,1.633113905405021e-15,9.15286314564373e-16,1.633113905405021e-15,1.8776027281018337e-15,0.999999999999994,1.8776027281018337e-15,0.999999999999994,9.58100144128302e-15,9.58100144128302e-15,True,True,True,True,False,False,False
down_proj,12,7,adamw,50,0.11777564038619778,0.11777564038619749,0.11777564038619749,2.914335439641036e-16,2.914335439641036e-16,1.0158487861110019e-12,1.9687515837500318e-15,4.485101724136971e-15,1.9687515837500318e-15,4.485101724136971e-15,4.785525147916916e-15,1.0000000000000047,4.785525147916916e-15,1.0000000000000047,6.250959873693009e-13,6.250959873693009e-13,True,True,True,True,False,False,False
down_proj,13,7,adamw,1,2.788077495240471,2.788077495240472,2.788077495240472,8.881784197001252e-16,8.881784197001252e-16,3.2383537489454965e-15,3.574872698216014e-14,4.233945822523819e-17,3.574872698216014e-14,4.233945822523819e-17,3.5695085373646066e-14,0.9999999999999948,3.5695085373646066e-14,0.9999999999999948,3.2386354153389303e-15,3.2386354153389303e-15,True,True,True,True,False,False,False
down_proj,13,7,adamw,10,2.372497339427397,2.372497339427398,2.372497339427398,8.881784197001252e-16,8.881784197001252e-16,3.611174922332552e-14,3.5734011035179965e-14,5.394764689822172e-15,3.5734011035179965e-14,5.394764689822172e-15,3.57927324992199e-14,1.0000000000000089,3.57927324992199e-14,1.0000000000000089,2.183099867830186e-14,2.183099867830186e-14,True,True,True,True,False,False,False
down_proj,13,7,adamw,50,0.16111709398868507,0.16111709398868887,0.16111709398868887,3.802513859341161e-15,3.802513859341161e-15,7.434657331993236e-13,3.540573307251957e-14,1.5410630759572956e-14,3.540573307251957e-14,1.5410630759572956e-14,3.852327539916801e-14,1.0,3.852327539916801e-14,1.0,5.714550890986618e-13,5.714550890986618e-13,True,True,True,True,False,False,False
down_proj,14,7,adamw,1,2.76444783099299,2.7644478309929896,2.7644478309929896,4.440892098500626e-16,4.440892098500626e-16,2.193840655627259e-15,1.8944747964285574e-15,5.347623796623922e-16,1.8944747964285574e-15,5.347623796623922e-16,1.9555919825941343e-15,1.000000000000008,1.9555919825941343e-15,1.000000000000008,2.1942508420635212e-15,2.1942508420635212e-15,True,True,True,True,False,False,False
down_proj,14,7,adamw,10,2.3886428934553554,2.388642893455355,2.388642893455355,4.440892098500626e-16,4.440892098500626e-16,1.4277587203815432e-14,2.0312065373297275e-15,1.4920482993870406e-15,2.0312065373297275e-15,1.4920482993870406e-15,2.5361111670029686e-15,1.0000000000000573,2.5361111670029686e-15,1.0000000000000573,1.0943330573425483e-14,1.0943330573425483e-14,True,True,True,True,False,False,False
down_proj,14,7,adamw,50,0.1120526784305811,0.11205267843058063,0.11205267843058063,4.718447854656915e-16,4.718447854656915e-16,9.119596038461958e-13,2.85519484639438e-15,4.15207617734664e-15,2.85519484639438e-15,4.15207617734664e-15,4.957874112151357e-15,1.0000000000000044,4.957874112151357e-15,1.0000000000000044,6.589847673516771e-13,6.589847673516771e-13,True,True,True,True,False,False,False
down_proj,15,7,adamw,1,2.79441041480447,2.7944104148044704,2.7944104148044704,4.440892098500626e-16,4.440892098500626e-16,2.726971410800797e-15,4.624071772404282e-14,9.715270589639146e-17,4.624071772404282e-14,9.715270589639146e-17,4.647025595644016e-14,1.0000000000000164,4.647025595644016e-14,1.0000000000000164,2.7273988685203047e-15,2.7273988685203047e-15,True,True,True,True,False,False,False
down_proj,15,7,adamw,10,2.4221696680250395,2.4221696680250395,2.4221696680250395,0.0,0.0,3.786628500820099e-14,4.590297935702181e-14,5.0519215773165776e-15,4.590297935702181e-14,5.0519215773165776e-15,4.6628875237783086e-14,1.000000000000033,4.6628875237783086e-14,1.000000000000033,3.264419530378511e-14,3.264419530378511e-14,True,True,True,True,False,False,False
down_proj,15,7,adamw,50,0.1579354167601999,0.1579354167601937,0.1579354167601937,6.189493362285248e-15,6.189493362285248e-15,7.954290880843229e-13,4.5617389395045205e-14,4.415614474621247e-14,4.5617389395045205e-14,4.415614474621247e-14,6.190749423260976e-14,1.000000000000008,6.190749423260976e-14,1.000000000000008,4.943871975112164e-13,4.943871975112164e-13,True,True,True,True,False,False,False
down_proj,16,7,adamw,1,2.792471099000437,2.7924710990004376,2.7924710990004376,4.440892098500626e-16,4.440892098500626e-16,2.2093170071505835e-15,3.389495058346879e-16,4.67861964890378e-17,3.389495058346879e-16,4.67861964890378e-17,3.4270671242362476e-16,0.9999999999999585,3.4270671242362476e-16,0.9999999999999585,2.2102946924585783e-15,2.2102946924585783e-15,True,True,True,True,False,False,False
down_proj,16,7,adamw,10,2.404424331037269,2.404424331037269,2.404424331037269,0.0,0.0,1.9434361637628403e-14,8.839640138629483e-16,1.2338932119294822e-15,8.839640138629483e-16,1.2338932119294822e-15,1.5407684086376333e-15,0.999999999999984,1.5407684086376333e-15,0.999999999999984,1.6428563530029065e-14,1.6428563530029065e-14,True,True,True,True,False,False,False
down_proj,16,7,adamw,50,0.12600164543701012,0.12600164543701034,0.12600164543701034,2.220446049250313e-16,2.220446049250313e-16,7.865511601486612e-13,2.5606215807143975e-15,3.9305817174958854e-15,2.5606215807143975e-15,3.9305817174958854e-15,4.605213416038859e-15,1.0000000000000413,4.605213416038859e-15,1.0000000000000413,5.971131446847995e-13,5.971131446847995e-13,True,True,True,True,False,False,False
down_proj,17,7,adamw,1,2.7234124826773636,2.723412482677363,2.723412482677363,4.440892098500626e-16,4.440892098500626e-16,2.1843668703584886e-15,1.7545365359026112e-15,2.3793187840692056e-16,1.7545365359026112e-15,2.3793187840692056e-16,1.773392542317147e-15,1.0000000000000244,1.773392542317147e-15,1.0000000000000244,2.1857957185320207e-15,2.1857957185320207e-15,True,True,True,True,False,False,False
down_proj,17,7,adamw,10,2.335932583014439,2.335932583014439,2.335932583014439,0.0,0.0,2.4881795879409634e-14,1.8815501740263125e-15,1.2372422474386609e-15,1.8815501740263125e-15,1.2372422474386609e-15,2.281183614610912e-15,0.9999999999999946,2.281183614610912e-15,0.9999999999999946,1.63221972369276e-14,1.63221972369276e-14,True,True,True,True,False,False,False
down_proj,17,7,adamw,50,0.14182805100052823,0.1418280510005284,0.1418280510005284,1.6653345369377348e-16,1.6653345369377348e-16,7.852276147988508e-13,2.7144912056733325e-15,3.4442808653256704e-15,2.7144912056733325e-15,3.4442808653256704e-15,4.346891146962905e-15,0.999999999999988,4.346891146962905e-15,0.999999999999988,4.5044824212872e-13,4.5044824212872e-13,True,True,True,True,False,False,False
down_proj,18,7,adamw,1,2.7152432122748413,2.7152432122748413,2.7152432122748413,0.0,0.0,2.484101018300532e-15,1.2531812107889275e-15,2.293455634419043e-14,1.2531812107889275e-15,2.293455634419043e-14,2.2849133395990734e-14,1.0000000000000169,2.2849133395990734e-14,1.0000000000000169,2.485381843580967e-15,2.485381843580967e-15,True,True,True,True,False,False,False
down_proj,18,7,adamw,10,2.3349271223270733,2.334927122327074,2.334927122327074,4.440892098500626e-16,4.440892098500626e-16,2.067021555505368e-14,2.4453030566690805e-15,2.2547652730613665e-14,2.4453030566690805e-15,2.2547652730613665e-14,2.256782147268378e-14,1.0000000000000417,2.256782147268378e-14,1.0000000000000417,1.3882249754859112e-14,1.3882249754859112e-14,True,True,True,True,False,False,False
down_proj,18,7,adamw,50,0.126192005105955,0.12619200510595788,0.12619200510595788,2.886579864025407e-15,2.886579864025407e-15,7.403177421070007e-13,9.805855271128129e-15,4.2118666769553044e-14,9.805855271128129e-15,4.2118666769553044e-14,4.1280822002923417e-14,1.0000000000000122,4.1280822002923417e-14,1.0000000000000122,5.370898182542494e-13,5.370898182542494e-13,True,True,True,True,False,False,False
down_proj,19,7,adamw,1,2.8887405660896333,2.888740566089634,2.888740566089634,8.881784197001252e-16,8.881784197001252e-16,2.2362629771350955e-15,9.482846440737523e-16,1.1689263272284469e-14,9.482846440737523e-16,1.1689263272284469e-14,1.1869215060456847e-14,0.9999999999999843,1.1869215060456847e-14,0.9999999999999843,2.236480599361899e-15,2.236480599361899e-15,True,True,True,True,False,False,False
down_proj,19,7,adamw,10,2.5275485980963475,2.5275485980963466,2.5275485980963466,8.881784197001252e-16,8.881784197001252e-16,1.811990156351674e-14,1.8477537390211453e-15,1.1815106325442788e-14,1.8477537390211453e-15,1.1815106325442788e-14,1.2084716810421613e-14,1.0000000000000044,1.2084716810421613e-14,1.0000000000000044,1.0777704624641672e-14,1.0777704624641672e-14,True,True,True,True,False,False,False
down_proj,19,7,adamw,50,0.21768471506167375,0.21768471506167306,0.21768471506167306,6.938893903907228e-16,6.938893903907228e-16,8.2177586362819e-13,4.66383846381575e-15,1.517058990113363e-14,4.66383846381575e-15,1.517058990113363e-14,1.542649789799735e-14,0.9999999999999348,1.542649789799735e-14,0.9999999999999348,4.056073712045367e-13,4.056073712045367e-13,True,True,True,True,False,False,False
down_proj,20,7,adamw,1,2.9828901491982562,2.9828901491982562,2.9828901491982562,0.0,0.0,1.9667675072124076e-15,9.832116718506824e-16,2.9081164503822026e-15,9.832116718506824e-16,2.9081164503822026e-15,3.012642486258637e-15,1.0000000000000622,3.012642486258637e-15,1.0000000000000622,1.9685283288366045e-15,1.9685283288366045e-15,True,True,True,True,False,False,False
down_proj,20,7,adamw,10,2.564653463453297,2.564653463453297,2.564653463453297,0.0,0.0,2.1715619797047717e-14,1.2509108993264426e-15,2.7831450789990503e-15,1.2509108993264426e-15,2.7831450789990503e-15,3.0233281920683587e-15,1.0000000000000107,3.0233281920683587e-15,1.0000000000000107,7.860451952543507e-15,7.860451952543507e-15,True,True,True,True,False,False,False
down_proj,20,7,adamw,50,0.171979526948667,0.1719795269486667,0.1719795269486667,3.0531133177191805e-16,3.0531133177191805e-16,7.877879634269843e-13,2.2420966245971454e-15,4.1392676689582874e-15,2.2420966245971454e-15,4.1392676689582874e-15,4.590500094908557e-15,1.000000000000047,4.590500094908557e-15,1.000000000000047,6.505281187792125e-13,6.505281187792125e-13,True,True,True,True,False,False,False
down_proj,21,7,adamw,1,3.1653175316716315,3.1653175316716315,3.1653175316716315,0.0,0.0,2.701564954299215e-15,1.919224504617079e-15,2.68582192761971e-16,1.919224504617079e-15,2.68582192761971e-16,1.8820226959454428e-15,1.0000000000000102,1.8820226959454428e-15,1.0000000000000102,2.702504454426858e-15,2.702504454426858e-15,True,True,True,True,False,False,False
down_proj,21,7,adamw,10,2.76156912364746,2.7615691236474595,2.7615691236474595,4.440892098500626e-16,4.440892098500626e-16,1.9365958260366094e-14,2.05416612287157e-15,1.4170500688453035e-15,2.05416612287157e-15,1.4170500688453035e-15,2.470758108162848e-15,1.0000000000000462,2.470758108162848e-15,1.0000000000000462,1.1944498850078599e-14,1.1944498850078599e-14,True,True,True,True,False,False,False
down_proj,21,7,adamw,50,0.19655421842694432,0.19655421842694487,0.19655421842694487,5.551115123125783e-16,5.551115123125783e-16,6.645895460439494e-13,2.982902710371976e-15,5.339683329255039e-15,2.982902710371976e-15,5.339683329255039e-15,5.9513460070700955e-15,1.0000000000000524,5.9513460070700955e-15,1.0000000000000524,5.746075711765682e-13,5.746075711765682e-13,True,True,True,True,False,False,False
down_proj,22,7,adamw,1,3.1218297629640133,3.121829762964012,3.121829762964012,1.3322676295501878e-15,1.3322676295501878e-15,1.963784281471811e-15,9.475135648270541e-16,4.3394875933758157e-16,9.475135648270541e-16,4.3394875933758157e-16,1.0332296667699505e-15,0.9999999999999536,1.0332296667699505e-15,0.9999999999999536,1.9654199389336304e-15,1.9654199389336304e-15,True,True,True,True,False,False,False
down_proj,22,7,adamw,10,2.631924692231104,2.631924692231103,2.631924692231103,1.3322676295501878e-15,1.3322676295501878e-15,1.76811868215439e-14,1.2043177531039156e-15,1.451288375452557e-15,1.2043177531039156e-15,1.451288375452557e-15,1.9015143013255912e-15,1.000000000000002,1.9015143013255912e-15,1.000000000000002,1.1246109772187881e-14,1.1246109772187881e-14,True,True,True,True,False,False,False
down_proj,22,7,adamw,50,0.13482646557838876,0.13482646557838876,0.13482646557838876,0.0,0.0,1.0915664015246907e-12,2.1891835383278823e-15,4.033879390198799e-15,2.1891835383278823e-15,4.033879390198799e-15,4.4819829499495e-15,0.9999999999999531,4.4819829499495e-15,0.9999999999999531,6.385602933613668e-13,6.385602933613668e-13,True,True,True,True,False,False,False
down_proj,23,7,adamw,1,2.5582222050327994,2.5582222050327994,2.5582222050327994,0.0,0.0,2.388118295905464e-15,1.9521837313376752e-13,9.52580622571069e-16,1.9521837313376752e-13,9.52580622571069e-16,1.9896776720581385e-13,1.0000000000000382,1.9896776720581385e-13,1.0000000000000382,2.38898832267624e-15,2.38898832267624e-15,True,True,True,True,False,False,False
down_proj,23,7,adamw,10,2.161561533653751,2.161561533653751,2.161561533653751,0.0,0.0,1.4814532419952381e-13,1.9423960642838418e-13,1.8525335526136396e-14,1.9423960642838418e-13,1.8525335526136396e-14,1.9805363733054539e-13,0.9999999999999827,1.9805363733054539e-13,0.9999999999999827,8.042343678786929e-14,8.042343678786929e-14,True,True,True,True,False,False,False
down_proj,23,7,adamw,50,0.08026645164838454,0.08026645164838205,0.08026645164838205,2.4980018054066022e-15,2.4980018054066022e-15,1.025457123174573e-12,1.910034897806739e-13,3.6067615588328965e-14,1.910034897806739e-13,3.6067615588328965e-14,1.9959024313885845e-13,1.0000000000000164,1.9959024313885845e-13,1.0000000000000164,5.915324620400147e-13,5.915324620400147e-13,True,True,True,True,False,False,False
